uv version: uv 0.9.5
Running on host: gpu04.cluster
Job started at: Sat Mar  7 23:13:15 EST 2026
Running job ID: 734022
Loaded 58 files (2.86 GB) in 3.46 seconds.
Skipping probe: too short (len=1266, chunk_size=1300)
Skipping probe: too short (len=1023, chunk_size=1300)
Skipping probe: too short (len=982, chunk_size=1300)
Skipping probe: too short (len=834, chunk_size=1300)
Skipping probe: too short (len=559, chunk_size=1300)
Skipping probe: too short (len=906, chunk_size=1300)
Skipping probe: too short (len=670, chunk_size=1300)
Skipping probe: too short (len=886, chunk_size=1300)
Skipping probe: too short (len=632, chunk_size=1300)
Skipping probe: too short (len=1021, chunk_size=1300)
Skipping probe: too short (len=1023, chunk_size=1300)
Skipping probe: too short (len=559, chunk_size=1300)
Skipping probe: too short (len=906, chunk_size=1300)
Skipping probe: too short (len=834, chunk_size=1300)
Skipping probe: too short (len=982, chunk_size=1300)
Skipping probe: too short (len=670, chunk_size=1300)
Skipping probe: too short (len=886, chunk_size=1300)
Skipping probe: too short (len=1021, chunk_size=1300)
Skipping probe: too short (len=1266, chunk_size=1300)
Skipping probe: too short (len=632, chunk_size=1300)
Skipping probe: too short (len=1266, chunk_size=1300)
Skipping probe: too short (len=1023, chunk_size=1300)
Skipping probe: too short (len=559, chunk_size=1300)
Skipping probe: too short (len=906, chunk_size=1300)
Skipping probe: too short (len=834, chunk_size=1300)
Skipping probe: too short (len=670, chunk_size=1300)
Skipping probe: too short (len=886, chunk_size=1300)
Skipping probe: too short (len=632, chunk_size=1300)
Skipping probe: too short (len=1021, chunk_size=1300)
Skipping probe: too short (len=982, chunk_size=1300)
Skipping probe: too short (len=1266, chunk_size=1300)
Skipping probe: too short (len=834, chunk_size=1300)
Skipping probe: too short (len=982, chunk_size=1300)
Skipping probe: too short (len=1023, chunk_size=1300)
Skipping probe: too short (len=670, chunk_size=1300)
Skipping probe: too short (len=886, chunk_size=1300)
Skipping probe: too short (len=632, chunk_size=1300)
Skipping probe: too short (len=1021, chunk_size=1300)
Skipping probe: too short (len=559, chunk_size=1300)
Skipping probe: too short (len=906, chunk_size=1300)
Skipping probe: too short (len=559, chunk_size=1300)
Skipping probe: too short (len=906, chunk_size=1300)
Skipping probe: too short (len=1266, chunk_size=1300)
Skipping probe: too short (len=982, chunk_size=1300)
Skipping probe: too short (len=632, chunk_size=1300)
Skipping probe: too short (len=1021, chunk_size=1300)
Skipping probe: too short (len=1023, chunk_size=1300)
Skipping probe: too short (len=834, chunk_size=1300)
Skipping probe: too short (len=670, chunk_size=1300)
Skipping probe: too short (len=886, chunk_size=1300)
Trial 0 F1s - Weighted: 0.6647 | Macro: 0.2130 | Micro: 0.6099

[I 2026-03-07 23:54:16,821] Trial 0 finished with value: 0.664747866817266 and parameters: {'chunk_seconds': 13, 'num_freqs': 14, 'num_estimators': 512, 'max_depth': 8, 'max_features': 0.412672235317432, 'overlap': 0.5143572055996756, 'max_lag': 12}. Best is trial 0 with value: 0.664747866817266.
Trial 1 F1s - Weighted: 0.6455 | Macro: 0.2178 | Micro: 0.6711

[I 2026-03-08 00:53:46,646] Trial 1 finished with value: 0.6454872154927602 and parameters: {'chunk_seconds': 2, 'num_freqs': 1, 'num_estimators': 32, 'max_depth': 64, 'max_features': 0.6861236793454983, 'overlap': 0.41816753962289493, 'max_lag': 17}. Best is trial 0 with value: 0.664747866817266.
Trial 2 F1s - Weighted: 0.4657 | Macro: 0.1071 | Micro: 0.3641

[I 2026-03-08 03:40:02,143] Trial 2 finished with value: 0.46569516854679655 and parameters: {'chunk_seconds': 3, 'num_freqs': 12, 'num_estimators': 128, 'max_depth': 4, 'max_features': 0.29260361646388083, 'overlap': 0.7663744579157115, 'max_lag': 30}. Best is trial 0 with value: 0.664747866817266.
Trial 3 F1s - Weighted: 0.6762 | Macro: 0.2164 | Micro: 0.7054

[I 2026-03-08 05:31:48,249] Trial 3 finished with value: 0.6762145048032993 and parameters: {'chunk_seconds': 4, 'num_freqs': 5, 'num_estimators': 64, 'max_depth': 128, 'max_features': 0.5279927697923574, 'overlap': 0.7933644943816871, 'max_lag': 14}. Best is trial 3 with value: 0.6762145048032993.
Skipping probe: too short (len=1023, chunk_size=2000)
Skipping probe: too short (len=1604, chunk_size=2000)
Skipping probe: too short (len=559, chunk_size=2000)
Skipping probe: too short (len=1906, chunk_size=2000)
Skipping probe: too short (len=1563, chunk_size=2000)
Skipping probe: too short (len=1335, chunk_size=2000)
Skipping probe: too short (len=906, chunk_size=2000)
Skipping probe: too short (len=982, chunk_size=2000)
Skipping probe: too short (len=1924, chunk_size=2000)
Skipping probe: too short (len=834, chunk_size=2000)
Skipping probe: too short (len=1506, chunk_size=2000)
Skipping probe: too short (len=1349, chunk_size=2000)
Skipping probe: too short (len=1454, chunk_size=2000)
Skipping probe: too short (len=1450, chunk_size=2000)
Skipping probe: too short (len=1958, chunk_size=2000)
Skipping probe: too short (len=1266, chunk_size=2000)
Skipping probe: too short (len=1763, chunk_size=2000)
Skipping probe: too short (len=670, chunk_size=2000)
Skipping probe: too short (len=886, chunk_size=2000)
Skipping probe: too short (len=632, chunk_size=2000)
Skipping probe: too short (len=1619, chunk_size=2000)
Skipping probe: too short (len=1880, chunk_size=2000)
Skipping probe: too short (len=1995, chunk_size=2000)
Skipping probe: too short (len=1871, chunk_size=2000)
Skipping probe: too short (len=1021, chunk_size=2000)
Skipping probe: too short (len=559, chunk_size=2000)
Skipping probe: too short (len=1906, chunk_size=2000)
Skipping probe: too short (len=1563, chunk_size=2000)
Skipping probe: too short (len=1335, chunk_size=2000)
Skipping probe: too short (len=906, chunk_size=2000)
Skipping probe: too short (len=1958, chunk_size=2000)
Skipping probe: too short (len=1924, chunk_size=2000)
Skipping probe: too short (len=834, chunk_size=2000)
Skipping probe: too short (len=1506, chunk_size=2000)
Skipping probe: too short (len=1023, chunk_size=2000)
Skipping probe: too short (len=1604, chunk_size=2000)
Skipping probe: too short (len=1454, chunk_size=2000)
Skipping probe: too short (len=1450, chunk_size=2000)
Skipping probe: too short (len=982, chunk_size=2000)
Skipping probe: too short (len=1349, chunk_size=2000)
Skipping probe: too short (len=1880, chunk_size=2000)
Skipping probe: too short (len=1619, chunk_size=2000)
Skipping probe: too short (len=1763, chunk_size=2000)
Skipping probe: too short (len=670, chunk_size=2000)
Skipping probe: too short (len=886, chunk_size=2000)
Skipping probe: too short (len=1995, chunk_size=2000)
Skipping probe: too short (len=1871, chunk_size=2000)
Skipping probe: too short (len=1021, chunk_size=2000)
Skipping probe: too short (len=1266, chunk_size=2000)
Skipping probe: too short (len=632, chunk_size=2000)
Skipping probe: too short (len=559, chunk_size=2000)
Skipping probe: too short (len=1906, chunk_size=2000)
Skipping probe: too short (len=1563, chunk_size=2000)
Skipping probe: too short (len=1335, chunk_size=2000)
Skipping probe: too short (len=906, chunk_size=2000)
Skipping probe: too short (len=1924, chunk_size=2000)
Skipping probe: too short (len=834, chunk_size=2000)
Skipping probe: too short (len=1506, chunk_size=2000)
Skipping probe: too short (len=1266, chunk_size=2000)
Skipping probe: too short (len=1880, chunk_size=2000)
Skipping probe: too short (len=1450, chunk_size=2000)
Skipping probe: too short (len=1023, chunk_size=2000)
Skipping probe: too short (len=1958, chunk_size=2000)
Skipping probe: too short (len=1995, chunk_size=2000)
Skipping probe: too short (len=1619, chunk_size=2000)
Skipping probe: too short (len=670, chunk_size=2000)
Skipping probe: too short (len=886, chunk_size=2000)
Skipping probe: too short (len=1871, chunk_size=2000)
Skipping probe: too short (len=1021, chunk_size=2000)
Skipping probe: too short (len=632, chunk_size=2000)
Skipping probe: too short (len=1454, chunk_size=2000)
Skipping probe: too short (len=1349, chunk_size=2000)
Skipping probe: too short (len=982, chunk_size=2000)
Skipping probe: too short (len=1763, chunk_size=2000)
Skipping probe: too short (len=1604, chunk_size=2000)
Skipping probe: too short (len=1454, chunk_size=2000)
Skipping probe: too short (len=1958, chunk_size=2000)
Skipping probe: too short (len=1619, chunk_size=2000)
Skipping probe: too short (len=1023, chunk_size=2000)
Skipping probe: too short (len=1450, chunk_size=2000)
Skipping probe: too short (len=1349, chunk_size=2000)
Skipping probe: too short (len=1924, chunk_size=2000)
Skipping probe: too short (len=834, chunk_size=2000)
Skipping probe: too short (len=1506, chunk_size=2000)
Skipping probe: too short (len=1763, chunk_size=2000)
Skipping probe: too short (len=982, chunk_size=2000)
Skipping probe: too short (len=1604, chunk_size=2000)
Skipping probe: too short (len=1266, chunk_size=2000)
Skipping probe: too short (len=632, chunk_size=2000)
Skipping probe: too short (len=1880, chunk_size=2000)
Skipping probe: too short (len=670, chunk_size=2000)
Skipping probe: too short (len=886, chunk_size=2000)
Skipping probe: too short (len=1995, chunk_size=2000)
Skipping probe: too short (len=1871, chunk_size=2000)
Skipping probe: too short (len=1021, chunk_size=2000)
Skipping probe: too short (len=559, chunk_size=2000)
Skipping probe: too short (len=1906, chunk_size=2000)
Skipping probe: too short (len=1563, chunk_size=2000)
Skipping probe: too short (len=1335, chunk_size=2000)
Skipping probe: too short (len=906, chunk_size=2000)
Skipping probe: too short (len=1349, chunk_size=2000)
Skipping probe: too short (len=982, chunk_size=2000)
Skipping probe: too short (len=1266, chunk_size=2000)
Skipping probe: too short (len=1604, chunk_size=2000)
Skipping probe: too short (len=559, chunk_size=2000)
Skipping probe: too short (len=1906, chunk_size=2000)
Skipping probe: too short (len=1563, chunk_size=2000)
Skipping probe: too short (len=1335, chunk_size=2000)
Skipping probe: too short (len=906, chunk_size=2000)
Skipping probe: too short (len=1454, chunk_size=2000)
Skipping probe: too short (len=1619, chunk_size=2000)
Skipping probe: too short (len=1880, chunk_size=2000)
Skipping probe: too short (len=1763, chunk_size=2000)
Skipping probe: too short (len=1995, chunk_size=2000)
Skipping probe: too short (len=1871, chunk_size=2000)
Skipping probe: too short (len=1021, chunk_size=2000)
Skipping probe: too short (len=632, chunk_size=2000)
Skipping probe: too short (len=1450, chunk_size=2000)
Skipping probe: too short (len=1023, chunk_size=2000)
Skipping probe: too short (len=1958, chunk_size=2000)
Skipping probe: too short (len=1924, chunk_size=2000)
Skipping probe: too short (len=834, chunk_size=2000)
Skipping probe: too short (len=1506, chunk_size=2000)
Skipping probe: too short (len=670, chunk_size=2000)
Skipping probe: too short (len=886, chunk_size=2000)
Trial 4 F1s - Weighted: 0.6916 | Macro: 0.1852 | Micro: 0.7190

[I 2026-03-08 05:43:23,759] Trial 4 finished with value: 0.6915554409122854 and parameters: {'chunk_seconds': 20, 'num_freqs': 20, 'num_estimators': 16, 'max_depth': 64, 'max_features': 0.6148951898496477, 'overlap': 0.521443547626145, 'max_lag': 12}. Best is trial 4 with value: 0.6915554409122854.
Skipping probe: too short (len=1023, chunk_size=1900)
Skipping probe: too short (len=1349, chunk_size=1900)
Skipping probe: too short (len=1266, chunk_size=1900)
Skipping probe: too short (len=1454, chunk_size=1900)
Skipping probe: too short (len=834, chunk_size=1900)
Skipping probe: too short (len=1506, chunk_size=1900)
Skipping probe: too short (len=559, chunk_size=1900)
Skipping probe: too short (len=1563, chunk_size=1900)
Skipping probe: too short (len=1335, chunk_size=1900)
Skipping probe: too short (len=906, chunk_size=1900)
Skipping probe: too short (len=1450, chunk_size=1900)
Skipping probe: too short (len=1604, chunk_size=1900)
Skipping probe: too short (len=1763, chunk_size=1900)
Skipping probe: too short (len=982, chunk_size=1900)
Skipping probe: too short (len=632, chunk_size=1900)
Skipping probe: too short (len=670, chunk_size=1900)
Skipping probe: too short (len=886, chunk_size=1900)
Skipping probe: too short (len=1619, chunk_size=1900)
Skipping probe: too short (len=1880, chunk_size=1900)
Skipping probe: too short (len=1871, chunk_size=1900)
Skipping probe: too short (len=1021, chunk_size=1900)
Skipping probe: too short (len=1023, chunk_size=1900)
Skipping probe: too short (len=982, chunk_size=1900)
Skipping probe: too short (len=834, chunk_size=1900)
Skipping probe: too short (len=1506, chunk_size=1900)
Skipping probe: too short (len=1450, chunk_size=1900)
Skipping probe: too short (len=559, chunk_size=1900)
Skipping probe: too short (len=1563, chunk_size=1900)
Skipping probe: too short (len=1335, chunk_size=1900)
Skipping probe: too short (len=906, chunk_size=1900)
Skipping probe: too short (len=1454, chunk_size=1900)
Skipping probe: too short (len=1619, chunk_size=1900)
Skipping probe: too short (len=1349, chunk_size=1900)
Skipping probe: too short (len=1604, chunk_size=1900)
Skipping probe: too short (len=670, chunk_size=1900)
Skipping probe: too short (len=886, chunk_size=1900)
Skipping probe: too short (len=1763, chunk_size=1900)
Skipping probe: too short (len=1880, chunk_size=1900)
Skipping probe: too short (len=1871, chunk_size=1900)
Skipping probe: too short (len=1021, chunk_size=1900)
Skipping probe: too short (len=1266, chunk_size=1900)
Skipping probe: too short (len=632, chunk_size=1900)
Skipping probe: too short (len=1619, chunk_size=1900)
Skipping probe: too short (len=1450, chunk_size=1900)
Skipping probe: too short (len=1023, chunk_size=1900)
Skipping probe: too short (len=834, chunk_size=1900)
Skipping probe: too short (len=1506, chunk_size=1900)
Skipping probe: too short (len=1266, chunk_size=1900)
Skipping probe: too short (len=559, chunk_size=1900)
Skipping probe: too short (len=1563, chunk_size=1900)
Skipping probe: too short (len=1335, chunk_size=1900)
Skipping probe: too short (len=906, chunk_size=1900)
Skipping probe: too short (len=1880, chunk_size=1900)
Skipping probe: too short (len=670, chunk_size=1900)
Skipping probe: too short (len=886, chunk_size=1900)
Skipping probe: too short (len=632, chunk_size=1900)
Skipping probe: too short (len=1871, chunk_size=1900)
Skipping probe: too short (len=1021, chunk_size=1900)
Skipping probe: too short (len=1349, chunk_size=1900)
Skipping probe: too short (len=1454, chunk_size=1900)
Skipping probe: too short (len=982, chunk_size=1900)
Skipping probe: too short (len=1604, chunk_size=1900)
Skipping probe: too short (len=1763, chunk_size=1900)
Skipping probe: too short (len=1454, chunk_size=1900)
Skipping probe: too short (len=1450, chunk_size=1900)
Skipping probe: too short (len=1023, chunk_size=1900)
Skipping probe: too short (len=982, chunk_size=1900)
Skipping probe: too short (len=1604, chunk_size=1900)
Skipping probe: too short (len=1619, chunk_size=1900)
Skipping probe: too short (len=1349, chunk_size=1900)
Skipping probe: too short (len=834, chunk_size=1900)
Skipping probe: too short (len=1506, chunk_size=1900)
Skipping probe: too short (len=1266, chunk_size=1900)
Skipping probe: too short (len=670, chunk_size=1900)
Skipping probe: too short (len=886, chunk_size=1900)
Skipping probe: too short (len=1880, chunk_size=1900)
Skipping probe: too short (len=632, chunk_size=1900)
Skipping probe: too short (len=1763, chunk_size=1900)
Skipping probe: too short (len=1871, chunk_size=1900)
Skipping probe: too short (len=1021, chunk_size=1900)
Skipping probe: too short (len=559, chunk_size=1900)
Skipping probe: too short (len=1563, chunk_size=1900)
Skipping probe: too short (len=1335, chunk_size=1900)
Skipping probe: too short (len=906, chunk_size=1900)
Skipping probe: too short (len=1619, chunk_size=1900)
Skipping probe: too short (len=982, chunk_size=1900)
Skipping probe: too short (len=1880, chunk_size=1900)
Skipping probe: too short (len=1763, chunk_size=1900)
Skipping probe: too short (len=559, chunk_size=1900)
Skipping probe: too short (len=1563, chunk_size=1900)
Skipping probe: too short (len=1335, chunk_size=1900)
Skipping probe: too short (len=906, chunk_size=1900)
Skipping probe: too short (len=1454, chunk_size=1900)
Skipping probe: too short (len=1604, chunk_size=1900)
Skipping probe: too short (len=1266, chunk_size=1900)
Skipping probe: too short (len=1349, chunk_size=1900)
Skipping probe: too short (len=1871, chunk_size=1900)
Skipping probe: too short (len=1021, chunk_size=1900)
Skipping probe: too short (len=632, chunk_size=1900)
Skipping probe: too short (len=1450, chunk_size=1900)
Skipping probe: too short (len=1023, chunk_size=1900)
Skipping probe: too short (len=834, chunk_size=1900)
Skipping probe: too short (len=1506, chunk_size=1900)
Skipping probe: too short (len=670, chunk_size=1900)
Skipping probe: too short (len=886, chunk_size=1900)
Trial 5 F1s - Weighted: 0.7050 | Macro: 0.1902 | Micro: 0.7369

[I 2026-03-08 06:15:42,239] Trial 5 finished with value: 0.7049696248144808 and parameters: {'chunk_seconds': 19, 'num_freqs': 15, 'num_estimators': 128, 'max_depth': 128, 'max_features': 0.7135037111971279, 'overlap': 0.5709064650271687, 'max_lag': 11}. Best is trial 5 with value: 0.7049696248144808.
Trial 6 F1s - Weighted: 0.6503 | Macro: 0.2148 | Micro: 0.6243

[I 2026-03-08 06:47:43,407] Trial 6 finished with value: 0.6503279051078024 and parameters: {'chunk_seconds': 3, 'num_freqs': 15, 'num_estimators': 8, 'max_depth': 16, 'max_features': 0.5944076731297527, 'overlap': 0.5988751209638778, 'max_lag': 12}. Best is trial 5 with value: 0.7049696248144808.
Trial 7 F1s - Weighted: 0.4547 | Macro: 0.1051 | Micro: 0.4078

[I 2026-03-09 05:02:59,454] Trial 7 finished with value: 0.4547061429515475 and parameters: {'chunk_seconds': 1, 'num_freqs': 18, 'num_estimators': 512, 'max_depth': 4, 'max_features': 0.8946251535328094, 'overlap': 0.7304055720369512, 'max_lag': 15}. Best is trial 5 with value: 0.7049696248144808.
Trial 8 F1s - Weighted: 0.6794 | Macro: 0.2331 | Micro: 0.6610

[I 2026-03-09 05:45:14,859] Trial 8 finished with value: 0.679351689595996 and parameters: {'chunk_seconds': 3, 'num_freqs': 21, 'num_estimators': 32, 'max_depth': 16, 'max_features': 0.5195332063887905, 'overlap': 0.3641929362663395, 'max_lag': 19}. Best is trial 5 with value: 0.7049696248144808.
Skipping probe: too short (len=559, chunk_size=2300)
Skipping probe: too short (len=1906, chunk_size=2300)
Skipping probe: too short (len=1563, chunk_size=2300)
Skipping probe: too short (len=1335, chunk_size=2300)
Skipping probe: too short (len=906, chunk_size=2300)
Skipping probe: too short (len=1023, chunk_size=2300)
Skipping probe: too short (len=2171, chunk_size=2300)
Skipping probe: too short (len=1924, chunk_size=2300)
Skipping probe: too short (len=2216, chunk_size=2300)
Skipping probe: too short (len=834, chunk_size=2300)
Skipping probe: too short (len=1506, chunk_size=2300)
Skipping probe: too short (len=1349, chunk_size=2300)
Skipping probe: too short (len=1454, chunk_size=2300)
Skipping probe: too short (len=2058, chunk_size=2300)
Skipping probe: too short (len=1604, chunk_size=2300)
Skipping probe: too short (len=982, chunk_size=2300)
Skipping probe: too short (len=1266, chunk_size=2300)
Skipping probe: too short (len=2176, chunk_size=2300)
Skipping probe: too short (len=1450, chunk_size=2300)
Skipping probe: too short (len=1958, chunk_size=2300)
Skipping probe: too short (len=670, chunk_size=2300)
Skipping probe: too short (len=886, chunk_size=2300)
Skipping probe: too short (len=1763, chunk_size=2300)
Skipping probe: too short (len=632, chunk_size=2300)
Skipping probe: too short (len=1619, chunk_size=2300)
Skipping probe: too short (len=1880, chunk_size=2300)
Skipping probe: too short (len=1995, chunk_size=2300)
Skipping probe: too short (len=2252, chunk_size=2300)
Skipping probe: too short (len=1871, chunk_size=2300)
Skipping probe: too short (len=1021, chunk_size=2300)
Skipping probe: too short (len=1454, chunk_size=2300)
Skipping probe: too short (len=1349, chunk_size=2300)
Skipping probe: too short (len=1619, chunk_size=2300)
Skipping probe: too short (len=1924, chunk_size=2300)
Skipping probe: too short (len=2216, chunk_size=2300)
Skipping probe: too short (len=834, chunk_size=2300)
Skipping probe: too short (len=1506, chunk_size=2300)
Skipping probe: too short (len=1023, chunk_size=2300)
Skipping probe: too short (len=2171, chunk_size=2300)
Skipping probe: too short (len=1450, chunk_size=2300)
Skipping probe: too short (len=1604, chunk_size=2300)
Skipping probe: too short (len=559, chunk_size=2300)
Skipping probe: too short (len=1906, chunk_size=2300)
Skipping probe: too short (len=1563, chunk_size=2300)
Skipping probe: too short (len=1335, chunk_size=2300)
Skipping probe: too short (len=906, chunk_size=2300)
Skipping probe: too short (len=1958, chunk_size=2300)
Skipping probe: too short (len=2176, chunk_size=2300)
Skipping probe: too short (len=1763, chunk_size=2300)
Skipping probe: too short (len=1880, chunk_size=2300)
Skipping probe: too short (len=982, chunk_size=2300)
Skipping probe: too short (len=1871, chunk_size=2300)
Skipping probe: too short (len=1021, chunk_size=2300)
Skipping probe: too short (len=1995, chunk_size=2300)
Skipping probe: too short (len=2252, chunk_size=2300)
Skipping probe: too short (len=670, chunk_size=2300)
Skipping probe: too short (len=886, chunk_size=2300)
Skipping probe: too short (len=2058, chunk_size=2300)
Skipping probe: too short (len=1266, chunk_size=2300)
Skipping probe: too short (len=632, chunk_size=2300)
Skipping probe: too short (len=2176, chunk_size=2300)
Skipping probe: too short (len=1619, chunk_size=2300)
Skipping probe: too short (len=1958, chunk_size=2300)
Skipping probe: too short (len=1924, chunk_size=2300)
Skipping probe: too short (len=2216, chunk_size=2300)
Skipping probe: too short (len=834, chunk_size=2300)
Skipping probe: too short (len=1506, chunk_size=2300)
Skipping probe: too short (len=2058, chunk_size=2300)
Skipping probe: too short (len=1266, chunk_size=2300)
Skipping probe: too short (len=559, chunk_size=2300)
Skipping probe: too short (len=1906, chunk_size=2300)
Skipping probe: too short (len=1563, chunk_size=2300)
Skipping probe: too short (len=1335, chunk_size=2300)
Skipping probe: too short (len=906, chunk_size=2300)
Skipping probe: too short (len=1023, chunk_size=2300)
Skipping probe: too short (len=2171, chunk_size=2300)
Skipping probe: too short (len=1450, chunk_size=2300)
Skipping probe: too short (len=1995, chunk_size=2300)
Skipping probe: too short (len=2252, chunk_size=2300)
Skipping probe: too short (len=1880, chunk_size=2300)
Skipping probe: too short (len=670, chunk_size=2300)
Skipping probe: too short (len=886, chunk_size=2300)
Skipping probe: too short (len=1871, chunk_size=2300)
Skipping probe: too short (len=1021, chunk_size=2300)
Skipping probe: too short (len=632, chunk_size=2300)
Skipping probe: too short (len=1349, chunk_size=2300)
Skipping probe: too short (len=1604, chunk_size=2300)
Skipping probe: too short (len=1454, chunk_size=2300)
Skipping probe: too short (len=982, chunk_size=2300)
Skipping probe: too short (len=1763, chunk_size=2300)
Skipping probe: too short (len=1604, chunk_size=2300)
Skipping probe: too short (len=1023, chunk_size=2300)
Skipping probe: too short (len=2171, chunk_size=2300)
Skipping probe: too short (len=1450, chunk_size=2300)
Skipping probe: too short (len=1619, chunk_size=2300)
Skipping probe: too short (len=2058, chunk_size=2300)
Skipping probe: too short (len=1454, chunk_size=2300)
Skipping probe: too short (len=1924, chunk_size=2300)
Skipping probe: too short (len=2216, chunk_size=2300)
Skipping probe: too short (len=834, chunk_size=2300)
Skipping probe: too short (len=1506, chunk_size=2300)
Skipping probe: too short (len=1349, chunk_size=2300)
Skipping probe: too short (len=1958, chunk_size=2300)
Skipping probe: too short (len=670, chunk_size=2300)
Skipping probe: too short (len=886, chunk_size=2300)
Skipping probe: too short (len=982, chunk_size=2300)
Skipping probe: too short (len=1266, chunk_size=2300)
Skipping probe: too short (len=1763, chunk_size=2300)
Skipping probe: too short (len=1995, chunk_size=2300)
Skipping probe: too short (len=2252, chunk_size=2300)
Skipping probe: too short (len=1880, chunk_size=2300)
Skipping probe: too short (len=1871, chunk_size=2300)
Skipping probe: too short (len=1021, chunk_size=2300)
Skipping probe: too short (len=632, chunk_size=2300)
Skipping probe: too short (len=2176, chunk_size=2300)
Skipping probe: too short (len=559, chunk_size=2300)
Skipping probe: too short (len=1906, chunk_size=2300)
Skipping probe: too short (len=1563, chunk_size=2300)
Skipping probe: too short (len=1335, chunk_size=2300)
Skipping probe: too short (len=906, chunk_size=2300)
Skipping probe: too short (len=1349, chunk_size=2300)
Skipping probe: too short (len=2176, chunk_size=2300)
Skipping probe: too short (len=2058, chunk_size=2300)
Skipping probe: too short (len=1604, chunk_size=2300)
Skipping probe: too short (len=1619, chunk_size=2300)
Skipping probe: too short (len=559, chunk_size=2300)
Skipping probe: too short (len=1906, chunk_size=2300)
Skipping probe: too short (len=1563, chunk_size=2300)
Skipping probe: too short (len=1335, chunk_size=2300)
Skipping probe: too short (len=906, chunk_size=2300)
Skipping probe: too short (len=1266, chunk_size=2300)
Skipping probe: too short (len=1454, chunk_size=2300)
Skipping probe: too short (len=982, chunk_size=2300)
Skipping probe: too short (len=632, chunk_size=2300)
Skipping probe: too short (len=1995, chunk_size=2300)
Skipping probe: too short (len=2252, chunk_size=2300)
Skipping probe: too short (len=1763, chunk_size=2300)
Skipping probe: too short (len=1880, chunk_size=2300)
Skipping probe: too short (len=1871, chunk_size=2300)
Skipping probe: too short (len=1021, chunk_size=2300)
Skipping probe: too short (len=1023, chunk_size=2300)
Skipping probe: too short (len=2171, chunk_size=2300)
Skipping probe: too short (len=1450, chunk_size=2300)
Skipping probe: too short (len=1958, chunk_size=2300)
Skipping probe: too short (len=670, chunk_size=2300)
Skipping probe: too short (len=886, chunk_size=2300)
Skipping probe: too short (len=1924, chunk_size=2300)
Skipping probe: too short (len=2216, chunk_size=2300)
Skipping probe: too short (len=834, chunk_size=2300)
Skipping probe: too short (len=1506, chunk_size=2300)
Trial 9 F1s - Weighted: 0.6810 | Macro: 0.1799 | Micro: 0.7022

[I 2026-03-09 05:57:17,512] Trial 9 finished with value: 0.6809692079877764 and parameters: {'chunk_seconds': 23, 'num_freqs': 21, 'num_estimators': 8, 'max_depth': 256, 'max_features': 0.9507007440959874, 'overlap': 0.48956602066447996, 'max_lag': 25}. Best is trial 5 with value: 0.7049696248144808.
Skipping probe: too short (len=834, chunk_size=1500)
Skipping probe: too short (len=982, chunk_size=1500)
Skipping probe: too short (len=559, chunk_size=1500)
Skipping probe: too short (len=1335, chunk_size=1500)
Skipping probe: too short (len=906, chunk_size=1500)
Skipping probe: too short (len=1450, chunk_size=1500)
Skipping probe: too short (len=1023, chunk_size=1500)
Skipping probe: too short (len=1349, chunk_size=1500)
Skipping probe: too short (len=1454, chunk_size=1500)
Skipping probe: too short (len=1266, chunk_size=1500)
Skipping probe: too short (len=632, chunk_size=1500)
Skipping probe: too short (len=670, chunk_size=1500)
Skipping probe: too short (len=886, chunk_size=1500)
Skipping probe: too short (len=1021, chunk_size=1500)
Skipping probe: too short (len=559, chunk_size=1500)
Skipping probe: too short (len=1335, chunk_size=1500)
Skipping probe: too short (len=906, chunk_size=1500)
Skipping probe: too short (len=1450, chunk_size=1500)
Skipping probe: too short (len=1454, chunk_size=1500)
Skipping probe: too short (len=834, chunk_size=1500)
Skipping probe: too short (len=1023, chunk_size=1500)
Skipping probe: too short (len=1349, chunk_size=1500)
Skipping probe: too short (len=982, chunk_size=1500)
Skipping probe: too short (len=670, chunk_size=1500)
Skipping probe: too short (len=886, chunk_size=1500)
Skipping probe: too short (len=1021, chunk_size=1500)
Skipping probe: too short (len=1266, chunk_size=1500)
Skipping probe: too short (len=632, chunk_size=1500)
Skipping probe: too short (len=834, chunk_size=1500)
Skipping probe: too short (len=1266, chunk_size=1500)
Skipping probe: too short (len=1450, chunk_size=1500)
Skipping probe: too short (len=1023, chunk_size=1500)
Skipping probe: too short (len=559, chunk_size=1500)
Skipping probe: too short (len=1335, chunk_size=1500)
Skipping probe: too short (len=906, chunk_size=1500)
Skipping probe: too short (len=670, chunk_size=1500)
Skipping probe: too short (len=886, chunk_size=1500)
Skipping probe: too short (len=632, chunk_size=1500)
Skipping probe: too short (len=1021, chunk_size=1500)
Skipping probe: too short (len=1454, chunk_size=1500)
Skipping probe: too short (len=1349, chunk_size=1500)
Skipping probe: too short (len=982, chunk_size=1500)
Skipping probe: too short (len=1450, chunk_size=1500)
Skipping probe: too short (len=834, chunk_size=1500)
Skipping probe: too short (len=1349, chunk_size=1500)
Skipping probe: too short (len=1454, chunk_size=1500)
Skipping probe: too short (len=1023, chunk_size=1500)
Skipping probe: too short (len=982, chunk_size=1500)
Skipping probe: too short (len=1266, chunk_size=1500)
Skipping probe: too short (len=670, chunk_size=1500)
Skipping probe: too short (len=886, chunk_size=1500)
Skipping probe: too short (len=1021, chunk_size=1500)
Skipping probe: too short (len=632, chunk_size=1500)
Skipping probe: too short (len=559, chunk_size=1500)
Skipping probe: too short (len=1335, chunk_size=1500)
Skipping probe: too short (len=906, chunk_size=1500)
Skipping probe: too short (len=559, chunk_size=1500)
Skipping probe: too short (len=1335, chunk_size=1500)
Skipping probe: too short (len=906, chunk_size=1500)
Skipping probe: too short (len=1349, chunk_size=1500)
Skipping probe: too short (len=982, chunk_size=1500)
Skipping probe: too short (len=1454, chunk_size=1500)
Skipping probe: too short (len=1266, chunk_size=1500)
Skipping probe: too short (len=1021, chunk_size=1500)
Skipping probe: too short (len=632, chunk_size=1500)
Skipping probe: too short (len=1450, chunk_size=1500)
Skipping probe: too short (len=1023, chunk_size=1500)
Skipping probe: too short (len=834, chunk_size=1500)
Skipping probe: too short (len=670, chunk_size=1500)
Skipping probe: too short (len=886, chunk_size=1500)
Trial 10 F1s - Weighted: 0.6996 | Macro: 0.1941 | Micro: 0.7276

[I 2026-03-09 06:14:27,774] Trial 10 finished with value: 0.6995550714063233 and parameters: {'chunk_seconds': 15, 'num_freqs': 8, 'num_estimators': 128, 'max_depth': 128, 'max_features': 0.7882762054369998, 'overlap': 0.2659758660325947, 'max_lag': 3}. Best is trial 5 with value: 0.7049696248144808.
Skipping probe: too short (len=1454, chunk_size=1500)
Skipping probe: too short (len=834, chunk_size=1500)
Skipping probe: too short (len=1450, chunk_size=1500)
Skipping probe: too short (len=1349, chunk_size=1500)
Skipping probe: too short (len=982, chunk_size=1500)
Skipping probe: too short (len=1023, chunk_size=1500)
Skipping probe: too short (len=559, chunk_size=1500)
Skipping probe: too short (len=1335, chunk_size=1500)
Skipping probe: too short (len=906, chunk_size=1500)
Skipping probe: too short (len=1266, chunk_size=1500)
Skipping probe: too short (len=670, chunk_size=1500)
Skipping probe: too short (len=886, chunk_size=1500)
Skipping probe: too short (len=632, chunk_size=1500)
Skipping probe: too short (len=1021, chunk_size=1500)
Skipping probe: too short (len=1450, chunk_size=1500)
Skipping probe: too short (len=559, chunk_size=1500)
Skipping probe: too short (len=1335, chunk_size=1500)
Skipping probe: too short (len=906, chunk_size=1500)
Skipping probe: too short (len=834, chunk_size=1500)
Skipping probe: too short (len=1349, chunk_size=1500)
Skipping probe: too short (len=1023, chunk_size=1500)
Skipping probe: too short (len=982, chunk_size=1500)
Skipping probe: too short (len=1454, chunk_size=1500)
Skipping probe: too short (len=670, chunk_size=1500)
Skipping probe: too short (len=886, chunk_size=1500)
Skipping probe: too short (len=1021, chunk_size=1500)
Skipping probe: too short (len=1266, chunk_size=1500)
Skipping probe: too short (len=632, chunk_size=1500)
Skipping probe: too short (len=1266, chunk_size=1500)
Skipping probe: too short (len=1023, chunk_size=1500)
Skipping probe: too short (len=1450, chunk_size=1500)
Skipping probe: too short (len=559, chunk_size=1500)
Skipping probe: too short (len=1335, chunk_size=1500)
Skipping probe: too short (len=906, chunk_size=1500)
Skipping probe: too short (len=834, chunk_size=1500)
Skipping probe: too short (len=670, chunk_size=1500)
Skipping probe: too short (len=886, chunk_size=1500)
Skipping probe: too short (len=632, chunk_size=1500)
Skipping probe: too short (len=1021, chunk_size=1500)
Skipping probe: too short (len=1454, chunk_size=1500)
Skipping probe: too short (len=982, chunk_size=1500)
Skipping probe: too short (len=1349, chunk_size=1500)
Skipping probe: too short (len=1266, chunk_size=1500)
Skipping probe: too short (len=982, chunk_size=1500)
Skipping probe: too short (len=1450, chunk_size=1500)
Skipping probe: too short (len=1349, chunk_size=1500)
Skipping probe: too short (len=1454, chunk_size=1500)
Skipping probe: too short (len=1023, chunk_size=1500)
Skipping probe: too short (len=834, chunk_size=1500)
Skipping probe: too short (len=670, chunk_size=1500)
Skipping probe: too short (len=886, chunk_size=1500)
Skipping probe: too short (len=1021, chunk_size=1500)
Skipping probe: too short (len=632, chunk_size=1500)
Skipping probe: too short (len=559, chunk_size=1500)
Skipping probe: too short (len=1335, chunk_size=1500)
Skipping probe: too short (len=906, chunk_size=1500)
Skipping probe: too short (len=1266, chunk_size=1500)
Skipping probe: too short (len=982, chunk_size=1500)
Skipping probe: too short (len=1454, chunk_size=1500)
Skipping probe: too short (len=1349, chunk_size=1500)
Skipping probe: too short (len=559, chunk_size=1500)
Skipping probe: too short (len=1335, chunk_size=1500)
Skipping probe: too short (len=906, chunk_size=1500)
Skipping probe: too short (len=1021, chunk_size=1500)
Skipping probe: too short (len=632, chunk_size=1500)
Skipping probe: too short (len=1450, chunk_size=1500)
Skipping probe: too short (len=834, chunk_size=1500)
Skipping probe: too short (len=1023, chunk_size=1500)
Skipping probe: too short (len=670, chunk_size=1500)
Skipping probe: too short (len=886, chunk_size=1500)
Trial 11 F1s - Weighted: 0.7013 | Macro: 0.1930 | Micro: 0.7320

[I 2026-03-09 06:32:56,925] Trial 11 finished with value: 0.7013032554571377 and parameters: {'chunk_seconds': 15, 'num_freqs': 9, 'num_estimators': 128, 'max_depth': 128, 'max_features': 0.7854520762709687, 'overlap': 0.27716054546228697, 'max_lag': 4}. Best is trial 5 with value: 0.7049696248144808.
Skipping probe: too short (len=1450, chunk_size=1500)
Skipping probe: too short (len=1023, chunk_size=1500)
Skipping probe: too short (len=834, chunk_size=1500)
Skipping probe: too short (len=1454, chunk_size=1500)
Skipping probe: too short (len=1349, chunk_size=1500)
Skipping probe: too short (len=1266, chunk_size=1500)
Skipping probe: too short (len=559, chunk_size=1500)
Skipping probe: too short (len=1335, chunk_size=1500)
Skipping probe: too short (len=906, chunk_size=1500)
Skipping probe: too short (len=632, chunk_size=1500)
Skipping probe: too short (len=982, chunk_size=1500)
Skipping probe: too short (len=670, chunk_size=1500)
Skipping probe: too short (len=886, chunk_size=1500)
Skipping probe: too short (len=1021, chunk_size=1500)
Skipping probe: too short (len=982, chunk_size=1500)
Skipping probe: too short (len=1450, chunk_size=1500)
Skipping probe: too short (len=1349, chunk_size=1500)
Skipping probe: too short (len=834, chunk_size=1500)
Skipping probe: too short (len=1023, chunk_size=1500)
Skipping probe: too short (len=1454, chunk_size=1500)
Skipping probe: too short (len=559, chunk_size=1500)
Skipping probe: too short (len=1335, chunk_size=1500)
Skipping probe: too short (len=906, chunk_size=1500)
Skipping probe: too short (len=670, chunk_size=1500)
Skipping probe: too short (len=886, chunk_size=1500)
Skipping probe: too short (len=1021, chunk_size=1500)
Skipping probe: too short (len=1266, chunk_size=1500)
Skipping probe: too short (len=632, chunk_size=1500)
[I 2026-03-09 06:55:16,402] Trial 12 pruned. 
Skipping probe: too short (len=559, chunk_size=1000)
Skipping probe: too short (len=906, chunk_size=1000)
Skipping probe: too short (len=834, chunk_size=1000)
Skipping probe: too short (len=982, chunk_size=1000)
Skipping probe: too short (len=670, chunk_size=1000)
Skipping probe: too short (len=886, chunk_size=1000)
Skipping probe: too short (len=632, chunk_size=1000)
Skipping probe: too short (len=834, chunk_size=1000)
Skipping probe: too short (len=982, chunk_size=1000)
Skipping probe: too short (len=559, chunk_size=1000)
Skipping probe: too short (len=906, chunk_size=1000)
Skipping probe: too short (len=670, chunk_size=1000)
Skipping probe: too short (len=886, chunk_size=1000)
Skipping probe: too short (len=632, chunk_size=1000)
Skipping probe: too short (len=559, chunk_size=1000)
Skipping probe: too short (len=906, chunk_size=1000)
Skipping probe: too short (len=834, chunk_size=1000)
Skipping probe: too short (len=670, chunk_size=1000)
Skipping probe: too short (len=886, chunk_size=1000)
Skipping probe: too short (len=632, chunk_size=1000)
Skipping probe: too short (len=982, chunk_size=1000)
Skipping probe: too short (len=834, chunk_size=1000)
Skipping probe: too short (len=670, chunk_size=1000)
Skipping probe: too short (len=886, chunk_size=1000)
Skipping probe: too short (len=982, chunk_size=1000)
Skipping probe: too short (len=632, chunk_size=1000)
Skipping probe: too short (len=559, chunk_size=1000)
Skipping probe: too short (len=906, chunk_size=1000)
Skipping probe: too short (len=559, chunk_size=1000)
Skipping probe: too short (len=906, chunk_size=1000)
Skipping probe: too short (len=982, chunk_size=1000)
Skipping probe: too short (len=632, chunk_size=1000)
Skipping probe: too short (len=834, chunk_size=1000)
Skipping probe: too short (len=670, chunk_size=1000)
Skipping probe: too short (len=886, chunk_size=1000)
Trial 13 F1s - Weighted: 0.7048 | Macro: 0.2029 | Micro: 0.7313

[I 2026-03-09 07:23:02,892] Trial 13 finished with value: 0.7047829360859732 and parameters: {'chunk_seconds': 10, 'num_freqs': 10, 'num_estimators': 128, 'max_depth': 128, 'max_features': 0.8149752940347328, 'overlap': 0.26867782173226495, 'max_lag': 7}. Best is trial 5 with value: 0.7049696248144808.
Skipping probe: too short (len=559, chunk_size=900)
Skipping probe: too short (len=834, chunk_size=900)
Skipping probe: too short (len=670, chunk_size=900)
Skipping probe: too short (len=886, chunk_size=900)
Skipping probe: too short (len=632, chunk_size=900)
Skipping probe: too short (len=834, chunk_size=900)
Skipping probe: too short (len=559, chunk_size=900)
Skipping probe: too short (len=670, chunk_size=900)
Skipping probe: too short (len=886, chunk_size=900)
Skipping probe: too short (len=632, chunk_size=900)
[I 2026-03-09 07:58:33,608] Trial 14 pruned. 
Skipping probe: too short (len=834, chunk_size=900)
Skipping probe: too short (len=559, chunk_size=900)
Skipping probe: too short (len=670, chunk_size=900)
Skipping probe: too short (len=886, chunk_size=900)
Skipping probe: too short (len=632, chunk_size=900)
Skipping probe: too short (len=834, chunk_size=900)
Skipping probe: too short (len=559, chunk_size=900)
Skipping probe: too short (len=670, chunk_size=900)
Skipping probe: too short (len=886, chunk_size=900)
Skipping probe: too short (len=632, chunk_size=900)
Skipping probe: too short (len=834, chunk_size=900)
Skipping probe: too short (len=559, chunk_size=900)
Skipping probe: too short (len=632, chunk_size=900)
Skipping probe: too short (len=670, chunk_size=900)
Skipping probe: too short (len=886, chunk_size=900)
Skipping probe: too short (len=834, chunk_size=900)
Skipping probe: too short (len=670, chunk_size=900)
Skipping probe: too short (len=886, chunk_size=900)
Skipping probe: too short (len=632, chunk_size=900)
Skipping probe: too short (len=559, chunk_size=900)
Skipping probe: too short (len=559, chunk_size=900)
Skipping probe: too short (len=632, chunk_size=900)
Skipping probe: too short (len=834, chunk_size=900)
Skipping probe: too short (len=670, chunk_size=900)
Skipping probe: too short (len=886, chunk_size=900)
Trial 15 F1s - Weighted: 0.7044 | Macro: 0.2022 | Micro: 0.7337

[I 2026-03-09 08:53:05,384] Trial 15 finished with value: 0.7043991605931943 and parameters: {'chunk_seconds': 9, 'num_freqs': 25, 'num_estimators': 128, 'max_depth': 128, 'max_features': 0.7001144971711052, 'overlap': 0.41257452030695857, 'max_lag': 8}. Best is trial 5 with value: 0.7049696248144808.
Skipping probe: too short (len=559, chunk_size=1900)
Skipping probe: too short (len=1563, chunk_size=1900)
Skipping probe: too short (len=1335, chunk_size=1900)
Skipping probe: too short (len=906, chunk_size=1900)
Skipping probe: too short (len=982, chunk_size=1900)
Skipping probe: too short (len=1349, chunk_size=1900)
Skipping probe: too short (len=834, chunk_size=1900)
Skipping probe: too short (len=1506, chunk_size=1900)
Skipping probe: too short (len=1023, chunk_size=1900)
Skipping probe: too short (len=1454, chunk_size=1900)
Skipping probe: too short (len=1450, chunk_size=1900)
Skipping probe: too short (len=1604, chunk_size=1900)
Skipping probe: too short (len=1266, chunk_size=1900)
Skipping probe: too short (len=1763, chunk_size=1900)
Skipping probe: too short (len=632, chunk_size=1900)
Skipping probe: too short (len=670, chunk_size=1900)
Skipping probe: too short (len=886, chunk_size=1900)
Skipping probe: too short (len=1619, chunk_size=1900)
Skipping probe: too short (len=1871, chunk_size=1900)
Skipping probe: too short (len=1021, chunk_size=1900)
Skipping probe: too short (len=1880, chunk_size=1900)
Skipping probe: too short (len=834, chunk_size=1900)
Skipping probe: too short (len=1506, chunk_size=1900)
Skipping probe: too short (len=1763, chunk_size=1900)
Skipping probe: too short (len=1880, chunk_size=1900)
Skipping probe: too short (len=982, chunk_size=1900)
Skipping probe: too short (len=1349, chunk_size=1900)
Skipping probe: too short (len=1454, chunk_size=1900)
Skipping probe: too short (len=1604, chunk_size=1900)
Skipping probe: too short (len=559, chunk_size=1900)
Skipping probe: too short (len=1563, chunk_size=1900)
Skipping probe: too short (len=1335, chunk_size=1900)
Skipping probe: too short (len=906, chunk_size=1900)
Skipping probe: too short (len=1619, chunk_size=1900)
Skipping probe: too short (len=1450, chunk_size=1900)
Skipping probe: too short (len=1023, chunk_size=1900)
Skipping probe: too short (len=670, chunk_size=1900)
Skipping probe: too short (len=886, chunk_size=1900)
Skipping probe: too short (len=1871, chunk_size=1900)
Skipping probe: too short (len=1021, chunk_size=1900)
Skipping probe: too short (len=1266, chunk_size=1900)
Skipping probe: too short (len=632, chunk_size=1900)
Skipping probe: too short (len=1023, chunk_size=1900)
Skipping probe: too short (len=834, chunk_size=1900)
Skipping probe: too short (len=1506, chunk_size=1900)
Skipping probe: too short (len=1619, chunk_size=1900)
Skipping probe: too short (len=1450, chunk_size=1900)
Skipping probe: too short (len=559, chunk_size=1900)
Skipping probe: too short (len=1563, chunk_size=1900)
Skipping probe: too short (len=1335, chunk_size=1900)
Skipping probe: too short (len=906, chunk_size=1900)
Skipping probe: too short (len=1266, chunk_size=1900)
Skipping probe: too short (len=1871, chunk_size=1900)
Skipping probe: too short (len=1021, chunk_size=1900)
Skipping probe: too short (len=1880, chunk_size=1900)
Skipping probe: too short (len=670, chunk_size=1900)
Skipping probe: too short (len=886, chunk_size=1900)
Skipping probe: too short (len=632, chunk_size=1900)
Skipping probe: too short (len=1349, chunk_size=1900)
Skipping probe: too short (len=1454, chunk_size=1900)
Skipping probe: too short (len=1763, chunk_size=1900)
Skipping probe: too short (len=982, chunk_size=1900)
Skipping probe: too short (len=1604, chunk_size=1900)
Skipping probe: too short (len=1454, chunk_size=1900)
Skipping probe: too short (len=1266, chunk_size=1900)
Skipping probe: too short (len=834, chunk_size=1900)
Skipping probe: too short (len=1506, chunk_size=1900)
Skipping probe: too short (len=1619, chunk_size=1900)
Skipping probe: too short (len=1349, chunk_size=1900)
Skipping probe: too short (len=1023, chunk_size=1900)
Skipping probe: too short (len=1450, chunk_size=1900)
Skipping probe: too short (len=1880, chunk_size=1900)
Skipping probe: too short (len=1763, chunk_size=1900)
Skipping probe: too short (len=982, chunk_size=1900)
Skipping probe: too short (len=1604, chunk_size=1900)
Skipping probe: too short (len=632, chunk_size=1900)
Skipping probe: too short (len=670, chunk_size=1900)
Skipping probe: too short (len=886, chunk_size=1900)
Skipping probe: too short (len=1871, chunk_size=1900)
Skipping probe: too short (len=1021, chunk_size=1900)
Skipping probe: too short (len=559, chunk_size=1900)
Skipping probe: too short (len=1563, chunk_size=1900)
Skipping probe: too short (len=1335, chunk_size=1900)
Skipping probe: too short (len=906, chunk_size=1900)
Skipping probe: too short (len=559, chunk_size=1900)
Skipping probe: too short (len=1563, chunk_size=1900)
Skipping probe: too short (len=1335, chunk_size=1900)
Skipping probe: too short (len=906, chunk_size=1900)
Skipping probe: too short (len=1266, chunk_size=1900)
Skipping probe: too short (len=1619, chunk_size=1900)
Skipping probe: too short (len=1454, chunk_size=1900)
Skipping probe: too short (len=982, chunk_size=1900)
Skipping probe: too short (len=1349, chunk_size=1900)
Skipping probe: too short (len=1604, chunk_size=1900)
Skipping probe: too short (len=1763, chunk_size=1900)
Skipping probe: too short (len=1880, chunk_size=1900)
Skipping probe: too short (len=632, chunk_size=1900)
Skipping probe: too short (len=1871, chunk_size=1900)
Skipping probe: too short (len=1021, chunk_size=1900)
Skipping probe: too short (len=1023, chunk_size=1900)
Skipping probe: too short (len=1450, chunk_size=1900)
Skipping probe: too short (len=834, chunk_size=1900)
Skipping probe: too short (len=1506, chunk_size=1900)
Skipping probe: too short (len=670, chunk_size=1900)
Skipping probe: too short (len=886, chunk_size=1900)
Trial 16 F1s - Weighted: 0.7142 | Macro: 0.1915 | Micro: 0.7469

[I 2026-03-09 09:05:01,765] Trial 16 finished with value: 0.7141789554984946 and parameters: {'chunk_seconds': 19, 'num_freqs': 11, 'num_estimators': 64, 'max_depth': 32, 'max_features': 0.22814829658855518, 'overlap': 0.6060619863602007, 'max_lag': 7}. Best is trial 16 with value: 0.7141789554984946.
Skipping probe: too short (len=982, chunk_size=2000)
Skipping probe: too short (len=1924, chunk_size=2000)
Skipping probe: too short (len=834, chunk_size=2000)
Skipping probe: too short (len=1506, chunk_size=2000)
Skipping probe: too short (len=1349, chunk_size=2000)
Skipping probe: too short (len=1958, chunk_size=2000)
Skipping probe: too short (len=1023, chunk_size=2000)
Skipping probe: too short (len=1450, chunk_size=2000)
Skipping probe: too short (len=559, chunk_size=2000)
Skipping probe: too short (len=1906, chunk_size=2000)
Skipping probe: too short (len=1563, chunk_size=2000)
Skipping probe: too short (len=1335, chunk_size=2000)
Skipping probe: too short (len=906, chunk_size=2000)
Skipping probe: too short (len=1604, chunk_size=2000)
Skipping probe: too short (len=1454, chunk_size=2000)
Skipping probe: too short (len=1266, chunk_size=2000)
Skipping probe: too short (len=1763, chunk_size=2000)
Skipping probe: too short (len=670, chunk_size=2000)
Skipping probe: too short (len=886, chunk_size=2000)
Skipping probe: too short (len=632, chunk_size=2000)
Skipping probe: too short (len=1619, chunk_size=2000)
Skipping probe: too short (len=1880, chunk_size=2000)
Skipping probe: too short (len=1995, chunk_size=2000)
Skipping probe: too short (len=1871, chunk_size=2000)
Skipping probe: too short (len=1021, chunk_size=2000)
Skipping probe: too short (len=559, chunk_size=2000)
Skipping probe: too short (len=1906, chunk_size=2000)
Skipping probe: too short (len=1563, chunk_size=2000)
Skipping probe: too short (len=1335, chunk_size=2000)
Skipping probe: too short (len=906, chunk_size=2000)
Skipping probe: too short (len=1454, chunk_size=2000)
Skipping probe: too short (len=1924, chunk_size=2000)
Skipping probe: too short (len=834, chunk_size=2000)
Skipping probe: too short (len=1506, chunk_size=2000)
Skipping probe: too short (len=1450, chunk_size=2000)
Skipping probe: too short (len=1023, chunk_size=2000)
Skipping probe: too short (len=1880, chunk_size=2000)
Skipping probe: too short (len=1604, chunk_size=2000)
Skipping probe: too short (len=1349, chunk_size=2000)
Skipping probe: too short (len=982, chunk_size=2000)
Skipping probe: too short (len=1958, chunk_size=2000)
Skipping probe: too short (len=1619, chunk_size=2000)
Skipping probe: too short (len=1763, chunk_size=2000)
Skipping probe: too short (len=1871, chunk_size=2000)
Skipping probe: too short (len=1021, chunk_size=2000)
Skipping probe: too short (len=1995, chunk_size=2000)
Skipping probe: too short (len=670, chunk_size=2000)
Skipping probe: too short (len=886, chunk_size=2000)
Skipping probe: too short (len=1266, chunk_size=2000)
Skipping probe: too short (len=632, chunk_size=2000)
Skipping probe: too short (len=559, chunk_size=2000)
Skipping probe: too short (len=1906, chunk_size=2000)
Skipping probe: too short (len=1563, chunk_size=2000)
Skipping probe: too short (len=1335, chunk_size=2000)
Skipping probe: too short (len=906, chunk_size=2000)
Skipping probe: too short (len=1023, chunk_size=2000)
Skipping probe: too short (len=1958, chunk_size=2000)
Skipping probe: too short (len=1266, chunk_size=2000)
Skipping probe: too short (len=1450, chunk_size=2000)
Skipping probe: too short (len=1880, chunk_size=2000)
Skipping probe: too short (len=1924, chunk_size=2000)
Skipping probe: too short (len=834, chunk_size=2000)
Skipping probe: too short (len=1506, chunk_size=2000)
Skipping probe: too short (len=1995, chunk_size=2000)
Skipping probe: too short (len=1619, chunk_size=2000)
Skipping probe: too short (len=670, chunk_size=2000)
Skipping probe: too short (len=886, chunk_size=2000)
Skipping probe: too short (len=632, chunk_size=2000)
Skipping probe: too short (len=1871, chunk_size=2000)
Skipping probe: too short (len=1021, chunk_size=2000)
Skipping probe: too short (len=1454, chunk_size=2000)
Skipping probe: too short (len=1763, chunk_size=2000)
Skipping probe: too short (len=1604, chunk_size=2000)
Skipping probe: too short (len=1349, chunk_size=2000)
Skipping probe: too short (len=982, chunk_size=2000)
Skipping probe: too short (len=1604, chunk_size=2000)
Skipping probe: too short (len=1349, chunk_size=2000)
Skipping probe: too short (len=982, chunk_size=2000)
Skipping probe: too short (len=1924, chunk_size=2000)
Skipping probe: too short (len=834, chunk_size=2000)
Skipping probe: too short (len=1506, chunk_size=2000)
Skipping probe: too short (len=1763, chunk_size=2000)
Skipping probe: too short (len=1619, chunk_size=2000)
Skipping probe: too short (len=1023, chunk_size=2000)
Skipping probe: too short (len=1958, chunk_size=2000)
Skipping probe: too short (len=1450, chunk_size=2000)
Skipping probe: too short (len=1454, chunk_size=2000)
Skipping probe: too short (len=1266, chunk_size=2000)
Skipping probe: too short (len=1880, chunk_size=2000)
Skipping probe: too short (len=1995, chunk_size=2000)
Skipping probe: too short (len=670, chunk_size=2000)
Skipping probe: too short (len=886, chunk_size=2000)
Skipping probe: too short (len=632, chunk_size=2000)
Skipping probe: too short (len=1871, chunk_size=2000)
Skipping probe: too short (len=1021, chunk_size=2000)
Skipping probe: too short (len=559, chunk_size=2000)
Skipping probe: too short (len=1906, chunk_size=2000)
Skipping probe: too short (len=1563, chunk_size=2000)
Skipping probe: too short (len=1335, chunk_size=2000)
Skipping probe: too short (len=906, chunk_size=2000)
Skipping probe: too short (len=1880, chunk_size=2000)
Skipping probe: too short (len=559, chunk_size=2000)
Skipping probe: too short (len=1906, chunk_size=2000)
Skipping probe: too short (len=1563, chunk_size=2000)
Skipping probe: too short (len=1335, chunk_size=2000)
Skipping probe: too short (len=906, chunk_size=2000)
Skipping probe: too short (len=1266, chunk_size=2000)
Skipping probe: too short (len=1619, chunk_size=2000)
Skipping probe: too short (len=1349, chunk_size=2000)
Skipping probe: too short (len=1454, chunk_size=2000)
Skipping probe: too short (len=982, chunk_size=2000)
Skipping probe: too short (len=1604, chunk_size=2000)
Skipping probe: too short (len=1763, chunk_size=2000)
Skipping probe: too short (len=1995, chunk_size=2000)
Skipping probe: too short (len=632, chunk_size=2000)
Skipping probe: too short (len=1871, chunk_size=2000)
Skipping probe: too short (len=1021, chunk_size=2000)
Skipping probe: too short (len=1023, chunk_size=2000)
Skipping probe: too short (len=1924, chunk_size=2000)
Skipping probe: too short (len=834, chunk_size=2000)
Skipping probe: too short (len=1506, chunk_size=2000)
Skipping probe: too short (len=1450, chunk_size=2000)
Skipping probe: too short (len=1958, chunk_size=2000)
Skipping probe: too short (len=670, chunk_size=2000)
Skipping probe: too short (len=886, chunk_size=2000)
Trial 17 F1s - Weighted: 0.7190 | Macro: 0.1938 | Micro: 0.7515

[I 2026-03-09 09:18:23,019] Trial 17 finished with value: 0.7190333492555954 and parameters: {'chunk_seconds': 20, 'num_freqs': 5, 'num_estimators': 64, 'max_depth': 32, 'max_features': 0.21259709190013729, 'overlap': 0.5768215306584915, 'max_lag': 21}. Best is trial 17 with value: 0.7190333492555954.
Skipping probe: too short (len=1604, chunk_size=2500)
Skipping probe: too short (len=2176, chunk_size=2500)
Skipping probe: too short (len=1349, chunk_size=2500)
Skipping probe: too short (len=1450, chunk_size=2500)
Skipping probe: too short (len=1958, chunk_size=2500)
Skipping probe: too short (len=1023, chunk_size=2500)
Skipping probe: too short (len=2171, chunk_size=2500)
Skipping probe: too short (len=1924, chunk_size=2500)
Skipping probe: too short (len=2341, chunk_size=2500)
Skipping probe: too short (len=2216, chunk_size=2500)
Skipping probe: too short (len=2445, chunk_size=2500)
Skipping probe: too short (len=2409, chunk_size=2500)
Skipping probe: too short (len=834, chunk_size=2500)
Skipping probe: too short (len=1506, chunk_size=2500)
Skipping probe: too short (len=1454, chunk_size=2500)
Skipping probe: too short (len=2058, chunk_size=2500)
Skipping probe: too short (len=982, chunk_size=2500)
Skipping probe: too short (len=559, chunk_size=2500)
Skipping probe: too short (len=1906, chunk_size=2500)
Skipping probe: too short (len=1563, chunk_size=2500)
Skipping probe: too short (len=1335, chunk_size=2500)
Skipping probe: too short (len=906, chunk_size=2500)
Skipping probe: too short (len=1266, chunk_size=2500)
Skipping probe: too short (len=1763, chunk_size=2500)
Skipping probe: too short (len=670, chunk_size=2500)
Skipping probe: too short (len=886, chunk_size=2500)
Skipping probe: too short (len=2340, chunk_size=2500)
Skipping probe: too short (len=632, chunk_size=2500)
Skipping probe: too short (len=2436, chunk_size=2500)
Skipping probe: too short (len=1880, chunk_size=2500)
Skipping probe: too short (len=1619, chunk_size=2500)
Skipping probe: too short (len=1871, chunk_size=2500)
Skipping probe: too short (len=1021, chunk_size=2500)
Skipping probe: too short (len=1995, chunk_size=2500)
Skipping probe: too short (len=2252, chunk_size=2500)
Skipping probe: too short (len=1450, chunk_size=2500)
Skipping probe: too short (len=1958, chunk_size=2500)
Skipping probe: too short (len=1924, chunk_size=2500)
Skipping probe: too short (len=2341, chunk_size=2500)
Skipping probe: too short (len=2216, chunk_size=2500)
Skipping probe: too short (len=2445, chunk_size=2500)
Skipping probe: too short (len=2409, chunk_size=2500)
Skipping probe: too short (len=834, chunk_size=2500)
Skipping probe: too short (len=1506, chunk_size=2500)
Skipping probe: too short (len=982, chunk_size=2500)
Skipping probe: too short (len=559, chunk_size=2500)
Skipping probe: too short (len=1906, chunk_size=2500)
Skipping probe: too short (len=1563, chunk_size=2500)
Skipping probe: too short (len=1335, chunk_size=2500)
Skipping probe: too short (len=906, chunk_size=2500)
Skipping probe: too short (len=1454, chunk_size=2500)
Skipping probe: too short (len=1880, chunk_size=2500)
Skipping probe: too short (len=1023, chunk_size=2500)
Skipping probe: too short (len=2171, chunk_size=2500)
Skipping probe: too short (len=1349, chunk_size=2500)
Skipping probe: too short (len=670, chunk_size=2500)
Skipping probe: too short (len=886, chunk_size=2500)
Skipping probe: too short (len=1763, chunk_size=2500)
Skipping probe: too short (len=1604, chunk_size=2500)
Skipping probe: too short (len=1619, chunk_size=2500)
Skipping probe: too short (len=2436, chunk_size=2500)
Skipping probe: too short (len=2176, chunk_size=2500)
Skipping probe: too short (len=1871, chunk_size=2500)
Skipping probe: too short (len=1021, chunk_size=2500)
Skipping probe: too short (len=1995, chunk_size=2500)
Skipping probe: too short (len=2252, chunk_size=2500)
Skipping probe: too short (len=2340, chunk_size=2500)
Skipping probe: too short (len=2058, chunk_size=2500)
Skipping probe: too short (len=1266, chunk_size=2500)
Skipping probe: too short (len=632, chunk_size=2500)
Skipping probe: too short (len=1450, chunk_size=2500)
Skipping probe: too short (len=559, chunk_size=2500)
Skipping probe: too short (len=1906, chunk_size=2500)
Skipping probe: too short (len=1563, chunk_size=2500)
Skipping probe: too short (len=1335, chunk_size=2500)
Skipping probe: too short (len=906, chunk_size=2500)
Skipping probe: too short (len=1266, chunk_size=2500)
Skipping probe: too short (len=1958, chunk_size=2500)
Skipping probe: too short (len=1023, chunk_size=2500)
Skipping probe: too short (len=2171, chunk_size=2500)
Skipping probe: too short (len=2058, chunk_size=2500)
Skipping probe: too short (len=2436, chunk_size=2500)
Skipping probe: too short (len=1619, chunk_size=2500)
Skipping probe: too short (len=1924, chunk_size=2500)
Skipping probe: too short (len=2341, chunk_size=2500)
Skipping probe: too short (len=2216, chunk_size=2500)
Skipping probe: too short (len=2445, chunk_size=2500)
Skipping probe: too short (len=2409, chunk_size=2500)
Skipping probe: too short (len=834, chunk_size=2500)
Skipping probe: too short (len=1506, chunk_size=2500)
Skipping probe: too short (len=2176, chunk_size=2500)
Skipping probe: too short (len=1995, chunk_size=2500)
Skipping probe: too short (len=2252, chunk_size=2500)
Skipping probe: too short (len=1880, chunk_size=2500)
Skipping probe: too short (len=670, chunk_size=2500)
Skipping probe: too short (len=886, chunk_size=2500)
Skipping probe: too short (len=1871, chunk_size=2500)
Skipping probe: too short (len=1021, chunk_size=2500)
Skipping probe: too short (len=632, chunk_size=2500)
Skipping probe: too short (len=1454, chunk_size=2500)
Skipping probe: too short (len=982, chunk_size=2500)
Skipping probe: too short (len=1349, chunk_size=2500)
Skipping probe: too short (len=1604, chunk_size=2500)
Skipping probe: too short (len=1763, chunk_size=2500)
Skipping probe: too short (len=2340, chunk_size=2500)
Skipping probe: too short (len=1619, chunk_size=2500)
Skipping probe: too short (len=1023, chunk_size=2500)
Skipping probe: too short (len=2171, chunk_size=2500)
Skipping probe: too short (len=1958, chunk_size=2500)
Skipping probe: too short (len=1604, chunk_size=2500)
Skipping probe: too short (len=1924, chunk_size=2500)
Skipping probe: too short (len=2341, chunk_size=2500)
Skipping probe: too short (len=2216, chunk_size=2500)
Skipping probe: too short (len=2445, chunk_size=2500)
Skipping probe: too short (len=2409, chunk_size=2500)
Skipping probe: too short (len=834, chunk_size=2500)
Skipping probe: too short (len=1506, chunk_size=2500)
Skipping probe: too short (len=1454, chunk_size=2500)
Skipping probe: too short (len=1349, chunk_size=2500)
Skipping probe: too short (len=982, chunk_size=2500)
Skipping probe: too short (len=1266, chunk_size=2500)
Skipping probe: too short (len=2436, chunk_size=2500)
Skipping probe: too short (len=1450, chunk_size=2500)
Skipping probe: too short (len=2058, chunk_size=2500)
Skipping probe: too short (len=670, chunk_size=2500)
Skipping probe: too short (len=886, chunk_size=2500)
Skipping probe: too short (len=1880, chunk_size=2500)
Skipping probe: too short (len=2340, chunk_size=2500)
Skipping probe: too short (len=1763, chunk_size=2500)
Skipping probe: too short (len=1871, chunk_size=2500)
Skipping probe: too short (len=1021, chunk_size=2500)
Skipping probe: too short (len=1995, chunk_size=2500)
Skipping probe: too short (len=2252, chunk_size=2500)
Skipping probe: too short (len=632, chunk_size=2500)
Skipping probe: too short (len=2176, chunk_size=2500)
Skipping probe: too short (len=559, chunk_size=2500)
Skipping probe: too short (len=1906, chunk_size=2500)
Skipping probe: too short (len=1563, chunk_size=2500)
Skipping probe: too short (len=1335, chunk_size=2500)
Skipping probe: too short (len=906, chunk_size=2500)
Skipping probe: too short (len=982, chunk_size=2500)
Skipping probe: too short (len=2058, chunk_size=2500)
Skipping probe: too short (len=1349, chunk_size=2500)
Skipping probe: too short (len=2436, chunk_size=2500)
Skipping probe: too short (len=1454, chunk_size=2500)
Skipping probe: too short (len=2176, chunk_size=2500)
Skipping probe: too short (len=559, chunk_size=2500)
Skipping probe: too short (len=1906, chunk_size=2500)
Skipping probe: too short (len=1563, chunk_size=2500)
Skipping probe: too short (len=1335, chunk_size=2500)
Skipping probe: too short (len=906, chunk_size=2500)
Skipping probe: too short (len=1604, chunk_size=2500)
Skipping probe: too short (len=1619, chunk_size=2500)
Skipping probe: too short (len=1266, chunk_size=2500)
Skipping probe: too short (len=1880, chunk_size=2500)
Skipping probe: too short (len=1763, chunk_size=2500)
Skipping probe: too short (len=632, chunk_size=2500)
Skipping probe: too short (len=1871, chunk_size=2500)
Skipping probe: too short (len=1021, chunk_size=2500)
Skipping probe: too short (len=1995, chunk_size=2500)
Skipping probe: too short (len=2252, chunk_size=2500)
Skipping probe: too short (len=2340, chunk_size=2500)
Skipping probe: too short (len=1450, chunk_size=2500)
Skipping probe: too short (len=1023, chunk_size=2500)
Skipping probe: too short (len=2171, chunk_size=2500)
Skipping probe: too short (len=1958, chunk_size=2500)
Skipping probe: too short (len=1924, chunk_size=2500)
Skipping probe: too short (len=2341, chunk_size=2500)
Skipping probe: too short (len=2216, chunk_size=2500)
Skipping probe: too short (len=2445, chunk_size=2500)
Skipping probe: too short (len=2409, chunk_size=2500)
Skipping probe: too short (len=834, chunk_size=2500)
Skipping probe: too short (len=1506, chunk_size=2500)
Skipping probe: too short (len=670, chunk_size=2500)
Skipping probe: too short (len=886, chunk_size=2500)
Trial 18 F1s - Weighted: 0.7200 | Macro: 0.1938 | Micro: 0.7547

[I 2026-03-09 09:44:44,568] Trial 18 finished with value: 0.719985788940624 and parameters: {'chunk_seconds': 25, 'num_freqs': 4, 'num_estimators': 64, 'max_depth': 32, 'max_features': 0.24778808519076856, 'overlap': 0.8470373439148045, 'max_lag': 21}. Best is trial 18 with value: 0.719985788940624.
Skipping probe: too short (len=1454, chunk_size=2400)
Skipping probe: too short (len=1958, chunk_size=2400)
Skipping probe: too short (len=1450, chunk_size=2400)
Skipping probe: too short (len=1266, chunk_size=2400)
Skipping probe: too short (len=1604, chunk_size=2400)
Skipping probe: too short (len=1023, chunk_size=2400)
Skipping probe: too short (len=2171, chunk_size=2400)
Skipping probe: too short (len=559, chunk_size=2400)
Skipping probe: too short (len=1906, chunk_size=2400)
Skipping probe: too short (len=1563, chunk_size=2400)
Skipping probe: too short (len=1335, chunk_size=2400)
Skipping probe: too short (len=906, chunk_size=2400)
Skipping probe: too short (len=1349, chunk_size=2400)
Skipping probe: too short (len=1924, chunk_size=2400)
Skipping probe: too short (len=2341, chunk_size=2400)
Skipping probe: too short (len=2216, chunk_size=2400)
Skipping probe: too short (len=834, chunk_size=2400)
Skipping probe: too short (len=1506, chunk_size=2400)
Skipping probe: too short (len=2058, chunk_size=2400)
Skipping probe: too short (len=2176, chunk_size=2400)
Skipping probe: too short (len=982, chunk_size=2400)
Skipping probe: too short (len=1763, chunk_size=2400)
Skipping probe: too short (len=670, chunk_size=2400)
Skipping probe: too short (len=886, chunk_size=2400)
Skipping probe: too short (len=632, chunk_size=2400)
Skipping probe: too short (len=2340, chunk_size=2400)
Skipping probe: too short (len=1619, chunk_size=2400)
Skipping probe: too short (len=1880, chunk_size=2400)
Skipping probe: too short (len=1995, chunk_size=2400)
Skipping probe: too short (len=2252, chunk_size=2400)
Skipping probe: too short (len=1871, chunk_size=2400)
Skipping probe: too short (len=1021, chunk_size=2400)
Skipping probe: too short (len=1619, chunk_size=2400)
Skipping probe: too short (len=2176, chunk_size=2400)
Skipping probe: too short (len=1349, chunk_size=2400)
Skipping probe: too short (len=1924, chunk_size=2400)
Skipping probe: too short (len=2341, chunk_size=2400)
Skipping probe: too short (len=2216, chunk_size=2400)
Skipping probe: too short (len=834, chunk_size=2400)
Skipping probe: too short (len=1506, chunk_size=2400)
Skipping probe: too short (len=1604, chunk_size=2400)
Skipping probe: too short (len=982, chunk_size=2400)
Skipping probe: too short (len=559, chunk_size=2400)
Skipping probe: too short (len=1906, chunk_size=2400)
Skipping probe: too short (len=1563, chunk_size=2400)
Skipping probe: too short (len=1335, chunk_size=2400)
Skipping probe: too short (len=906, chunk_size=2400)
Skipping probe: too short (len=1454, chunk_size=2400)
Skipping probe: too short (len=1763, chunk_size=2400)
Skipping probe: too short (len=1023, chunk_size=2400)
Skipping probe: too short (len=2171, chunk_size=2400)
Skipping probe: too short (len=1958, chunk_size=2400)
Skipping probe: too short (len=1450, chunk_size=2400)
Skipping probe: too short (len=1995, chunk_size=2400)
Skipping probe: too short (len=2252, chunk_size=2400)
Skipping probe: too short (len=1880, chunk_size=2400)
Skipping probe: too short (len=1871, chunk_size=2400)
Skipping probe: too short (len=1021, chunk_size=2400)
Skipping probe: too short (len=2340, chunk_size=2400)
Skipping probe: too short (len=670, chunk_size=2400)
Skipping probe: too short (len=886, chunk_size=2400)
Skipping probe: too short (len=1266, chunk_size=2400)
Skipping probe: too short (len=2058, chunk_size=2400)
Skipping probe: too short (len=632, chunk_size=2400)
Skipping probe: too short (len=1619, chunk_size=2400)
Skipping probe: too short (len=1023, chunk_size=2400)
Skipping probe: too short (len=2171, chunk_size=2400)
Skipping probe: too short (len=2058, chunk_size=2400)
Skipping probe: too short (len=1924, chunk_size=2400)
Skipping probe: too short (len=2341, chunk_size=2400)
Skipping probe: too short (len=2216, chunk_size=2400)
Skipping probe: too short (len=834, chunk_size=2400)
Skipping probe: too short (len=1506, chunk_size=2400)
Skipping probe: too short (len=1450, chunk_size=2400)
Skipping probe: too short (len=1958, chunk_size=2400)
Skipping probe: too short (len=2176, chunk_size=2400)
Skipping probe: too short (len=1266, chunk_size=2400)
Skipping probe: too short (len=559, chunk_size=2400)
Skipping probe: too short (len=1906, chunk_size=2400)
Skipping probe: too short (len=1563, chunk_size=2400)
Skipping probe: too short (len=1335, chunk_size=2400)
Skipping probe: too short (len=906, chunk_size=2400)
Skipping probe: too short (len=1880, chunk_size=2400)
Skipping probe: too short (len=1871, chunk_size=2400)
Skipping probe: too short (len=1021, chunk_size=2400)
Skipping probe: too short (len=670, chunk_size=2400)
Skipping probe: too short (len=886, chunk_size=2400)
Skipping probe: too short (len=1995, chunk_size=2400)
Skipping probe: too short (len=2252, chunk_size=2400)
Skipping probe: too short (len=632, chunk_size=2400)
Skipping probe: too short (len=1454, chunk_size=2400)
Skipping probe: too short (len=1349, chunk_size=2400)
Skipping probe: too short (len=1604, chunk_size=2400)
Skipping probe: too short (len=2340, chunk_size=2400)
Skipping probe: too short (len=982, chunk_size=2400)
Skipping probe: too short (len=1763, chunk_size=2400)
Skipping probe: too short (len=2058, chunk_size=2400)
Skipping probe: too short (len=1023, chunk_size=2400)
Skipping probe: too short (len=2171, chunk_size=2400)
Skipping probe: too short (len=1454, chunk_size=2400)
Skipping probe: too short (len=1349, chunk_size=2400)
Skipping probe: too short (len=1266, chunk_size=2400)
Skipping probe: too short (len=1619, chunk_size=2400)
Skipping probe: too short (len=1450, chunk_size=2400)
Skipping probe: too short (len=1924, chunk_size=2400)
Skipping probe: too short (len=2341, chunk_size=2400)
Skipping probe: too short (len=2216, chunk_size=2400)
Skipping probe: too short (len=834, chunk_size=2400)
Skipping probe: too short (len=1506, chunk_size=2400)
Skipping probe: too short (len=1604, chunk_size=2400)
Skipping probe: too short (len=1763, chunk_size=2400)
Skipping probe: too short (len=1958, chunk_size=2400)
Skipping probe: too short (len=670, chunk_size=2400)
Skipping probe: too short (len=886, chunk_size=2400)
Skipping probe: too short (len=982, chunk_size=2400)
Skipping probe: too short (len=1880, chunk_size=2400)
Skipping probe: too short (len=1995, chunk_size=2400)
Skipping probe: too short (len=2252, chunk_size=2400)
Skipping probe: too short (len=2340, chunk_size=2400)
Skipping probe: too short (len=1871, chunk_size=2400)
Skipping probe: too short (len=1021, chunk_size=2400)
Skipping probe: too short (len=632, chunk_size=2400)
Skipping probe: too short (len=2176, chunk_size=2400)
Skipping probe: too short (len=559, chunk_size=2400)
Skipping probe: too short (len=1906, chunk_size=2400)
Skipping probe: too short (len=1563, chunk_size=2400)
Skipping probe: too short (len=1335, chunk_size=2400)
Skipping probe: too short (len=906, chunk_size=2400)
Skipping probe: too short (len=982, chunk_size=2400)
Skipping probe: too short (len=1349, chunk_size=2400)
Skipping probe: too short (len=559, chunk_size=2400)
Skipping probe: too short (len=1906, chunk_size=2400)
Skipping probe: too short (len=1563, chunk_size=2400)
Skipping probe: too short (len=1335, chunk_size=2400)
Skipping probe: too short (len=906, chunk_size=2400)
Skipping probe: too short (len=1604, chunk_size=2400)
Skipping probe: too short (len=1266, chunk_size=2400)
Skipping probe: too short (len=1619, chunk_size=2400)
Skipping probe: too short (len=1454, chunk_size=2400)
Skipping probe: too short (len=2058, chunk_size=2400)
Skipping probe: too short (len=2176, chunk_size=2400)
Skipping probe: too short (len=1763, chunk_size=2400)
Skipping probe: too short (len=1880, chunk_size=2400)
Skipping probe: too short (len=1995, chunk_size=2400)
Skipping probe: too short (len=2252, chunk_size=2400)
Skipping probe: too short (len=632, chunk_size=2400)
Skipping probe: too short (len=2340, chunk_size=2400)
Skipping probe: too short (len=1871, chunk_size=2400)
Skipping probe: too short (len=1021, chunk_size=2400)
Skipping probe: too short (len=1450, chunk_size=2400)
Skipping probe: too short (len=1023, chunk_size=2400)
Skipping probe: too short (len=2171, chunk_size=2400)
Skipping probe: too short (len=1958, chunk_size=2400)
Skipping probe: too short (len=1924, chunk_size=2400)
Skipping probe: too short (len=2341, chunk_size=2400)
Skipping probe: too short (len=2216, chunk_size=2400)
Skipping probe: too short (len=834, chunk_size=2400)
Skipping probe: too short (len=1506, chunk_size=2400)
Skipping probe: too short (len=670, chunk_size=2400)
Skipping probe: too short (len=886, chunk_size=2400)
Trial 19 F1s - Weighted: 0.7141 | Macro: 0.1928 | Micro: 0.7487

[I 2026-03-09 10:14:14,105] Trial 19 finished with value: 0.7140887446636106 and parameters: {'chunk_seconds': 24, 'num_freqs': 1, 'num_estimators': 64, 'max_depth': 32, 'max_features': 0.34910657187725347, 'overlap': 0.8475564134654315, 'max_lag': 21}. Best is trial 18 with value: 0.719985788940624.
Skipping probe: too short (len=1604, chunk_size=2500)
Skipping probe: too short (len=2058, chunk_size=2500)
Skipping probe: too short (len=1349, chunk_size=2500)
Skipping probe: too short (len=1450, chunk_size=2500)
Skipping probe: too short (len=1266, chunk_size=2500)
Skipping probe: too short (len=1958, chunk_size=2500)
Skipping probe: too short (len=1454, chunk_size=2500)
Skipping probe: too short (len=982, chunk_size=2500)
Skipping probe: too short (len=1924, chunk_size=2500)
Skipping probe: too short (len=2341, chunk_size=2500)
Skipping probe: too short (len=2216, chunk_size=2500)
Skipping probe: too short (len=2445, chunk_size=2500)
Skipping probe: too short (len=2409, chunk_size=2500)
Skipping probe: too short (len=834, chunk_size=2500)
Skipping probe: too short (len=1506, chunk_size=2500)
Skipping probe: too short (len=2176, chunk_size=2500)
Skipping probe: too short (len=1023, chunk_size=2500)
Skipping probe: too short (len=2171, chunk_size=2500)
Skipping probe: too short (len=559, chunk_size=2500)
Skipping probe: too short (len=1906, chunk_size=2500)
Skipping probe: too short (len=1563, chunk_size=2500)
Skipping probe: too short (len=1335, chunk_size=2500)
Skipping probe: too short (len=906, chunk_size=2500)
Skipping probe: too short (len=1763, chunk_size=2500)
Skipping probe: too short (len=670, chunk_size=2500)
Skipping probe: too short (len=886, chunk_size=2500)
Skipping probe: too short (len=2340, chunk_size=2500)
Skipping probe: too short (len=632, chunk_size=2500)
Skipping probe: too short (len=2436, chunk_size=2500)
Skipping probe: too short (len=1619, chunk_size=2500)
Skipping probe: too short (len=1880, chunk_size=2500)
Skipping probe: too short (len=1871, chunk_size=2500)
Skipping probe: too short (len=1021, chunk_size=2500)
Skipping probe: too short (len=1995, chunk_size=2500)
Skipping probe: too short (len=2252, chunk_size=2500)
Skipping probe: too short (len=1763, chunk_size=2500)
Skipping probe: too short (len=1604, chunk_size=2500)
Skipping probe: too short (len=1454, chunk_size=2500)
Skipping probe: too short (len=1450, chunk_size=2500)
Skipping probe: too short (len=559, chunk_size=2500)
Skipping probe: too short (len=1906, chunk_size=2500)
Skipping probe: too short (len=1563, chunk_size=2500)
Skipping probe: too short (len=1335, chunk_size=2500)
Skipping probe: too short (len=906, chunk_size=2500)
Skipping probe: too short (len=982, chunk_size=2500)
Skipping probe: too short (len=2436, chunk_size=2500)
Skipping probe: too short (len=1880, chunk_size=2500)
Skipping probe: too short (len=2176, chunk_size=2500)
Skipping probe: too short (len=1619, chunk_size=2500)
Skipping probe: too short (len=1924, chunk_size=2500)
Skipping probe: too short (len=2341, chunk_size=2500)
Skipping probe: too short (len=2216, chunk_size=2500)
Skipping probe: too short (len=2445, chunk_size=2500)
Skipping probe: too short (len=2409, chunk_size=2500)
Skipping probe: too short (len=834, chunk_size=2500)
Skipping probe: too short (len=1506, chunk_size=2500)
Skipping probe: too short (len=1349, chunk_size=2500)
Skipping probe: too short (len=1023, chunk_size=2500)
Skipping probe: too short (len=2171, chunk_size=2500)
Skipping probe: too short (len=1958, chunk_size=2500)
Skipping probe: too short (len=670, chunk_size=2500)
Skipping probe: too short (len=886, chunk_size=2500)
Skipping probe: too short (len=2340, chunk_size=2500)
Skipping probe: too short (len=1995, chunk_size=2500)
Skipping probe: too short (len=2252, chunk_size=2500)
Skipping probe: too short (len=1871, chunk_size=2500)
Skipping probe: too short (len=1021, chunk_size=2500)
Skipping probe: too short (len=2058, chunk_size=2500)
Skipping probe: too short (len=1266, chunk_size=2500)
Skipping probe: too short (len=632, chunk_size=2500)
Skipping probe: too short (len=1023, chunk_size=2500)
Skipping probe: too short (len=2171, chunk_size=2500)
Skipping probe: too short (len=1450, chunk_size=2500)
Skipping probe: too short (len=559, chunk_size=2500)
Skipping probe: too short (len=1906, chunk_size=2500)
Skipping probe: too short (len=1563, chunk_size=2500)
Skipping probe: too short (len=1335, chunk_size=2500)
Skipping probe: too short (len=906, chunk_size=2500)
Skipping probe: too short (len=1924, chunk_size=2500)
Skipping probe: too short (len=2341, chunk_size=2500)
Skipping probe: too short (len=2216, chunk_size=2500)
Skipping probe: too short (len=2445, chunk_size=2500)
Skipping probe: too short (len=2409, chunk_size=2500)
Skipping probe: too short (len=834, chunk_size=2500)
Skipping probe: too short (len=1506, chunk_size=2500)
Skipping probe: too short (len=2058, chunk_size=2500)
Skipping probe: too short (len=1880, chunk_size=2500)
Skipping probe: too short (len=1266, chunk_size=2500)
Skipping probe: too short (len=2176, chunk_size=2500)
Skipping probe: too short (len=1958, chunk_size=2500)
Skipping probe: too short (len=2436, chunk_size=2500)
Skipping probe: too short (len=670, chunk_size=2500)
Skipping probe: too short (len=886, chunk_size=2500)
Skipping probe: too short (len=1619, chunk_size=2500)
Skipping probe: too short (len=1995, chunk_size=2500)
Skipping probe: too short (len=2252, chunk_size=2500)
Skipping probe: too short (len=632, chunk_size=2500)
Skipping probe: too short (len=1871, chunk_size=2500)
Skipping probe: too short (len=1021, chunk_size=2500)
Skipping probe: too short (len=1349, chunk_size=2500)
Skipping probe: too short (len=982, chunk_size=2500)
Skipping probe: too short (len=1604, chunk_size=2500)
Skipping probe: too short (len=1454, chunk_size=2500)
Skipping probe: too short (len=1763, chunk_size=2500)
Skipping probe: too short (len=2340, chunk_size=2500)
Skipping probe: too short (len=1454, chunk_size=2500)
Skipping probe: too short (len=1266, chunk_size=2500)
Skipping probe: too short (len=1619, chunk_size=2500)
Skipping probe: too short (len=1958, chunk_size=2500)
Skipping probe: too short (len=1349, chunk_size=2500)
Skipping probe: too short (len=1763, chunk_size=2500)
Skipping probe: too short (len=1450, chunk_size=2500)
Skipping probe: too short (len=2058, chunk_size=2500)
Skipping probe: too short (len=1604, chunk_size=2500)
Skipping probe: too short (len=1924, chunk_size=2500)
Skipping probe: too short (len=2341, chunk_size=2500)
Skipping probe: too short (len=2216, chunk_size=2500)
Skipping probe: too short (len=2445, chunk_size=2500)
Skipping probe: too short (len=2409, chunk_size=2500)
Skipping probe: too short (len=834, chunk_size=2500)
Skipping probe: too short (len=1506, chunk_size=2500)
Skipping probe: too short (len=982, chunk_size=2500)
Skipping probe: too short (len=2436, chunk_size=2500)
Skipping probe: too short (len=1023, chunk_size=2500)
Skipping probe: too short (len=2171, chunk_size=2500)
Skipping probe: too short (len=1880, chunk_size=2500)
Skipping probe: too short (len=632, chunk_size=2500)
Skipping probe: too short (len=670, chunk_size=2500)
Skipping probe: too short (len=886, chunk_size=2500)
Skipping probe: too short (len=1995, chunk_size=2500)
Skipping probe: too short (len=2252, chunk_size=2500)
Skipping probe: too short (len=1871, chunk_size=2500)
Skipping probe: too short (len=1021, chunk_size=2500)
Skipping probe: too short (len=2340, chunk_size=2500)
Skipping probe: too short (len=559, chunk_size=2500)
Skipping probe: too short (len=1906, chunk_size=2500)
Skipping probe: too short (len=1563, chunk_size=2500)
Skipping probe: too short (len=1335, chunk_size=2500)
Skipping probe: too short (len=906, chunk_size=2500)
Skipping probe: too short (len=2176, chunk_size=2500)
Skipping probe: too short (len=1619, chunk_size=2500)
Skipping probe: too short (len=2176, chunk_size=2500)
Skipping probe: too short (len=1604, chunk_size=2500)
Skipping probe: too short (len=2058, chunk_size=2500)
Skipping probe: too short (len=559, chunk_size=2500)
Skipping probe: too short (len=1906, chunk_size=2500)
Skipping probe: too short (len=1563, chunk_size=2500)
Skipping probe: too short (len=1335, chunk_size=2500)
Skipping probe: too short (len=906, chunk_size=2500)
Skipping probe: too short (len=2436, chunk_size=2500)
Skipping probe: too short (len=1349, chunk_size=2500)
Skipping probe: too short (len=1454, chunk_size=2500)
Skipping probe: too short (len=1266, chunk_size=2500)
Skipping probe: too short (len=982, chunk_size=2500)
Skipping probe: too short (len=1763, chunk_size=2500)
Skipping probe: too short (len=1880, chunk_size=2500)
Skipping probe: too short (len=1995, chunk_size=2500)
Skipping probe: too short (len=2252, chunk_size=2500)
Skipping probe: too short (len=1871, chunk_size=2500)
Skipping probe: too short (len=1021, chunk_size=2500)
Skipping probe: too short (len=2340, chunk_size=2500)
Skipping probe: too short (len=632, chunk_size=2500)
Skipping probe: too short (len=1450, chunk_size=2500)
Skipping probe: too short (len=1023, chunk_size=2500)
Skipping probe: too short (len=2171, chunk_size=2500)
Skipping probe: too short (len=1924, chunk_size=2500)
Skipping probe: too short (len=2341, chunk_size=2500)
Skipping probe: too short (len=2216, chunk_size=2500)
Skipping probe: too short (len=2445, chunk_size=2500)
Skipping probe: too short (len=2409, chunk_size=2500)
Skipping probe: too short (len=834, chunk_size=2500)
Skipping probe: too short (len=1506, chunk_size=2500)
Skipping probe: too short (len=1958, chunk_size=2500)
Skipping probe: too short (len=670, chunk_size=2500)
Skipping probe: too short (len=886, chunk_size=2500)
Trial 20 F1s - Weighted: 0.7187 | Macro: 0.1943 | Micro: 0.7526

[I 2026-03-09 10:41:34,962] Trial 20 finished with value: 0.7186955782202794 and parameters: {'chunk_seconds': 25, 'num_freqs': 4, 'num_estimators': 64, 'max_depth': 32, 'max_features': 0.20109538069619776, 'overlap': 0.849686665868894, 'max_lag': 24}. Best is trial 18 with value: 0.719985788940624.
Skipping probe: too short (len=559, chunk_size=2500)
Skipping probe: too short (len=1906, chunk_size=2500)
Skipping probe: too short (len=1563, chunk_size=2500)
Skipping probe: too short (len=1335, chunk_size=2500)
Skipping probe: too short (len=906, chunk_size=2500)
Skipping probe: too short (len=1266, chunk_size=2500)
Skipping probe: too short (len=1450, chunk_size=2500)
Skipping probe: too short (len=1604, chunk_size=2500)
Skipping probe: too short (len=1454, chunk_size=2500)
Skipping probe: too short (len=1349, chunk_size=2500)
Skipping probe: too short (len=1023, chunk_size=2500)
Skipping probe: too short (len=2171, chunk_size=2500)
Skipping probe: too short (len=1924, chunk_size=2500)
Skipping probe: too short (len=2341, chunk_size=2500)
Skipping probe: too short (len=2216, chunk_size=2500)
Skipping probe: too short (len=2445, chunk_size=2500)
Skipping probe: too short (len=2409, chunk_size=2500)
Skipping probe: too short (len=834, chunk_size=2500)
Skipping probe: too short (len=1506, chunk_size=2500)
Skipping probe: too short (len=2058, chunk_size=2500)
Skipping probe: too short (len=2176, chunk_size=2500)
Skipping probe: too short (len=1958, chunk_size=2500)
Skipping probe: too short (len=1763, chunk_size=2500)
Skipping probe: too short (len=982, chunk_size=2500)
Skipping probe: too short (len=670, chunk_size=2500)
Skipping probe: too short (len=886, chunk_size=2500)
Skipping probe: too short (len=2340, chunk_size=2500)
Skipping probe: too short (len=632, chunk_size=2500)
Skipping probe: too short (len=2436, chunk_size=2500)
Skipping probe: too short (len=1619, chunk_size=2500)
Skipping probe: too short (len=1880, chunk_size=2500)
Skipping probe: too short (len=1995, chunk_size=2500)
Skipping probe: too short (len=2252, chunk_size=2500)
Skipping probe: too short (len=1871, chunk_size=2500)
Skipping probe: too short (len=1021, chunk_size=2500)
Skipping probe: too short (len=982, chunk_size=2500)
Skipping probe: too short (len=1450, chunk_size=2500)
Skipping probe: too short (len=1349, chunk_size=2500)
Skipping probe: too short (len=1924, chunk_size=2500)
Skipping probe: too short (len=2341, chunk_size=2500)
Skipping probe: too short (len=2216, chunk_size=2500)
Skipping probe: too short (len=2445, chunk_size=2500)
Skipping probe: too short (len=2409, chunk_size=2500)
Skipping probe: too short (len=834, chunk_size=2500)
Skipping probe: too short (len=1506, chunk_size=2500)
Skipping probe: too short (len=2176, chunk_size=2500)
Skipping probe: too short (len=1454, chunk_size=2500)
Skipping probe: too short (len=2436, chunk_size=2500)
Skipping probe: too short (len=1619, chunk_size=2500)
Skipping probe: too short (len=559, chunk_size=2500)
Skipping probe: too short (len=1906, chunk_size=2500)
Skipping probe: too short (len=1563, chunk_size=2500)
Skipping probe: too short (len=1335, chunk_size=2500)
Skipping probe: too short (len=906, chunk_size=2500)
Skipping probe: too short (len=1023, chunk_size=2500)
Skipping probe: too short (len=2171, chunk_size=2500)
Skipping probe: too short (len=1958, chunk_size=2500)
Skipping probe: too short (len=1604, chunk_size=2500)
Skipping probe: too short (len=1995, chunk_size=2500)
Skipping probe: too short (len=2252, chunk_size=2500)
Skipping probe: too short (len=1763, chunk_size=2500)
Skipping probe: too short (len=670, chunk_size=2500)
Skipping probe: too short (len=886, chunk_size=2500)
Skipping probe: too short (len=1880, chunk_size=2500)
Skipping probe: too short (len=1871, chunk_size=2500)
Skipping probe: too short (len=1021, chunk_size=2500)
Skipping probe: too short (len=2340, chunk_size=2500)
Skipping probe: too short (len=1266, chunk_size=2500)
Skipping probe: too short (len=2058, chunk_size=2500)
Skipping probe: too short (len=632, chunk_size=2500)
Skipping probe: too short (len=1924, chunk_size=2500)
Skipping probe: too short (len=2341, chunk_size=2500)
Skipping probe: too short (len=2216, chunk_size=2500)
Skipping probe: too short (len=2445, chunk_size=2500)
Skipping probe: too short (len=2409, chunk_size=2500)
Skipping probe: too short (len=834, chunk_size=2500)
Skipping probe: too short (len=1506, chunk_size=2500)
Skipping probe: too short (len=1450, chunk_size=2500)
Skipping probe: too short (len=1023, chunk_size=2500)
Skipping probe: too short (len=2171, chunk_size=2500)
Skipping probe: too short (len=1958, chunk_size=2500)
Skipping probe: too short (len=2436, chunk_size=2500)
Skipping probe: too short (len=2058, chunk_size=2500)
Skipping probe: too short (len=2176, chunk_size=2500)
Skipping probe: too short (len=670, chunk_size=2500)
Skipping probe: too short (len=886, chunk_size=2500)
Skipping probe: too short (len=559, chunk_size=2500)
Skipping probe: too short (len=1906, chunk_size=2500)
Skipping probe: too short (len=1563, chunk_size=2500)
Skipping probe: too short (len=1335, chunk_size=2500)
Skipping probe: too short (len=906, chunk_size=2500)
Skipping probe: too short (len=1266, chunk_size=2500)
Skipping probe: too short (len=1880, chunk_size=2500)
Skipping probe: too short (len=1619, chunk_size=2500)
Skipping probe: too short (len=1995, chunk_size=2500)
Skipping probe: too short (len=2252, chunk_size=2500)
Skipping probe: too short (len=1871, chunk_size=2500)
Skipping probe: too short (len=1021, chunk_size=2500)
Skipping probe: too short (len=632, chunk_size=2500)
Skipping probe: too short (len=1454, chunk_size=2500)
Skipping probe: too short (len=1763, chunk_size=2500)
Skipping probe: too short (len=1349, chunk_size=2500)
Skipping probe: too short (len=1604, chunk_size=2500)
Skipping probe: too short (len=982, chunk_size=2500)
Skipping probe: too short (len=2340, chunk_size=2500)
Skipping probe: too short (len=1924, chunk_size=2500)
Skipping probe: too short (len=2341, chunk_size=2500)
Skipping probe: too short (len=2216, chunk_size=2500)
Skipping probe: too short (len=2445, chunk_size=2500)
Skipping probe: too short (len=2409, chunk_size=2500)
Skipping probe: too short (len=834, chunk_size=2500)
Skipping probe: too short (len=1506, chunk_size=2500)
Skipping probe: too short (len=1349, chunk_size=2500)
Skipping probe: too short (len=2058, chunk_size=2500)
Skipping probe: too short (len=1604, chunk_size=2500)
Skipping probe: too short (len=1619, chunk_size=2500)
Skipping probe: too short (len=982, chunk_size=2500)
Skipping probe: too short (len=1958, chunk_size=2500)
Skipping probe: too short (len=1454, chunk_size=2500)
Skipping probe: too short (len=2436, chunk_size=2500)
Skipping probe: too short (len=1450, chunk_size=2500)
Skipping probe: too short (len=1023, chunk_size=2500)
Skipping probe: too short (len=2171, chunk_size=2500)
Skipping probe: too short (len=1266, chunk_size=2500)
Skipping probe: too short (len=1880, chunk_size=2500)
Skipping probe: too short (len=1871, chunk_size=2500)
Skipping probe: too short (len=1021, chunk_size=2500)
Skipping probe: too short (len=670, chunk_size=2500)
Skipping probe: too short (len=886, chunk_size=2500)
Skipping probe: too short (len=2340, chunk_size=2500)
Skipping probe: too short (len=632, chunk_size=2500)
Skipping probe: too short (len=1995, chunk_size=2500)
Skipping probe: too short (len=2252, chunk_size=2500)
Skipping probe: too short (len=1763, chunk_size=2500)
Skipping probe: too short (len=2176, chunk_size=2500)
Skipping probe: too short (len=559, chunk_size=2500)
Skipping probe: too short (len=1906, chunk_size=2500)
Skipping probe: too short (len=1563, chunk_size=2500)
Skipping probe: too short (len=1335, chunk_size=2500)
Skipping probe: too short (len=906, chunk_size=2500)
Skipping probe: too short (len=1266, chunk_size=2500)
Skipping probe: too short (len=982, chunk_size=2500)
Skipping probe: too short (len=2176, chunk_size=2500)
Skipping probe: too short (len=1604, chunk_size=2500)
Skipping probe: too short (len=1454, chunk_size=2500)
Skipping probe: too short (len=2436, chunk_size=2500)
Skipping probe: too short (len=2058, chunk_size=2500)
Skipping probe: too short (len=1880, chunk_size=2500)
Skipping probe: too short (len=1349, chunk_size=2500)
Skipping probe: too short (len=559, chunk_size=2500)
Skipping probe: too short (len=1906, chunk_size=2500)
Skipping probe: too short (len=1563, chunk_size=2500)
Skipping probe: too short (len=1335, chunk_size=2500)
Skipping probe: too short (len=906, chunk_size=2500)
Skipping probe: too short (len=1763, chunk_size=2500)
Skipping probe: too short (len=1619, chunk_size=2500)
Skipping probe: too short (len=1995, chunk_size=2500)
Skipping probe: too short (len=2252, chunk_size=2500)
Skipping probe: too short (len=1871, chunk_size=2500)
Skipping probe: too short (len=1021, chunk_size=2500)
Skipping probe: too short (len=2340, chunk_size=2500)
Skipping probe: too short (len=632, chunk_size=2500)
Skipping probe: too short (len=1023, chunk_size=2500)
Skipping probe: too short (len=2171, chunk_size=2500)
Skipping probe: too short (len=1450, chunk_size=2500)
Skipping probe: too short (len=1958, chunk_size=2500)
Skipping probe: too short (len=670, chunk_size=2500)
Skipping probe: too short (len=886, chunk_size=2500)
Skipping probe: too short (len=1924, chunk_size=2500)
Skipping probe: too short (len=2341, chunk_size=2500)
Skipping probe: too short (len=2216, chunk_size=2500)
Skipping probe: too short (len=2445, chunk_size=2500)
Skipping probe: too short (len=2409, chunk_size=2500)
Skipping probe: too short (len=834, chunk_size=2500)
Skipping probe: too short (len=1506, chunk_size=2500)
Trial 21 F1s - Weighted: 0.7198 | Macro: 0.1918 | Micro: 0.7559

[I 2026-03-09 11:07:03,408] Trial 21 finished with value: 0.7197982108875589 and parameters: {'chunk_seconds': 25, 'num_freqs': 4, 'num_estimators': 64, 'max_depth': 32, 'max_features': 0.2027285177743896, 'overlap': 0.8424646519879567, 'max_lag': 23}. Best is trial 18 with value: 0.719985788940624.
Skipping probe: too short (len=559, chunk_size=2200)
Skipping probe: too short (len=1906, chunk_size=2200)
Skipping probe: too short (len=1563, chunk_size=2200)
Skipping probe: too short (len=1335, chunk_size=2200)
Skipping probe: too short (len=906, chunk_size=2200)
Skipping probe: too short (len=1349, chunk_size=2200)
Skipping probe: too short (len=1604, chunk_size=2200)
Skipping probe: too short (len=1450, chunk_size=2200)
Skipping probe: too short (len=1023, chunk_size=2200)
Skipping probe: too short (len=2171, chunk_size=2200)
Skipping probe: too short (len=2058, chunk_size=2200)
Skipping probe: too short (len=1924, chunk_size=2200)
Skipping probe: too short (len=834, chunk_size=2200)
Skipping probe: too short (len=1506, chunk_size=2200)
Skipping probe: too short (len=1958, chunk_size=2200)
Skipping probe: too short (len=1454, chunk_size=2200)
Skipping probe: too short (len=2176, chunk_size=2200)
Skipping probe: too short (len=1266, chunk_size=2200)
Skipping probe: too short (len=982, chunk_size=2200)
Skipping probe: too short (len=1763, chunk_size=2200)
Skipping probe: too short (len=670, chunk_size=2200)
Skipping probe: too short (len=886, chunk_size=2200)
Skipping probe: too short (len=632, chunk_size=2200)
Skipping probe: too short (len=1619, chunk_size=2200)
Skipping probe: too short (len=1880, chunk_size=2200)
Skipping probe: too short (len=1995, chunk_size=2200)
Skipping probe: too short (len=1871, chunk_size=2200)
Skipping probe: too short (len=1021, chunk_size=2200)
Skipping probe: too short (len=559, chunk_size=2200)
Skipping probe: too short (len=1906, chunk_size=2200)
Skipping probe: too short (len=1563, chunk_size=2200)
Skipping probe: too short (len=1335, chunk_size=2200)
Skipping probe: too short (len=906, chunk_size=2200)
Skipping probe: too short (len=1349, chunk_size=2200)
Skipping probe: too short (len=670, chunk_size=2200)
Skipping probe: too short (len=886, chunk_size=2200)
Skipping probe: too short (len=1604, chunk_size=2200)
Skipping probe: too short (len=1958, chunk_size=2200)
Skipping probe: too short (len=1619, chunk_size=2200)
Skipping probe: too short (len=1924, chunk_size=2200)
Skipping probe: too short (len=834, chunk_size=2200)
Skipping probe: too short (len=1506, chunk_size=2200)
Skipping probe: too short (len=2176, chunk_size=2200)
Skipping probe: too short (len=982, chunk_size=2200)
Skipping probe: too short (len=1763, chunk_size=2200)
Skipping probe: too short (len=1023, chunk_size=2200)
Skipping probe: too short (len=2171, chunk_size=2200)
Skipping probe: too short (len=1880, chunk_size=2200)
Skipping probe: too short (len=1450, chunk_size=2200)
Skipping probe: too short (len=1454, chunk_size=2200)
Skipping probe: too short (len=1871, chunk_size=2200)
Skipping probe: too short (len=1021, chunk_size=2200)
Skipping probe: too short (len=1995, chunk_size=2200)
Skipping probe: too short (len=2058, chunk_size=2200)
Skipping probe: too short (len=1266, chunk_size=2200)
Skipping probe: too short (len=632, chunk_size=2200)
Skipping probe: too short (len=1450, chunk_size=2200)
Skipping probe: too short (len=2176, chunk_size=2200)
Skipping probe: too short (len=2058, chunk_size=2200)
Skipping probe: too short (len=1880, chunk_size=2200)
Skipping probe: too short (len=1958, chunk_size=2200)
Skipping probe: too short (len=1924, chunk_size=2200)
Skipping probe: too short (len=834, chunk_size=2200)
Skipping probe: too short (len=1506, chunk_size=2200)
Skipping probe: too short (len=1023, chunk_size=2200)
Skipping probe: too short (len=2171, chunk_size=2200)
Skipping probe: too short (len=1266, chunk_size=2200)
Skipping probe: too short (len=559, chunk_size=2200)
Skipping probe: too short (len=1906, chunk_size=2200)
Skipping probe: too short (len=1563, chunk_size=2200)
Skipping probe: too short (len=1335, chunk_size=2200)
Skipping probe: too short (len=906, chunk_size=2200)
Skipping probe: too short (len=1871, chunk_size=2200)
Skipping probe: too short (len=1021, chunk_size=2200)
Skipping probe: too short (len=1619, chunk_size=2200)
Skipping probe: too short (len=670, chunk_size=2200)
Skipping probe: too short (len=886, chunk_size=2200)
Skipping probe: too short (len=1995, chunk_size=2200)
Skipping probe: too short (len=632, chunk_size=2200)
Skipping probe: too short (len=1454, chunk_size=2200)
Skipping probe: too short (len=1604, chunk_size=2200)
Skipping probe: too short (len=1763, chunk_size=2200)
Skipping probe: too short (len=982, chunk_size=2200)
Skipping probe: too short (len=1349, chunk_size=2200)
Skipping probe: too short (len=1604, chunk_size=2200)
Skipping probe: too short (len=2058, chunk_size=2200)
Skipping probe: too short (len=1023, chunk_size=2200)
Skipping probe: too short (len=2171, chunk_size=2200)
Skipping probe: too short (len=1450, chunk_size=2200)
Skipping probe: too short (len=1349, chunk_size=2200)
Skipping probe: too short (len=1763, chunk_size=2200)
Skipping probe: too short (len=1924, chunk_size=2200)
Skipping probe: too short (len=834, chunk_size=2200)
Skipping probe: too short (len=1506, chunk_size=2200)
Skipping probe: too short (len=982, chunk_size=2200)
Skipping probe: too short (len=1958, chunk_size=2200)
Skipping probe: too short (len=1454, chunk_size=2200)
Skipping probe: too short (len=1880, chunk_size=2200)
Skipping probe: too short (len=1266, chunk_size=2200)
Skipping probe: too short (len=670, chunk_size=2200)
Skipping probe: too short (len=886, chunk_size=2200)
Skipping probe: too short (len=1619, chunk_size=2200)
Skipping probe: too short (len=632, chunk_size=2200)
Skipping probe: too short (len=1995, chunk_size=2200)
Skipping probe: too short (len=1871, chunk_size=2200)
Skipping probe: too short (len=1021, chunk_size=2200)
Skipping probe: too short (len=2176, chunk_size=2200)
Skipping probe: too short (len=559, chunk_size=2200)
Skipping probe: too short (len=1906, chunk_size=2200)
Skipping probe: too short (len=1563, chunk_size=2200)
Skipping probe: too short (len=1335, chunk_size=2200)
Skipping probe: too short (len=906, chunk_size=2200)
Skipping probe: too short (len=1604, chunk_size=2200)
Skipping probe: too short (len=1349, chunk_size=2200)
Skipping probe: too short (len=1454, chunk_size=2200)
Skipping probe: too short (len=982, chunk_size=2200)
Skipping probe: too short (len=1266, chunk_size=2200)
Skipping probe: too short (len=559, chunk_size=2200)
Skipping probe: too short (len=1906, chunk_size=2200)
Skipping probe: too short (len=1563, chunk_size=2200)
Skipping probe: too short (len=1335, chunk_size=2200)
Skipping probe: too short (len=906, chunk_size=2200)
Skipping probe: too short (len=2058, chunk_size=2200)
Skipping probe: too short (len=1763, chunk_size=2200)
Skipping probe: too short (len=1619, chunk_size=2200)
Skipping probe: too short (len=1880, chunk_size=2200)
Skipping probe: too short (len=2176, chunk_size=2200)
Skipping probe: too short (len=1995, chunk_size=2200)
Skipping probe: too short (len=632, chunk_size=2200)
Skipping probe: too short (len=1871, chunk_size=2200)
Skipping probe: too short (len=1021, chunk_size=2200)
Skipping probe: too short (len=1023, chunk_size=2200)
Skipping probe: too short (len=2171, chunk_size=2200)
Skipping probe: too short (len=1958, chunk_size=2200)
Skipping probe: too short (len=1450, chunk_size=2200)
Skipping probe: too short (len=1924, chunk_size=2200)
Skipping probe: too short (len=834, chunk_size=2200)
Skipping probe: too short (len=1506, chunk_size=2200)
Skipping probe: too short (len=670, chunk_size=2200)
Skipping probe: too short (len=886, chunk_size=2200)
Trial 22 F1s - Weighted: 0.7171 | Macro: 0.1963 | Micro: 0.7489

[I 2026-03-09 11:25:42,643] Trial 22 finished with value: 0.7170998618368232 and parameters: {'chunk_seconds': 22, 'num_freqs': 5, 'num_estimators': 64, 'max_depth': 32, 'max_features': 0.30617766990867074, 'overlap': 0.7010300726901573, 'max_lag': 23}. Best is trial 18 with value: 0.719985788940624.
Skipping probe: too short (len=1023, chunk_size=2100)
Skipping probe: too short (len=1454, chunk_size=2100)
Skipping probe: too short (len=2058, chunk_size=2100)
Skipping probe: too short (len=1924, chunk_size=2100)
Skipping probe: too short (len=834, chunk_size=2100)
Skipping probe: too short (len=1506, chunk_size=2100)
Skipping probe: too short (len=1958, chunk_size=2100)
Skipping probe: too short (len=559, chunk_size=2100)
Skipping probe: too short (len=1906, chunk_size=2100)
Skipping probe: too short (len=1563, chunk_size=2100)
Skipping probe: too short (len=1335, chunk_size=2100)
Skipping probe: too short (len=906, chunk_size=2100)
Skipping probe: too short (len=1604, chunk_size=2100)
Skipping probe: too short (len=1266, chunk_size=2100)
Skipping probe: too short (len=1450, chunk_size=2100)
Skipping probe: too short (len=1349, chunk_size=2100)
Skipping probe: too short (len=1763, chunk_size=2100)
Skipping probe: too short (len=982, chunk_size=2100)
Skipping probe: too short (len=670, chunk_size=2100)
Skipping probe: too short (len=886, chunk_size=2100)
Skipping probe: too short (len=632, chunk_size=2100)
Skipping probe: too short (len=1619, chunk_size=2100)
Skipping probe: too short (len=1995, chunk_size=2100)
Skipping probe: too short (len=1880, chunk_size=2100)
Skipping probe: too short (len=1871, chunk_size=2100)
Skipping probe: too short (len=1021, chunk_size=2100)
Skipping probe: too short (len=559, chunk_size=2100)
Skipping probe: too short (len=1906, chunk_size=2100)
Skipping probe: too short (len=1563, chunk_size=2100)
Skipping probe: too short (len=1335, chunk_size=2100)
Skipping probe: too short (len=906, chunk_size=2100)
Skipping probe: too short (len=1924, chunk_size=2100)
Skipping probe: too short (len=834, chunk_size=2100)
Skipping probe: too short (len=1506, chunk_size=2100)
Skipping probe: too short (len=1450, chunk_size=2100)
Skipping probe: too short (len=1454, chunk_size=2100)
Skipping probe: too short (len=670, chunk_size=2100)
Skipping probe: too short (len=886, chunk_size=2100)
Skipping probe: too short (len=1023, chunk_size=2100)
Skipping probe: too short (len=1604, chunk_size=2100)
Skipping probe: too short (len=1349, chunk_size=2100)
Skipping probe: too short (len=1958, chunk_size=2100)
Skipping probe: too short (len=982, chunk_size=2100)
Skipping probe: too short (len=1619, chunk_size=2100)
Skipping probe: too short (len=1880, chunk_size=2100)
Skipping probe: too short (len=1763, chunk_size=2100)
Skipping probe: too short (len=1871, chunk_size=2100)
Skipping probe: too short (len=1021, chunk_size=2100)
Skipping probe: too short (len=1995, chunk_size=2100)
Skipping probe: too short (len=1266, chunk_size=2100)
Skipping probe: too short (len=2058, chunk_size=2100)
Skipping probe: too short (len=632, chunk_size=2100)
Skipping probe: too short (len=1266, chunk_size=2100)
Skipping probe: too short (len=1619, chunk_size=2100)
Skipping probe: too short (len=1450, chunk_size=2100)
Skipping probe: too short (len=1958, chunk_size=2100)
Skipping probe: too short (len=2058, chunk_size=2100)
Skipping probe: too short (len=1924, chunk_size=2100)
Skipping probe: too short (len=834, chunk_size=2100)
Skipping probe: too short (len=1506, chunk_size=2100)
Skipping probe: too short (len=1023, chunk_size=2100)
Skipping probe: too short (len=559, chunk_size=2100)
Skipping probe: too short (len=1906, chunk_size=2100)
Skipping probe: too short (len=1563, chunk_size=2100)
Skipping probe: too short (len=1335, chunk_size=2100)
Skipping probe: too short (len=906, chunk_size=2100)
Skipping probe: too short (len=1880, chunk_size=2100)
Skipping probe: too short (len=670, chunk_size=2100)
Skipping probe: too short (len=886, chunk_size=2100)
Skipping probe: too short (len=1995, chunk_size=2100)
Skipping probe: too short (len=632, chunk_size=2100)
Skipping probe: too short (len=1871, chunk_size=2100)
Skipping probe: too short (len=1021, chunk_size=2100)
Skipping probe: too short (len=1454, chunk_size=2100)
Skipping probe: too short (len=982, chunk_size=2100)
Skipping probe: too short (len=1349, chunk_size=2100)
Skipping probe: too short (len=1604, chunk_size=2100)
Skipping probe: too short (len=1763, chunk_size=2100)
Skipping probe: too short (len=1454, chunk_size=2100)
Skipping probe: too short (len=2058, chunk_size=2100)
Skipping probe: too short (len=1450, chunk_size=2100)
Skipping probe: too short (len=1023, chunk_size=2100)
Skipping probe: too short (len=1924, chunk_size=2100)
Skipping probe: too short (len=834, chunk_size=2100)
Skipping probe: too short (len=1506, chunk_size=2100)
Skipping probe: too short (len=1349, chunk_size=2100)
Skipping probe: too short (len=1266, chunk_size=2100)
Skipping probe: too short (len=1604, chunk_size=2100)
Skipping probe: too short (len=1958, chunk_size=2100)
Skipping probe: too short (len=670, chunk_size=2100)
Skipping probe: too short (len=886, chunk_size=2100)
Skipping probe: too short (len=1619, chunk_size=2100)
Skipping probe: too short (len=1763, chunk_size=2100)
Skipping probe: too short (len=982, chunk_size=2100)
Skipping probe: too short (len=1880, chunk_size=2100)
Skipping probe: too short (len=1871, chunk_size=2100)
Skipping probe: too short (len=1021, chunk_size=2100)
Skipping probe: too short (len=1995, chunk_size=2100)
Skipping probe: too short (len=632, chunk_size=2100)
Skipping probe: too short (len=559, chunk_size=2100)
Skipping probe: too short (len=1906, chunk_size=2100)
Skipping probe: too short (len=1563, chunk_size=2100)
Skipping probe: too short (len=1335, chunk_size=2100)
Skipping probe: too short (len=906, chunk_size=2100)
Skipping probe: too short (len=1454, chunk_size=2100)
Skipping probe: too short (len=2058, chunk_size=2100)
Skipping probe: too short (len=1349, chunk_size=2100)
Skipping probe: too short (len=1604, chunk_size=2100)
Skipping probe: too short (len=559, chunk_size=2100)
Skipping probe: too short (len=1906, chunk_size=2100)
Skipping probe: too short (len=1563, chunk_size=2100)
Skipping probe: too short (len=1335, chunk_size=2100)
Skipping probe: too short (len=906, chunk_size=2100)
Skipping probe: too short (len=982, chunk_size=2100)
Skipping probe: too short (len=1266, chunk_size=2100)
Skipping probe: too short (len=1619, chunk_size=2100)
Skipping probe: too short (len=1880, chunk_size=2100)
Skipping probe: too short (len=1995, chunk_size=2100)
Skipping probe: too short (len=1763, chunk_size=2100)
Skipping probe: too short (len=632, chunk_size=2100)
Skipping probe: too short (len=1871, chunk_size=2100)
Skipping probe: too short (len=1021, chunk_size=2100)
Skipping probe: too short (len=1450, chunk_size=2100)
Skipping probe: too short (len=1023, chunk_size=2100)
Skipping probe: too short (len=1958, chunk_size=2100)
Skipping probe: too short (len=1924, chunk_size=2100)
Skipping probe: too short (len=834, chunk_size=2100)
Skipping probe: too short (len=1506, chunk_size=2100)
Skipping probe: too short (len=670, chunk_size=2100)
Skipping probe: too short (len=886, chunk_size=2100)
Trial 23 F1s - Weighted: 0.7167 | Macro: 0.1975 | Micro: 0.7469

[I 2026-03-09 11:54:48,150] Trial 23 finished with value: 0.7166840146118714 and parameters: {'chunk_seconds': 21, 'num_freqs': 3, 'num_estimators': 64, 'max_depth': 32, 'max_features': 0.3863009322802404, 'overlap': 0.7859621177194999, 'max_lag': 28}. Best is trial 18 with value: 0.719985788940624.
Skipping probe: too short (len=1450, chunk_size=2500)
Skipping probe: too short (len=1023, chunk_size=2500)
Skipping probe: too short (len=2171, chunk_size=2500)
Skipping probe: too short (len=1349, chunk_size=2500)
Skipping probe: too short (len=2058, chunk_size=2500)
Skipping probe: too short (len=1958, chunk_size=2500)
Skipping probe: too short (len=2176, chunk_size=2500)
Skipping probe: too short (len=1924, chunk_size=2500)
Skipping probe: too short (len=2341, chunk_size=2500)
Skipping probe: too short (len=2216, chunk_size=2500)
Skipping probe: too short (len=2445, chunk_size=2500)
Skipping probe: too short (len=2409, chunk_size=2500)
Skipping probe: too short (len=834, chunk_size=2500)
Skipping probe: too short (len=1506, chunk_size=2500)
Skipping probe: too short (len=1266, chunk_size=2500)
Skipping probe: too short (len=1604, chunk_size=2500)
Skipping probe: too short (len=1454, chunk_size=2500)
Skipping probe: too short (len=982, chunk_size=2500)
Skipping probe: too short (len=559, chunk_size=2500)
Skipping probe: too short (len=1906, chunk_size=2500)
Skipping probe: too short (len=1563, chunk_size=2500)
Skipping probe: too short (len=1335, chunk_size=2500)
Skipping probe: too short (len=906, chunk_size=2500)
Skipping probe: too short (len=670, chunk_size=2500)
Skipping probe: too short (len=886, chunk_size=2500)
Skipping probe: too short (len=1763, chunk_size=2500)
Skipping probe: too short (len=632, chunk_size=2500)
Skipping probe: too short (len=2340, chunk_size=2500)
Skipping probe: too short (len=2436, chunk_size=2500)
Skipping probe: too short (len=1619, chunk_size=2500)
Skipping probe: too short (len=1871, chunk_size=2500)
Skipping probe: too short (len=1021, chunk_size=2500)
Skipping probe: too short (len=1880, chunk_size=2500)
Skipping probe: too short (len=1995, chunk_size=2500)
Skipping probe: too short (len=2252, chunk_size=2500)
Skipping probe: too short (len=1023, chunk_size=2500)
Skipping probe: too short (len=2171, chunk_size=2500)
Skipping probe: too short (len=1958, chunk_size=2500)
Skipping probe: too short (len=982, chunk_size=2500)
Skipping probe: too short (len=1924, chunk_size=2500)
Skipping probe: too short (len=2341, chunk_size=2500)
Skipping probe: too short (len=2216, chunk_size=2500)
Skipping probe: too short (len=2445, chunk_size=2500)
Skipping probe: too short (len=2409, chunk_size=2500)
Skipping probe: too short (len=834, chunk_size=2500)
Skipping probe: too short (len=1506, chunk_size=2500)
Skipping probe: too short (len=1450, chunk_size=2500)
Skipping probe: too short (len=1763, chunk_size=2500)
Skipping probe: too short (len=559, chunk_size=2500)
Skipping probe: too short (len=1906, chunk_size=2500)
Skipping probe: too short (len=1563, chunk_size=2500)
Skipping probe: too short (len=1335, chunk_size=2500)
Skipping probe: too short (len=906, chunk_size=2500)
Skipping probe: too short (len=1454, chunk_size=2500)
Skipping probe: too short (len=1349, chunk_size=2500)
Skipping probe: too short (len=1619, chunk_size=2500)
Skipping probe: too short (len=2436, chunk_size=2500)
Skipping probe: too short (len=2176, chunk_size=2500)
Skipping probe: too short (len=1604, chunk_size=2500)
Skipping probe: too short (len=670, chunk_size=2500)
Skipping probe: too short (len=886, chunk_size=2500)
Skipping probe: too short (len=1880, chunk_size=2500)
Skipping probe: too short (len=1995, chunk_size=2500)
Skipping probe: too short (len=2252, chunk_size=2500)
Skipping probe: too short (len=1871, chunk_size=2500)
Skipping probe: too short (len=1021, chunk_size=2500)
Skipping probe: too short (len=2340, chunk_size=2500)
Skipping probe: too short (len=1266, chunk_size=2500)
Skipping probe: too short (len=2058, chunk_size=2500)
Skipping probe: too short (len=632, chunk_size=2500)
Skipping probe: too short (len=1023, chunk_size=2500)
Skipping probe: too short (len=2171, chunk_size=2500)
Skipping probe: too short (len=559, chunk_size=2500)
Skipping probe: too short (len=1906, chunk_size=2500)
Skipping probe: too short (len=1563, chunk_size=2500)
Skipping probe: too short (len=1335, chunk_size=2500)
Skipping probe: too short (len=906, chunk_size=2500)
Skipping probe: too short (len=1450, chunk_size=2500)
Skipping probe: too short (len=2058, chunk_size=2500)
Skipping probe: too short (len=1619, chunk_size=2500)
Skipping probe: too short (len=1958, chunk_size=2500)
Skipping probe: too short (len=1924, chunk_size=2500)
Skipping probe: too short (len=2341, chunk_size=2500)
Skipping probe: too short (len=2216, chunk_size=2500)
Skipping probe: too short (len=2445, chunk_size=2500)
Skipping probe: too short (len=2409, chunk_size=2500)
Skipping probe: too short (len=834, chunk_size=2500)
Skipping probe: too short (len=1506, chunk_size=2500)
Skipping probe: too short (len=2176, chunk_size=2500)
Skipping probe: too short (len=2436, chunk_size=2500)
Skipping probe: too short (len=1266, chunk_size=2500)
Skipping probe: too short (len=1880, chunk_size=2500)
Skipping probe: too short (len=670, chunk_size=2500)
Skipping probe: too short (len=886, chunk_size=2500)
Skipping probe: too short (len=1995, chunk_size=2500)
Skipping probe: too short (len=2252, chunk_size=2500)
Skipping probe: too short (len=632, chunk_size=2500)
Skipping probe: too short (len=1871, chunk_size=2500)
Skipping probe: too short (len=1021, chunk_size=2500)
Skipping probe: too short (len=1454, chunk_size=2500)
Skipping probe: too short (len=1349, chunk_size=2500)
Skipping probe: too short (len=1763, chunk_size=2500)
Skipping probe: too short (len=2340, chunk_size=2500)
Skipping probe: too short (len=1604, chunk_size=2500)
Skipping probe: too short (len=982, chunk_size=2500)
Skipping probe: too short (len=1266, chunk_size=2500)
Skipping probe: too short (len=1619, chunk_size=2500)
Skipping probe: too short (len=1924, chunk_size=2500)
Skipping probe: too short (len=2341, chunk_size=2500)
Skipping probe: too short (len=2216, chunk_size=2500)
Skipping probe: too short (len=2445, chunk_size=2500)
Skipping probe: too short (len=2409, chunk_size=2500)
Skipping probe: too short (len=834, chunk_size=2500)
Skipping probe: too short (len=1506, chunk_size=2500)
Skipping probe: too short (len=1349, chunk_size=2500)
Skipping probe: too short (len=1763, chunk_size=2500)
Skipping probe: too short (len=1454, chunk_size=2500)
Skipping probe: too short (len=1958, chunk_size=2500)
Skipping probe: too short (len=1604, chunk_size=2500)
Skipping probe: too short (len=2436, chunk_size=2500)
Skipping probe: too short (len=982, chunk_size=2500)
Skipping probe: too short (len=1450, chunk_size=2500)
Skipping probe: too short (len=1023, chunk_size=2500)
Skipping probe: too short (len=2171, chunk_size=2500)
Skipping probe: too short (len=2058, chunk_size=2500)
Skipping probe: too short (len=1880, chunk_size=2500)
Skipping probe: too short (len=670, chunk_size=2500)
Skipping probe: too short (len=886, chunk_size=2500)
Skipping probe: too short (len=632, chunk_size=2500)
Skipping probe: too short (len=1871, chunk_size=2500)
Skipping probe: too short (len=1021, chunk_size=2500)
Skipping probe: too short (len=1995, chunk_size=2500)
Skipping probe: too short (len=2252, chunk_size=2500)
Skipping probe: too short (len=2340, chunk_size=2500)
Skipping probe: too short (len=2176, chunk_size=2500)
Skipping probe: too short (len=559, chunk_size=2500)
Skipping probe: too short (len=1906, chunk_size=2500)
Skipping probe: too short (len=1563, chunk_size=2500)
Skipping probe: too short (len=1335, chunk_size=2500)
Skipping probe: too short (len=906, chunk_size=2500)
Skipping probe: too short (len=1266, chunk_size=2500)
Skipping probe: too short (len=559, chunk_size=2500)
Skipping probe: too short (len=1906, chunk_size=2500)
Skipping probe: too short (len=1563, chunk_size=2500)
Skipping probe: too short (len=1335, chunk_size=2500)
Skipping probe: too short (len=906, chunk_size=2500)
Skipping probe: too short (len=1604, chunk_size=2500)
Skipping probe: too short (len=1454, chunk_size=2500)
Skipping probe: too short (len=982, chunk_size=2500)
Skipping probe: too short (len=2436, chunk_size=2500)
Skipping probe: too short (len=2176, chunk_size=2500)
Skipping probe: too short (len=1349, chunk_size=2500)
Skipping probe: too short (len=2058, chunk_size=2500)
Skipping probe: too short (len=1619, chunk_size=2500)
Skipping probe: too short (len=1880, chunk_size=2500)
Skipping probe: too short (len=1995, chunk_size=2500)
Skipping probe: too short (len=2252, chunk_size=2500)
Skipping probe: too short (len=2340, chunk_size=2500)
Skipping probe: too short (len=1871, chunk_size=2500)
Skipping probe: too short (len=1021, chunk_size=2500)
Skipping probe: too short (len=1763, chunk_size=2500)
Skipping probe: too short (len=632, chunk_size=2500)
Skipping probe: too short (len=1924, chunk_size=2500)
Skipping probe: too short (len=2341, chunk_size=2500)
Skipping probe: too short (len=2216, chunk_size=2500)
Skipping probe: too short (len=2445, chunk_size=2500)
Skipping probe: too short (len=2409, chunk_size=2500)
Skipping probe: too short (len=834, chunk_size=2500)
Skipping probe: too short (len=1506, chunk_size=2500)
Skipping probe: too short (len=1023, chunk_size=2500)
Skipping probe: too short (len=2171, chunk_size=2500)
Skipping probe: too short (len=1958, chunk_size=2500)
Skipping probe: too short (len=1450, chunk_size=2500)
Skipping probe: too short (len=670, chunk_size=2500)
Skipping probe: too short (len=886, chunk_size=2500)
Trial 24 F1s - Weighted: 0.7156 | Macro: 0.1893 | Micro: 0.7514

[I 2026-03-09 12:12:09,113] Trial 24 finished with value: 0.7155687489761551 and parameters: {'chunk_seconds': 25, 'num_freqs': 7, 'num_estimators': 64, 'max_depth': 32, 'max_features': 0.26311690876296107, 'overlap': 0.7312163411820077, 'max_lag': 20}. Best is trial 18 with value: 0.719985788940624.
Skipping probe: too short (len=1349, chunk_size=1800)
Skipping probe: too short (len=1023, chunk_size=1800)
Skipping probe: too short (len=1454, chunk_size=1800)
Skipping probe: too short (len=1450, chunk_size=1800)
Skipping probe: too short (len=1604, chunk_size=1800)
Skipping probe: too short (len=834, chunk_size=1800)
Skipping probe: too short (len=1506, chunk_size=1800)
Skipping probe: too short (len=982, chunk_size=1800)
Skipping probe: too short (len=559, chunk_size=1800)
Skipping probe: too short (len=1563, chunk_size=1800)
Skipping probe: too short (len=1335, chunk_size=1800)
Skipping probe: too short (len=906, chunk_size=1800)
Skipping probe: too short (len=1763, chunk_size=1800)
Skipping probe: too short (len=1266, chunk_size=1800)
Skipping probe: too short (len=670, chunk_size=1800)
Skipping probe: too short (len=886, chunk_size=1800)
Skipping probe: too short (len=632, chunk_size=1800)
Skipping probe: too short (len=1619, chunk_size=1800)
Skipping probe: too short (len=1021, chunk_size=1800)
Skipping probe: too short (len=1023, chunk_size=1800)
Skipping probe: too short (len=1454, chunk_size=1800)
Skipping probe: too short (len=1619, chunk_size=1800)
Skipping probe: too short (len=834, chunk_size=1800)
Skipping probe: too short (len=1506, chunk_size=1800)
Skipping probe: too short (len=559, chunk_size=1800)
Skipping probe: too short (len=1563, chunk_size=1800)
Skipping probe: too short (len=1335, chunk_size=1800)
Skipping probe: too short (len=906, chunk_size=1800)
Skipping probe: too short (len=1450, chunk_size=1800)
Skipping probe: too short (len=1763, chunk_size=1800)
Skipping probe: too short (len=982, chunk_size=1800)
Skipping probe: too short (len=1604, chunk_size=1800)
Skipping probe: too short (len=1349, chunk_size=1800)
Skipping probe: too short (len=670, chunk_size=1800)
Skipping probe: too short (len=886, chunk_size=1800)
Skipping probe: too short (len=1021, chunk_size=1800)
Skipping probe: too short (len=1266, chunk_size=1800)
Skipping probe: too short (len=632, chunk_size=1800)
Skipping probe: too short (len=559, chunk_size=1800)
Skipping probe: too short (len=1563, chunk_size=1800)
Skipping probe: too short (len=1335, chunk_size=1800)
Skipping probe: too short (len=906, chunk_size=1800)
Skipping probe: too short (len=1450, chunk_size=1800)
Skipping probe: too short (len=1023, chunk_size=1800)
Skipping probe: too short (len=834, chunk_size=1800)
Skipping probe: too short (len=1506, chunk_size=1800)
Skipping probe: too short (len=1619, chunk_size=1800)
Skipping probe: too short (len=1266, chunk_size=1800)
Skipping probe: too short (len=670, chunk_size=1800)
Skipping probe: too short (len=886, chunk_size=1800)
Skipping probe: too short (len=1021, chunk_size=1800)
Skipping probe: too short (len=632, chunk_size=1800)
Skipping probe: too short (len=1454, chunk_size=1800)
Skipping probe: too short (len=1349, chunk_size=1800)
Skipping probe: too short (len=1763, chunk_size=1800)
Skipping probe: too short (len=982, chunk_size=1800)
Skipping probe: too short (len=1604, chunk_size=1800)
[I 2026-03-09 12:41:47,984] Trial 25 pruned. 
Skipping probe: too short (len=2058, chunk_size=2200)
Skipping probe: too short (len=1349, chunk_size=2200)
Skipping probe: too short (len=2176, chunk_size=2200)
Skipping probe: too short (len=1958, chunk_size=2200)
Skipping probe: too short (len=1924, chunk_size=2200)
Skipping probe: too short (len=834, chunk_size=2200)
Skipping probe: too short (len=1506, chunk_size=2200)
Skipping probe: too short (len=1454, chunk_size=2200)
Skipping probe: too short (len=1023, chunk_size=2200)
Skipping probe: too short (len=2171, chunk_size=2200)
Skipping probe: too short (len=559, chunk_size=2200)
Skipping probe: too short (len=1906, chunk_size=2200)
Skipping probe: too short (len=1563, chunk_size=2200)
Skipping probe: too short (len=1335, chunk_size=2200)
Skipping probe: too short (len=906, chunk_size=2200)
Skipping probe: too short (len=1450, chunk_size=2200)
Skipping probe: too short (len=1604, chunk_size=2200)
Skipping probe: too short (len=1266, chunk_size=2200)
Skipping probe: too short (len=982, chunk_size=2200)
Skipping probe: too short (len=1763, chunk_size=2200)
Skipping probe: too short (len=670, chunk_size=2200)
Skipping probe: too short (len=886, chunk_size=2200)
Skipping probe: too short (len=632, chunk_size=2200)
Skipping probe: too short (len=1619, chunk_size=2200)
Skipping probe: too short (len=1880, chunk_size=2200)
Skipping probe: too short (len=1995, chunk_size=2200)
Skipping probe: too short (len=1871, chunk_size=2200)
Skipping probe: too short (len=1021, chunk_size=2200)
Skipping probe: too short (len=559, chunk_size=2200)
Skipping probe: too short (len=1906, chunk_size=2200)
Skipping probe: too short (len=1563, chunk_size=2200)
Skipping probe: too short (len=1335, chunk_size=2200)
Skipping probe: too short (len=906, chunk_size=2200)
Skipping probe: too short (len=2176, chunk_size=2200)
Skipping probe: too short (len=1619, chunk_size=2200)
Skipping probe: too short (len=1454, chunk_size=2200)
Skipping probe: too short (len=1924, chunk_size=2200)
Skipping probe: too short (len=834, chunk_size=2200)
Skipping probe: too short (len=1506, chunk_size=2200)
Skipping probe: too short (len=1450, chunk_size=2200)
Skipping probe: too short (len=982, chunk_size=2200)
Skipping probe: too short (len=1349, chunk_size=2200)
Skipping probe: too short (len=1763, chunk_size=2200)
Skipping probe: too short (len=1023, chunk_size=2200)
Skipping probe: too short (len=2171, chunk_size=2200)
Skipping probe: too short (len=1958, chunk_size=2200)
Skipping probe: too short (len=1880, chunk_size=2200)
Skipping probe: too short (len=1604, chunk_size=2200)
Skipping probe: too short (len=670, chunk_size=2200)
Skipping probe: too short (len=886, chunk_size=2200)
Skipping probe: too short (len=1871, chunk_size=2200)
Skipping probe: too short (len=1021, chunk_size=2200)
Skipping probe: too short (len=1995, chunk_size=2200)
Skipping probe: too short (len=2058, chunk_size=2200)
Skipping probe: too short (len=632, chunk_size=2200)
Skipping probe: too short (len=1266, chunk_size=2200)
Skipping probe: too short (len=1023, chunk_size=2200)
Skipping probe: too short (len=2171, chunk_size=2200)
Skipping probe: too short (len=2176, chunk_size=2200)
Skipping probe: too short (len=1924, chunk_size=2200)
Skipping probe: too short (len=834, chunk_size=2200)
Skipping probe: too short (len=1506, chunk_size=2200)
Skipping probe: too short (len=2058, chunk_size=2200)
Skipping probe: too short (len=1266, chunk_size=2200)
Skipping probe: too short (len=1450, chunk_size=2200)
Skipping probe: too short (len=1958, chunk_size=2200)
Skipping probe: too short (len=1619, chunk_size=2200)
Skipping probe: too short (len=559, chunk_size=2200)
Skipping probe: too short (len=1906, chunk_size=2200)
Skipping probe: too short (len=1563, chunk_size=2200)
Skipping probe: too short (len=1335, chunk_size=2200)
Skipping probe: too short (len=906, chunk_size=2200)
Skipping probe: too short (len=670, chunk_size=2200)
Skipping probe: too short (len=886, chunk_size=2200)
Skipping probe: too short (len=1880, chunk_size=2200)
Skipping probe: too short (len=1995, chunk_size=2200)
Skipping probe: too short (len=1871, chunk_size=2200)
Skipping probe: too short (len=1021, chunk_size=2200)
Skipping probe: too short (len=632, chunk_size=2200)
Skipping probe: too short (len=1454, chunk_size=2200)
Skipping probe: too short (len=1349, chunk_size=2200)
Skipping probe: too short (len=982, chunk_size=2200)
Skipping probe: too short (len=1604, chunk_size=2200)
Skipping probe: too short (len=1763, chunk_size=2200)
Skipping probe: too short (len=982, chunk_size=2200)
Skipping probe: too short (len=1349, chunk_size=2200)
Skipping probe: too short (len=1958, chunk_size=2200)
Skipping probe: too short (len=1023, chunk_size=2200)
Skipping probe: too short (len=2171, chunk_size=2200)
Skipping probe: too short (len=1604, chunk_size=2200)
Skipping probe: too short (len=1450, chunk_size=2200)
Skipping probe: too short (len=1924, chunk_size=2200)
Skipping probe: too short (len=834, chunk_size=2200)
Skipping probe: too short (len=1506, chunk_size=2200)
Skipping probe: too short (len=1763, chunk_size=2200)
Skipping probe: too short (len=1454, chunk_size=2200)
Skipping probe: too short (len=2058, chunk_size=2200)
Skipping probe: too short (len=670, chunk_size=2200)
Skipping probe: too short (len=886, chunk_size=2200)
Skipping probe: too short (len=1266, chunk_size=2200)
Skipping probe: too short (len=1880, chunk_size=2200)
Skipping probe: too short (len=1619, chunk_size=2200)
Skipping probe: too short (len=632, chunk_size=2200)
Skipping probe: too short (len=1871, chunk_size=2200)
Skipping probe: too short (len=1021, chunk_size=2200)
Skipping probe: too short (len=1995, chunk_size=2200)
Skipping probe: too short (len=2176, chunk_size=2200)
Skipping probe: too short (len=559, chunk_size=2200)
Skipping probe: too short (len=1906, chunk_size=2200)
Skipping probe: too short (len=1563, chunk_size=2200)
Skipping probe: too short (len=1335, chunk_size=2200)
Skipping probe: too short (len=906, chunk_size=2200)
Skipping probe: too short (len=1604, chunk_size=2200)
Skipping probe: too short (len=1880, chunk_size=2200)
Skipping probe: too short (len=1454, chunk_size=2200)
Skipping probe: too short (len=1349, chunk_size=2200)
Skipping probe: too short (len=1266, chunk_size=2200)
Skipping probe: too short (len=1619, chunk_size=2200)
Skipping probe: too short (len=559, chunk_size=2200)
Skipping probe: too short (len=1906, chunk_size=2200)
Skipping probe: too short (len=1563, chunk_size=2200)
Skipping probe: too short (len=1335, chunk_size=2200)
Skipping probe: too short (len=906, chunk_size=2200)
Skipping probe: too short (len=1763, chunk_size=2200)
Skipping probe: too short (len=2176, chunk_size=2200)
Skipping probe: too short (len=2058, chunk_size=2200)
Skipping probe: too short (len=982, chunk_size=2200)
Skipping probe: too short (len=1871, chunk_size=2200)
Skipping probe: too short (len=1021, chunk_size=2200)
Skipping probe: too short (len=1995, chunk_size=2200)
Skipping probe: too short (len=632, chunk_size=2200)
Skipping probe: too short (len=1450, chunk_size=2200)
Skipping probe: too short (len=1023, chunk_size=2200)
Skipping probe: too short (len=2171, chunk_size=2200)
Skipping probe: too short (len=1958, chunk_size=2200)
Skipping probe: too short (len=1924, chunk_size=2200)
Skipping probe: too short (len=834, chunk_size=2200)
Skipping probe: too short (len=1506, chunk_size=2200)
Skipping probe: too short (len=670, chunk_size=2200)
Skipping probe: too short (len=886, chunk_size=2200)
Trial 26 F1s - Weighted: 0.7172 | Macro: 0.1967 | Micro: 0.7481

[I 2026-03-09 12:56:04,914] Trial 26 finished with value: 0.7172027404330765 and parameters: {'chunk_seconds': 22, 'num_freqs': 3, 'num_estimators': 16, 'max_depth': 256, 'max_features': 0.32337860654039946, 'overlap': 0.6701905276259479, 'max_lag': 26}. Best is trial 18 with value: 0.719985788940624.
Skipping probe: too short (len=1023, chunk_size=2300)
Skipping probe: too short (len=2171, chunk_size=2300)
Skipping probe: too short (len=1924, chunk_size=2300)
Skipping probe: too short (len=2216, chunk_size=2300)
Skipping probe: too short (len=834, chunk_size=2300)
Skipping probe: too short (len=1506, chunk_size=2300)
Skipping probe: too short (len=1454, chunk_size=2300)
Skipping probe: too short (len=2176, chunk_size=2300)
Skipping probe: too short (len=2058, chunk_size=2300)
Skipping probe: too short (len=1604, chunk_size=2300)
Skipping probe: too short (len=1450, chunk_size=2300)
Skipping probe: too short (len=982, chunk_size=2300)
Skipping probe: too short (len=1349, chunk_size=2300)
Skipping probe: too short (len=1763, chunk_size=2300)
Skipping probe: too short (len=1958, chunk_size=2300)
Skipping probe: too short (len=1266, chunk_size=2300)
Skipping probe: too short (len=559, chunk_size=2300)
Skipping probe: too short (len=1906, chunk_size=2300)
Skipping probe: too short (len=1563, chunk_size=2300)
Skipping probe: too short (len=1335, chunk_size=2300)
Skipping probe: too short (len=906, chunk_size=2300)
Skipping probe: too short (len=632, chunk_size=2300)
Skipping probe: too short (len=670, chunk_size=2300)
Skipping probe: too short (len=886, chunk_size=2300)
Skipping probe: too short (len=1880, chunk_size=2300)
Skipping probe: too short (len=1619, chunk_size=2300)
Skipping probe: too short (len=1871, chunk_size=2300)
Skipping probe: too short (len=1021, chunk_size=2300)
Skipping probe: too short (len=1995, chunk_size=2300)
Skipping probe: too short (len=2252, chunk_size=2300)
Skipping probe: too short (len=1454, chunk_size=2300)
Skipping probe: too short (len=1619, chunk_size=2300)
Skipping probe: too short (len=1924, chunk_size=2300)
Skipping probe: too short (len=2216, chunk_size=2300)
Skipping probe: too short (len=834, chunk_size=2300)
Skipping probe: too short (len=1506, chunk_size=2300)
Skipping probe: too short (len=2176, chunk_size=2300)
Skipping probe: too short (len=1958, chunk_size=2300)
Skipping probe: too short (len=1349, chunk_size=2300)
Skipping probe: too short (len=1604, chunk_size=2300)
Skipping probe: too short (len=1450, chunk_size=2300)
Skipping probe: too short (len=1023, chunk_size=2300)
Skipping probe: too short (len=2171, chunk_size=2300)
Skipping probe: too short (len=559, chunk_size=2300)
Skipping probe: too short (len=1906, chunk_size=2300)
Skipping probe: too short (len=1563, chunk_size=2300)
Skipping probe: too short (len=1335, chunk_size=2300)
Skipping probe: too short (len=906, chunk_size=2300)
Skipping probe: too short (len=982, chunk_size=2300)
Skipping probe: too short (len=1763, chunk_size=2300)
Skipping probe: too short (len=1880, chunk_size=2300)
Skipping probe: too short (len=1995, chunk_size=2300)
Skipping probe: too short (len=2252, chunk_size=2300)
Skipping probe: too short (len=670, chunk_size=2300)
Skipping probe: too short (len=886, chunk_size=2300)
Skipping probe: too short (len=1871, chunk_size=2300)
Skipping probe: too short (len=1021, chunk_size=2300)
Skipping probe: too short (len=2058, chunk_size=2300)
Skipping probe: too short (len=1266, chunk_size=2300)
Skipping probe: too short (len=632, chunk_size=2300)
Skipping probe: too short (len=1450, chunk_size=2300)
Skipping probe: too short (len=1619, chunk_size=2300)
Skipping probe: too short (len=1924, chunk_size=2300)
Skipping probe: too short (len=2216, chunk_size=2300)
Skipping probe: too short (len=834, chunk_size=2300)
Skipping probe: too short (len=1506, chunk_size=2300)
Skipping probe: too short (len=2058, chunk_size=2300)
Skipping probe: too short (len=1023, chunk_size=2300)
Skipping probe: too short (len=2171, chunk_size=2300)
Skipping probe: too short (len=559, chunk_size=2300)
Skipping probe: too short (len=1906, chunk_size=2300)
Skipping probe: too short (len=1563, chunk_size=2300)
Skipping probe: too short (len=1335, chunk_size=2300)
Skipping probe: too short (len=906, chunk_size=2300)
Skipping probe: too short (len=1266, chunk_size=2300)
Skipping probe: too short (len=2176, chunk_size=2300)
Skipping probe: too short (len=1958, chunk_size=2300)
Skipping probe: too short (len=1880, chunk_size=2300)
Skipping probe: too short (len=670, chunk_size=2300)
Skipping probe: too short (len=886, chunk_size=2300)
Skipping probe: too short (len=1871, chunk_size=2300)
Skipping probe: too short (len=1021, chunk_size=2300)
Skipping probe: too short (len=1995, chunk_size=2300)
Skipping probe: too short (len=2252, chunk_size=2300)
Skipping probe: too short (len=632, chunk_size=2300)
Skipping probe: too short (len=1454, chunk_size=2300)
Skipping probe: too short (len=1604, chunk_size=2300)
Skipping probe: too short (len=1349, chunk_size=2300)
Skipping probe: too short (len=982, chunk_size=2300)
Skipping probe: too short (len=1763, chunk_size=2300)
Skipping probe: too short (len=1023, chunk_size=2300)
Skipping probe: too short (len=2171, chunk_size=2300)
Skipping probe: too short (len=1454, chunk_size=2300)
Skipping probe: too short (len=2058, chunk_size=2300)
Skipping probe: too short (len=1958, chunk_size=2300)
Skipping probe: too short (len=1266, chunk_size=2300)
Skipping probe: too short (len=1924, chunk_size=2300)
Skipping probe: too short (len=2216, chunk_size=2300)
Skipping probe: too short (len=834, chunk_size=2300)
Skipping probe: too short (len=1506, chunk_size=2300)
Skipping probe: too short (len=1880, chunk_size=2300)
Skipping probe: too short (len=982, chunk_size=2300)
Skipping probe: too short (len=1604, chunk_size=2300)
Skipping probe: too short (len=1450, chunk_size=2300)
Skipping probe: too short (len=1349, chunk_size=2300)
Skipping probe: too short (len=1619, chunk_size=2300)
Skipping probe: too short (len=1763, chunk_size=2300)
Skipping probe: too short (len=670, chunk_size=2300)
Skipping probe: too short (len=886, chunk_size=2300)
Skipping probe: too short (len=1995, chunk_size=2300)
Skipping probe: too short (len=2252, chunk_size=2300)
Skipping probe: too short (len=1871, chunk_size=2300)
Skipping probe: too short (len=1021, chunk_size=2300)
Skipping probe: too short (len=632, chunk_size=2300)
Skipping probe: too short (len=559, chunk_size=2300)
Skipping probe: too short (len=1906, chunk_size=2300)
Skipping probe: too short (len=1563, chunk_size=2300)
Skipping probe: too short (len=1335, chunk_size=2300)
Skipping probe: too short (len=906, chunk_size=2300)
Skipping probe: too short (len=2176, chunk_size=2300)
Skipping probe: too short (len=1763, chunk_size=2300)
Skipping probe: too short (len=2058, chunk_size=2300)
Skipping probe: too short (len=559, chunk_size=2300)
Skipping probe: too short (len=1906, chunk_size=2300)
Skipping probe: too short (len=1563, chunk_size=2300)
Skipping probe: too short (len=1335, chunk_size=2300)
Skipping probe: too short (len=906, chunk_size=2300)
Skipping probe: too short (len=1349, chunk_size=2300)
Skipping probe: too short (len=1619, chunk_size=2300)
Skipping probe: too short (len=1604, chunk_size=2300)
Skipping probe: too short (len=1266, chunk_size=2300)
Skipping probe: too short (len=2176, chunk_size=2300)
Skipping probe: too short (len=982, chunk_size=2300)
Skipping probe: too short (len=1454, chunk_size=2300)
Skipping probe: too short (len=1995, chunk_size=2300)
Skipping probe: too short (len=2252, chunk_size=2300)
Skipping probe: too short (len=1880, chunk_size=2300)
Skipping probe: too short (len=632, chunk_size=2300)
Skipping probe: too short (len=1871, chunk_size=2300)
Skipping probe: too short (len=1021, chunk_size=2300)
Skipping probe: too short (len=1450, chunk_size=2300)
Skipping probe: too short (len=1958, chunk_size=2300)
Skipping probe: too short (len=1023, chunk_size=2300)
Skipping probe: too short (len=2171, chunk_size=2300)
Skipping probe: too short (len=1924, chunk_size=2300)
Skipping probe: too short (len=2216, chunk_size=2300)
Skipping probe: too short (len=834, chunk_size=2300)
Skipping probe: too short (len=1506, chunk_size=2300)
Skipping probe: too short (len=670, chunk_size=2300)
Skipping probe: too short (len=886, chunk_size=2300)
Trial 27 F1s - Weighted: 0.7202 | Macro: 0.1951 | Micro: 0.7547

[I 2026-03-09 13:13:04,210] Trial 27 finished with value: 0.7202454393028489 and parameters: {'chunk_seconds': 23, 'num_freqs': 2, 'num_estimators': 64, 'max_depth': 32, 'max_features': 0.246536029505655, 'overlap': 0.7414342451891723, 'max_lag': 18}. Best is trial 27 with value: 0.7202454393028489.
Skipping probe: too short (len=1924, chunk_size=2300)
Skipping probe: too short (len=2216, chunk_size=2300)
Skipping probe: too short (len=834, chunk_size=2300)
Skipping probe: too short (len=1506, chunk_size=2300)
Skipping probe: too short (len=1266, chunk_size=2300)
Skipping probe: too short (len=1349, chunk_size=2300)
Skipping probe: too short (len=559, chunk_size=2300)
Skipping probe: too short (len=1906, chunk_size=2300)
Skipping probe: too short (len=1563, chunk_size=2300)
Skipping probe: too short (len=1335, chunk_size=2300)
Skipping probe: too short (len=906, chunk_size=2300)
Skipping probe: too short (len=982, chunk_size=2300)
Skipping probe: too short (len=2058, chunk_size=2300)
Skipping probe: too short (len=1450, chunk_size=2300)
Skipping probe: too short (len=1454, chunk_size=2300)
Skipping probe: too short (len=2176, chunk_size=2300)
Skipping probe: too short (len=1604, chunk_size=2300)
Skipping probe: too short (len=1023, chunk_size=2300)
Skipping probe: too short (len=2171, chunk_size=2300)
Skipping probe: too short (len=1763, chunk_size=2300)
Skipping probe: too short (len=1958, chunk_size=2300)
Skipping probe: too short (len=670, chunk_size=2300)
Skipping probe: too short (len=886, chunk_size=2300)
Skipping probe: too short (len=632, chunk_size=2300)
Skipping probe: too short (len=1880, chunk_size=2300)
Skipping probe: too short (len=1619, chunk_size=2300)
Skipping probe: too short (len=1995, chunk_size=2300)
Skipping probe: too short (len=2252, chunk_size=2300)
Skipping probe: too short (len=1871, chunk_size=2300)
Skipping probe: too short (len=1021, chunk_size=2300)
Skipping probe: too short (len=1604, chunk_size=2300)
Skipping probe: too short (len=1023, chunk_size=2300)
Skipping probe: too short (len=2171, chunk_size=2300)
Skipping probe: too short (len=982, chunk_size=2300)
Skipping probe: too short (len=1349, chunk_size=2300)
Skipping probe: too short (len=1619, chunk_size=2300)
Skipping probe: too short (len=1454, chunk_size=2300)
Skipping probe: too short (len=559, chunk_size=2300)
Skipping probe: too short (len=1906, chunk_size=2300)
Skipping probe: too short (len=1563, chunk_size=2300)
Skipping probe: too short (len=1335, chunk_size=2300)
Skipping probe: too short (len=906, chunk_size=2300)
Skipping probe: too short (len=1450, chunk_size=2300)
Skipping probe: too short (len=2176, chunk_size=2300)
Skipping probe: too short (len=1958, chunk_size=2300)
Skipping probe: too short (len=1924, chunk_size=2300)
Skipping probe: too short (len=2216, chunk_size=2300)
Skipping probe: too short (len=834, chunk_size=2300)
Skipping probe: too short (len=1506, chunk_size=2300)
Skipping probe: too short (len=1880, chunk_size=2300)
Skipping probe: too short (len=1763, chunk_size=2300)
Skipping probe: too short (len=670, chunk_size=2300)
Skipping probe: too short (len=886, chunk_size=2300)
Skipping probe: too short (len=1995, chunk_size=2300)
Skipping probe: too short (len=2252, chunk_size=2300)
Skipping probe: too short (len=1871, chunk_size=2300)
Skipping probe: too short (len=1021, chunk_size=2300)
Skipping probe: too short (len=2058, chunk_size=2300)
Skipping probe: too short (len=1266, chunk_size=2300)
Skipping probe: too short (len=632, chunk_size=2300)
[I 2026-03-09 13:20:41,914] Trial 28 pruned. 
Skipping probe: too short (len=559, chunk_size=1700)
Skipping probe: too short (len=1563, chunk_size=1700)
Skipping probe: too short (len=1335, chunk_size=1700)
Skipping probe: too short (len=906, chunk_size=1700)
Skipping probe: too short (len=1450, chunk_size=1700)
Skipping probe: too short (len=982, chunk_size=1700)
Skipping probe: too short (len=1349, chunk_size=1700)
Skipping probe: too short (len=1604, chunk_size=1700)
Skipping probe: too short (len=834, chunk_size=1700)
Skipping probe: too short (len=1506, chunk_size=1700)
Skipping probe: too short (len=1454, chunk_size=1700)
Skipping probe: too short (len=1266, chunk_size=1700)
Skipping probe: too short (len=1023, chunk_size=1700)
Skipping probe: too short (len=632, chunk_size=1700)
Skipping probe: too short (len=670, chunk_size=1700)
Skipping probe: too short (len=886, chunk_size=1700)
Skipping probe: too short (len=1619, chunk_size=1700)
Skipping probe: too short (len=1021, chunk_size=1700)
Skipping probe: too short (len=1619, chunk_size=1700)
Skipping probe: too short (len=1023, chunk_size=1700)
Skipping probe: too short (len=834, chunk_size=1700)
Skipping probe: too short (len=1506, chunk_size=1700)
Skipping probe: too short (len=1349, chunk_size=1700)
Skipping probe: too short (len=559, chunk_size=1700)
Skipping probe: too short (len=1563, chunk_size=1700)
Skipping probe: too short (len=1335, chunk_size=1700)
Skipping probe: too short (len=906, chunk_size=1700)
Skipping probe: too short (len=1604, chunk_size=1700)
Skipping probe: too short (len=1450, chunk_size=1700)
Skipping probe: too short (len=1454, chunk_size=1700)
Skipping probe: too short (len=982, chunk_size=1700)
Skipping probe: too short (len=670, chunk_size=1700)
Skipping probe: too short (len=886, chunk_size=1700)
Skipping probe: too short (len=1021, chunk_size=1700)
Skipping probe: too short (len=1266, chunk_size=1700)
Skipping probe: too short (len=632, chunk_size=1700)
[I 2026-03-09 14:15:46,183] Trial 29 pruned. 
Skipping probe: too short (len=1349, chunk_size=2500)
Skipping probe: too short (len=1454, chunk_size=2500)
Skipping probe: too short (len=1924, chunk_size=2500)
Skipping probe: too short (len=2341, chunk_size=2500)
Skipping probe: too short (len=2216, chunk_size=2500)
Skipping probe: too short (len=2445, chunk_size=2500)
Skipping probe: too short (len=2409, chunk_size=2500)
Skipping probe: too short (len=834, chunk_size=2500)
Skipping probe: too short (len=1506, chunk_size=2500)
Skipping probe: too short (len=1450, chunk_size=2500)
Skipping probe: too short (len=1023, chunk_size=2500)
Skipping probe: too short (len=2171, chunk_size=2500)
Skipping probe: too short (len=2058, chunk_size=2500)
Skipping probe: too short (len=1266, chunk_size=2500)
Skipping probe: too short (len=2176, chunk_size=2500)
Skipping probe: too short (len=1604, chunk_size=2500)
Skipping probe: too short (len=1763, chunk_size=2500)
Skipping probe: too short (len=559, chunk_size=2500)
Skipping probe: too short (len=1906, chunk_size=2500)
Skipping probe: too short (len=1563, chunk_size=2500)
Skipping probe: too short (len=1335, chunk_size=2500)
Skipping probe: too short (len=906, chunk_size=2500)
Skipping probe: too short (len=1958, chunk_size=2500)
Skipping probe: too short (len=982, chunk_size=2500)
Skipping probe: too short (len=670, chunk_size=2500)
Skipping probe: too short (len=886, chunk_size=2500)
Skipping probe: too short (len=2340, chunk_size=2500)
Skipping probe: too short (len=632, chunk_size=2500)
Skipping probe: too short (len=2436, chunk_size=2500)
Skipping probe: too short (len=1880, chunk_size=2500)
Skipping probe: too short (len=1619, chunk_size=2500)
Skipping probe: too short (len=1995, chunk_size=2500)
Skipping probe: too short (len=2252, chunk_size=2500)
Skipping probe: too short (len=1871, chunk_size=2500)
Skipping probe: too short (len=1021, chunk_size=2500)
Skipping probe: too short (len=1349, chunk_size=2500)
Skipping probe: too short (len=1450, chunk_size=2500)
Skipping probe: too short (len=2436, chunk_size=2500)
Skipping probe: too short (len=2176, chunk_size=2500)
Skipping probe: too short (len=1023, chunk_size=2500)
Skipping probe: too short (len=2171, chunk_size=2500)
Skipping probe: too short (len=1619, chunk_size=2500)
Skipping probe: too short (len=1604, chunk_size=2500)
Skipping probe: too short (len=1924, chunk_size=2500)
Skipping probe: too short (len=2341, chunk_size=2500)
Skipping probe: too short (len=2216, chunk_size=2500)
Skipping probe: too short (len=2445, chunk_size=2500)
Skipping probe: too short (len=2409, chunk_size=2500)
Skipping probe: too short (len=834, chunk_size=2500)
Skipping probe: too short (len=1506, chunk_size=2500)
Skipping probe: too short (len=1454, chunk_size=2500)
Skipping probe: too short (len=1958, chunk_size=2500)
Skipping probe: too short (len=982, chunk_size=2500)
Skipping probe: too short (len=1880, chunk_size=2500)
Skipping probe: too short (len=559, chunk_size=2500)
Skipping probe: too short (len=1906, chunk_size=2500)
Skipping probe: too short (len=1563, chunk_size=2500)
Skipping probe: too short (len=1335, chunk_size=2500)
Skipping probe: too short (len=906, chunk_size=2500)
Skipping probe: too short (len=1763, chunk_size=2500)
Skipping probe: too short (len=1995, chunk_size=2500)
Skipping probe: too short (len=2252, chunk_size=2500)
Skipping probe: too short (len=2340, chunk_size=2500)
Skipping probe: too short (len=670, chunk_size=2500)
Skipping probe: too short (len=886, chunk_size=2500)
Skipping probe: too short (len=1871, chunk_size=2500)
Skipping probe: too short (len=1021, chunk_size=2500)
Skipping probe: too short (len=2058, chunk_size=2500)
Skipping probe: too short (len=1266, chunk_size=2500)
Skipping probe: too short (len=632, chunk_size=2500)
Skipping probe: too short (len=559, chunk_size=2500)
Skipping probe: too short (len=1906, chunk_size=2500)
Skipping probe: too short (len=1563, chunk_size=2500)
Skipping probe: too short (len=1335, chunk_size=2500)
Skipping probe: too short (len=906, chunk_size=2500)
Skipping probe: too short (len=1619, chunk_size=2500)
Skipping probe: too short (len=1266, chunk_size=2500)
Skipping probe: too short (len=1958, chunk_size=2500)
Skipping probe: too short (len=1023, chunk_size=2500)
Skipping probe: too short (len=2171, chunk_size=2500)
Skipping probe: too short (len=1924, chunk_size=2500)
Skipping probe: too short (len=2341, chunk_size=2500)
Skipping probe: too short (len=2216, chunk_size=2500)
Skipping probe: too short (len=2445, chunk_size=2500)
Skipping probe: too short (len=2409, chunk_size=2500)
Skipping probe: too short (len=834, chunk_size=2500)
Skipping probe: too short (len=1506, chunk_size=2500)
Skipping probe: too short (len=1450, chunk_size=2500)
Skipping probe: too short (len=2058, chunk_size=2500)
Skipping probe: too short (len=2436, chunk_size=2500)
Skipping probe: too short (len=2176, chunk_size=2500)
Skipping probe: too short (len=1880, chunk_size=2500)
Skipping probe: too short (len=670, chunk_size=2500)
Skipping probe: too short (len=886, chunk_size=2500)
Skipping probe: too short (len=1995, chunk_size=2500)
Skipping probe: too short (len=2252, chunk_size=2500)
Skipping probe: too short (len=1871, chunk_size=2500)
Skipping probe: too short (len=1021, chunk_size=2500)
Skipping probe: too short (len=632, chunk_size=2500)
Skipping probe: too short (len=1454, chunk_size=2500)
Skipping probe: too short (len=1349, chunk_size=2500)
Skipping probe: too short (len=982, chunk_size=2500)
Skipping probe: too short (len=1763, chunk_size=2500)
Skipping probe: too short (len=1604, chunk_size=2500)
Skipping probe: too short (len=2340, chunk_size=2500)
[I 2026-03-09 14:26:50,327] Trial 30 pruned. 
Skipping probe: too short (len=1023, chunk_size=2100)
Skipping probe: too short (len=982, chunk_size=2100)
Skipping probe: too short (len=1958, chunk_size=2100)
Skipping probe: too short (len=2058, chunk_size=2100)
Skipping probe: too short (len=1450, chunk_size=2100)
Skipping probe: too short (len=1924, chunk_size=2100)
Skipping probe: too short (len=834, chunk_size=2100)
Skipping probe: too short (len=1506, chunk_size=2100)
Skipping probe: too short (len=1349, chunk_size=2100)
Skipping probe: too short (len=1454, chunk_size=2100)
Skipping probe: too short (len=1604, chunk_size=2100)
Skipping probe: too short (len=1266, chunk_size=2100)
Skipping probe: too short (len=1763, chunk_size=2100)
Skipping probe: too short (len=632, chunk_size=2100)
Skipping probe: too short (len=559, chunk_size=2100)
Skipping probe: too short (len=1906, chunk_size=2100)
Skipping probe: too short (len=1563, chunk_size=2100)
Skipping probe: too short (len=1335, chunk_size=2100)
Skipping probe: too short (len=906, chunk_size=2100)
Skipping probe: too short (len=670, chunk_size=2100)
Skipping probe: too short (len=886, chunk_size=2100)
Skipping probe: too short (len=1880, chunk_size=2100)
Skipping probe: too short (len=1619, chunk_size=2100)
Skipping probe: too short (len=1995, chunk_size=2100)
Skipping probe: too short (len=1871, chunk_size=2100)
Skipping probe: too short (len=1021, chunk_size=2100)
Skipping probe: too short (len=670, chunk_size=2100)
Skipping probe: too short (len=886, chunk_size=2100)
Skipping probe: too short (len=1023, chunk_size=2100)
Skipping probe: too short (len=1349, chunk_size=2100)
Skipping probe: too short (len=1958, chunk_size=2100)
Skipping probe: too short (len=1450, chunk_size=2100)
Skipping probe: too short (len=559, chunk_size=2100)
Skipping probe: too short (len=1906, chunk_size=2100)
Skipping probe: too short (len=1563, chunk_size=2100)
Skipping probe: too short (len=1335, chunk_size=2100)
Skipping probe: too short (len=906, chunk_size=2100)
Skipping probe: too short (len=1880, chunk_size=2100)
Skipping probe: too short (len=1604, chunk_size=2100)
Skipping probe: too short (len=1454, chunk_size=2100)
Skipping probe: too short (len=1619, chunk_size=2100)
Skipping probe: too short (len=1763, chunk_size=2100)
Skipping probe: too short (len=1924, chunk_size=2100)
Skipping probe: too short (len=834, chunk_size=2100)
Skipping probe: too short (len=1506, chunk_size=2100)
Skipping probe: too short (len=982, chunk_size=2100)
Skipping probe: too short (len=1871, chunk_size=2100)
Skipping probe: too short (len=1021, chunk_size=2100)
Skipping probe: too short (len=1995, chunk_size=2100)
Skipping probe: too short (len=1266, chunk_size=2100)
Skipping probe: too short (len=2058, chunk_size=2100)
Skipping probe: too short (len=632, chunk_size=2100)
Skipping probe: too short (len=559, chunk_size=2100)
Skipping probe: too short (len=1906, chunk_size=2100)
Skipping probe: too short (len=1563, chunk_size=2100)
Skipping probe: too short (len=1335, chunk_size=2100)
Skipping probe: too short (len=906, chunk_size=2100)
Skipping probe: too short (len=1023, chunk_size=2100)
Skipping probe: too short (len=1266, chunk_size=2100)
Skipping probe: too short (len=1450, chunk_size=2100)
Skipping probe: too short (len=2058, chunk_size=2100)
Skipping probe: too short (len=1924, chunk_size=2100)
Skipping probe: too short (len=834, chunk_size=2100)
Skipping probe: too short (len=1506, chunk_size=2100)
Skipping probe: too short (len=1619, chunk_size=2100)
Skipping probe: too short (len=1958, chunk_size=2100)
Skipping probe: too short (len=1880, chunk_size=2100)
Skipping probe: too short (len=670, chunk_size=2100)
Skipping probe: too short (len=886, chunk_size=2100)
Skipping probe: too short (len=632, chunk_size=2100)
Skipping probe: too short (len=1995, chunk_size=2100)
Skipping probe: too short (len=1871, chunk_size=2100)
Skipping probe: too short (len=1021, chunk_size=2100)
Skipping probe: too short (len=1454, chunk_size=2100)
Skipping probe: too short (len=1349, chunk_size=2100)
Skipping probe: too short (len=982, chunk_size=2100)
Skipping probe: too short (len=1763, chunk_size=2100)
Skipping probe: too short (len=1604, chunk_size=2100)
[I 2026-03-09 14:40:45,645] Trial 31 pruned. 
Skipping probe: too short (len=2176, chunk_size=2300)
Skipping probe: too short (len=1023, chunk_size=2300)
Skipping probe: too short (len=2171, chunk_size=2300)
Skipping probe: too short (len=1349, chunk_size=2300)
Skipping probe: too short (len=2058, chunk_size=2300)
Skipping probe: too short (len=1454, chunk_size=2300)
Skipping probe: too short (len=670, chunk_size=2300)
Skipping probe: too short (len=886, chunk_size=2300)
Skipping probe: too short (len=1604, chunk_size=2300)
Skipping probe: too short (len=559, chunk_size=2300)
Skipping probe: too short (len=1906, chunk_size=2300)
Skipping probe: too short (len=1563, chunk_size=2300)
Skipping probe: too short (len=1335, chunk_size=2300)
Skipping probe: too short (len=906, chunk_size=2300)
Skipping probe: too short (len=1924, chunk_size=2300)
Skipping probe: too short (len=2216, chunk_size=2300)
Skipping probe: too short (len=834, chunk_size=2300)
Skipping probe: too short (len=1506, chunk_size=2300)
Skipping probe: too short (len=1958, chunk_size=2300)
Skipping probe: too short (len=1450, chunk_size=2300)
Skipping probe: too short (len=982, chunk_size=2300)
Skipping probe: too short (len=1266, chunk_size=2300)
Skipping probe: too short (len=1763, chunk_size=2300)
Skipping probe: too short (len=632, chunk_size=2300)
Skipping probe: too short (len=1619, chunk_size=2300)
Skipping probe: too short (len=1880, chunk_size=2300)
Skipping probe: too short (len=1995, chunk_size=2300)
Skipping probe: too short (len=2252, chunk_size=2300)
Skipping probe: too short (len=1871, chunk_size=2300)
Skipping probe: too short (len=1021, chunk_size=2300)
Skipping probe: too short (len=1349, chunk_size=2300)
Skipping probe: too short (len=2176, chunk_size=2300)
Skipping probe: too short (len=982, chunk_size=2300)
Skipping probe: too short (len=559, chunk_size=2300)
Skipping probe: too short (len=1906, chunk_size=2300)
Skipping probe: too short (len=1563, chunk_size=2300)
Skipping probe: too short (len=1335, chunk_size=2300)
Skipping probe: too short (len=906, chunk_size=2300)
Skipping probe: too short (len=1023, chunk_size=2300)
Skipping probe: too short (len=2171, chunk_size=2300)
Skipping probe: too short (len=1880, chunk_size=2300)
Skipping probe: too short (len=1454, chunk_size=2300)
Skipping probe: too short (len=1924, chunk_size=2300)
Skipping probe: too short (len=2216, chunk_size=2300)
Skipping probe: too short (len=834, chunk_size=2300)
Skipping probe: too short (len=1506, chunk_size=2300)
Skipping probe: too short (len=1958, chunk_size=2300)
Skipping probe: too short (len=1995, chunk_size=2300)
Skipping probe: too short (len=2252, chunk_size=2300)
Skipping probe: too short (len=670, chunk_size=2300)
Skipping probe: too short (len=886, chunk_size=2300)
Skipping probe: too short (len=1450, chunk_size=2300)
Skipping probe: too short (len=1604, chunk_size=2300)
Skipping probe: too short (len=1619, chunk_size=2300)
Skipping probe: too short (len=1763, chunk_size=2300)
Skipping probe: too short (len=1871, chunk_size=2300)
Skipping probe: too short (len=1021, chunk_size=2300)
Skipping probe: too short (len=1266, chunk_size=2300)
Skipping probe: too short (len=2058, chunk_size=2300)
Skipping probe: too short (len=632, chunk_size=2300)
Skipping probe: too short (len=2176, chunk_size=2300)
Skipping probe: too short (len=1266, chunk_size=2300)
Skipping probe: too short (len=1450, chunk_size=2300)
Skipping probe: too short (len=1924, chunk_size=2300)
Skipping probe: too short (len=2216, chunk_size=2300)
Skipping probe: too short (len=834, chunk_size=2300)
Skipping probe: too short (len=1506, chunk_size=2300)
Skipping probe: too short (len=1023, chunk_size=2300)
Skipping probe: too short (len=2171, chunk_size=2300)
Skipping probe: too short (len=1958, chunk_size=2300)
Skipping probe: too short (len=2058, chunk_size=2300)
Skipping probe: too short (len=1619, chunk_size=2300)
Skipping probe: too short (len=1880, chunk_size=2300)
Skipping probe: too short (len=1995, chunk_size=2300)
Skipping probe: too short (len=2252, chunk_size=2300)
Skipping probe: too short (len=559, chunk_size=2300)
Skipping probe: too short (len=1906, chunk_size=2300)
Skipping probe: too short (len=1563, chunk_size=2300)
Skipping probe: too short (len=1335, chunk_size=2300)
Skipping probe: too short (len=906, chunk_size=2300)
Skipping probe: too short (len=632, chunk_size=2300)
Skipping probe: too short (len=670, chunk_size=2300)
Skipping probe: too short (len=886, chunk_size=2300)
Skipping probe: too short (len=1871, chunk_size=2300)
Skipping probe: too short (len=1021, chunk_size=2300)
Skipping probe: too short (len=1349, chunk_size=2300)
Skipping probe: too short (len=1454, chunk_size=2300)
Skipping probe: too short (len=982, chunk_size=2300)
Skipping probe: too short (len=1604, chunk_size=2300)
Skipping probe: too short (len=1763, chunk_size=2300)
Skipping probe: too short (len=1958, chunk_size=2300)
Skipping probe: too short (len=1454, chunk_size=2300)
Skipping probe: too short (len=1349, chunk_size=2300)
Skipping probe: too short (len=2058, chunk_size=2300)
Skipping probe: too short (len=1023, chunk_size=2300)
Skipping probe: too short (len=2171, chunk_size=2300)
Skipping probe: too short (len=1924, chunk_size=2300)
Skipping probe: too short (len=2216, chunk_size=2300)
Skipping probe: too short (len=834, chunk_size=2300)
Skipping probe: too short (len=1506, chunk_size=2300)
Skipping probe: too short (len=1604, chunk_size=2300)
Skipping probe: too short (len=1450, chunk_size=2300)
Skipping probe: too short (len=1619, chunk_size=2300)
Skipping probe: too short (len=1763, chunk_size=2300)
Skipping probe: too short (len=1880, chunk_size=2300)
Skipping probe: too short (len=982, chunk_size=2300)
Skipping probe: too short (len=1871, chunk_size=2300)
Skipping probe: too short (len=1021, chunk_size=2300)
Skipping probe: too short (len=1266, chunk_size=2300)
Skipping probe: too short (len=632, chunk_size=2300)
Skipping probe: too short (len=1995, chunk_size=2300)
Skipping probe: too short (len=2252, chunk_size=2300)
Skipping probe: too short (len=670, chunk_size=2300)
Skipping probe: too short (len=886, chunk_size=2300)
Skipping probe: too short (len=2176, chunk_size=2300)
Skipping probe: too short (len=559, chunk_size=2300)
Skipping probe: too short (len=1906, chunk_size=2300)
Skipping probe: too short (len=1563, chunk_size=2300)
Skipping probe: too short (len=1335, chunk_size=2300)
Skipping probe: too short (len=906, chunk_size=2300)
Skipping probe: too short (len=982, chunk_size=2300)
Skipping probe: too short (len=1349, chunk_size=2300)
Skipping probe: too short (len=2176, chunk_size=2300)
Skipping probe: too short (len=2058, chunk_size=2300)
Skipping probe: too short (len=1880, chunk_size=2300)
Skipping probe: too short (len=1454, chunk_size=2300)
Skipping probe: too short (len=1619, chunk_size=2300)
Skipping probe: too short (len=559, chunk_size=2300)
Skipping probe: too short (len=1906, chunk_size=2300)
Skipping probe: too short (len=1563, chunk_size=2300)
Skipping probe: too short (len=1335, chunk_size=2300)
Skipping probe: too short (len=906, chunk_size=2300)
Skipping probe: too short (len=1266, chunk_size=2300)
Skipping probe: too short (len=1604, chunk_size=2300)
Skipping probe: too short (len=1763, chunk_size=2300)
Skipping probe: too short (len=1995, chunk_size=2300)
Skipping probe: too short (len=2252, chunk_size=2300)
Skipping probe: too short (len=632, chunk_size=2300)
Skipping probe: too short (len=1871, chunk_size=2300)
Skipping probe: too short (len=1021, chunk_size=2300)
Skipping probe: too short (len=1450, chunk_size=2300)
Skipping probe: too short (len=1958, chunk_size=2300)
Skipping probe: too short (len=1023, chunk_size=2300)
Skipping probe: too short (len=2171, chunk_size=2300)
Skipping probe: too short (len=1924, chunk_size=2300)
Skipping probe: too short (len=2216, chunk_size=2300)
Skipping probe: too short (len=834, chunk_size=2300)
Skipping probe: too short (len=1506, chunk_size=2300)
Skipping probe: too short (len=670, chunk_size=2300)
Skipping probe: too short (len=886, chunk_size=2300)
Trial 32 F1s - Weighted: 0.7151 | Macro: 0.1954 | Micro: 0.7470

[I 2026-03-09 14:51:35,652] Trial 32 finished with value: 0.7150772607116007 and parameters: {'chunk_seconds': 23, 'num_freqs': 1, 'num_estimators': 64, 'max_depth': 32, 'max_features': 0.2689324564020143, 'overlap': 0.4632282451588036, 'max_lag': 18}. Best is trial 27 with value: 0.7202454393028489.
Skipping probe: too short (len=2176, chunk_size=2400)
Skipping probe: too short (len=1604, chunk_size=2400)
Skipping probe: too short (len=982, chunk_size=2400)
Skipping probe: too short (len=1924, chunk_size=2400)
Skipping probe: too short (len=2341, chunk_size=2400)
Skipping probe: too short (len=2216, chunk_size=2400)
Skipping probe: too short (len=834, chunk_size=2400)
Skipping probe: too short (len=1506, chunk_size=2400)
Skipping probe: too short (len=559, chunk_size=2400)
Skipping probe: too short (len=1906, chunk_size=2400)
Skipping probe: too short (len=1563, chunk_size=2400)
Skipping probe: too short (len=1335, chunk_size=2400)
Skipping probe: too short (len=906, chunk_size=2400)
Skipping probe: too short (len=1763, chunk_size=2400)
Skipping probe: too short (len=1349, chunk_size=2400)
Skipping probe: too short (len=1266, chunk_size=2400)
Skipping probe: too short (len=1958, chunk_size=2400)
Skipping probe: too short (len=1023, chunk_size=2400)
Skipping probe: too short (len=2171, chunk_size=2400)
Skipping probe: too short (len=1454, chunk_size=2400)
Skipping probe: too short (len=1450, chunk_size=2400)
Skipping probe: too short (len=2058, chunk_size=2400)
Skipping probe: too short (len=670, chunk_size=2400)
Skipping probe: too short (len=886, chunk_size=2400)
Skipping probe: too short (len=632, chunk_size=2400)
Skipping probe: too short (len=2340, chunk_size=2400)
Skipping probe: too short (len=1619, chunk_size=2400)
Skipping probe: too short (len=1880, chunk_size=2400)
Skipping probe: too short (len=1995, chunk_size=2400)
Skipping probe: too short (len=2252, chunk_size=2400)
Skipping probe: too short (len=1871, chunk_size=2400)
Skipping probe: too short (len=1021, chunk_size=2400)
Skipping probe: too short (len=1604, chunk_size=2400)
Skipping probe: too short (len=1349, chunk_size=2400)
Skipping probe: too short (len=2176, chunk_size=2400)
Skipping probe: too short (len=1023, chunk_size=2400)
Skipping probe: too short (len=2171, chunk_size=2400)
Skipping probe: too short (len=559, chunk_size=2400)
Skipping probe: too short (len=1906, chunk_size=2400)
Skipping probe: too short (len=1563, chunk_size=2400)
Skipping probe: too short (len=1335, chunk_size=2400)
Skipping probe: too short (len=906, chunk_size=2400)
Skipping probe: too short (len=1924, chunk_size=2400)
Skipping probe: too short (len=2341, chunk_size=2400)
Skipping probe: too short (len=2216, chunk_size=2400)
Skipping probe: too short (len=834, chunk_size=2400)
Skipping probe: too short (len=1506, chunk_size=2400)
Skipping probe: too short (len=1454, chunk_size=2400)
Skipping probe: too short (len=1450, chunk_size=2400)
Skipping probe: too short (len=982, chunk_size=2400)
Skipping probe: too short (len=1958, chunk_size=2400)
Skipping probe: too short (len=1619, chunk_size=2400)
Skipping probe: too short (len=1763, chunk_size=2400)
Skipping probe: too short (len=1880, chunk_size=2400)
Skipping probe: too short (len=2340, chunk_size=2400)
Skipping probe: too short (len=1995, chunk_size=2400)
Skipping probe: too short (len=2252, chunk_size=2400)
Skipping probe: too short (len=670, chunk_size=2400)
Skipping probe: too short (len=886, chunk_size=2400)
Skipping probe: too short (len=1871, chunk_size=2400)
Skipping probe: too short (len=1021, chunk_size=2400)
Skipping probe: too short (len=1266, chunk_size=2400)
Skipping probe: too short (len=2058, chunk_size=2400)
Skipping probe: too short (len=632, chunk_size=2400)
Skipping probe: too short (len=2058, chunk_size=2400)
Skipping probe: too short (len=2176, chunk_size=2400)
Skipping probe: too short (len=559, chunk_size=2400)
Skipping probe: too short (len=1906, chunk_size=2400)
Skipping probe: too short (len=1563, chunk_size=2400)
Skipping probe: too short (len=1335, chunk_size=2400)
Skipping probe: too short (len=906, chunk_size=2400)
Skipping probe: too short (len=1958, chunk_size=2400)
Skipping probe: too short (len=1924, chunk_size=2400)
Skipping probe: too short (len=2341, chunk_size=2400)
Skipping probe: too short (len=2216, chunk_size=2400)
Skipping probe: too short (len=834, chunk_size=2400)
Skipping probe: too short (len=1506, chunk_size=2400)
Skipping probe: too short (len=1619, chunk_size=2400)
Skipping probe: too short (len=1023, chunk_size=2400)
Skipping probe: too short (len=2171, chunk_size=2400)
Skipping probe: too short (len=1450, chunk_size=2400)
Skipping probe: too short (len=1266, chunk_size=2400)
Skipping probe: too short (len=632, chunk_size=2400)
Skipping probe: too short (len=1880, chunk_size=2400)
Skipping probe: too short (len=670, chunk_size=2400)
Skipping probe: too short (len=886, chunk_size=2400)
Skipping probe: too short (len=1871, chunk_size=2400)
Skipping probe: too short (len=1021, chunk_size=2400)
Skipping probe: too short (len=1995, chunk_size=2400)
Skipping probe: too short (len=2252, chunk_size=2400)
Skipping probe: too short (len=1349, chunk_size=2400)
Skipping probe: too short (len=1454, chunk_size=2400)
Skipping probe: too short (len=1604, chunk_size=2400)
Skipping probe: too short (len=982, chunk_size=2400)
Skipping probe: too short (len=2340, chunk_size=2400)
Skipping probe: too short (len=1763, chunk_size=2400)
Skipping probe: too short (len=1924, chunk_size=2400)
Skipping probe: too short (len=2341, chunk_size=2400)
Skipping probe: too short (len=2216, chunk_size=2400)
Skipping probe: too short (len=834, chunk_size=2400)
Skipping probe: too short (len=1506, chunk_size=2400)
Skipping probe: too short (len=1266, chunk_size=2400)
Skipping probe: too short (len=1604, chunk_size=2400)
Skipping probe: too short (len=2058, chunk_size=2400)
Skipping probe: too short (len=1349, chunk_size=2400)
Skipping probe: too short (len=982, chunk_size=2400)
Skipping probe: too short (len=1454, chunk_size=2400)
Skipping probe: too short (len=1450, chunk_size=2400)
Skipping probe: too short (len=1958, chunk_size=2400)
Skipping probe: too short (len=1023, chunk_size=2400)
Skipping probe: too short (len=2171, chunk_size=2400)
Skipping probe: too short (len=1619, chunk_size=2400)
Skipping probe: too short (len=2340, chunk_size=2400)
Skipping probe: too short (len=1995, chunk_size=2400)
Skipping probe: too short (len=2252, chunk_size=2400)
Skipping probe: too short (len=1763, chunk_size=2400)
Skipping probe: too short (len=1880, chunk_size=2400)
Skipping probe: too short (len=632, chunk_size=2400)
Skipping probe: too short (len=1871, chunk_size=2400)
Skipping probe: too short (len=1021, chunk_size=2400)
Skipping probe: too short (len=670, chunk_size=2400)
Skipping probe: too short (len=886, chunk_size=2400)
Skipping probe: too short (len=2176, chunk_size=2400)
Skipping probe: too short (len=559, chunk_size=2400)
Skipping probe: too short (len=1906, chunk_size=2400)
Skipping probe: too short (len=1563, chunk_size=2400)
Skipping probe: too short (len=1335, chunk_size=2400)
Skipping probe: too short (len=906, chunk_size=2400)
Skipping probe: too short (len=2176, chunk_size=2400)
Skipping probe: too short (len=1604, chunk_size=2400)
Skipping probe: too short (len=1454, chunk_size=2400)
Skipping probe: too short (len=982, chunk_size=2400)
Skipping probe: too short (len=2058, chunk_size=2400)
Skipping probe: too short (len=559, chunk_size=2400)
Skipping probe: too short (len=1906, chunk_size=2400)
Skipping probe: too short (len=1563, chunk_size=2400)
Skipping probe: too short (len=1335, chunk_size=2400)
Skipping probe: too short (len=906, chunk_size=2400)
Skipping probe: too short (len=1266, chunk_size=2400)
Skipping probe: too short (len=1880, chunk_size=2400)
Skipping probe: too short (len=1349, chunk_size=2400)
Skipping probe: too short (len=1619, chunk_size=2400)
Skipping probe: too short (len=1763, chunk_size=2400)
Skipping probe: too short (len=1871, chunk_size=2400)
Skipping probe: too short (len=1021, chunk_size=2400)
Skipping probe: too short (len=632, chunk_size=2400)
Skipping probe: too short (len=1995, chunk_size=2400)
Skipping probe: too short (len=2252, chunk_size=2400)
Skipping probe: too short (len=2340, chunk_size=2400)
Skipping probe: too short (len=1450, chunk_size=2400)
Skipping probe: too short (len=1023, chunk_size=2400)
Skipping probe: too short (len=2171, chunk_size=2400)
Skipping probe: too short (len=1958, chunk_size=2400)
Skipping probe: too short (len=1924, chunk_size=2400)
Skipping probe: too short (len=2341, chunk_size=2400)
Skipping probe: too short (len=2216, chunk_size=2400)
Skipping probe: too short (len=834, chunk_size=2400)
Skipping probe: too short (len=1506, chunk_size=2400)
Skipping probe: too short (len=670, chunk_size=2400)
Skipping probe: too short (len=886, chunk_size=2400)
Trial 33 F1s - Weighted: 0.7125 | Macro: 0.1906 | Micro: 0.7462

[I 2026-03-09 15:05:43,308] Trial 33 finished with value: 0.712476186399951 and parameters: {'chunk_seconds': 24, 'num_freqs': 3, 'num_estimators': 32, 'max_depth': 64, 'max_features': 0.34823993982482204, 'overlap': 0.7110164173296413, 'max_lag': 16}. Best is trial 27 with value: 0.7202454393028489.
Skipping probe: too short (len=559, chunk_size=2100)
Skipping probe: too short (len=1906, chunk_size=2100)
Skipping probe: too short (len=1563, chunk_size=2100)
Skipping probe: too short (len=1335, chunk_size=2100)
Skipping probe: too short (len=906, chunk_size=2100)
Skipping probe: too short (len=1450, chunk_size=2100)
Skipping probe: too short (len=1604, chunk_size=2100)
Skipping probe: too short (len=1924, chunk_size=2100)
Skipping probe: too short (len=834, chunk_size=2100)
Skipping probe: too short (len=1506, chunk_size=2100)
Skipping probe: too short (len=2058, chunk_size=2100)
Skipping probe: too short (len=1454, chunk_size=2100)
Skipping probe: too short (len=1023, chunk_size=2100)
Skipping probe: too short (len=1958, chunk_size=2100)
Skipping probe: too short (len=1349, chunk_size=2100)
Skipping probe: too short (len=1266, chunk_size=2100)
Skipping probe: too short (len=1763, chunk_size=2100)
Skipping probe: too short (len=982, chunk_size=2100)
Skipping probe: too short (len=632, chunk_size=2100)
Skipping probe: too short (len=670, chunk_size=2100)
Skipping probe: too short (len=886, chunk_size=2100)
Skipping probe: too short (len=1619, chunk_size=2100)
Skipping probe: too short (len=1880, chunk_size=2100)
Skipping probe: too short (len=1995, chunk_size=2100)
Skipping probe: too short (len=1871, chunk_size=2100)
Skipping probe: too short (len=1021, chunk_size=2100)
Skipping probe: too short (len=1763, chunk_size=2100)
Skipping probe: too short (len=1349, chunk_size=2100)
Skipping probe: too short (len=1604, chunk_size=2100)
Skipping probe: too short (len=1454, chunk_size=2100)
Skipping probe: too short (len=1958, chunk_size=2100)
Skipping probe: too short (len=1450, chunk_size=2100)
Skipping probe: too short (len=1619, chunk_size=2100)
Skipping probe: too short (len=1023, chunk_size=2100)
Skipping probe: too short (len=1924, chunk_size=2100)
Skipping probe: too short (len=834, chunk_size=2100)
Skipping probe: too short (len=1506, chunk_size=2100)
Skipping probe: too short (len=1880, chunk_size=2100)
Skipping probe: too short (len=982, chunk_size=2100)
Skipping probe: too short (len=559, chunk_size=2100)
Skipping probe: too short (len=1906, chunk_size=2100)
Skipping probe: too short (len=1563, chunk_size=2100)
Skipping probe: too short (len=1335, chunk_size=2100)
Skipping probe: too short (len=906, chunk_size=2100)
Skipping probe: too short (len=670, chunk_size=2100)
Skipping probe: too short (len=886, chunk_size=2100)
Skipping probe: too short (len=1871, chunk_size=2100)
Skipping probe: too short (len=1021, chunk_size=2100)
Skipping probe: too short (len=1995, chunk_size=2100)
Skipping probe: too short (len=2058, chunk_size=2100)
Skipping probe: too short (len=1266, chunk_size=2100)
Skipping probe: too short (len=632, chunk_size=2100)
[I 2026-03-09 15:13:18,683] Trial 34 pruned. 
Skipping probe: too short (len=1266, chunk_size=1700)
Skipping probe: too short (len=1454, chunk_size=1700)
Skipping probe: too short (len=1450, chunk_size=1700)
Skipping probe: too short (len=1023, chunk_size=1700)
Skipping probe: too short (len=1604, chunk_size=1700)
Skipping probe: too short (len=559, chunk_size=1700)
Skipping probe: too short (len=1563, chunk_size=1700)
Skipping probe: too short (len=1335, chunk_size=1700)
Skipping probe: too short (len=906, chunk_size=1700)
Skipping probe: too short (len=1349, chunk_size=1700)
Skipping probe: too short (len=834, chunk_size=1700)
Skipping probe: too short (len=1506, chunk_size=1700)
Skipping probe: too short (len=670, chunk_size=1700)
Skipping probe: too short (len=886, chunk_size=1700)
Skipping probe: too short (len=982, chunk_size=1700)
Skipping probe: too short (len=632, chunk_size=1700)
Skipping probe: too short (len=1021, chunk_size=1700)
Skipping probe: too short (len=1619, chunk_size=1700)
Skipping probe: too short (len=1349, chunk_size=1700)
Skipping probe: too short (len=1454, chunk_size=1700)
Skipping probe: too short (len=1023, chunk_size=1700)
Skipping probe: too short (len=834, chunk_size=1700)
Skipping probe: too short (len=1506, chunk_size=1700)
Skipping probe: too short (len=1450, chunk_size=1700)
Skipping probe: too short (len=559, chunk_size=1700)
Skipping probe: too short (len=1563, chunk_size=1700)
Skipping probe: too short (len=1335, chunk_size=1700)
Skipping probe: too short (len=906, chunk_size=1700)
Skipping probe: too short (len=1619, chunk_size=1700)
Skipping probe: too short (len=982, chunk_size=1700)
Skipping probe: too short (len=1604, chunk_size=1700)
Skipping probe: too short (len=670, chunk_size=1700)
Skipping probe: too short (len=886, chunk_size=1700)
Skipping probe: too short (len=1021, chunk_size=1700)
Skipping probe: too short (len=1266, chunk_size=1700)
Skipping probe: too short (len=632, chunk_size=1700)
Skipping probe: too short (len=559, chunk_size=1700)
Skipping probe: too short (len=1563, chunk_size=1700)
Skipping probe: too short (len=1335, chunk_size=1700)
Skipping probe: too short (len=906, chunk_size=1700)
Skipping probe: too short (len=1023, chunk_size=1700)
Skipping probe: too short (len=1450, chunk_size=1700)
Skipping probe: too short (len=1266, chunk_size=1700)
Skipping probe: too short (len=834, chunk_size=1700)
Skipping probe: too short (len=1506, chunk_size=1700)
Skipping probe: too short (len=670, chunk_size=1700)
Skipping probe: too short (len=886, chunk_size=1700)
Skipping probe: too short (len=1619, chunk_size=1700)
Skipping probe: too short (len=1021, chunk_size=1700)
Skipping probe: too short (len=632, chunk_size=1700)
Skipping probe: too short (len=1349, chunk_size=1700)
Skipping probe: too short (len=1454, chunk_size=1700)
Skipping probe: too short (len=982, chunk_size=1700)
Skipping probe: too short (len=1604, chunk_size=1700)
Skipping probe: too short (len=1604, chunk_size=1700)
Skipping probe: too short (len=1349, chunk_size=1700)
Skipping probe: too short (len=1450, chunk_size=1700)
Skipping probe: too short (len=1454, chunk_size=1700)
Skipping probe: too short (len=1266, chunk_size=1700)
Skipping probe: too short (len=1023, chunk_size=1700)
Skipping probe: too short (len=982, chunk_size=1700)
Skipping probe: too short (len=834, chunk_size=1700)
Skipping probe: too short (len=1506, chunk_size=1700)
Skipping probe: too short (len=632, chunk_size=1700)
Skipping probe: too short (len=1619, chunk_size=1700)
Skipping probe: too short (len=670, chunk_size=1700)
Skipping probe: too short (len=886, chunk_size=1700)
Skipping probe: too short (len=1021, chunk_size=1700)
Skipping probe: too short (len=559, chunk_size=1700)
Skipping probe: too short (len=1563, chunk_size=1700)
Skipping probe: too short (len=1335, chunk_size=1700)
Skipping probe: too short (len=906, chunk_size=1700)
Skipping probe: too short (len=1604, chunk_size=1700)
Skipping probe: too short (len=1349, chunk_size=1700)
Skipping probe: too short (len=1266, chunk_size=1700)
Skipping probe: too short (len=982, chunk_size=1700)
Skipping probe: too short (len=559, chunk_size=1700)
Skipping probe: too short (len=1563, chunk_size=1700)
Skipping probe: too short (len=1335, chunk_size=1700)
Skipping probe: too short (len=906, chunk_size=1700)
Skipping probe: too short (len=1454, chunk_size=1700)
Skipping probe: too short (len=1619, chunk_size=1700)
Skipping probe: too short (len=1021, chunk_size=1700)
Skipping probe: too short (len=632, chunk_size=1700)
Skipping probe: too short (len=1450, chunk_size=1700)
Skipping probe: too short (len=1023, chunk_size=1700)
Skipping probe: too short (len=834, chunk_size=1700)
Skipping probe: too short (len=1506, chunk_size=1700)
Skipping probe: too short (len=670, chunk_size=1700)
Skipping probe: too short (len=886, chunk_size=1700)
Trial 35 F1s - Weighted: 0.7232 | Macro: 0.1994 | Micro: 0.7563

[I 2026-03-09 15:29:45,345] Trial 35 finished with value: 0.7232051850334993 and parameters: {'chunk_seconds': 17, 'num_freqs': 5, 'num_estimators': 64, 'max_depth': 32, 'max_features': 0.21266097257686647, 'overlap': 0.6371400520303114, 'max_lag': 21}. Best is trial 35 with value: 0.7232051850334993.
Skipping probe: too short (len=559, chunk_size=600)
Skipping probe: too short (len=559, chunk_size=600)
Skipping probe: too short (len=559, chunk_size=600)
[I 2026-03-09 15:45:15,229] Trial 36 pruned. 
Skipping probe: too short (len=1454, chunk_size=1700)
Skipping probe: too short (len=1266, chunk_size=1700)
Skipping probe: too short (len=1023, chunk_size=1700)
Skipping probe: too short (len=1450, chunk_size=1700)
Skipping probe: too short (len=559, chunk_size=1700)
Skipping probe: too short (len=1563, chunk_size=1700)
Skipping probe: too short (len=1335, chunk_size=1700)
Skipping probe: too short (len=906, chunk_size=1700)
Skipping probe: too short (len=1349, chunk_size=1700)
Skipping probe: too short (len=1604, chunk_size=1700)
Skipping probe: too short (len=834, chunk_size=1700)
Skipping probe: too short (len=1506, chunk_size=1700)
Skipping probe: too short (len=982, chunk_size=1700)
Skipping probe: too short (len=670, chunk_size=1700)
Skipping probe: too short (len=886, chunk_size=1700)
Skipping probe: too short (len=632, chunk_size=1700)
Skipping probe: too short (len=1619, chunk_size=1700)
Skipping probe: too short (len=1021, chunk_size=1700)
Skipping probe: too short (len=670, chunk_size=1700)
Skipping probe: too short (len=886, chunk_size=1700)
Skipping probe: too short (len=559, chunk_size=1700)
Skipping probe: too short (len=1563, chunk_size=1700)
Skipping probe: too short (len=1335, chunk_size=1700)
Skipping probe: too short (len=906, chunk_size=1700)
Skipping probe: too short (len=834, chunk_size=1700)
Skipping probe: too short (len=1506, chunk_size=1700)
Skipping probe: too short (len=1454, chunk_size=1700)
Skipping probe: too short (len=1450, chunk_size=1700)
Skipping probe: too short (len=1619, chunk_size=1700)
Skipping probe: too short (len=982, chunk_size=1700)
Skipping probe: too short (len=1604, chunk_size=1700)
Skipping probe: too short (len=1349, chunk_size=1700)
Skipping probe: too short (len=1023, chunk_size=1700)
Skipping probe: too short (len=1021, chunk_size=1700)
Skipping probe: too short (len=1266, chunk_size=1700)
Skipping probe: too short (len=632, chunk_size=1700)
[I 2026-03-09 15:50:07,467] Trial 37 pruned. 
Skipping probe: too short (len=982, chunk_size=1200)
Skipping probe: too short (len=559, chunk_size=1200)
Skipping probe: too short (len=906, chunk_size=1200)
Skipping probe: too short (len=834, chunk_size=1200)
Skipping probe: too short (len=1023, chunk_size=1200)
Skipping probe: too short (len=632, chunk_size=1200)
Skipping probe: too short (len=670, chunk_size=1200)
Skipping probe: too short (len=886, chunk_size=1200)
Skipping probe: too short (len=1021, chunk_size=1200)
Skipping probe: too short (len=559, chunk_size=1200)
Skipping probe: too short (len=906, chunk_size=1200)
Skipping probe: too short (len=1023, chunk_size=1200)
Skipping probe: too short (len=982, chunk_size=1200)
Skipping probe: too short (len=834, chunk_size=1200)
Skipping probe: too short (len=670, chunk_size=1200)
Skipping probe: too short (len=886, chunk_size=1200)
Skipping probe: too short (len=1021, chunk_size=1200)
Skipping probe: too short (len=632, chunk_size=1200)
Skipping probe: too short (len=559, chunk_size=1200)
Skipping probe: too short (len=906, chunk_size=1200)
Skipping probe: too short (len=834, chunk_size=1200)
Skipping probe: too short (len=1023, chunk_size=1200)
Skipping probe: too short (len=670, chunk_size=1200)
Skipping probe: too short (len=886, chunk_size=1200)
Skipping probe: too short (len=1021, chunk_size=1200)
Skipping probe: too short (len=632, chunk_size=1200)
Skipping probe: too short (len=982, chunk_size=1200)
Skipping probe: too short (len=1023, chunk_size=1200)
Skipping probe: too short (len=834, chunk_size=1200)
Skipping probe: too short (len=632, chunk_size=1200)
Skipping probe: too short (len=982, chunk_size=1200)
Skipping probe: too short (len=670, chunk_size=1200)
Skipping probe: too short (len=886, chunk_size=1200)
Skipping probe: too short (len=1021, chunk_size=1200)
Skipping probe: too short (len=559, chunk_size=1200)
Skipping probe: too short (len=906, chunk_size=1200)
Skipping probe: too short (len=982, chunk_size=1200)
Skipping probe: too short (len=559, chunk_size=1200)
Skipping probe: too short (len=906, chunk_size=1200)
Skipping probe: too short (len=1021, chunk_size=1200)
Skipping probe: too short (len=632, chunk_size=1200)
Skipping probe: too short (len=1023, chunk_size=1200)
Skipping probe: too short (len=834, chunk_size=1200)
Skipping probe: too short (len=670, chunk_size=1200)
Skipping probe: too short (len=886, chunk_size=1200)
Trial 38 F1s - Weighted: 0.7397 | Macro: 0.2394 | Micro: 0.7361

[I 2026-03-09 17:57:08,226] Trial 38 finished with value: 0.7397018778788533 and parameters: {'chunk_seconds': 12, 'num_freqs': 7, 'num_estimators': 512, 'max_depth': 16, 'max_features': 0.40102036497524474, 'overlap': 0.7526486815631296, 'max_lag': 18}. Best is trial 38 with value: 0.7397018778788533.
Skipping probe: too short (len=834, chunk_size=1200)
Skipping probe: too short (len=982, chunk_size=1200)
Skipping probe: too short (len=1023, chunk_size=1200)
Skipping probe: too short (len=559, chunk_size=1200)
Skipping probe: too short (len=906, chunk_size=1200)
Skipping probe: too short (len=632, chunk_size=1200)
Skipping probe: too short (len=670, chunk_size=1200)
Skipping probe: too short (len=886, chunk_size=1200)
Skipping probe: too short (len=1021, chunk_size=1200)
Skipping probe: too short (len=1023, chunk_size=1200)
Skipping probe: too short (len=834, chunk_size=1200)
Skipping probe: too short (len=559, chunk_size=1200)
Skipping probe: too short (len=906, chunk_size=1200)
Skipping probe: too short (len=982, chunk_size=1200)
Skipping probe: too short (len=670, chunk_size=1200)
Skipping probe: too short (len=886, chunk_size=1200)
Skipping probe: too short (len=1021, chunk_size=1200)
Skipping probe: too short (len=632, chunk_size=1200)
Skipping probe: too short (len=1023, chunk_size=1200)
Skipping probe: too short (len=834, chunk_size=1200)
Skipping probe: too short (len=559, chunk_size=1200)
Skipping probe: too short (len=906, chunk_size=1200)
Skipping probe: too short (len=1021, chunk_size=1200)
Skipping probe: too short (len=670, chunk_size=1200)
Skipping probe: too short (len=886, chunk_size=1200)
Skipping probe: too short (len=632, chunk_size=1200)
Skipping probe: too short (len=982, chunk_size=1200)
Skipping probe: too short (len=834, chunk_size=1200)
Skipping probe: too short (len=1023, chunk_size=1200)
Skipping probe: too short (len=982, chunk_size=1200)
Skipping probe: too short (len=670, chunk_size=1200)
Skipping probe: too short (len=886, chunk_size=1200)
Skipping probe: too short (len=1021, chunk_size=1200)
Skipping probe: too short (len=632, chunk_size=1200)
Skipping probe: too short (len=559, chunk_size=1200)
Skipping probe: too short (len=906, chunk_size=1200)
Skipping probe: too short (len=559, chunk_size=1200)
Skipping probe: too short (len=906, chunk_size=1200)
Skipping probe: too short (len=982, chunk_size=1200)
Skipping probe: too short (len=1021, chunk_size=1200)
Skipping probe: too short (len=632, chunk_size=1200)
Skipping probe: too short (len=834, chunk_size=1200)
Skipping probe: too short (len=1023, chunk_size=1200)
Skipping probe: too short (len=670, chunk_size=1200)
Skipping probe: too short (len=886, chunk_size=1200)
Trial 39 F1s - Weighted: 0.7378 | Macro: 0.2370 | Micro: 0.7371

[I 2026-03-09 19:29:56,779] Trial 39 finished with value: 0.7378246659326775 and parameters: {'chunk_seconds': 12, 'num_freqs': 7, 'num_estimators': 512, 'max_depth': 16, 'max_features': 0.606856761781238, 'overlap': 0.5446315391808605, 'max_lag': 16}. Best is trial 38 with value: 0.7397018778788533.
Skipping probe: too short (len=834, chunk_size=1200)
Skipping probe: too short (len=1023, chunk_size=1200)
Skipping probe: too short (len=982, chunk_size=1200)
Skipping probe: too short (len=670, chunk_size=1200)
Skipping probe: too short (len=886, chunk_size=1200)
Skipping probe: too short (len=559, chunk_size=1200)
Skipping probe: too short (len=906, chunk_size=1200)
Skipping probe: too short (len=632, chunk_size=1200)
Skipping probe: too short (len=1021, chunk_size=1200)
Skipping probe: too short (len=982, chunk_size=1200)
Skipping probe: too short (len=559, chunk_size=1200)
Skipping probe: too short (len=906, chunk_size=1200)
Skipping probe: too short (len=834, chunk_size=1200)
Skipping probe: too short (len=1023, chunk_size=1200)
Skipping probe: too short (len=1021, chunk_size=1200)
Skipping probe: too short (len=670, chunk_size=1200)
Skipping probe: too short (len=886, chunk_size=1200)
Skipping probe: too short (len=632, chunk_size=1200)
Skipping probe: too short (len=559, chunk_size=1200)
Skipping probe: too short (len=906, chunk_size=1200)
Skipping probe: too short (len=1023, chunk_size=1200)
Skipping probe: too short (len=834, chunk_size=1200)
Skipping probe: too short (len=670, chunk_size=1200)
Skipping probe: too short (len=886, chunk_size=1200)
Skipping probe: too short (len=1021, chunk_size=1200)
Skipping probe: too short (len=632, chunk_size=1200)
Skipping probe: too short (len=982, chunk_size=1200)
Skipping probe: too short (len=1023, chunk_size=1200)
Skipping probe: too short (len=834, chunk_size=1200)
Skipping probe: too short (len=982, chunk_size=1200)
Skipping probe: too short (len=670, chunk_size=1200)
Skipping probe: too short (len=886, chunk_size=1200)
Skipping probe: too short (len=632, chunk_size=1200)
Skipping probe: too short (len=1021, chunk_size=1200)
Skipping probe: too short (len=559, chunk_size=1200)
Skipping probe: too short (len=906, chunk_size=1200)
Skipping probe: too short (len=559, chunk_size=1200)
Skipping probe: too short (len=906, chunk_size=1200)
Skipping probe: too short (len=982, chunk_size=1200)
Skipping probe: too short (len=1021, chunk_size=1200)
Skipping probe: too short (len=632, chunk_size=1200)
Skipping probe: too short (len=834, chunk_size=1200)
Skipping probe: too short (len=1023, chunk_size=1200)
Skipping probe: too short (len=670, chunk_size=1200)
Skipping probe: too short (len=886, chunk_size=1200)
Trial 40 F1s - Weighted: 0.7373 | Macro: 0.2368 | Micro: 0.7341

[I 2026-03-09 21:15:13,359] Trial 40 finished with value: 0.7372629673357404 and parameters: {'chunk_seconds': 12, 'num_freqs': 12, 'num_estimators': 512, 'max_depth': 16, 'max_features': 0.6009245827187041, 'overlap': 0.5499433008187146, 'max_lag': 15}. Best is trial 38 with value: 0.7397018778788533.
Skipping probe: too short (len=834, chunk_size=1200)
Skipping probe: too short (len=1023, chunk_size=1200)
Skipping probe: too short (len=982, chunk_size=1200)
Skipping probe: too short (len=559, chunk_size=1200)
Skipping probe: too short (len=906, chunk_size=1200)
Skipping probe: too short (len=670, chunk_size=1200)
Skipping probe: too short (len=886, chunk_size=1200)
Skipping probe: too short (len=632, chunk_size=1200)
Skipping probe: too short (len=1021, chunk_size=1200)
Skipping probe: too short (len=670, chunk_size=1200)
Skipping probe: too short (len=886, chunk_size=1200)
Skipping probe: too short (len=559, chunk_size=1200)
Skipping probe: too short (len=906, chunk_size=1200)
Skipping probe: too short (len=1023, chunk_size=1200)
Skipping probe: too short (len=834, chunk_size=1200)
Skipping probe: too short (len=982, chunk_size=1200)
Skipping probe: too short (len=1021, chunk_size=1200)
Skipping probe: too short (len=632, chunk_size=1200)
Skipping probe: too short (len=559, chunk_size=1200)
Skipping probe: too short (len=906, chunk_size=1200)
Skipping probe: too short (len=834, chunk_size=1200)
Skipping probe: too short (len=1023, chunk_size=1200)
Skipping probe: too short (len=670, chunk_size=1200)
Skipping probe: too short (len=886, chunk_size=1200)
Skipping probe: too short (len=632, chunk_size=1200)
Skipping probe: too short (len=1021, chunk_size=1200)
Skipping probe: too short (len=982, chunk_size=1200)
Skipping probe: too short (len=982, chunk_size=1200)
Skipping probe: too short (len=1023, chunk_size=1200)
Skipping probe: too short (len=834, chunk_size=1200)
Skipping probe: too short (len=632, chunk_size=1200)
Skipping probe: too short (len=670, chunk_size=1200)
Skipping probe: too short (len=886, chunk_size=1200)
Skipping probe: too short (len=1021, chunk_size=1200)
Skipping probe: too short (len=559, chunk_size=1200)
Skipping probe: too short (len=906, chunk_size=1200)
Skipping probe: too short (len=982, chunk_size=1200)
Skipping probe: too short (len=559, chunk_size=1200)
Skipping probe: too short (len=906, chunk_size=1200)
Skipping probe: too short (len=1021, chunk_size=1200)
Skipping probe: too short (len=632, chunk_size=1200)
Skipping probe: too short (len=834, chunk_size=1200)
Skipping probe: too short (len=1023, chunk_size=1200)
Skipping probe: too short (len=670, chunk_size=1200)
Skipping probe: too short (len=886, chunk_size=1200)
Trial 41 F1s - Weighted: 0.7325 | Macro: 0.2332 | Micro: 0.7296

[I 2026-03-09 23:02:52,557] Trial 41 finished with value: 0.7324858509888178 and parameters: {'chunk_seconds': 12, 'num_freqs': 12, 'num_estimators': 512, 'max_depth': 16, 'max_features': 0.6335951530863276, 'overlap': 0.5350990776651, 'max_lag': 15}. Best is trial 38 with value: 0.7397018778788533.
Skipping probe: too short (len=1023, chunk_size=1100)
Skipping probe: too short (len=559, chunk_size=1100)
Skipping probe: too short (len=906, chunk_size=1100)
Skipping probe: too short (len=834, chunk_size=1100)
Skipping probe: too short (len=982, chunk_size=1100)
Skipping probe: too short (len=670, chunk_size=1100)
Skipping probe: too short (len=886, chunk_size=1100)
Skipping probe: too short (len=632, chunk_size=1100)
Skipping probe: too short (len=1021, chunk_size=1100)
Skipping probe: too short (len=834, chunk_size=1100)
Skipping probe: too short (len=982, chunk_size=1100)
Skipping probe: too short (len=559, chunk_size=1100)
Skipping probe: too short (len=906, chunk_size=1100)
Skipping probe: too short (len=1023, chunk_size=1100)
Skipping probe: too short (len=670, chunk_size=1100)
Skipping probe: too short (len=886, chunk_size=1100)
Skipping probe: too short (len=1021, chunk_size=1100)
Skipping probe: too short (len=632, chunk_size=1100)
Skipping probe: too short (len=834, chunk_size=1100)
Skipping probe: too short (len=1023, chunk_size=1100)
Skipping probe: too short (len=559, chunk_size=1100)
Skipping probe: too short (len=906, chunk_size=1100)
Skipping probe: too short (len=632, chunk_size=1100)
Skipping probe: too short (len=1021, chunk_size=1100)
Skipping probe: too short (len=670, chunk_size=1100)
Skipping probe: too short (len=886, chunk_size=1100)
Skipping probe: too short (len=982, chunk_size=1100)
Skipping probe: too short (len=1023, chunk_size=1100)
Skipping probe: too short (len=834, chunk_size=1100)
Skipping probe: too short (len=982, chunk_size=1100)
Skipping probe: too short (len=670, chunk_size=1100)
Skipping probe: too short (len=886, chunk_size=1100)
Skipping probe: too short (len=632, chunk_size=1100)
Skipping probe: too short (len=1021, chunk_size=1100)
Skipping probe: too short (len=559, chunk_size=1100)
Skipping probe: too short (len=906, chunk_size=1100)
Skipping probe: too short (len=559, chunk_size=1100)
Skipping probe: too short (len=906, chunk_size=1100)
Skipping probe: too short (len=982, chunk_size=1100)
Skipping probe: too short (len=1021, chunk_size=1100)
Skipping probe: too short (len=632, chunk_size=1100)
Skipping probe: too short (len=1023, chunk_size=1100)
Skipping probe: too short (len=670, chunk_size=1100)
Skipping probe: too short (len=886, chunk_size=1100)
Skipping probe: too short (len=834, chunk_size=1100)
Trial 42 F1s - Weighted: 0.7355 | Macro: 0.2352 | Micro: 0.7323

[I 2026-03-10 00:56:23,258] Trial 42 finished with value: 0.7354500238100615 and parameters: {'chunk_seconds': 11, 'num_freqs': 12, 'num_estimators': 512, 'max_depth': 16, 'max_features': 0.6285385002518871, 'overlap': 0.5404132879038896, 'max_lag': 14}. Best is trial 38 with value: 0.7397018778788533.
Skipping probe: too short (len=1023, chunk_size=1200)
Skipping probe: too short (len=834, chunk_size=1200)
Skipping probe: too short (len=982, chunk_size=1200)
Skipping probe: too short (len=559, chunk_size=1200)
Skipping probe: too short (len=906, chunk_size=1200)
Skipping probe: too short (len=670, chunk_size=1200)
Skipping probe: too short (len=886, chunk_size=1200)
Skipping probe: too short (len=632, chunk_size=1200)
Skipping probe: too short (len=1021, chunk_size=1200)
Skipping probe: too short (len=559, chunk_size=1200)
Skipping probe: too short (len=906, chunk_size=1200)
Skipping probe: too short (len=1023, chunk_size=1200)
Skipping probe: too short (len=834, chunk_size=1200)
Skipping probe: too short (len=982, chunk_size=1200)
Skipping probe: too short (len=670, chunk_size=1200)
Skipping probe: too short (len=886, chunk_size=1200)
Skipping probe: too short (len=1021, chunk_size=1200)
Skipping probe: too short (len=632, chunk_size=1200)
Skipping probe: too short (len=1023, chunk_size=1200)
Skipping probe: too short (len=834, chunk_size=1200)
Skipping probe: too short (len=559, chunk_size=1200)
Skipping probe: too short (len=906, chunk_size=1200)
Skipping probe: too short (len=632, chunk_size=1200)
Skipping probe: too short (len=670, chunk_size=1200)
Skipping probe: too short (len=886, chunk_size=1200)
Skipping probe: too short (len=1021, chunk_size=1200)
Skipping probe: too short (len=982, chunk_size=1200)
Skipping probe: too short (len=834, chunk_size=1200)
Skipping probe: too short (len=1023, chunk_size=1200)
Skipping probe: too short (len=982, chunk_size=1200)
Skipping probe: too short (len=670, chunk_size=1200)
Skipping probe: too short (len=886, chunk_size=1200)
Skipping probe: too short (len=1021, chunk_size=1200)
Skipping probe: too short (len=632, chunk_size=1200)
Skipping probe: too short (len=559, chunk_size=1200)
Skipping probe: too short (len=906, chunk_size=1200)
Skipping probe: too short (len=559, chunk_size=1200)
Skipping probe: too short (len=906, chunk_size=1200)
Skipping probe: too short (len=982, chunk_size=1200)
Skipping probe: too short (len=1021, chunk_size=1200)
Skipping probe: too short (len=632, chunk_size=1200)
Skipping probe: too short (len=834, chunk_size=1200)
Skipping probe: too short (len=670, chunk_size=1200)
Skipping probe: too short (len=886, chunk_size=1200)
Skipping probe: too short (len=1023, chunk_size=1200)
Trial 43 F1s - Weighted: 0.7306 | Macro: 0.2352 | Micro: 0.7271

[I 2026-03-10 02:42:48,204] Trial 43 finished with value: 0.7305900357663822 and parameters: {'chunk_seconds': 12, 'num_freqs': 13, 'num_estimators': 512, 'max_depth': 16, 'max_features': 0.6434001941866988, 'overlap': 0.5326428973174546, 'max_lag': 13}. Best is trial 38 with value: 0.7397018778788533.
Skipping probe: too short (len=559, chunk_size=1200)
Skipping probe: too short (len=906, chunk_size=1200)
Skipping probe: too short (len=1023, chunk_size=1200)
Skipping probe: too short (len=834, chunk_size=1200)
Skipping probe: too short (len=982, chunk_size=1200)
Skipping probe: too short (len=670, chunk_size=1200)
Skipping probe: too short (len=886, chunk_size=1200)
Skipping probe: too short (len=632, chunk_size=1200)
Skipping probe: too short (len=1021, chunk_size=1200)
Skipping probe: too short (len=1023, chunk_size=1200)
Skipping probe: too short (len=834, chunk_size=1200)
Skipping probe: too short (len=982, chunk_size=1200)
Skipping probe: too short (len=670, chunk_size=1200)
Skipping probe: too short (len=886, chunk_size=1200)
Skipping probe: too short (len=1021, chunk_size=1200)
Skipping probe: too short (len=559, chunk_size=1200)
Skipping probe: too short (len=906, chunk_size=1200)
Skipping probe: too short (len=632, chunk_size=1200)
Skipping probe: too short (len=670, chunk_size=1200)
Skipping probe: too short (len=886, chunk_size=1200)
Skipping probe: too short (len=559, chunk_size=1200)
Skipping probe: too short (len=906, chunk_size=1200)
Skipping probe: too short (len=1023, chunk_size=1200)
Skipping probe: too short (len=834, chunk_size=1200)
Skipping probe: too short (len=632, chunk_size=1200)
Skipping probe: too short (len=1021, chunk_size=1200)
Skipping probe: too short (len=982, chunk_size=1200)
Skipping probe: too short (len=982, chunk_size=1200)
Skipping probe: too short (len=834, chunk_size=1200)
Skipping probe: too short (len=1023, chunk_size=1200)
Skipping probe: too short (len=670, chunk_size=1200)
Skipping probe: too short (len=886, chunk_size=1200)
Skipping probe: too short (len=1021, chunk_size=1200)
Skipping probe: too short (len=632, chunk_size=1200)
Skipping probe: too short (len=559, chunk_size=1200)
Skipping probe: too short (len=906, chunk_size=1200)
Skipping probe: too short (len=982, chunk_size=1200)
Skipping probe: too short (len=559, chunk_size=1200)
Skipping probe: too short (len=906, chunk_size=1200)
Skipping probe: too short (len=1021, chunk_size=1200)
Skipping probe: too short (len=632, chunk_size=1200)
Skipping probe: too short (len=834, chunk_size=1200)
Skipping probe: too short (len=1023, chunk_size=1200)
Skipping probe: too short (len=670, chunk_size=1200)
Skipping probe: too short (len=886, chunk_size=1200)
Trial 44 F1s - Weighted: 0.7381 | Macro: 0.2384 | Micro: 0.7366

[I 2026-03-10 04:09:38,710] Trial 44 finished with value: 0.7381015744537338 and parameters: {'chunk_seconds': 12, 'num_freqs': 11, 'num_estimators': 512, 'max_depth': 16, 'max_features': 0.5710777413934761, 'overlap': 0.5523979381840934, 'max_lag': 10}. Best is trial 38 with value: 0.7397018778788533.
Skipping probe: too short (len=559, chunk_size=1300)
Skipping probe: too short (len=906, chunk_size=1300)
Skipping probe: too short (len=834, chunk_size=1300)
Skipping probe: too short (len=1023, chunk_size=1300)
Skipping probe: too short (len=982, chunk_size=1300)
Skipping probe: too short (len=1266, chunk_size=1300)
Skipping probe: too short (len=670, chunk_size=1300)
Skipping probe: too short (len=886, chunk_size=1300)
Skipping probe: too short (len=632, chunk_size=1300)
Skipping probe: too short (len=1021, chunk_size=1300)
Skipping probe: too short (len=1023, chunk_size=1300)
Skipping probe: too short (len=834, chunk_size=1300)
Skipping probe: too short (len=559, chunk_size=1300)
Skipping probe: too short (len=906, chunk_size=1300)
Skipping probe: too short (len=670, chunk_size=1300)
Skipping probe: too short (len=886, chunk_size=1300)
Skipping probe: too short (len=982, chunk_size=1300)
Skipping probe: too short (len=1021, chunk_size=1300)
Skipping probe: too short (len=1266, chunk_size=1300)
Skipping probe: too short (len=632, chunk_size=1300)
Skipping probe: too short (len=834, chunk_size=1300)
Skipping probe: too short (len=1266, chunk_size=1300)
Skipping probe: too short (len=559, chunk_size=1300)
Skipping probe: too short (len=906, chunk_size=1300)
Skipping probe: too short (len=1023, chunk_size=1300)
Skipping probe: too short (len=670, chunk_size=1300)
Skipping probe: too short (len=886, chunk_size=1300)
Skipping probe: too short (len=1021, chunk_size=1300)
Skipping probe: too short (len=632, chunk_size=1300)
Skipping probe: too short (len=982, chunk_size=1300)
Skipping probe: too short (len=982, chunk_size=1300)
Skipping probe: too short (len=1023, chunk_size=1300)
Skipping probe: too short (len=834, chunk_size=1300)
Skipping probe: too short (len=1266, chunk_size=1300)
Skipping probe: too short (len=670, chunk_size=1300)
Skipping probe: too short (len=886, chunk_size=1300)
Skipping probe: too short (len=1021, chunk_size=1300)
Skipping probe: too short (len=632, chunk_size=1300)
Skipping probe: too short (len=559, chunk_size=1300)
Skipping probe: too short (len=906, chunk_size=1300)
Skipping probe: too short (len=982, chunk_size=1300)
Skipping probe: too short (len=1266, chunk_size=1300)
Skipping probe: too short (len=559, chunk_size=1300)
Skipping probe: too short (len=906, chunk_size=1300)
Skipping probe: too short (len=1021, chunk_size=1300)
Skipping probe: too short (len=632, chunk_size=1300)
Skipping probe: too short (len=1023, chunk_size=1300)
Skipping probe: too short (len=834, chunk_size=1300)
Skipping probe: too short (len=670, chunk_size=1300)
Skipping probe: too short (len=886, chunk_size=1300)
Trial 45 F1s - Weighted: 0.7360 | Macro: 0.2317 | Micro: 0.7340

[I 2026-03-10 05:18:26,407] Trial 45 finished with value: 0.7360404340472442 and parameters: {'chunk_seconds': 13, 'num_freqs': 11, 'num_estimators': 512, 'max_depth': 16, 'max_features': 0.5664468515305934, 'overlap': 0.48259623189677514, 'max_lag': 10}. Best is trial 38 with value: 0.7397018778788533.
Skipping probe: too short (len=834, chunk_size=1400)
Skipping probe: too short (len=982, chunk_size=1400)
Skipping probe: too short (len=1023, chunk_size=1400)
Skipping probe: too short (len=559, chunk_size=1400)
Skipping probe: too short (len=1335, chunk_size=1400)
Skipping probe: too short (len=906, chunk_size=1400)
Skipping probe: too short (len=1349, chunk_size=1400)
Skipping probe: too short (len=1266, chunk_size=1400)
Skipping probe: too short (len=632, chunk_size=1400)
Skipping probe: too short (len=670, chunk_size=1400)
Skipping probe: too short (len=886, chunk_size=1400)
Skipping probe: too short (len=1021, chunk_size=1400)
Skipping probe: too short (len=559, chunk_size=1400)
Skipping probe: too short (len=1335, chunk_size=1400)
Skipping probe: too short (len=906, chunk_size=1400)
Skipping probe: too short (len=834, chunk_size=1400)
Skipping probe: too short (len=1023, chunk_size=1400)
Skipping probe: too short (len=1349, chunk_size=1400)
Skipping probe: too short (len=982, chunk_size=1400)
Skipping probe: too short (len=670, chunk_size=1400)
Skipping probe: too short (len=886, chunk_size=1400)
Skipping probe: too short (len=1021, chunk_size=1400)
Skipping probe: too short (len=1266, chunk_size=1400)
Skipping probe: too short (len=632, chunk_size=1400)
Skipping probe: too short (len=670, chunk_size=1400)
Skipping probe: too short (len=886, chunk_size=1400)
Skipping probe: too short (len=1023, chunk_size=1400)
Skipping probe: too short (len=834, chunk_size=1400)
Skipping probe: too short (len=1266, chunk_size=1400)
Skipping probe: too short (len=559, chunk_size=1400)
Skipping probe: too short (len=1335, chunk_size=1400)
Skipping probe: too short (len=906, chunk_size=1400)
Skipping probe: too short (len=1021, chunk_size=1400)
Skipping probe: too short (len=632, chunk_size=1400)
Skipping probe: too short (len=1349, chunk_size=1400)
Skipping probe: too short (len=982, chunk_size=1400)
Skipping probe: too short (len=1266, chunk_size=1400)
Skipping probe: too short (len=834, chunk_size=1400)
Skipping probe: too short (len=1349, chunk_size=1400)
Skipping probe: too short (len=982, chunk_size=1400)
Skipping probe: too short (len=1023, chunk_size=1400)
Skipping probe: too short (len=1021, chunk_size=1400)
Skipping probe: too short (len=632, chunk_size=1400)
Skipping probe: too short (len=670, chunk_size=1400)
Skipping probe: too short (len=886, chunk_size=1400)
Skipping probe: too short (len=559, chunk_size=1400)
Skipping probe: too short (len=1335, chunk_size=1400)
Skipping probe: too short (len=906, chunk_size=1400)
Skipping probe: too short (len=982, chunk_size=1400)
Skipping probe: too short (len=559, chunk_size=1400)
Skipping probe: too short (len=1335, chunk_size=1400)
Skipping probe: too short (len=906, chunk_size=1400)
Skipping probe: too short (len=1349, chunk_size=1400)
Skipping probe: too short (len=1266, chunk_size=1400)
Skipping probe: too short (len=632, chunk_size=1400)
Skipping probe: too short (len=1021, chunk_size=1400)
Skipping probe: too short (len=834, chunk_size=1400)
Skipping probe: too short (len=1023, chunk_size=1400)
Skipping probe: too short (len=670, chunk_size=1400)
Skipping probe: too short (len=886, chunk_size=1400)
Trial 46 F1s - Weighted: 0.7356 | Macro: 0.2333 | Micro: 0.7351

[I 2026-03-10 06:21:10,459] Trial 46 finished with value: 0.7355605026613533 and parameters: {'chunk_seconds': 14, 'num_freqs': 10, 'num_estimators': 512, 'max_depth': 16, 'max_features': 0.5693709014433415, 'overlap': 0.4862204710887983, 'max_lag': 10}. Best is trial 38 with value: 0.7397018778788533.
Skipping probe: too short (len=559, chunk_size=700)
Skipping probe: too short (len=632, chunk_size=700)
Skipping probe: too short (len=670, chunk_size=700)
Skipping probe: too short (len=559, chunk_size=700)
Skipping probe: too short (len=670, chunk_size=700)
Skipping probe: too short (len=632, chunk_size=700)
Skipping probe: too short (len=559, chunk_size=700)
Skipping probe: too short (len=670, chunk_size=700)
Skipping probe: too short (len=632, chunk_size=700)
[I 2026-03-10 07:34:19,170] Trial 47 pruned. 
Skipping probe: too short (len=1023, chunk_size=1300)
Skipping probe: too short (len=834, chunk_size=1300)
Skipping probe: too short (len=982, chunk_size=1300)
Skipping probe: too short (len=559, chunk_size=1300)
Skipping probe: too short (len=906, chunk_size=1300)
Skipping probe: too short (len=1266, chunk_size=1300)
Skipping probe: too short (len=670, chunk_size=1300)
Skipping probe: too short (len=886, chunk_size=1300)
Skipping probe: too short (len=632, chunk_size=1300)
Skipping probe: too short (len=1021, chunk_size=1300)
Skipping probe: too short (len=1023, chunk_size=1300)
Skipping probe: too short (len=559, chunk_size=1300)
Skipping probe: too short (len=906, chunk_size=1300)
Skipping probe: too short (len=834, chunk_size=1300)
Skipping probe: too short (len=982, chunk_size=1300)
Skipping probe: too short (len=670, chunk_size=1300)
Skipping probe: too short (len=886, chunk_size=1300)
Skipping probe: too short (len=1021, chunk_size=1300)
Skipping probe: too short (len=1266, chunk_size=1300)
Skipping probe: too short (len=632, chunk_size=1300)
Skipping probe: too short (len=670, chunk_size=1300)
Skipping probe: too short (len=886, chunk_size=1300)
Skipping probe: too short (len=834, chunk_size=1300)
Skipping probe: too short (len=1023, chunk_size=1300)
Skipping probe: too short (len=1266, chunk_size=1300)
Skipping probe: too short (len=559, chunk_size=1300)
Skipping probe: too short (len=906, chunk_size=1300)
Skipping probe: too short (len=632, chunk_size=1300)
Skipping probe: too short (len=1021, chunk_size=1300)
Skipping probe: too short (len=982, chunk_size=1300)
Skipping probe: too short (len=1023, chunk_size=1300)
Skipping probe: too short (len=982, chunk_size=1300)
Skipping probe: too short (len=834, chunk_size=1300)
Skipping probe: too short (len=1266, chunk_size=1300)
Skipping probe: too short (len=670, chunk_size=1300)
Skipping probe: too short (len=886, chunk_size=1300)
Skipping probe: too short (len=632, chunk_size=1300)
Skipping probe: too short (len=1021, chunk_size=1300)
Skipping probe: too short (len=559, chunk_size=1300)
Skipping probe: too short (len=906, chunk_size=1300)
Skipping probe: too short (len=559, chunk_size=1300)
Skipping probe: too short (len=906, chunk_size=1300)
Skipping probe: too short (len=982, chunk_size=1300)
Skipping probe: too short (len=1266, chunk_size=1300)
Skipping probe: too short (len=632, chunk_size=1300)
Skipping probe: too short (len=1021, chunk_size=1300)
Skipping probe: too short (len=1023, chunk_size=1300)
Skipping probe: too short (len=834, chunk_size=1300)
Skipping probe: too short (len=670, chunk_size=1300)
Skipping probe: too short (len=886, chunk_size=1300)
Trial 48 F1s - Weighted: 0.7346 | Macro: 0.2329 | Micro: 0.7346

[I 2026-03-10 08:44:56,410] Trial 48 finished with value: 0.7346005921408115 and parameters: {'chunk_seconds': 13, 'num_freqs': 9, 'num_estimators': 512, 'max_depth': 16, 'max_features': 0.6687527018196259, 'overlap': 0.44945553743229205, 'max_lag': 11}. Best is trial 38 with value: 0.7397018778788533.
Skipping probe: too short (len=834, chunk_size=1000)
Skipping probe: too short (len=559, chunk_size=1000)
Skipping probe: too short (len=906, chunk_size=1000)
Skipping probe: too short (len=670, chunk_size=1000)
Skipping probe: too short (len=886, chunk_size=1000)
Skipping probe: too short (len=982, chunk_size=1000)
Skipping probe: too short (len=632, chunk_size=1000)
Skipping probe: too short (len=559, chunk_size=1000)
Skipping probe: too short (len=906, chunk_size=1000)
Skipping probe: too short (len=834, chunk_size=1000)
Skipping probe: too short (len=670, chunk_size=1000)
Skipping probe: too short (len=886, chunk_size=1000)
Skipping probe: too short (len=982, chunk_size=1000)
Skipping probe: too short (len=632, chunk_size=1000)
Skipping probe: too short (len=559, chunk_size=1000)
Skipping probe: too short (len=906, chunk_size=1000)
Skipping probe: too short (len=834, chunk_size=1000)
Skipping probe: too short (len=670, chunk_size=1000)
Skipping probe: too short (len=886, chunk_size=1000)
Skipping probe: too short (len=632, chunk_size=1000)
Skipping probe: too short (len=982, chunk_size=1000)
Skipping probe: too short (len=834, chunk_size=1000)
Skipping probe: too short (len=982, chunk_size=1000)
Skipping probe: too short (len=670, chunk_size=1000)
Skipping probe: too short (len=886, chunk_size=1000)
Skipping probe: too short (len=632, chunk_size=1000)
Skipping probe: too short (len=559, chunk_size=1000)
Skipping probe: too short (len=906, chunk_size=1000)
Skipping probe: too short (len=559, chunk_size=1000)
Skipping probe: too short (len=906, chunk_size=1000)
Skipping probe: too short (len=982, chunk_size=1000)
Skipping probe: too short (len=632, chunk_size=1000)
Skipping probe: too short (len=834, chunk_size=1000)
Skipping probe: too short (len=670, chunk_size=1000)
Skipping probe: too short (len=886, chunk_size=1000)
Trial 49 F1s - Weighted: 0.7330 | Macro: 0.2350 | Micro: 0.7295

[I 2026-03-10 10:26:36,531] Trial 49 finished with value: 0.7329602703907746 and parameters: {'chunk_seconds': 10, 'num_freqs': 11, 'num_estimators': 512, 'max_depth': 16, 'max_features': 0.5090098253821396, 'overlap': 0.5708100326813852, 'max_lag': 13}. Best is trial 38 with value: 0.7397018778788533.
Skipping probe: too short (len=1349, chunk_size=1400)
Skipping probe: too short (len=982, chunk_size=1400)
Skipping probe: too short (len=1266, chunk_size=1400)
Skipping probe: too short (len=834, chunk_size=1400)
Skipping probe: too short (len=1023, chunk_size=1400)
Skipping probe: too short (len=559, chunk_size=1400)
Skipping probe: too short (len=1335, chunk_size=1400)
Skipping probe: too short (len=906, chunk_size=1400)
Skipping probe: too short (len=670, chunk_size=1400)
Skipping probe: too short (len=886, chunk_size=1400)
Skipping probe: too short (len=632, chunk_size=1400)
Skipping probe: too short (len=1021, chunk_size=1400)
Skipping probe: too short (len=834, chunk_size=1400)
Skipping probe: too short (len=982, chunk_size=1400)
Skipping probe: too short (len=1349, chunk_size=1400)
Skipping probe: too short (len=559, chunk_size=1400)
Skipping probe: too short (len=1335, chunk_size=1400)
Skipping probe: too short (len=906, chunk_size=1400)
Skipping probe: too short (len=1023, chunk_size=1400)
Skipping probe: too short (len=670, chunk_size=1400)
Skipping probe: too short (len=886, chunk_size=1400)
Skipping probe: too short (len=1021, chunk_size=1400)
Skipping probe: too short (len=1266, chunk_size=1400)
Skipping probe: too short (len=632, chunk_size=1400)
Skipping probe: too short (len=1266, chunk_size=1400)
Skipping probe: too short (len=1023, chunk_size=1400)
Skipping probe: too short (len=834, chunk_size=1400)
Skipping probe: too short (len=559, chunk_size=1400)
Skipping probe: too short (len=1335, chunk_size=1400)
Skipping probe: too short (len=906, chunk_size=1400)
Skipping probe: too short (len=670, chunk_size=1400)
Skipping probe: too short (len=886, chunk_size=1400)
Skipping probe: too short (len=1021, chunk_size=1400)
Skipping probe: too short (len=632, chunk_size=1400)
Skipping probe: too short (len=1349, chunk_size=1400)
Skipping probe: too short (len=982, chunk_size=1400)
[I 2026-03-10 11:09:20,770] Trial 50 pruned. 
Skipping probe: too short (len=1023, chunk_size=1400)
Skipping probe: too short (len=834, chunk_size=1400)
Skipping probe: too short (len=1349, chunk_size=1400)
Skipping probe: too short (len=1266, chunk_size=1400)
Skipping probe: too short (len=559, chunk_size=1400)
Skipping probe: too short (len=1335, chunk_size=1400)
Skipping probe: too short (len=906, chunk_size=1400)
Skipping probe: too short (len=670, chunk_size=1400)
Skipping probe: too short (len=886, chunk_size=1400)
Skipping probe: too short (len=632, chunk_size=1400)
Skipping probe: too short (len=982, chunk_size=1400)
Skipping probe: too short (len=1021, chunk_size=1400)
Skipping probe: too short (len=1349, chunk_size=1400)
Skipping probe: too short (len=982, chunk_size=1400)
Skipping probe: too short (len=834, chunk_size=1400)
Skipping probe: too short (len=559, chunk_size=1400)
Skipping probe: too short (len=1335, chunk_size=1400)
Skipping probe: too short (len=906, chunk_size=1400)
Skipping probe: too short (len=1023, chunk_size=1400)
Skipping probe: too short (len=670, chunk_size=1400)
Skipping probe: too short (len=886, chunk_size=1400)
Skipping probe: too short (len=1021, chunk_size=1400)
Skipping probe: too short (len=1266, chunk_size=1400)
Skipping probe: too short (len=632, chunk_size=1400)
Skipping probe: too short (len=834, chunk_size=1400)
Skipping probe: too short (len=1023, chunk_size=1400)
Skipping probe: too short (len=559, chunk_size=1400)
Skipping probe: too short (len=1335, chunk_size=1400)
Skipping probe: too short (len=906, chunk_size=1400)
Skipping probe: too short (len=1266, chunk_size=1400)
Skipping probe: too short (len=1021, chunk_size=1400)
Skipping probe: too short (len=670, chunk_size=1400)
Skipping probe: too short (len=886, chunk_size=1400)
Skipping probe: too short (len=632, chunk_size=1400)
Skipping probe: too short (len=1349, chunk_size=1400)
Skipping probe: too short (len=982, chunk_size=1400)
Skipping probe: too short (len=1023, chunk_size=1400)
Skipping probe: too short (len=834, chunk_size=1400)
Skipping probe: too short (len=1349, chunk_size=1400)
Skipping probe: too short (len=982, chunk_size=1400)
Skipping probe: too short (len=1266, chunk_size=1400)
Skipping probe: too short (len=670, chunk_size=1400)
Skipping probe: too short (len=886, chunk_size=1400)
Skipping probe: too short (len=1021, chunk_size=1400)
Skipping probe: too short (len=632, chunk_size=1400)
Skipping probe: too short (len=559, chunk_size=1400)
Skipping probe: too short (len=1335, chunk_size=1400)
Skipping probe: too short (len=906, chunk_size=1400)
Skipping probe: too short (len=1266, chunk_size=1400)
Skipping probe: too short (len=1349, chunk_size=1400)
Skipping probe: too short (len=559, chunk_size=1400)
Skipping probe: too short (len=1335, chunk_size=1400)
Skipping probe: too short (len=906, chunk_size=1400)
Skipping probe: too short (len=982, chunk_size=1400)
Skipping probe: too short (len=1021, chunk_size=1400)
Skipping probe: too short (len=632, chunk_size=1400)
Skipping probe: too short (len=1023, chunk_size=1400)
Skipping probe: too short (len=834, chunk_size=1400)
Skipping probe: too short (len=670, chunk_size=1400)
Skipping probe: too short (len=886, chunk_size=1400)
Trial 51 F1s - Weighted: 0.7381 | Macro: 0.2330 | Micro: 0.7377

[I 2026-03-10 12:11:57,249] Trial 51 finished with value: 0.7381036759807023 and parameters: {'chunk_seconds': 14, 'num_freqs': 9, 'num_estimators': 512, 'max_depth': 16, 'max_features': 0.5710127563148635, 'overlap': 0.5089879485560804, 'max_lag': 10}. Best is trial 38 with value: 0.7397018778788533.
Skipping probe: too short (len=559, chunk_size=1300)
Skipping probe: too short (len=906, chunk_size=1300)
Skipping probe: too short (len=1266, chunk_size=1300)
Skipping probe: too short (len=1023, chunk_size=1300)
Skipping probe: too short (len=834, chunk_size=1300)
Skipping probe: too short (len=982, chunk_size=1300)
Skipping probe: too short (len=632, chunk_size=1300)
Skipping probe: too short (len=670, chunk_size=1300)
Skipping probe: too short (len=886, chunk_size=1300)
Skipping probe: too short (len=1021, chunk_size=1300)
Skipping probe: too short (len=1023, chunk_size=1300)
Skipping probe: too short (len=834, chunk_size=1300)
Skipping probe: too short (len=982, chunk_size=1300)
Skipping probe: too short (len=559, chunk_size=1300)
Skipping probe: too short (len=906, chunk_size=1300)
Skipping probe: too short (len=670, chunk_size=1300)
Skipping probe: too short (len=886, chunk_size=1300)
Skipping probe: too short (len=1021, chunk_size=1300)
Skipping probe: too short (len=1266, chunk_size=1300)
Skipping probe: too short (len=632, chunk_size=1300)
Skipping probe: too short (len=559, chunk_size=1300)
Skipping probe: too short (len=906, chunk_size=1300)
Skipping probe: too short (len=1023, chunk_size=1300)
Skipping probe: too short (len=1266, chunk_size=1300)
Skipping probe: too short (len=834, chunk_size=1300)
Skipping probe: too short (len=1021, chunk_size=1300)
Skipping probe: too short (len=670, chunk_size=1300)
Skipping probe: too short (len=886, chunk_size=1300)
Skipping probe: too short (len=632, chunk_size=1300)
Skipping probe: too short (len=982, chunk_size=1300)
Skipping probe: too short (len=1023, chunk_size=1300)
Skipping probe: too short (len=1266, chunk_size=1300)
Skipping probe: too short (len=834, chunk_size=1300)
Skipping probe: too short (len=670, chunk_size=1300)
Skipping probe: too short (len=886, chunk_size=1300)
Skipping probe: too short (len=982, chunk_size=1300)
Skipping probe: too short (len=632, chunk_size=1300)
Skipping probe: too short (len=1021, chunk_size=1300)
Skipping probe: too short (len=559, chunk_size=1300)
Skipping probe: too short (len=906, chunk_size=1300)
Skipping probe: too short (len=982, chunk_size=1300)
Skipping probe: too short (len=559, chunk_size=1300)
Skipping probe: too short (len=906, chunk_size=1300)
Skipping probe: too short (len=1266, chunk_size=1300)
Skipping probe: too short (len=632, chunk_size=1300)
Skipping probe: too short (len=1021, chunk_size=1300)
Skipping probe: too short (len=834, chunk_size=1300)
Skipping probe: too short (len=1023, chunk_size=1300)
Skipping probe: too short (len=670, chunk_size=1300)
Skipping probe: too short (len=886, chunk_size=1300)
Trial 52 F1s - Weighted: 0.7348 | Macro: 0.2303 | Micro: 0.7329

[I 2026-03-10 13:05:54,675] Trial 52 finished with value: 0.7348289380308237 and parameters: {'chunk_seconds': 13, 'num_freqs': 8, 'num_estimators': 512, 'max_depth': 16, 'max_features': 0.544880523800974, 'overlap': 0.5016589287373303, 'max_lag': 6}. Best is trial 38 with value: 0.7397018778788533.
Skipping probe: too short (len=559, chunk_size=1100)
Skipping probe: too short (len=906, chunk_size=1100)
Skipping probe: too short (len=1023, chunk_size=1100)
Skipping probe: too short (len=982, chunk_size=1100)
Skipping probe: too short (len=834, chunk_size=1100)
Skipping probe: too short (len=670, chunk_size=1100)
Skipping probe: too short (len=886, chunk_size=1100)
Skipping probe: too short (len=632, chunk_size=1100)
Skipping probe: too short (len=1021, chunk_size=1100)
Skipping probe: too short (len=982, chunk_size=1100)
Skipping probe: too short (len=1023, chunk_size=1100)
Skipping probe: too short (len=834, chunk_size=1100)
Skipping probe: too short (len=559, chunk_size=1100)
Skipping probe: too short (len=906, chunk_size=1100)
Skipping probe: too short (len=670, chunk_size=1100)
Skipping probe: too short (len=886, chunk_size=1100)
Skipping probe: too short (len=1021, chunk_size=1100)
Skipping probe: too short (len=632, chunk_size=1100)
[I 2026-03-10 13:52:43,159] Trial 53 pruned. 
Skipping probe: too short (len=834, chunk_size=1600)
Skipping probe: too short (len=1506, chunk_size=1600)
Skipping probe: too short (len=1454, chunk_size=1600)
Skipping probe: too short (len=1023, chunk_size=1600)
Skipping probe: too short (len=559, chunk_size=1600)
Skipping probe: too short (len=1563, chunk_size=1600)
Skipping probe: too short (len=1335, chunk_size=1600)
Skipping probe: too short (len=906, chunk_size=1600)
Skipping probe: too short (len=1450, chunk_size=1600)
Skipping probe: too short (len=1349, chunk_size=1600)
Skipping probe: too short (len=1266, chunk_size=1600)
Skipping probe: too short (len=982, chunk_size=1600)
Skipping probe: too short (len=670, chunk_size=1600)
Skipping probe: too short (len=886, chunk_size=1600)
Skipping probe: too short (len=632, chunk_size=1600)
Skipping probe: too short (len=1021, chunk_size=1600)
Skipping probe: too short (len=834, chunk_size=1600)
Skipping probe: too short (len=1506, chunk_size=1600)
Skipping probe: too short (len=1454, chunk_size=1600)
Skipping probe: too short (len=559, chunk_size=1600)
Skipping probe: too short (len=1563, chunk_size=1600)
Skipping probe: too short (len=1335, chunk_size=1600)
Skipping probe: too short (len=906, chunk_size=1600)
Skipping probe: too short (len=1349, chunk_size=1600)
Skipping probe: too short (len=1450, chunk_size=1600)
Skipping probe: too short (len=1023, chunk_size=1600)
Skipping probe: too short (len=982, chunk_size=1600)
Skipping probe: too short (len=670, chunk_size=1600)
Skipping probe: too short (len=886, chunk_size=1600)
Skipping probe: too short (len=1021, chunk_size=1600)
Skipping probe: too short (len=1266, chunk_size=1600)
Skipping probe: too short (len=632, chunk_size=1600)
[I 2026-03-10 14:30:34,682] Trial 54 pruned. 
Skipping probe: too short (len=559, chunk_size=800)
Skipping probe: too short (len=670, chunk_size=800)
Skipping probe: too short (len=632, chunk_size=800)
Skipping probe: too short (len=559, chunk_size=800)
Skipping probe: too short (len=670, chunk_size=800)
Skipping probe: too short (len=632, chunk_size=800)
[I 2026-03-10 15:03:10,529] Trial 55 pruned. 
Skipping probe: too short (len=1023, chunk_size=1400)
Skipping probe: too short (len=1349, chunk_size=1400)
Skipping probe: too short (len=834, chunk_size=1400)
Skipping probe: too short (len=559, chunk_size=1400)
Skipping probe: too short (len=1335, chunk_size=1400)
Skipping probe: too short (len=906, chunk_size=1400)
Skipping probe: too short (len=982, chunk_size=1400)
Skipping probe: too short (len=1266, chunk_size=1400)
Skipping probe: too short (len=670, chunk_size=1400)
Skipping probe: too short (len=886, chunk_size=1400)
Skipping probe: too short (len=632, chunk_size=1400)
Skipping probe: too short (len=1021, chunk_size=1400)
Skipping probe: too short (len=982, chunk_size=1400)
Skipping probe: too short (len=834, chunk_size=1400)
Skipping probe: too short (len=559, chunk_size=1400)
Skipping probe: too short (len=1335, chunk_size=1400)
Skipping probe: too short (len=906, chunk_size=1400)
Skipping probe: too short (len=1023, chunk_size=1400)
Skipping probe: too short (len=1349, chunk_size=1400)
Skipping probe: too short (len=670, chunk_size=1400)
Skipping probe: too short (len=886, chunk_size=1400)
Skipping probe: too short (len=1021, chunk_size=1400)
Skipping probe: too short (len=1266, chunk_size=1400)
Skipping probe: too short (len=632, chunk_size=1400)
Skipping probe: too short (len=1023, chunk_size=1400)
Skipping probe: too short (len=559, chunk_size=1400)
Skipping probe: too short (len=1335, chunk_size=1400)
Skipping probe: too short (len=906, chunk_size=1400)
Skipping probe: too short (len=834, chunk_size=1400)
Skipping probe: too short (len=1266, chunk_size=1400)
Skipping probe: too short (len=670, chunk_size=1400)
Skipping probe: too short (len=886, chunk_size=1400)
Skipping probe: too short (len=1021, chunk_size=1400)
Skipping probe: too short (len=632, chunk_size=1400)
Skipping probe: too short (len=1349, chunk_size=1400)
Skipping probe: too short (len=982, chunk_size=1400)
Skipping probe: too short (len=1349, chunk_size=1400)
Skipping probe: too short (len=1266, chunk_size=1400)
Skipping probe: too short (len=982, chunk_size=1400)
Skipping probe: too short (len=1023, chunk_size=1400)
Skipping probe: too short (len=834, chunk_size=1400)
Skipping probe: too short (len=1021, chunk_size=1400)
Skipping probe: too short (len=670, chunk_size=1400)
Skipping probe: too short (len=886, chunk_size=1400)
Skipping probe: too short (len=632, chunk_size=1400)
Skipping probe: too short (len=559, chunk_size=1400)
Skipping probe: too short (len=1335, chunk_size=1400)
Skipping probe: too short (len=906, chunk_size=1400)
Skipping probe: too short (len=1266, chunk_size=1400)
Skipping probe: too short (len=1349, chunk_size=1400)
Skipping probe: too short (len=982, chunk_size=1400)
Skipping probe: too short (len=559, chunk_size=1400)
Skipping probe: too short (len=1335, chunk_size=1400)
Skipping probe: too short (len=906, chunk_size=1400)
Skipping probe: too short (len=632, chunk_size=1400)
Skipping probe: too short (len=1021, chunk_size=1400)
Skipping probe: too short (len=1023, chunk_size=1400)
Skipping probe: too short (len=834, chunk_size=1400)
Skipping probe: too short (len=670, chunk_size=1400)
Skipping probe: too short (len=886, chunk_size=1400)
Trial 56 F1s - Weighted: 0.7380 | Macro: 0.2300 | Micro: 0.7378

[I 2026-03-10 16:01:47,228] Trial 56 finished with value: 0.7380079539287272 and parameters: {'chunk_seconds': 14, 'num_freqs': 14, 'num_estimators': 512, 'max_depth': 16, 'max_features': 0.4932909189418872, 'overlap': 0.4340194168923611, 'max_lag': 11}. Best is trial 38 with value: 0.7397018778788533.
Skipping probe: too short (len=559, chunk_size=1400)
Skipping probe: too short (len=1335, chunk_size=1400)
Skipping probe: too short (len=906, chunk_size=1400)
Skipping probe: too short (len=982, chunk_size=1400)
Skipping probe: too short (len=834, chunk_size=1400)
Skipping probe: too short (len=1349, chunk_size=1400)
Skipping probe: too short (len=1023, chunk_size=1400)
Skipping probe: too short (len=1266, chunk_size=1400)
Skipping probe: too short (len=632, chunk_size=1400)
Skipping probe: too short (len=670, chunk_size=1400)
Skipping probe: too short (len=886, chunk_size=1400)
Skipping probe: too short (len=1021, chunk_size=1400)
Skipping probe: too short (len=1349, chunk_size=1400)
Skipping probe: too short (len=834, chunk_size=1400)
Skipping probe: too short (len=982, chunk_size=1400)
Skipping probe: too short (len=1023, chunk_size=1400)
Skipping probe: too short (len=559, chunk_size=1400)
Skipping probe: too short (len=1335, chunk_size=1400)
Skipping probe: too short (len=906, chunk_size=1400)
Skipping probe: too short (len=670, chunk_size=1400)
Skipping probe: too short (len=886, chunk_size=1400)
Skipping probe: too short (len=1021, chunk_size=1400)
Skipping probe: too short (len=1266, chunk_size=1400)
Skipping probe: too short (len=632, chunk_size=1400)
[I 2026-03-10 16:07:09,749] Trial 57 pruned. 
Skipping probe: too short (len=834, chunk_size=1100)
Skipping probe: too short (len=982, chunk_size=1100)
Skipping probe: too short (len=1023, chunk_size=1100)
Skipping probe: too short (len=559, chunk_size=1100)
Skipping probe: too short (len=906, chunk_size=1100)
Skipping probe: too short (len=670, chunk_size=1100)
Skipping probe: too short (len=886, chunk_size=1100)
Skipping probe: too short (len=632, chunk_size=1100)
Skipping probe: too short (len=1021, chunk_size=1100)
Skipping probe: too short (len=982, chunk_size=1100)
Skipping probe: too short (len=834, chunk_size=1100)
Skipping probe: too short (len=1023, chunk_size=1100)
Skipping probe: too short (len=559, chunk_size=1100)
Skipping probe: too short (len=906, chunk_size=1100)
Skipping probe: too short (len=670, chunk_size=1100)
Skipping probe: too short (len=886, chunk_size=1100)
Skipping probe: too short (len=1021, chunk_size=1100)
Skipping probe: too short (len=632, chunk_size=1100)
[I 2026-03-10 16:13:02,482] Trial 58 pruned. 
Skipping probe: too short (len=982, chunk_size=1500)
Skipping probe: too short (len=1023, chunk_size=1500)
Skipping probe: too short (len=1454, chunk_size=1500)
Skipping probe: too short (len=1349, chunk_size=1500)
Skipping probe: too short (len=1450, chunk_size=1500)
Skipping probe: too short (len=559, chunk_size=1500)
Skipping probe: too short (len=1335, chunk_size=1500)
Skipping probe: too short (len=906, chunk_size=1500)
Skipping probe: too short (len=834, chunk_size=1500)
Skipping probe: too short (len=1266, chunk_size=1500)
Skipping probe: too short (len=632, chunk_size=1500)
Skipping probe: too short (len=670, chunk_size=1500)
Skipping probe: too short (len=886, chunk_size=1500)
Skipping probe: too short (len=1021, chunk_size=1500)
Skipping probe: too short (len=1454, chunk_size=1500)
Skipping probe: too short (len=834, chunk_size=1500)
Skipping probe: too short (len=1349, chunk_size=1500)
Skipping probe: too short (len=982, chunk_size=1500)
Skipping probe: too short (len=1023, chunk_size=1500)
Skipping probe: too short (len=1450, chunk_size=1500)
Skipping probe: too short (len=559, chunk_size=1500)
Skipping probe: too short (len=1335, chunk_size=1500)
Skipping probe: too short (len=906, chunk_size=1500)
Skipping probe: too short (len=670, chunk_size=1500)
Skipping probe: too short (len=886, chunk_size=1500)
Skipping probe: too short (len=1021, chunk_size=1500)
Skipping probe: too short (len=1266, chunk_size=1500)
Skipping probe: too short (len=632, chunk_size=1500)
[I 2026-03-10 16:46:45,913] Trial 59 pruned. 
Skipping probe: too short (len=1023, chunk_size=1200)
Skipping probe: too short (len=834, chunk_size=1200)
Skipping probe: too short (len=982, chunk_size=1200)
Skipping probe: too short (len=559, chunk_size=1200)
Skipping probe: too short (len=906, chunk_size=1200)
Skipping probe: too short (len=670, chunk_size=1200)
Skipping probe: too short (len=886, chunk_size=1200)
Skipping probe: too short (len=632, chunk_size=1200)
Skipping probe: too short (len=1021, chunk_size=1200)
Skipping probe: too short (len=834, chunk_size=1200)
Skipping probe: too short (len=982, chunk_size=1200)
Skipping probe: too short (len=1023, chunk_size=1200)
Skipping probe: too short (len=559, chunk_size=1200)
Skipping probe: too short (len=906, chunk_size=1200)
Skipping probe: too short (len=670, chunk_size=1200)
Skipping probe: too short (len=886, chunk_size=1200)
Skipping probe: too short (len=1021, chunk_size=1200)
Skipping probe: too short (len=632, chunk_size=1200)
[I 2026-03-10 16:51:03,987] Trial 60 pruned. 
Skipping probe: too short (len=670, chunk_size=1000)
Skipping probe: too short (len=886, chunk_size=1000)
Skipping probe: too short (len=834, chunk_size=1000)
Skipping probe: too short (len=982, chunk_size=1000)
Skipping probe: too short (len=559, chunk_size=1000)
Skipping probe: too short (len=906, chunk_size=1000)
Skipping probe: too short (len=632, chunk_size=1000)
Skipping probe: too short (len=559, chunk_size=1000)
Skipping probe: too short (len=906, chunk_size=1000)
Skipping probe: too short (len=982, chunk_size=1000)
Skipping probe: too short (len=834, chunk_size=1000)
Skipping probe: too short (len=670, chunk_size=1000)
Skipping probe: too short (len=886, chunk_size=1000)
Skipping probe: too short (len=632, chunk_size=1000)
[I 2026-03-10 17:27:59,567] Trial 61 pruned. 
Skipping probe: too short (len=559, chunk_size=1300)
Skipping probe: too short (len=906, chunk_size=1300)
Skipping probe: too short (len=834, chunk_size=1300)
Skipping probe: too short (len=982, chunk_size=1300)
Skipping probe: too short (len=1266, chunk_size=1300)
Skipping probe: too short (len=1023, chunk_size=1300)
Skipping probe: too short (len=670, chunk_size=1300)
Skipping probe: too short (len=886, chunk_size=1300)
Skipping probe: too short (len=632, chunk_size=1300)
Skipping probe: too short (len=1021, chunk_size=1300)
Skipping probe: too short (len=559, chunk_size=1300)
Skipping probe: too short (len=906, chunk_size=1300)
Skipping probe: too short (len=670, chunk_size=1300)
Skipping probe: too short (len=886, chunk_size=1300)
Skipping probe: too short (len=982, chunk_size=1300)
Skipping probe: too short (len=1023, chunk_size=1300)
Skipping probe: too short (len=834, chunk_size=1300)
Skipping probe: too short (len=1021, chunk_size=1300)
Skipping probe: too short (len=1266, chunk_size=1300)
Skipping probe: too short (len=632, chunk_size=1300)
Skipping probe: too short (len=1266, chunk_size=1300)
Skipping probe: too short (len=1023, chunk_size=1300)
Skipping probe: too short (len=834, chunk_size=1300)
Skipping probe: too short (len=559, chunk_size=1300)
Skipping probe: too short (len=906, chunk_size=1300)
Skipping probe: too short (len=670, chunk_size=1300)
Skipping probe: too short (len=886, chunk_size=1300)
Skipping probe: too short (len=1021, chunk_size=1300)
Skipping probe: too short (len=632, chunk_size=1300)
Skipping probe: too short (len=982, chunk_size=1300)
Skipping probe: too short (len=1023, chunk_size=1300)
Skipping probe: too short (len=834, chunk_size=1300)
Skipping probe: too short (len=982, chunk_size=1300)
Skipping probe: too short (len=1266, chunk_size=1300)
Skipping probe: too short (len=670, chunk_size=1300)
Skipping probe: too short (len=886, chunk_size=1300)
Skipping probe: too short (len=1021, chunk_size=1300)
Skipping probe: too short (len=632, chunk_size=1300)
Skipping probe: too short (len=559, chunk_size=1300)
Skipping probe: too short (len=906, chunk_size=1300)
Skipping probe: too short (len=1266, chunk_size=1300)
Skipping probe: too short (len=559, chunk_size=1300)
Skipping probe: too short (len=906, chunk_size=1300)
Skipping probe: too short (len=982, chunk_size=1300)
Skipping probe: too short (len=1021, chunk_size=1300)
Skipping probe: too short (len=632, chunk_size=1300)
Skipping probe: too short (len=834, chunk_size=1300)
Skipping probe: too short (len=1023, chunk_size=1300)
Skipping probe: too short (len=670, chunk_size=1300)
Skipping probe: too short (len=886, chunk_size=1300)
Trial 62 F1s - Weighted: 0.7367 | Macro: 0.2320 | Micro: 0.7363

[I 2026-03-10 18:21:31,245] Trial 62 finished with value: 0.736669316001435 and parameters: {'chunk_seconds': 13, 'num_freqs': 7, 'num_estimators': 512, 'max_depth': 16, 'max_features': 0.4849530191014365, 'overlap': 0.4998552339892982, 'max_lag': 10}. Best is trial 38 with value: 0.7397018778788533.
Skipping probe: too short (len=559, chunk_size=1400)
Skipping probe: too short (len=1335, chunk_size=1400)
Skipping probe: too short (len=906, chunk_size=1400)
Skipping probe: too short (len=1023, chunk_size=1400)
Skipping probe: too short (len=982, chunk_size=1400)
Skipping probe: too short (len=1349, chunk_size=1400)
Skipping probe: too short (len=834, chunk_size=1400)
Skipping probe: too short (len=1266, chunk_size=1400)
Skipping probe: too short (len=632, chunk_size=1400)
Skipping probe: too short (len=670, chunk_size=1400)
Skipping probe: too short (len=886, chunk_size=1400)
Skipping probe: too short (len=1021, chunk_size=1400)
Skipping probe: too short (len=982, chunk_size=1400)
Skipping probe: too short (len=834, chunk_size=1400)
Skipping probe: too short (len=1349, chunk_size=1400)
Skipping probe: too short (len=1023, chunk_size=1400)
Skipping probe: too short (len=559, chunk_size=1400)
Skipping probe: too short (len=1335, chunk_size=1400)
Skipping probe: too short (len=906, chunk_size=1400)
Skipping probe: too short (len=1021, chunk_size=1400)
Skipping probe: too short (len=670, chunk_size=1400)
Skipping probe: too short (len=886, chunk_size=1400)
Skipping probe: too short (len=1266, chunk_size=1400)
Skipping probe: too short (len=632, chunk_size=1400)
Skipping probe: too short (len=559, chunk_size=1400)
Skipping probe: too short (len=1335, chunk_size=1400)
Skipping probe: too short (len=906, chunk_size=1400)
Skipping probe: too short (len=1023, chunk_size=1400)
Skipping probe: too short (len=834, chunk_size=1400)
Skipping probe: too short (len=1266, chunk_size=1400)
Skipping probe: too short (len=670, chunk_size=1400)
Skipping probe: too short (len=886, chunk_size=1400)
Skipping probe: too short (len=1021, chunk_size=1400)
Skipping probe: too short (len=632, chunk_size=1400)
Skipping probe: too short (len=1349, chunk_size=1400)
Skipping probe: too short (len=982, chunk_size=1400)
Skipping probe: too short (len=834, chunk_size=1400)
Skipping probe: too short (len=1349, chunk_size=1400)
Skipping probe: too short (len=982, chunk_size=1400)
Skipping probe: too short (len=1023, chunk_size=1400)
Skipping probe: too short (len=1266, chunk_size=1400)
Skipping probe: too short (len=670, chunk_size=1400)
Skipping probe: too short (len=886, chunk_size=1400)
Skipping probe: too short (len=1021, chunk_size=1400)
Skipping probe: too short (len=632, chunk_size=1400)
Skipping probe: too short (len=559, chunk_size=1400)
Skipping probe: too short (len=1335, chunk_size=1400)
Skipping probe: too short (len=906, chunk_size=1400)
Skipping probe: too short (len=1266, chunk_size=1400)
Skipping probe: too short (len=1349, chunk_size=1400)
Skipping probe: too short (len=559, chunk_size=1400)
Skipping probe: too short (len=1335, chunk_size=1400)
Skipping probe: too short (len=906, chunk_size=1400)
Skipping probe: too short (len=982, chunk_size=1400)
Skipping probe: too short (len=1021, chunk_size=1400)
Skipping probe: too short (len=632, chunk_size=1400)
Skipping probe: too short (len=1023, chunk_size=1400)
Skipping probe: too short (len=834, chunk_size=1400)
Skipping probe: too short (len=670, chunk_size=1400)
Skipping probe: too short (len=886, chunk_size=1400)
Trial 63 F1s - Weighted: 0.7392 | Macro: 0.2326 | Micro: 0.7396

[I 2026-03-10 19:16:40,422] Trial 63 finished with value: 0.7391955563895655 and parameters: {'chunk_seconds': 14, 'num_freqs': 7, 'num_estimators': 512, 'max_depth': 16, 'max_features': 0.4776404457255861, 'overlap': 0.5101232107938128, 'max_lag': 13}. Best is trial 38 with value: 0.7397018778788533.
Skipping probe: too short (len=1349, chunk_size=1500)
Skipping probe: too short (len=834, chunk_size=1500)
Skipping probe: too short (len=1454, chunk_size=1500)
Skipping probe: too short (len=1450, chunk_size=1500)
Skipping probe: too short (len=1023, chunk_size=1500)
Skipping probe: too short (len=559, chunk_size=1500)
Skipping probe: too short (len=1335, chunk_size=1500)
Skipping probe: too short (len=906, chunk_size=1500)
Skipping probe: too short (len=982, chunk_size=1500)
Skipping probe: too short (len=1266, chunk_size=1500)
Skipping probe: too short (len=632, chunk_size=1500)
Skipping probe: too short (len=670, chunk_size=1500)
Skipping probe: too short (len=886, chunk_size=1500)
Skipping probe: too short (len=1021, chunk_size=1500)
Skipping probe: too short (len=1450, chunk_size=1500)
Skipping probe: too short (len=1023, chunk_size=1500)
Skipping probe: too short (len=834, chunk_size=1500)
Skipping probe: too short (len=1349, chunk_size=1500)
Skipping probe: too short (len=982, chunk_size=1500)
Skipping probe: too short (len=559, chunk_size=1500)
Skipping probe: too short (len=1335, chunk_size=1500)
Skipping probe: too short (len=906, chunk_size=1500)
Skipping probe: too short (len=1454, chunk_size=1500)
Skipping probe: too short (len=670, chunk_size=1500)
Skipping probe: too short (len=886, chunk_size=1500)
Skipping probe: too short (len=1021, chunk_size=1500)
Skipping probe: too short (len=1266, chunk_size=1500)
Skipping probe: too short (len=632, chunk_size=1500)
Skipping probe: too short (len=1023, chunk_size=1500)
Skipping probe: too short (len=1266, chunk_size=1500)
Skipping probe: too short (len=1450, chunk_size=1500)
Skipping probe: too short (len=834, chunk_size=1500)
Skipping probe: too short (len=559, chunk_size=1500)
Skipping probe: too short (len=1335, chunk_size=1500)
Skipping probe: too short (len=906, chunk_size=1500)
Skipping probe: too short (len=670, chunk_size=1500)
Skipping probe: too short (len=886, chunk_size=1500)
Skipping probe: too short (len=632, chunk_size=1500)
Skipping probe: too short (len=1021, chunk_size=1500)
Skipping probe: too short (len=1454, chunk_size=1500)
Skipping probe: too short (len=1349, chunk_size=1500)
Skipping probe: too short (len=982, chunk_size=1500)
Skipping probe: too short (len=1023, chunk_size=1500)
Skipping probe: too short (len=1349, chunk_size=1500)
Skipping probe: too short (len=982, chunk_size=1500)
Skipping probe: too short (len=1454, chunk_size=1500)
Skipping probe: too short (len=834, chunk_size=1500)
Skipping probe: too short (len=1450, chunk_size=1500)
Skipping probe: too short (len=1266, chunk_size=1500)
Skipping probe: too short (len=632, chunk_size=1500)
Skipping probe: too short (len=670, chunk_size=1500)
Skipping probe: too short (len=886, chunk_size=1500)
Skipping probe: too short (len=1021, chunk_size=1500)
Skipping probe: too short (len=559, chunk_size=1500)
Skipping probe: too short (len=1335, chunk_size=1500)
Skipping probe: too short (len=906, chunk_size=1500)
Skipping probe: too short (len=1266, chunk_size=1500)
Skipping probe: too short (len=982, chunk_size=1500)
Skipping probe: too short (len=1349, chunk_size=1500)
Skipping probe: too short (len=1454, chunk_size=1500)
Skipping probe: too short (len=559, chunk_size=1500)
Skipping probe: too short (len=1335, chunk_size=1500)
Skipping probe: too short (len=906, chunk_size=1500)
Skipping probe: too short (len=632, chunk_size=1500)
Skipping probe: too short (len=1021, chunk_size=1500)
Skipping probe: too short (len=1023, chunk_size=1500)
Skipping probe: too short (len=1450, chunk_size=1500)
Skipping probe: too short (len=834, chunk_size=1500)
Skipping probe: too short (len=670, chunk_size=1500)
Skipping probe: too short (len=886, chunk_size=1500)
Trial 64 F1s - Weighted: 0.7428 | Macro: 0.2366 | Micro: 0.7435

[I 2026-03-10 20:09:34,803] Trial 64 finished with value: 0.7428314007661603 and parameters: {'chunk_seconds': 15, 'num_freqs': 6, 'num_estimators': 512, 'max_depth': 16, 'max_features': 0.4483900830609731, 'overlap': 0.5612518179628633, 'max_lag': 13}. Best is trial 64 with value: 0.7428314007661603.
Skipping probe: too short (len=559, chunk_size=1400)
Skipping probe: too short (len=1335, chunk_size=1400)
Skipping probe: too short (len=906, chunk_size=1400)
Skipping probe: too short (len=1266, chunk_size=1400)
Skipping probe: too short (len=834, chunk_size=1400)
Skipping probe: too short (len=1023, chunk_size=1400)
Skipping probe: too short (len=1349, chunk_size=1400)
Skipping probe: too short (len=982, chunk_size=1400)
Skipping probe: too short (len=670, chunk_size=1400)
Skipping probe: too short (len=886, chunk_size=1400)
Skipping probe: too short (len=632, chunk_size=1400)
Skipping probe: too short (len=1021, chunk_size=1400)
Skipping probe: too short (len=1023, chunk_size=1400)
Skipping probe: too short (len=982, chunk_size=1400)
Skipping probe: too short (len=559, chunk_size=1400)
Skipping probe: too short (len=1335, chunk_size=1400)
Skipping probe: too short (len=906, chunk_size=1400)
Skipping probe: too short (len=1349, chunk_size=1400)
Skipping probe: too short (len=834, chunk_size=1400)
Skipping probe: too short (len=670, chunk_size=1400)
Skipping probe: too short (len=886, chunk_size=1400)
Skipping probe: too short (len=1021, chunk_size=1400)
Skipping probe: too short (len=1266, chunk_size=1400)
Skipping probe: too short (len=632, chunk_size=1400)
[I 2026-03-10 20:23:12,483] Trial 65 pruned. 
Skipping probe: too short (len=982, chunk_size=1500)
Skipping probe: too short (len=1349, chunk_size=1500)
Skipping probe: too short (len=1454, chunk_size=1500)
Skipping probe: too short (len=1023, chunk_size=1500)
Skipping probe: too short (len=834, chunk_size=1500)
Skipping probe: too short (len=1450, chunk_size=1500)
Skipping probe: too short (len=1266, chunk_size=1500)
Skipping probe: too short (len=670, chunk_size=1500)
Skipping probe: too short (len=886, chunk_size=1500)
Skipping probe: too short (len=559, chunk_size=1500)
Skipping probe: too short (len=1335, chunk_size=1500)
Skipping probe: too short (len=906, chunk_size=1500)
Skipping probe: too short (len=632, chunk_size=1500)
Skipping probe: too short (len=1021, chunk_size=1500)
Skipping probe: too short (len=834, chunk_size=1500)
Skipping probe: too short (len=1023, chunk_size=1500)
Skipping probe: too short (len=1349, chunk_size=1500)
Skipping probe: too short (len=1450, chunk_size=1500)
Skipping probe: too short (len=559, chunk_size=1500)
Skipping probe: too short (len=1335, chunk_size=1500)
Skipping probe: too short (len=906, chunk_size=1500)
Skipping probe: too short (len=982, chunk_size=1500)
Skipping probe: too short (len=1454, chunk_size=1500)
Skipping probe: too short (len=670, chunk_size=1500)
Skipping probe: too short (len=886, chunk_size=1500)
Skipping probe: too short (len=1021, chunk_size=1500)
Skipping probe: too short (len=1266, chunk_size=1500)
Skipping probe: too short (len=632, chunk_size=1500)
Skipping probe: too short (len=1266, chunk_size=1500)
Skipping probe: too short (len=1023, chunk_size=1500)
Skipping probe: too short (len=1450, chunk_size=1500)
Skipping probe: too short (len=559, chunk_size=1500)
Skipping probe: too short (len=1335, chunk_size=1500)
Skipping probe: too short (len=906, chunk_size=1500)
Skipping probe: too short (len=834, chunk_size=1500)
Skipping probe: too short (len=670, chunk_size=1500)
Skipping probe: too short (len=886, chunk_size=1500)
Skipping probe: too short (len=1021, chunk_size=1500)
Skipping probe: too short (len=632, chunk_size=1500)
Skipping probe: too short (len=1454, chunk_size=1500)
Skipping probe: too short (len=982, chunk_size=1500)
Skipping probe: too short (len=1349, chunk_size=1500)
[I 2026-03-10 20:28:29,700] Trial 66 pruned. 
Skipping probe: too short (len=982, chunk_size=1600)
Skipping probe: too short (len=834, chunk_size=1600)
Skipping probe: too short (len=1506, chunk_size=1600)
Skipping probe: too short (len=1023, chunk_size=1600)
Skipping probe: too short (len=1450, chunk_size=1600)
Skipping probe: too short (len=1349, chunk_size=1600)
Skipping probe: too short (len=559, chunk_size=1600)
Skipping probe: too short (len=1563, chunk_size=1600)
Skipping probe: too short (len=1335, chunk_size=1600)
Skipping probe: too short (len=906, chunk_size=1600)
Skipping probe: too short (len=1454, chunk_size=1600)
Skipping probe: too short (len=1266, chunk_size=1600)
Skipping probe: too short (len=670, chunk_size=1600)
Skipping probe: too short (len=886, chunk_size=1600)
Skipping probe: too short (len=632, chunk_size=1600)
Skipping probe: too short (len=1021, chunk_size=1600)
Skipping probe: too short (len=1454, chunk_size=1600)
Skipping probe: too short (len=982, chunk_size=1600)
Skipping probe: too short (len=1023, chunk_size=1600)
Skipping probe: too short (len=834, chunk_size=1600)
Skipping probe: too short (len=1506, chunk_size=1600)
Skipping probe: too short (len=1349, chunk_size=1600)
Skipping probe: too short (len=1450, chunk_size=1600)
Skipping probe: too short (len=559, chunk_size=1600)
Skipping probe: too short (len=1563, chunk_size=1600)
Skipping probe: too short (len=1335, chunk_size=1600)
Skipping probe: too short (len=906, chunk_size=1600)
Skipping probe: too short (len=670, chunk_size=1600)
Skipping probe: too short (len=886, chunk_size=1600)
Skipping probe: too short (len=1021, chunk_size=1600)
Skipping probe: too short (len=1266, chunk_size=1600)
Skipping probe: too short (len=632, chunk_size=1600)
[I 2026-03-10 20:49:48,621] Trial 67 pruned. 
Skipping probe: too short (len=1349, chunk_size=1600)
Skipping probe: too short (len=559, chunk_size=1600)
Skipping probe: too short (len=1563, chunk_size=1600)
Skipping probe: too short (len=1335, chunk_size=1600)
Skipping probe: too short (len=906, chunk_size=1600)
Skipping probe: too short (len=1023, chunk_size=1600)
Skipping probe: too short (len=834, chunk_size=1600)
Skipping probe: too short (len=1506, chunk_size=1600)
Skipping probe: too short (len=1450, chunk_size=1600)
Skipping probe: too short (len=982, chunk_size=1600)
Skipping probe: too short (len=1454, chunk_size=1600)
Skipping probe: too short (len=1266, chunk_size=1600)
Skipping probe: too short (len=632, chunk_size=1600)
Skipping probe: too short (len=670, chunk_size=1600)
Skipping probe: too short (len=886, chunk_size=1600)
Skipping probe: too short (len=1021, chunk_size=1600)
Skipping probe: too short (len=1450, chunk_size=1600)
Skipping probe: too short (len=1023, chunk_size=1600)
Skipping probe: too short (len=982, chunk_size=1600)
Skipping probe: too short (len=834, chunk_size=1600)
Skipping probe: too short (len=1506, chunk_size=1600)
Skipping probe: too short (len=1349, chunk_size=1600)
Skipping probe: too short (len=1454, chunk_size=1600)
Skipping probe: too short (len=559, chunk_size=1600)
Skipping probe: too short (len=1563, chunk_size=1600)
Skipping probe: too short (len=1335, chunk_size=1600)
Skipping probe: too short (len=906, chunk_size=1600)
Skipping probe: too short (len=1021, chunk_size=1600)
Skipping probe: too short (len=670, chunk_size=1600)
Skipping probe: too short (len=886, chunk_size=1600)
Skipping probe: too short (len=1266, chunk_size=1600)
Skipping probe: too short (len=632, chunk_size=1600)
[I 2026-03-10 21:05:19,279] Trial 68 pruned. 
Skipping probe: too short (len=834, chunk_size=900)
Skipping probe: too short (len=559, chunk_size=900)
Skipping probe: too short (len=632, chunk_size=900)
Skipping probe: too short (len=670, chunk_size=900)
Skipping probe: too short (len=886, chunk_size=900)
Skipping probe: too short (len=834, chunk_size=900)
Skipping probe: too short (len=559, chunk_size=900)
Skipping probe: too short (len=670, chunk_size=900)
Skipping probe: too short (len=886, chunk_size=900)
Skipping probe: too short (len=632, chunk_size=900)
[I 2026-03-10 21:17:50,227] Trial 69 pruned. 
Skipping probe: too short (len=1023, chunk_size=1100)
Skipping probe: too short (len=982, chunk_size=1100)
Skipping probe: too short (len=834, chunk_size=1100)
Skipping probe: too short (len=559, chunk_size=1100)
Skipping probe: too short (len=906, chunk_size=1100)
Skipping probe: too short (len=670, chunk_size=1100)
Skipping probe: too short (len=886, chunk_size=1100)
Skipping probe: too short (len=632, chunk_size=1100)
Skipping probe: too short (len=1021, chunk_size=1100)
Skipping probe: too short (len=982, chunk_size=1100)
Skipping probe: too short (len=834, chunk_size=1100)
Skipping probe: too short (len=559, chunk_size=1100)
Skipping probe: too short (len=906, chunk_size=1100)
Skipping probe: too short (len=1023, chunk_size=1100)
Skipping probe: too short (len=670, chunk_size=1100)
Skipping probe: too short (len=886, chunk_size=1100)
Skipping probe: too short (len=1021, chunk_size=1100)
Skipping probe: too short (len=632, chunk_size=1100)
Skipping probe: too short (len=834, chunk_size=1100)
Skipping probe: too short (len=1023, chunk_size=1100)
Skipping probe: too short (len=559, chunk_size=1100)
Skipping probe: too short (len=906, chunk_size=1100)
Skipping probe: too short (len=670, chunk_size=1100)
Skipping probe: too short (len=886, chunk_size=1100)
Skipping probe: too short (len=632, chunk_size=1100)
Skipping probe: too short (len=1021, chunk_size=1100)
Skipping probe: too short (len=982, chunk_size=1100)
[I 2026-03-10 22:05:17,723] Trial 70 pruned. 
Skipping probe: too short (len=834, chunk_size=1200)
Skipping probe: too short (len=982, chunk_size=1200)
Skipping probe: too short (len=559, chunk_size=1200)
Skipping probe: too short (len=906, chunk_size=1200)
Skipping probe: too short (len=1023, chunk_size=1200)
Skipping probe: too short (len=670, chunk_size=1200)
Skipping probe: too short (len=886, chunk_size=1200)
Skipping probe: too short (len=632, chunk_size=1200)
Skipping probe: too short (len=1021, chunk_size=1200)
Skipping probe: too short (len=559, chunk_size=1200)
Skipping probe: too short (len=906, chunk_size=1200)
Skipping probe: too short (len=834, chunk_size=1200)
Skipping probe: too short (len=1023, chunk_size=1200)
Skipping probe: too short (len=670, chunk_size=1200)
Skipping probe: too short (len=886, chunk_size=1200)
Skipping probe: too short (len=982, chunk_size=1200)
Skipping probe: too short (len=1021, chunk_size=1200)
Skipping probe: too short (len=632, chunk_size=1200)
Skipping probe: too short (len=670, chunk_size=1200)
Skipping probe: too short (len=886, chunk_size=1200)
Skipping probe: too short (len=1023, chunk_size=1200)
Skipping probe: too short (len=559, chunk_size=1200)
Skipping probe: too short (len=906, chunk_size=1200)
Skipping probe: too short (len=834, chunk_size=1200)
Skipping probe: too short (len=632, chunk_size=1200)
Skipping probe: too short (len=1021, chunk_size=1200)
Skipping probe: too short (len=982, chunk_size=1200)
Skipping probe: too short (len=1023, chunk_size=1200)
Skipping probe: too short (len=834, chunk_size=1200)
Skipping probe: too short (len=982, chunk_size=1200)
Skipping probe: too short (len=670, chunk_size=1200)
Skipping probe: too short (len=886, chunk_size=1200)
Skipping probe: too short (len=632, chunk_size=1200)
Skipping probe: too short (len=1021, chunk_size=1200)
Skipping probe: too short (len=559, chunk_size=1200)
Skipping probe: too short (len=906, chunk_size=1200)
Skipping probe: too short (len=982, chunk_size=1200)
Skipping probe: too short (len=559, chunk_size=1200)
Skipping probe: too short (len=906, chunk_size=1200)
Skipping probe: too short (len=632, chunk_size=1200)
Skipping probe: too short (len=1021, chunk_size=1200)
Skipping probe: too short (len=834, chunk_size=1200)
Skipping probe: too short (len=1023, chunk_size=1200)
Skipping probe: too short (len=670, chunk_size=1200)
Skipping probe: too short (len=886, chunk_size=1200)
Trial 71 F1s - Weighted: 0.7379 | Macro: 0.2367 | Micro: 0.7369

[I 2026-03-10 23:18:48,266] Trial 71 finished with value: 0.7379103674462881 and parameters: {'chunk_seconds': 12, 'num_freqs': 7, 'num_estimators': 512, 'max_depth': 16, 'max_features': 0.4996703442286821, 'overlap': 0.548257300006296, 'max_lag': 14}. Best is trial 64 with value: 0.7428314007661603.
Skipping probe: too short (len=1349, chunk_size=1400)
Skipping probe: too short (len=1266, chunk_size=1400)
Skipping probe: too short (len=1023, chunk_size=1400)
Skipping probe: too short (len=834, chunk_size=1400)
Skipping probe: too short (len=559, chunk_size=1400)
Skipping probe: too short (len=1335, chunk_size=1400)
Skipping probe: too short (len=906, chunk_size=1400)
Skipping probe: too short (len=982, chunk_size=1400)
Skipping probe: too short (len=670, chunk_size=1400)
Skipping probe: too short (len=886, chunk_size=1400)
Skipping probe: too short (len=632, chunk_size=1400)
Skipping probe: too short (len=1021, chunk_size=1400)
Skipping probe: too short (len=834, chunk_size=1400)
Skipping probe: too short (len=1023, chunk_size=1400)
Skipping probe: too short (len=1349, chunk_size=1400)
Skipping probe: too short (len=559, chunk_size=1400)
Skipping probe: too short (len=1335, chunk_size=1400)
Skipping probe: too short (len=906, chunk_size=1400)
Skipping probe: too short (len=982, chunk_size=1400)
Skipping probe: too short (len=670, chunk_size=1400)
Skipping probe: too short (len=886, chunk_size=1400)
Skipping probe: too short (len=1021, chunk_size=1400)
Skipping probe: too short (len=1266, chunk_size=1400)
Skipping probe: too short (len=632, chunk_size=1400)
Skipping probe: too short (len=559, chunk_size=1400)
Skipping probe: too short (len=1335, chunk_size=1400)
Skipping probe: too short (len=906, chunk_size=1400)
Skipping probe: too short (len=1023, chunk_size=1400)
Skipping probe: too short (len=1266, chunk_size=1400)
Skipping probe: too short (len=834, chunk_size=1400)
Skipping probe: too short (len=632, chunk_size=1400)
Skipping probe: too short (len=670, chunk_size=1400)
Skipping probe: too short (len=886, chunk_size=1400)
Skipping probe: too short (len=1021, chunk_size=1400)
Skipping probe: too short (len=1349, chunk_size=1400)
Skipping probe: too short (len=982, chunk_size=1400)
