uv version: uv 0.9.5
Running on host: gpu04.cluster
Job started at: Fri Feb 27 05:19:10 EST 2026
Running job ID: 731919
Loaded 58 files (2.86 GB) in 4.52 seconds.
Trial 0 F1s - Weighted: 0.6681 | Macro: 0.2099 | Micro: 0.6915

[I 2026-02-27 06:00:09,847] Trial 0 finished with value: 0.668096921976713 and parameters: {'chunk_seconds': 4, 'num_freqs': 15, 'num_estimators': 16, 'max_depth': 64, 'max_features': 0.8015722951838165, 'overlap': 0.5820599970286253, 'max_lag': 15}. Best is trial 0 with value: 0.668096921976713.
Skipping probe: too short (len=834, chunk_size=900)
Skipping probe: too short (len=559, chunk_size=900)
Skipping probe: too short (len=670, chunk_size=900)
Skipping probe: too short (len=886, chunk_size=900)
Skipping probe: too short (len=632, chunk_size=900)
Skipping probe: too short (len=559, chunk_size=900)
Skipping probe: too short (len=834, chunk_size=900)
Skipping probe: too short (len=670, chunk_size=900)
Skipping probe: too short (len=886, chunk_size=900)
Skipping probe: too short (len=632, chunk_size=900)
Skipping probe: too short (len=559, chunk_size=900)
Skipping probe: too short (len=834, chunk_size=900)
Skipping probe: too short (len=670, chunk_size=900)
Skipping probe: too short (len=886, chunk_size=900)
Skipping probe: too short (len=632, chunk_size=900)
Skipping probe: too short (len=834, chunk_size=900)
Skipping probe: too short (len=670, chunk_size=900)
Skipping probe: too short (len=886, chunk_size=900)
Skipping probe: too short (len=632, chunk_size=900)
Skipping probe: too short (len=559, chunk_size=900)
Skipping probe: too short (len=559, chunk_size=900)
Skipping probe: too short (len=632, chunk_size=900)
Skipping probe: too short (len=834, chunk_size=900)
Skipping probe: too short (len=670, chunk_size=900)
Skipping probe: too short (len=886, chunk_size=900)
Trial 1 F1s - Weighted: 0.6918 | Macro: 0.1998 | Micro: 0.7164

[I 2026-02-27 06:56:57,061] Trial 1 finished with value: 0.6917910782111506 and parameters: {'chunk_seconds': 9, 'num_freqs': 11, 'num_estimators': 128, 'max_depth': 64, 'max_features': 0.9500725050363941, 'overlap': 0.5076879458544203, 'max_lag': 9}. Best is trial 1 with value: 0.6917910782111506.
Skipping probe: too short (len=1023, chunk_size=1300)
Skipping probe: too short (len=834, chunk_size=1300)
Skipping probe: too short (len=559, chunk_size=1300)
Skipping probe: too short (len=906, chunk_size=1300)
Skipping probe: too short (len=982, chunk_size=1300)
Skipping probe: too short (len=1266, chunk_size=1300)
Skipping probe: too short (len=670, chunk_size=1300)
Skipping probe: too short (len=886, chunk_size=1300)
Skipping probe: too short (len=632, chunk_size=1300)
Skipping probe: too short (len=1021, chunk_size=1300)
Skipping probe: too short (len=1023, chunk_size=1300)
Skipping probe: too short (len=559, chunk_size=1300)
Skipping probe: too short (len=906, chunk_size=1300)
Skipping probe: too short (len=834, chunk_size=1300)
Skipping probe: too short (len=982, chunk_size=1300)
Skipping probe: too short (len=670, chunk_size=1300)
Skipping probe: too short (len=886, chunk_size=1300)
Skipping probe: too short (len=1021, chunk_size=1300)
Skipping probe: too short (len=1266, chunk_size=1300)
Skipping probe: too short (len=632, chunk_size=1300)
Skipping probe: too short (len=834, chunk_size=1300)
Skipping probe: too short (len=1023, chunk_size=1300)
Skipping probe: too short (len=559, chunk_size=1300)
Skipping probe: too short (len=906, chunk_size=1300)
Skipping probe: too short (len=1266, chunk_size=1300)
Skipping probe: too short (len=670, chunk_size=1300)
Skipping probe: too short (len=886, chunk_size=1300)
Skipping probe: too short (len=1021, chunk_size=1300)
Skipping probe: too short (len=632, chunk_size=1300)
Skipping probe: too short (len=982, chunk_size=1300)
Skipping probe: too short (len=834, chunk_size=1300)
Skipping probe: too short (len=1266, chunk_size=1300)
Skipping probe: too short (len=1023, chunk_size=1300)
Skipping probe: too short (len=982, chunk_size=1300)
Skipping probe: too short (len=670, chunk_size=1300)
Skipping probe: too short (len=886, chunk_size=1300)
Skipping probe: too short (len=1021, chunk_size=1300)
Skipping probe: too short (len=632, chunk_size=1300)
Skipping probe: too short (len=559, chunk_size=1300)
Skipping probe: too short (len=906, chunk_size=1300)
Skipping probe: too short (len=1266, chunk_size=1300)
Skipping probe: too short (len=982, chunk_size=1300)
Skipping probe: too short (len=559, chunk_size=1300)
Skipping probe: too short (len=906, chunk_size=1300)
Skipping probe: too short (len=1021, chunk_size=1300)
Skipping probe: too short (len=632, chunk_size=1300)
Skipping probe: too short (len=1023, chunk_size=1300)
Skipping probe: too short (len=834, chunk_size=1300)
Skipping probe: too short (len=670, chunk_size=1300)
Skipping probe: too short (len=886, chunk_size=1300)
Trial 2 F1s - Weighted: 0.7146 | Macro: 0.2047 | Micro: 0.7409

[I 2026-02-27 08:33:42,389] Trial 2 finished with value: 0.7145660520964573 and parameters: {'chunk_seconds': 13, 'num_freqs': 17, 'num_estimators': 256, 'max_depth': 32, 'max_features': 0.8046121340391865, 'overlap': 0.6590361763494774, 'max_lag': 5}. Best is trial 2 with value: 0.7145660520964573.
Skipping probe: too short (len=1604, chunk_size=1900)
Skipping probe: too short (len=1349, chunk_size=1900)
Skipping probe: too short (len=834, chunk_size=1900)
Skipping probe: too short (len=1506, chunk_size=1900)
Skipping probe: too short (len=1454, chunk_size=1900)
Skipping probe: too short (len=1023, chunk_size=1900)
Skipping probe: too short (len=1450, chunk_size=1900)
Skipping probe: too short (len=1266, chunk_size=1900)
Skipping probe: too short (len=1763, chunk_size=1900)
Skipping probe: too short (len=982, chunk_size=1900)
Skipping probe: too short (len=559, chunk_size=1900)
Skipping probe: too short (len=1563, chunk_size=1900)
Skipping probe: too short (len=1335, chunk_size=1900)
Skipping probe: too short (len=906, chunk_size=1900)
Skipping probe: too short (len=670, chunk_size=1900)
Skipping probe: too short (len=886, chunk_size=1900)
Skipping probe: too short (len=632, chunk_size=1900)
Skipping probe: too short (len=1619, chunk_size=1900)
Skipping probe: too short (len=1880, chunk_size=1900)
Skipping probe: too short (len=1871, chunk_size=1900)
Skipping probe: too short (len=1021, chunk_size=1900)
Skipping probe: too short (len=1454, chunk_size=1900)
Skipping probe: too short (len=1604, chunk_size=1900)
Skipping probe: too short (len=1023, chunk_size=1900)
Skipping probe: too short (len=1450, chunk_size=1900)
Skipping probe: too short (len=1349, chunk_size=1900)
Skipping probe: too short (len=982, chunk_size=1900)
Skipping probe: too short (len=1619, chunk_size=1900)
Skipping probe: too short (len=834, chunk_size=1900)
Skipping probe: too short (len=1506, chunk_size=1900)
Skipping probe: too short (len=559, chunk_size=1900)
Skipping probe: too short (len=1563, chunk_size=1900)
Skipping probe: too short (len=1335, chunk_size=1900)
Skipping probe: too short (len=906, chunk_size=1900)
Skipping probe: too short (len=1763, chunk_size=1900)
Skipping probe: too short (len=670, chunk_size=1900)
Skipping probe: too short (len=886, chunk_size=1900)
Skipping probe: too short (len=1871, chunk_size=1900)
Skipping probe: too short (len=1021, chunk_size=1900)
Skipping probe: too short (len=1880, chunk_size=1900)
Skipping probe: too short (len=1266, chunk_size=1900)
Skipping probe: too short (len=632, chunk_size=1900)
Skipping probe: too short (len=1266, chunk_size=1900)
Skipping probe: too short (len=1023, chunk_size=1900)
Skipping probe: too short (len=1450, chunk_size=1900)
Skipping probe: too short (len=834, chunk_size=1900)
Skipping probe: too short (len=1506, chunk_size=1900)
Skipping probe: too short (len=1619, chunk_size=1900)
Skipping probe: too short (len=559, chunk_size=1900)
Skipping probe: too short (len=1563, chunk_size=1900)
Skipping probe: too short (len=1335, chunk_size=1900)
Skipping probe: too short (len=906, chunk_size=1900)
Skipping probe: too short (len=1880, chunk_size=1900)
Skipping probe: too short (len=1871, chunk_size=1900)
Skipping probe: too short (len=1021, chunk_size=1900)
Skipping probe: too short (len=670, chunk_size=1900)
Skipping probe: too short (len=886, chunk_size=1900)
Skipping probe: too short (len=632, chunk_size=1900)
Skipping probe: too short (len=1454, chunk_size=1900)
Skipping probe: too short (len=982, chunk_size=1900)
Skipping probe: too short (len=1763, chunk_size=1900)
Skipping probe: too short (len=1349, chunk_size=1900)
Skipping probe: too short (len=1604, chunk_size=1900)
Skipping probe: too short (len=1604, chunk_size=1900)
Skipping probe: too short (len=1349, chunk_size=1900)
Skipping probe: too short (len=1450, chunk_size=1900)
Skipping probe: too short (len=1266, chunk_size=1900)
Skipping probe: too short (len=1023, chunk_size=1900)
Skipping probe: too short (len=1454, chunk_size=1900)
Skipping probe: too short (len=834, chunk_size=1900)
Skipping probe: too short (len=1506, chunk_size=1900)
Skipping probe: too short (len=1763, chunk_size=1900)
Skipping probe: too short (len=1619, chunk_size=1900)
Skipping probe: too short (len=1880, chunk_size=1900)
Skipping probe: too short (len=982, chunk_size=1900)
Skipping probe: too short (len=1871, chunk_size=1900)
Skipping probe: too short (len=1021, chunk_size=1900)
Skipping probe: too short (len=670, chunk_size=1900)
Skipping probe: too short (len=886, chunk_size=1900)
Skipping probe: too short (len=632, chunk_size=1900)
Skipping probe: too short (len=559, chunk_size=1900)
Skipping probe: too short (len=1563, chunk_size=1900)
Skipping probe: too short (len=1335, chunk_size=1900)
Skipping probe: too short (len=906, chunk_size=1900)
Skipping probe: too short (len=559, chunk_size=1900)
Skipping probe: too short (len=1563, chunk_size=1900)
Skipping probe: too short (len=1335, chunk_size=1900)
Skipping probe: too short (len=906, chunk_size=1900)
Skipping probe: too short (len=1604, chunk_size=1900)
Skipping probe: too short (len=1619, chunk_size=1900)
Skipping probe: too short (len=1266, chunk_size=1900)
Skipping probe: too short (len=1454, chunk_size=1900)
Skipping probe: too short (len=1763, chunk_size=1900)
Skipping probe: too short (len=982, chunk_size=1900)
Skipping probe: too short (len=1349, chunk_size=1900)
Skipping probe: too short (len=632, chunk_size=1900)
Skipping probe: too short (len=1880, chunk_size=1900)
Skipping probe: too short (len=1871, chunk_size=1900)
Skipping probe: too short (len=1021, chunk_size=1900)
Skipping probe: too short (len=1450, chunk_size=1900)
Skipping probe: too short (len=1023, chunk_size=1900)
Skipping probe: too short (len=834, chunk_size=1900)
Skipping probe: too short (len=1506, chunk_size=1900)
Skipping probe: too short (len=670, chunk_size=1900)
Skipping probe: too short (len=886, chunk_size=1900)
Trial 3 F1s - Weighted: 0.7092 | Macro: 0.1957 | Micro: 0.7405

[I 2026-02-27 08:58:04,888] Trial 3 finished with value: 0.7091823127706478 and parameters: {'chunk_seconds': 19, 'num_freqs': 6, 'num_estimators': 256, 'max_depth': 32, 'max_features': 0.46017809047519337, 'overlap': 0.6051291406845765, 'max_lag': 4}. Best is trial 2 with value: 0.7145660520964573.
Skipping probe: too short (len=1450, chunk_size=1700)
Skipping probe: too short (len=1023, chunk_size=1700)
Skipping probe: too short (len=1454, chunk_size=1700)
Skipping probe: too short (len=982, chunk_size=1700)
Skipping probe: too short (len=1349, chunk_size=1700)
Skipping probe: too short (len=834, chunk_size=1700)
Skipping probe: too short (len=1506, chunk_size=1700)
Skipping probe: too short (len=1604, chunk_size=1700)
Skipping probe: too short (len=559, chunk_size=1700)
Skipping probe: too short (len=1563, chunk_size=1700)
Skipping probe: too short (len=1335, chunk_size=1700)
Skipping probe: too short (len=906, chunk_size=1700)
Skipping probe: too short (len=632, chunk_size=1700)
Skipping probe: too short (len=670, chunk_size=1700)
Skipping probe: too short (len=886, chunk_size=1700)
Skipping probe: too short (len=1266, chunk_size=1700)
Skipping probe: too short (len=1619, chunk_size=1700)
Skipping probe: too short (len=1021, chunk_size=1700)
Skipping probe: too short (len=1454, chunk_size=1700)
Skipping probe: too short (len=834, chunk_size=1700)
Skipping probe: too short (len=1506, chunk_size=1700)
Skipping probe: too short (len=982, chunk_size=1700)
Skipping probe: too short (len=1349, chunk_size=1700)
Skipping probe: too short (len=1450, chunk_size=1700)
Skipping probe: too short (len=1619, chunk_size=1700)
Skipping probe: too short (len=1604, chunk_size=1700)
Skipping probe: too short (len=1023, chunk_size=1700)
Skipping probe: too short (len=559, chunk_size=1700)
Skipping probe: too short (len=1563, chunk_size=1700)
Skipping probe: too short (len=1335, chunk_size=1700)
Skipping probe: too short (len=906, chunk_size=1700)
Skipping probe: too short (len=1021, chunk_size=1700)
Skipping probe: too short (len=670, chunk_size=1700)
Skipping probe: too short (len=886, chunk_size=1700)
Skipping probe: too short (len=1266, chunk_size=1700)
Skipping probe: too short (len=632, chunk_size=1700)
Skipping probe: too short (len=1266, chunk_size=1700)
Skipping probe: too short (len=1023, chunk_size=1700)
Skipping probe: too short (len=1450, chunk_size=1700)
Skipping probe: too short (len=559, chunk_size=1700)
Skipping probe: too short (len=1563, chunk_size=1700)
Skipping probe: too short (len=1335, chunk_size=1700)
Skipping probe: too short (len=906, chunk_size=1700)
Skipping probe: too short (len=834, chunk_size=1700)
Skipping probe: too short (len=1506, chunk_size=1700)
Skipping probe: too short (len=1619, chunk_size=1700)
Skipping probe: too short (len=670, chunk_size=1700)
Skipping probe: too short (len=886, chunk_size=1700)
Skipping probe: too short (len=632, chunk_size=1700)
Skipping probe: too short (len=1021, chunk_size=1700)
Skipping probe: too short (len=1454, chunk_size=1700)
Skipping probe: too short (len=1349, chunk_size=1700)
Skipping probe: too short (len=982, chunk_size=1700)
Skipping probe: too short (len=1604, chunk_size=1700)
Skipping probe: too short (len=834, chunk_size=1700)
Skipping probe: too short (len=1506, chunk_size=1700)
Skipping probe: too short (len=1266, chunk_size=1700)
Skipping probe: too short (len=1349, chunk_size=1700)
Skipping probe: too short (len=670, chunk_size=1700)
Skipping probe: too short (len=886, chunk_size=1700)
Skipping probe: too short (len=1450, chunk_size=1700)
Skipping probe: too short (len=1023, chunk_size=1700)
Skipping probe: too short (len=1604, chunk_size=1700)
Skipping probe: too short (len=1454, chunk_size=1700)
Skipping probe: too short (len=1619, chunk_size=1700)
Skipping probe: too short (len=982, chunk_size=1700)
Skipping probe: too short (len=632, chunk_size=1700)
Skipping probe: too short (len=1021, chunk_size=1700)
Skipping probe: too short (len=559, chunk_size=1700)
Skipping probe: too short (len=1563, chunk_size=1700)
Skipping probe: too short (len=1335, chunk_size=1700)
Skipping probe: too short (len=906, chunk_size=1700)
Skipping probe: too short (len=1454, chunk_size=1700)
Skipping probe: too short (len=1619, chunk_size=1700)
Skipping probe: too short (len=559, chunk_size=1700)
Skipping probe: too short (len=1563, chunk_size=1700)
Skipping probe: too short (len=1335, chunk_size=1700)
Skipping probe: too short (len=906, chunk_size=1700)
Skipping probe: too short (len=1604, chunk_size=1700)
Skipping probe: too short (len=1266, chunk_size=1700)
Skipping probe: too short (len=1349, chunk_size=1700)
Skipping probe: too short (len=982, chunk_size=1700)
Skipping probe: too short (len=632, chunk_size=1700)
Skipping probe: too short (len=1021, chunk_size=1700)
Skipping probe: too short (len=1450, chunk_size=1700)
Skipping probe: too short (len=1023, chunk_size=1700)
Skipping probe: too short (len=834, chunk_size=1700)
Skipping probe: too short (len=1506, chunk_size=1700)
Skipping probe: too short (len=670, chunk_size=1700)
Skipping probe: too short (len=886, chunk_size=1700)
Trial 4 F1s - Weighted: 0.7040 | Macro: 0.1960 | Micro: 0.7325

[I 2026-02-27 09:29:22,096] Trial 4 finished with value: 0.7039561230878587 and parameters: {'chunk_seconds': 17, 'num_freqs': 1, 'num_estimators': 256, 'max_depth': 128, 'max_features': 0.7457502706109043, 'overlap': 0.5642677103215739, 'max_lag': 7}. Best is trial 2 with value: 0.7145660520964573.
Skipping probe: too short (len=559, chunk_size=1100)
Skipping probe: too short (len=906, chunk_size=1100)
Skipping probe: too short (len=834, chunk_size=1100)
Skipping probe: too short (len=982, chunk_size=1100)
Skipping probe: too short (len=670, chunk_size=1100)
Skipping probe: too short (len=886, chunk_size=1100)
Skipping probe: too short (len=1023, chunk_size=1100)
Skipping probe: too short (len=632, chunk_size=1100)
Skipping probe: too short (len=1021, chunk_size=1100)
Skipping probe: too short (len=982, chunk_size=1100)
Skipping probe: too short (len=559, chunk_size=1100)
Skipping probe: too short (len=906, chunk_size=1100)
Skipping probe: too short (len=834, chunk_size=1100)
Skipping probe: too short (len=1023, chunk_size=1100)
Skipping probe: too short (len=670, chunk_size=1100)
Skipping probe: too short (len=886, chunk_size=1100)
Skipping probe: too short (len=1021, chunk_size=1100)
Skipping probe: too short (len=632, chunk_size=1100)
Skipping probe: too short (len=559, chunk_size=1100)
Skipping probe: too short (len=906, chunk_size=1100)
Skipping probe: too short (len=1023, chunk_size=1100)
Skipping probe: too short (len=834, chunk_size=1100)
Skipping probe: too short (len=670, chunk_size=1100)
Skipping probe: too short (len=886, chunk_size=1100)
Skipping probe: too short (len=1021, chunk_size=1100)
Skipping probe: too short (len=632, chunk_size=1100)
Skipping probe: too short (len=982, chunk_size=1100)
Skipping probe: too short (len=1023, chunk_size=1100)
Skipping probe: too short (len=834, chunk_size=1100)
Skipping probe: too short (len=982, chunk_size=1100)
Skipping probe: too short (len=670, chunk_size=1100)
Skipping probe: too short (len=886, chunk_size=1100)
Skipping probe: too short (len=632, chunk_size=1100)
Skipping probe: too short (len=1021, chunk_size=1100)
Skipping probe: too short (len=559, chunk_size=1100)
Skipping probe: too short (len=906, chunk_size=1100)
Skipping probe: too short (len=559, chunk_size=1100)
Skipping probe: too short (len=906, chunk_size=1100)
Skipping probe: too short (len=982, chunk_size=1100)
Skipping probe: too short (len=632, chunk_size=1100)
Skipping probe: too short (len=1021, chunk_size=1100)
Skipping probe: too short (len=1023, chunk_size=1100)
Skipping probe: too short (len=834, chunk_size=1100)
Skipping probe: too short (len=670, chunk_size=1100)
Skipping probe: too short (len=886, chunk_size=1100)
Trial 5 F1s - Weighted: 0.6814 | Macro: 0.1979 | Micro: 0.7035

[I 2026-02-27 09:46:33,727] Trial 5 finished with value: 0.6814116494678112 and parameters: {'chunk_seconds': 11, 'num_freqs': 1, 'num_estimators': 8, 'max_depth': 32, 'max_features': 0.9830998078461071, 'overlap': 0.635362564235272, 'max_lag': 18}. Best is trial 2 with value: 0.7145660520964573.
Skipping probe: too short (len=559, chunk_size=800)
Skipping probe: too short (len=670, chunk_size=800)
Skipping probe: too short (len=632, chunk_size=800)
Skipping probe: too short (len=559, chunk_size=800)
Skipping probe: too short (len=670, chunk_size=800)
Skipping probe: too short (len=632, chunk_size=800)
Skipping probe: too short (len=559, chunk_size=800)
Skipping probe: too short (len=670, chunk_size=800)
Skipping probe: too short (len=632, chunk_size=800)
Skipping probe: too short (len=670, chunk_size=800)
Skipping probe: too short (len=632, chunk_size=800)
Skipping probe: too short (len=559, chunk_size=800)
Skipping probe: too short (len=559, chunk_size=800)
Skipping probe: too short (len=632, chunk_size=800)
Skipping probe: too short (len=670, chunk_size=800)
Trial 6 F1s - Weighted: 0.5150 | Macro: 0.1371 | Micro: 0.4157

[I 2026-02-27 09:57:13,331] Trial 6 finished with value: 0.5150254348219663 and parameters: {'chunk_seconds': 8, 'num_freqs': 6, 'num_estimators': 64, 'max_depth': 4, 'max_features': 0.4542186015571451, 'overlap': 0.3275202796541138, 'max_lag': 6}. Best is trial 2 with value: 0.7145660520964573.
Skipping probe: too short (len=982, chunk_size=1300)
Skipping probe: too short (len=834, chunk_size=1300)
Skipping probe: too short (len=559, chunk_size=1300)
Skipping probe: too short (len=906, chunk_size=1300)
Skipping probe: too short (len=1023, chunk_size=1300)
Skipping probe: too short (len=1266, chunk_size=1300)
Skipping probe: too short (len=670, chunk_size=1300)
Skipping probe: too short (len=886, chunk_size=1300)
Skipping probe: too short (len=632, chunk_size=1300)
Skipping probe: too short (len=1021, chunk_size=1300)
Skipping probe: too short (len=834, chunk_size=1300)
Skipping probe: too short (len=559, chunk_size=1300)
Skipping probe: too short (len=906, chunk_size=1300)
Skipping probe: too short (len=982, chunk_size=1300)
Skipping probe: too short (len=1023, chunk_size=1300)
Skipping probe: too short (len=670, chunk_size=1300)
Skipping probe: too short (len=886, chunk_size=1300)
Skipping probe: too short (len=1021, chunk_size=1300)
Skipping probe: too short (len=1266, chunk_size=1300)
Skipping probe: too short (len=632, chunk_size=1300)
Skipping probe: too short (len=1266, chunk_size=1300)
Skipping probe: too short (len=559, chunk_size=1300)
Skipping probe: too short (len=906, chunk_size=1300)
Skipping probe: too short (len=834, chunk_size=1300)
Skipping probe: too short (len=1023, chunk_size=1300)
Skipping probe: too short (len=670, chunk_size=1300)
Skipping probe: too short (len=886, chunk_size=1300)
Skipping probe: too short (len=632, chunk_size=1300)
Skipping probe: too short (len=1021, chunk_size=1300)
Skipping probe: too short (len=982, chunk_size=1300)
Skipping probe: too short (len=1266, chunk_size=1300)
Skipping probe: too short (len=1023, chunk_size=1300)
Skipping probe: too short (len=982, chunk_size=1300)
Skipping probe: too short (len=834, chunk_size=1300)
Skipping probe: too short (len=632, chunk_size=1300)
Skipping probe: too short (len=670, chunk_size=1300)
Skipping probe: too short (len=886, chunk_size=1300)
Skipping probe: too short (len=1021, chunk_size=1300)
Skipping probe: too short (len=559, chunk_size=1300)
Skipping probe: too short (len=906, chunk_size=1300)
Skipping probe: too short (len=982, chunk_size=1300)
Skipping probe: too short (len=1266, chunk_size=1300)
Skipping probe: too short (len=559, chunk_size=1300)
Skipping probe: too short (len=906, chunk_size=1300)
Skipping probe: too short (len=1021, chunk_size=1300)
Skipping probe: too short (len=632, chunk_size=1300)
Skipping probe: too short (len=1023, chunk_size=1300)
Skipping probe: too short (len=834, chunk_size=1300)
Skipping probe: too short (len=670, chunk_size=1300)
Skipping probe: too short (len=886, chunk_size=1300)
Trial 7 F1s - Weighted: 0.6886 | Macro: 0.1876 | Micro: 0.7134

[I 2026-02-27 10:07:23,613] Trial 7 finished with value: 0.6885692168704912 and parameters: {'chunk_seconds': 13, 'num_freqs': 13, 'num_estimators': 16, 'max_depth': 256, 'max_features': 0.3047776137066595, 'overlap': 0.5330502173014409, 'max_lag': 4}. Best is trial 2 with value: 0.7145660520964573.
Skipping probe: too short (len=1266, chunk_size=1300)
Skipping probe: too short (len=559, chunk_size=1300)
Skipping probe: too short (len=906, chunk_size=1300)
Skipping probe: too short (len=834, chunk_size=1300)
Skipping probe: too short (len=982, chunk_size=1300)
Skipping probe: too short (len=1023, chunk_size=1300)
Skipping probe: too short (len=670, chunk_size=1300)
Skipping probe: too short (len=886, chunk_size=1300)
Skipping probe: too short (len=632, chunk_size=1300)
Skipping probe: too short (len=1021, chunk_size=1300)
Skipping probe: too short (len=559, chunk_size=1300)
Skipping probe: too short (len=906, chunk_size=1300)
Skipping probe: too short (len=834, chunk_size=1300)
Skipping probe: too short (len=982, chunk_size=1300)
Skipping probe: too short (len=1023, chunk_size=1300)
Skipping probe: too short (len=670, chunk_size=1300)
Skipping probe: too short (len=886, chunk_size=1300)
Skipping probe: too short (len=1021, chunk_size=1300)
Skipping probe: too short (len=1266, chunk_size=1300)
Skipping probe: too short (len=632, chunk_size=1300)
Skipping probe: too short (len=559, chunk_size=1300)
Skipping probe: too short (len=906, chunk_size=1300)
Skipping probe: too short (len=834, chunk_size=1300)
Skipping probe: too short (len=670, chunk_size=1300)
Skipping probe: too short (len=886, chunk_size=1300)
Skipping probe: too short (len=1023, chunk_size=1300)
Skipping probe: too short (len=1266, chunk_size=1300)
Skipping probe: too short (len=1021, chunk_size=1300)
Skipping probe: too short (len=632, chunk_size=1300)
Skipping probe: too short (len=982, chunk_size=1300)
Skipping probe: too short (len=1023, chunk_size=1300)
Skipping probe: too short (len=982, chunk_size=1300)
Skipping probe: too short (len=834, chunk_size=1300)
Skipping probe: too short (len=1266, chunk_size=1300)
Skipping probe: too short (len=670, chunk_size=1300)
Skipping probe: too short (len=886, chunk_size=1300)
Skipping probe: too short (len=1021, chunk_size=1300)
Skipping probe: too short (len=632, chunk_size=1300)
Skipping probe: too short (len=559, chunk_size=1300)
Skipping probe: too short (len=906, chunk_size=1300)
Skipping probe: too short (len=1266, chunk_size=1300)
Skipping probe: too short (len=982, chunk_size=1300)
Skipping probe: too short (len=559, chunk_size=1300)
Skipping probe: too short (len=906, chunk_size=1300)
Skipping probe: too short (len=632, chunk_size=1300)
Skipping probe: too short (len=1021, chunk_size=1300)
Skipping probe: too short (len=1023, chunk_size=1300)
Skipping probe: too short (len=834, chunk_size=1300)
Skipping probe: too short (len=670, chunk_size=1300)
Skipping probe: too short (len=886, chunk_size=1300)
Trial 8 F1s - Weighted: 0.6320 | Macro: 0.1958 | Micro: 0.5676

[I 2026-02-27 10:16:31,660] Trial 8 finished with value: 0.6320225629348791 and parameters: {'chunk_seconds': 13, 'num_freqs': 15, 'num_estimators': 16, 'max_depth': 8, 'max_features': 0.7396822988666232, 'overlap': 0.405894740566839, 'max_lag': 3}. Best is trial 2 with value: 0.7145660520964573.
Skipping probe: too short (len=1450, chunk_size=1900)
Skipping probe: too short (len=1023, chunk_size=1900)
Skipping probe: too short (len=982, chunk_size=1900)
Skipping probe: too short (len=1604, chunk_size=1900)
Skipping probe: too short (len=559, chunk_size=1900)
Skipping probe: too short (len=1563, chunk_size=1900)
Skipping probe: too short (len=1335, chunk_size=1900)
Skipping probe: too short (len=906, chunk_size=1900)
Skipping probe: too short (len=1454, chunk_size=1900)
Skipping probe: too short (len=1349, chunk_size=1900)
Skipping probe: too short (len=1763, chunk_size=1900)
Skipping probe: too short (len=834, chunk_size=1900)
Skipping probe: too short (len=1506, chunk_size=1900)
Skipping probe: too short (len=1266, chunk_size=1900)
Skipping probe: too short (len=670, chunk_size=1900)
Skipping probe: too short (len=886, chunk_size=1900)
Skipping probe: too short (len=632, chunk_size=1900)
Skipping probe: too short (len=1619, chunk_size=1900)
Skipping probe: too short (len=1880, chunk_size=1900)
Skipping probe: too short (len=1871, chunk_size=1900)
Skipping probe: too short (len=1021, chunk_size=1900)
Skipping probe: too short (len=559, chunk_size=1900)
Skipping probe: too short (len=1563, chunk_size=1900)
Skipping probe: too short (len=1335, chunk_size=1900)
Skipping probe: too short (len=906, chunk_size=1900)
Skipping probe: too short (len=1454, chunk_size=1900)
Skipping probe: too short (len=834, chunk_size=1900)
Skipping probe: too short (len=1506, chunk_size=1900)
Skipping probe: too short (len=1450, chunk_size=1900)
Skipping probe: too short (len=1023, chunk_size=1900)
Skipping probe: too short (len=1619, chunk_size=1900)
Skipping probe: too short (len=1349, chunk_size=1900)
Skipping probe: too short (len=982, chunk_size=1900)
Skipping probe: too short (len=1604, chunk_size=1900)
Skipping probe: too short (len=1880, chunk_size=1900)
Skipping probe: too short (len=1763, chunk_size=1900)
Skipping probe: too short (len=670, chunk_size=1900)
Skipping probe: too short (len=886, chunk_size=1900)
Skipping probe: too short (len=1871, chunk_size=1900)
Skipping probe: too short (len=1021, chunk_size=1900)
Skipping probe: too short (len=1266, chunk_size=1900)
Skipping probe: too short (len=632, chunk_size=1900)
Skipping probe: too short (len=559, chunk_size=1900)
Skipping probe: too short (len=1563, chunk_size=1900)
Skipping probe: too short (len=1335, chunk_size=1900)
Skipping probe: too short (len=906, chunk_size=1900)
Skipping probe: too short (len=1023, chunk_size=1900)
Skipping probe: too short (len=1450, chunk_size=1900)
Skipping probe: too short (len=834, chunk_size=1900)
Skipping probe: too short (len=1506, chunk_size=1900)
Skipping probe: too short (len=1619, chunk_size=1900)
Skipping probe: too short (len=1880, chunk_size=1900)
Skipping probe: too short (len=1266, chunk_size=1900)
Skipping probe: too short (len=670, chunk_size=1900)
Skipping probe: too short (len=886, chunk_size=1900)
Skipping probe: too short (len=1871, chunk_size=1900)
Skipping probe: too short (len=1021, chunk_size=1900)
Skipping probe: too short (len=632, chunk_size=1900)
Skipping probe: too short (len=1454, chunk_size=1900)
Skipping probe: too short (len=982, chunk_size=1900)
Skipping probe: too short (len=1604, chunk_size=1900)
Skipping probe: too short (len=1349, chunk_size=1900)
Skipping probe: too short (len=1763, chunk_size=1900)
Skipping probe: too short (len=1266, chunk_size=1900)
Skipping probe: too short (len=1454, chunk_size=1900)
Skipping probe: too short (len=1604, chunk_size=1900)
Skipping probe: too short (len=1023, chunk_size=1900)
Skipping probe: too short (len=834, chunk_size=1900)
Skipping probe: too short (len=1506, chunk_size=1900)
Skipping probe: too short (len=1619, chunk_size=1900)
Skipping probe: too short (len=1349, chunk_size=1900)
Skipping probe: too short (len=1450, chunk_size=1900)
Skipping probe: too short (len=1880, chunk_size=1900)
Skipping probe: too short (len=670, chunk_size=1900)
Skipping probe: too short (len=886, chunk_size=1900)
Skipping probe: too short (len=1763, chunk_size=1900)
Skipping probe: too short (len=632, chunk_size=1900)
Skipping probe: too short (len=982, chunk_size=1900)
Skipping probe: too short (len=1871, chunk_size=1900)
Skipping probe: too short (len=1021, chunk_size=1900)
Skipping probe: too short (len=559, chunk_size=1900)
Skipping probe: too short (len=1563, chunk_size=1900)
Skipping probe: too short (len=1335, chunk_size=1900)
Skipping probe: too short (len=906, chunk_size=1900)
Skipping probe: too short (len=1763, chunk_size=1900)
Skipping probe: too short (len=559, chunk_size=1900)
Skipping probe: too short (len=1563, chunk_size=1900)
Skipping probe: too short (len=1335, chunk_size=1900)
Skipping probe: too short (len=906, chunk_size=1900)
Skipping probe: too short (len=1454, chunk_size=1900)
Skipping probe: too short (len=1349, chunk_size=1900)
Skipping probe: too short (len=1604, chunk_size=1900)
Skipping probe: too short (len=1266, chunk_size=1900)
Skipping probe: too short (len=1619, chunk_size=1900)
Skipping probe: too short (len=982, chunk_size=1900)
Skipping probe: too short (len=1880, chunk_size=1900)
Skipping probe: too short (len=1871, chunk_size=1900)
Skipping probe: too short (len=1021, chunk_size=1900)
Skipping probe: too short (len=632, chunk_size=1900)
Skipping probe: too short (len=1450, chunk_size=1900)
Skipping probe: too short (len=1023, chunk_size=1900)
Skipping probe: too short (len=834, chunk_size=1900)
Skipping probe: too short (len=1506, chunk_size=1900)
Skipping probe: too short (len=670, chunk_size=1900)
Skipping probe: too short (len=886, chunk_size=1900)
Trial 9 F1s - Weighted: 0.7113 | Macro: 0.1932 | Micro: 0.7449

[I 2026-02-27 10:38:55,352] Trial 9 finished with value: 0.711316482435862 and parameters: {'chunk_seconds': 19, 'num_freqs': 11, 'num_estimators': 32, 'max_depth': 64, 'max_features': 0.3817462541460298, 'overlap': 0.795276675328449, 'max_lag': 16}. Best is trial 2 with value: 0.7145660520964573.
[I 2026-02-27 15:17:06,734] Trial 10 pruned. 
Skipping probe: too short (len=1450, chunk_size=1600)
Skipping probe: too short (len=1454, chunk_size=1600)
Skipping probe: too short (len=1266, chunk_size=1600)
Skipping probe: too short (len=982, chunk_size=1600)
Skipping probe: too short (len=559, chunk_size=1600)
Skipping probe: too short (len=1563, chunk_size=1600)
Skipping probe: too short (len=1335, chunk_size=1600)
Skipping probe: too short (len=906, chunk_size=1600)
Skipping probe: too short (len=834, chunk_size=1600)
Skipping probe: too short (len=1506, chunk_size=1600)
Skipping probe: too short (len=1349, chunk_size=1600)
Skipping probe: too short (len=1023, chunk_size=1600)
Skipping probe: too short (len=670, chunk_size=1600)
Skipping probe: too short (len=886, chunk_size=1600)
Skipping probe: too short (len=632, chunk_size=1600)
Skipping probe: too short (len=1021, chunk_size=1600)
Skipping probe: too short (len=670, chunk_size=1600)
Skipping probe: too short (len=886, chunk_size=1600)
Skipping probe: too short (len=559, chunk_size=1600)
Skipping probe: too short (len=1563, chunk_size=1600)
Skipping probe: too short (len=1335, chunk_size=1600)
Skipping probe: too short (len=906, chunk_size=1600)
Skipping probe: too short (len=834, chunk_size=1600)
Skipping probe: too short (len=1506, chunk_size=1600)
Skipping probe: too short (len=1454, chunk_size=1600)
Skipping probe: too short (len=982, chunk_size=1600)
Skipping probe: too short (len=1023, chunk_size=1600)
Skipping probe: too short (len=1349, chunk_size=1600)
Skipping probe: too short (len=1450, chunk_size=1600)
Skipping probe: too short (len=1021, chunk_size=1600)
Skipping probe: too short (len=1266, chunk_size=1600)
Skipping probe: too short (len=632, chunk_size=1600)
Skipping probe: too short (len=559, chunk_size=1600)
Skipping probe: too short (len=1563, chunk_size=1600)
Skipping probe: too short (len=1335, chunk_size=1600)
Skipping probe: too short (len=906, chunk_size=1600)
Skipping probe: too short (len=1023, chunk_size=1600)
Skipping probe: too short (len=834, chunk_size=1600)
Skipping probe: too short (len=1506, chunk_size=1600)
Skipping probe: too short (len=1266, chunk_size=1600)
Skipping probe: too short (len=1450, chunk_size=1600)
Skipping probe: too short (len=670, chunk_size=1600)
Skipping probe: too short (len=886, chunk_size=1600)
Skipping probe: too short (len=1021, chunk_size=1600)
Skipping probe: too short (len=632, chunk_size=1600)
Skipping probe: too short (len=1349, chunk_size=1600)
Skipping probe: too short (len=982, chunk_size=1600)
Skipping probe: too short (len=1454, chunk_size=1600)
Skipping probe: too short (len=1266, chunk_size=1600)
Skipping probe: too short (len=1023, chunk_size=1600)
Skipping probe: too short (len=1450, chunk_size=1600)
Skipping probe: too short (len=1349, chunk_size=1600)
Skipping probe: too short (len=1454, chunk_size=1600)
Skipping probe: too short (len=834, chunk_size=1600)
Skipping probe: too short (len=1506, chunk_size=1600)
Skipping probe: too short (len=1021, chunk_size=1600)
Skipping probe: too short (len=982, chunk_size=1600)
Skipping probe: too short (len=632, chunk_size=1600)
Skipping probe: too short (len=670, chunk_size=1600)
Skipping probe: too short (len=886, chunk_size=1600)
Skipping probe: too short (len=559, chunk_size=1600)
Skipping probe: too short (len=1563, chunk_size=1600)
Skipping probe: too short (len=1335, chunk_size=1600)
Skipping probe: too short (len=906, chunk_size=1600)
Skipping probe: too short (len=1454, chunk_size=1600)
Skipping probe: too short (len=559, chunk_size=1600)
Skipping probe: too short (len=1563, chunk_size=1600)
Skipping probe: too short (len=1335, chunk_size=1600)
Skipping probe: too short (len=906, chunk_size=1600)
Skipping probe: too short (len=1266, chunk_size=1600)
Skipping probe: too short (len=982, chunk_size=1600)
Skipping probe: too short (len=1349, chunk_size=1600)
Skipping probe: too short (len=632, chunk_size=1600)
Skipping probe: too short (len=1021, chunk_size=1600)
Skipping probe: too short (len=1450, chunk_size=1600)
Skipping probe: too short (len=1023, chunk_size=1600)
Skipping probe: too short (len=834, chunk_size=1600)
Skipping probe: too short (len=1506, chunk_size=1600)
Skipping probe: too short (len=670, chunk_size=1600)
Skipping probe: too short (len=886, chunk_size=1600)
Trial 11 F1s - Weighted: 0.7053 | Macro: 0.1929 | Micro: 0.7359

[I 2026-02-27 15:48:53,211] Trial 11 finished with value: 0.7053176443758852 and parameters: {'chunk_seconds': 16, 'num_freqs': 19, 'num_estimators': 32, 'max_depth': 64, 'max_features': 0.6020562433006849, 'overlap': 0.7959320250565182, 'max_lag': 15}. Best is trial 2 with value: 0.7145660520964573.
Skipping probe: too short (len=1924, chunk_size=2000)
Skipping probe: too short (len=834, chunk_size=2000)
Skipping probe: too short (len=1506, chunk_size=2000)
Skipping probe: too short (len=1349, chunk_size=2000)
Skipping probe: too short (len=982, chunk_size=2000)
Skipping probe: too short (len=559, chunk_size=2000)
Skipping probe: too short (len=1906, chunk_size=2000)
Skipping probe: too short (len=1563, chunk_size=2000)
Skipping probe: too short (len=1335, chunk_size=2000)
Skipping probe: too short (len=906, chunk_size=2000)
Skipping probe: too short (len=1604, chunk_size=2000)
Skipping probe: too short (len=1958, chunk_size=2000)
Skipping probe: too short (len=1023, chunk_size=2000)
Skipping probe: too short (len=1266, chunk_size=2000)
Skipping probe: too short (len=1450, chunk_size=2000)
Skipping probe: too short (len=1454, chunk_size=2000)
Skipping probe: too short (len=1763, chunk_size=2000)
Skipping probe: too short (len=632, chunk_size=2000)
Skipping probe: too short (len=670, chunk_size=2000)
Skipping probe: too short (len=886, chunk_size=2000)
Skipping probe: too short (len=1880, chunk_size=2000)
Skipping probe: too short (len=1619, chunk_size=2000)
Skipping probe: too short (len=1995, chunk_size=2000)
Skipping probe: too short (len=1871, chunk_size=2000)
Skipping probe: too short (len=1021, chunk_size=2000)
Skipping probe: too short (len=559, chunk_size=2000)
Skipping probe: too short (len=1906, chunk_size=2000)
Skipping probe: too short (len=1563, chunk_size=2000)
Skipping probe: too short (len=1335, chunk_size=2000)
Skipping probe: too short (len=906, chunk_size=2000)
Skipping probe: too short (len=1454, chunk_size=2000)
Skipping probe: too short (len=1619, chunk_size=2000)
Skipping probe: too short (len=1450, chunk_size=2000)
Skipping probe: too short (len=1924, chunk_size=2000)
Skipping probe: too short (len=834, chunk_size=2000)
Skipping probe: too short (len=1506, chunk_size=2000)
Skipping probe: too short (len=1958, chunk_size=2000)
Skipping probe: too short (len=1023, chunk_size=2000)
Skipping probe: too short (len=1604, chunk_size=2000)
Skipping probe: too short (len=1349, chunk_size=2000)
Skipping probe: too short (len=982, chunk_size=2000)
Skipping probe: too short (len=1763, chunk_size=2000)
Skipping probe: too short (len=670, chunk_size=2000)
Skipping probe: too short (len=886, chunk_size=2000)
Skipping probe: too short (len=1871, chunk_size=2000)
Skipping probe: too short (len=1021, chunk_size=2000)
Skipping probe: too short (len=1880, chunk_size=2000)
Skipping probe: too short (len=1995, chunk_size=2000)
Skipping probe: too short (len=1266, chunk_size=2000)
Skipping probe: too short (len=632, chunk_size=2000)
Skipping probe: too short (len=559, chunk_size=2000)
Skipping probe: too short (len=1906, chunk_size=2000)
Skipping probe: too short (len=1563, chunk_size=2000)
Skipping probe: too short (len=1335, chunk_size=2000)
Skipping probe: too short (len=906, chunk_size=2000)
Skipping probe: too short (len=1450, chunk_size=2000)
Skipping probe: too short (len=1958, chunk_size=2000)
Skipping probe: too short (len=1023, chunk_size=2000)
Skipping probe: too short (len=1924, chunk_size=2000)
Skipping probe: too short (len=834, chunk_size=2000)
Skipping probe: too short (len=1506, chunk_size=2000)
Skipping probe: too short (len=1619, chunk_size=2000)
Skipping probe: too short (len=1266, chunk_size=2000)
Skipping probe: too short (len=1880, chunk_size=2000)
Skipping probe: too short (len=1995, chunk_size=2000)
Skipping probe: too short (len=1871, chunk_size=2000)
Skipping probe: too short (len=1021, chunk_size=2000)
Skipping probe: too short (len=670, chunk_size=2000)
Skipping probe: too short (len=886, chunk_size=2000)
Skipping probe: too short (len=632, chunk_size=2000)
Skipping probe: too short (len=1454, chunk_size=2000)
Skipping probe: too short (len=1763, chunk_size=2000)
Skipping probe: too short (len=1349, chunk_size=2000)
Skipping probe: too short (len=982, chunk_size=2000)
Skipping probe: too short (len=1604, chunk_size=2000)
Skipping probe: too short (len=1450, chunk_size=2000)
Skipping probe: too short (len=982, chunk_size=2000)
Skipping probe: too short (len=1023, chunk_size=2000)
Skipping probe: too short (len=1924, chunk_size=2000)
Skipping probe: too short (len=834, chunk_size=2000)
Skipping probe: too short (len=1506, chunk_size=2000)
Skipping probe: too short (len=1619, chunk_size=2000)
Skipping probe: too short (len=1454, chunk_size=2000)
Skipping probe: too short (len=1604, chunk_size=2000)
Skipping probe: too short (len=1349, chunk_size=2000)
Skipping probe: too short (len=1958, chunk_size=2000)
Skipping probe: too short (len=1266, chunk_size=2000)
Skipping probe: too short (len=1763, chunk_size=2000)
Skipping probe: too short (len=1880, chunk_size=2000)
Skipping probe: too short (len=1995, chunk_size=2000)
Skipping probe: too short (len=632, chunk_size=2000)
Skipping probe: too short (len=670, chunk_size=2000)
Skipping probe: too short (len=886, chunk_size=2000)
Skipping probe: too short (len=1871, chunk_size=2000)
Skipping probe: too short (len=1021, chunk_size=2000)
Skipping probe: too short (len=559, chunk_size=2000)
Skipping probe: too short (len=1906, chunk_size=2000)
Skipping probe: too short (len=1563, chunk_size=2000)
Skipping probe: too short (len=1335, chunk_size=2000)
Skipping probe: too short (len=906, chunk_size=2000)
Skipping probe: too short (len=559, chunk_size=2000)
Skipping probe: too short (len=1906, chunk_size=2000)
Skipping probe: too short (len=1563, chunk_size=2000)
Skipping probe: too short (len=1335, chunk_size=2000)
Skipping probe: too short (len=906, chunk_size=2000)
Skipping probe: too short (len=1763, chunk_size=2000)
Skipping probe: too short (len=1604, chunk_size=2000)
Skipping probe: too short (len=1454, chunk_size=2000)
Skipping probe: too short (len=1266, chunk_size=2000)
Skipping probe: too short (len=982, chunk_size=2000)
Skipping probe: too short (len=1619, chunk_size=2000)
Skipping probe: too short (len=1349, chunk_size=2000)
Skipping probe: too short (len=1880, chunk_size=2000)
Skipping probe: too short (len=1871, chunk_size=2000)
Skipping probe: too short (len=1021, chunk_size=2000)
Skipping probe: too short (len=1995, chunk_size=2000)
Skipping probe: too short (len=632, chunk_size=2000)
Skipping probe: too short (len=1450, chunk_size=2000)
Skipping probe: too short (len=1958, chunk_size=2000)
Skipping probe: too short (len=1023, chunk_size=2000)
Skipping probe: too short (len=1924, chunk_size=2000)
Skipping probe: too short (len=834, chunk_size=2000)
Skipping probe: too short (len=1506, chunk_size=2000)
Skipping probe: too short (len=670, chunk_size=2000)
Skipping probe: too short (len=886, chunk_size=2000)
Trial 12 F1s - Weighted: 0.7160 | Macro: 0.1961 | Micro: 0.7477

[I 2026-02-27 16:05:27,005] Trial 12 finished with value: 0.7160038592304354 and parameters: {'chunk_seconds': 20, 'num_freqs': 8, 'num_estimators': 32, 'max_depth': 32, 'max_features': 0.3187601238586537, 'overlap': 0.7054985159430669, 'max_lag': 20}. Best is trial 12 with value: 0.7160038592304354.
Skipping probe: too short (len=834, chunk_size=1500)
Skipping probe: too short (len=982, chunk_size=1500)
Skipping probe: too short (len=1454, chunk_size=1500)
Skipping probe: too short (len=1349, chunk_size=1500)
Skipping probe: too short (len=559, chunk_size=1500)
Skipping probe: too short (len=1335, chunk_size=1500)
Skipping probe: too short (len=906, chunk_size=1500)
Skipping probe: too short (len=1023, chunk_size=1500)
Skipping probe: too short (len=1450, chunk_size=1500)
Skipping probe: too short (len=1266, chunk_size=1500)
Skipping probe: too short (len=670, chunk_size=1500)
Skipping probe: too short (len=886, chunk_size=1500)
Skipping probe: too short (len=632, chunk_size=1500)
Skipping probe: too short (len=1021, chunk_size=1500)
Skipping probe: too short (len=1454, chunk_size=1500)
Skipping probe: too short (len=1023, chunk_size=1500)
Skipping probe: too short (len=1349, chunk_size=1500)
Skipping probe: too short (len=834, chunk_size=1500)
Skipping probe: too short (len=982, chunk_size=1500)
Skipping probe: too short (len=559, chunk_size=1500)
Skipping probe: too short (len=1335, chunk_size=1500)
Skipping probe: too short (len=906, chunk_size=1500)
Skipping probe: too short (len=1450, chunk_size=1500)
Skipping probe: too short (len=670, chunk_size=1500)
Skipping probe: too short (len=886, chunk_size=1500)
Skipping probe: too short (len=1021, chunk_size=1500)
Skipping probe: too short (len=1266, chunk_size=1500)
Skipping probe: too short (len=632, chunk_size=1500)
Skipping probe: too short (len=1450, chunk_size=1500)
Skipping probe: too short (len=1266, chunk_size=1500)
Skipping probe: too short (len=834, chunk_size=1500)
Skipping probe: too short (len=559, chunk_size=1500)
Skipping probe: too short (len=1335, chunk_size=1500)
Skipping probe: too short (len=906, chunk_size=1500)
Skipping probe: too short (len=1023, chunk_size=1500)
Skipping probe: too short (len=1021, chunk_size=1500)
Skipping probe: too short (len=670, chunk_size=1500)
Skipping probe: too short (len=886, chunk_size=1500)
Skipping probe: too short (len=632, chunk_size=1500)
Skipping probe: too short (len=1349, chunk_size=1500)
Skipping probe: too short (len=982, chunk_size=1500)
Skipping probe: too short (len=1454, chunk_size=1500)
[I 2026-02-27 16:20:00,471] Trial 13 pruned. 
Skipping probe: too short (len=559, chunk_size=600)
Skipping probe: too short (len=559, chunk_size=600)
Skipping probe: too short (len=559, chunk_size=600)
[I 2026-02-27 16:48:35,608] Trial 14 pruned. 
Skipping probe: too short (len=1924, chunk_size=2000)
Skipping probe: too short (len=834, chunk_size=2000)
Skipping probe: too short (len=1506, chunk_size=2000)
Skipping probe: too short (len=1454, chunk_size=2000)
Skipping probe: too short (len=1958, chunk_size=2000)
Skipping probe: too short (len=982, chunk_size=2000)
Skipping probe: too short (len=1604, chunk_size=2000)
Skipping probe: too short (len=1349, chunk_size=2000)
Skipping probe: too short (len=1023, chunk_size=2000)
Skipping probe: too short (len=1450, chunk_size=2000)
Skipping probe: too short (len=559, chunk_size=2000)
Skipping probe: too short (len=1906, chunk_size=2000)
Skipping probe: too short (len=1563, chunk_size=2000)
Skipping probe: too short (len=1335, chunk_size=2000)
Skipping probe: too short (len=906, chunk_size=2000)
Skipping probe: too short (len=1266, chunk_size=2000)
Skipping probe: too short (len=1763, chunk_size=2000)
Skipping probe: too short (len=670, chunk_size=2000)
Skipping probe: too short (len=886, chunk_size=2000)
Skipping probe: too short (len=632, chunk_size=2000)
Skipping probe: too short (len=1619, chunk_size=2000)
Skipping probe: too short (len=1880, chunk_size=2000)
Skipping probe: too short (len=1995, chunk_size=2000)
Skipping probe: too short (len=1871, chunk_size=2000)
Skipping probe: too short (len=1021, chunk_size=2000)
Skipping probe: too short (len=1924, chunk_size=2000)
Skipping probe: too short (len=834, chunk_size=2000)
Skipping probe: too short (len=1506, chunk_size=2000)
Skipping probe: too short (len=1763, chunk_size=2000)
Skipping probe: too short (len=1349, chunk_size=2000)
Skipping probe: too short (len=1958, chunk_size=2000)
Skipping probe: too short (len=1454, chunk_size=2000)
Skipping probe: too short (len=1450, chunk_size=2000)
Skipping probe: too short (len=982, chunk_size=2000)
Skipping probe: too short (len=1023, chunk_size=2000)
Skipping probe: too short (len=1604, chunk_size=2000)
Skipping probe: too short (len=1619, chunk_size=2000)
Skipping probe: too short (len=559, chunk_size=2000)
Skipping probe: too short (len=1906, chunk_size=2000)
Skipping probe: too short (len=1563, chunk_size=2000)
Skipping probe: too short (len=1335, chunk_size=2000)
Skipping probe: too short (len=906, chunk_size=2000)
Skipping probe: too short (len=1880, chunk_size=2000)
Skipping probe: too short (len=670, chunk_size=2000)
Skipping probe: too short (len=886, chunk_size=2000)
Skipping probe: too short (len=1995, chunk_size=2000)
Skipping probe: too short (len=1871, chunk_size=2000)
Skipping probe: too short (len=1021, chunk_size=2000)
Skipping probe: too short (len=1266, chunk_size=2000)
Skipping probe: too short (len=632, chunk_size=2000)
[I 2026-02-27 16:52:47,752] Trial 15 pruned. 
Skipping probe: too short (len=834, chunk_size=1300)
Skipping probe: too short (len=982, chunk_size=1300)
Skipping probe: too short (len=1023, chunk_size=1300)
Skipping probe: too short (len=559, chunk_size=1300)
Skipping probe: too short (len=906, chunk_size=1300)
Skipping probe: too short (len=1266, chunk_size=1300)
Skipping probe: too short (len=670, chunk_size=1300)
Skipping probe: too short (len=886, chunk_size=1300)
Skipping probe: too short (len=632, chunk_size=1300)
Skipping probe: too short (len=1021, chunk_size=1300)
Skipping probe: too short (len=834, chunk_size=1300)
Skipping probe: too short (len=1023, chunk_size=1300)
Skipping probe: too short (len=982, chunk_size=1300)
Skipping probe: too short (len=559, chunk_size=1300)
Skipping probe: too short (len=906, chunk_size=1300)
Skipping probe: too short (len=670, chunk_size=1300)
Skipping probe: too short (len=886, chunk_size=1300)
Skipping probe: too short (len=1021, chunk_size=1300)
Skipping probe: too short (len=1266, chunk_size=1300)
Skipping probe: too short (len=632, chunk_size=1300)
Skipping probe: too short (len=1023, chunk_size=1300)
Skipping probe: too short (len=1266, chunk_size=1300)
Skipping probe: too short (len=834, chunk_size=1300)
Skipping probe: too short (len=559, chunk_size=1300)
Skipping probe: too short (len=906, chunk_size=1300)
Skipping probe: too short (len=1021, chunk_size=1300)
Skipping probe: too short (len=670, chunk_size=1300)
Skipping probe: too short (len=886, chunk_size=1300)
Skipping probe: too short (len=632, chunk_size=1300)
Skipping probe: too short (len=982, chunk_size=1300)
Skipping probe: too short (len=1266, chunk_size=1300)
Skipping probe: too short (len=834, chunk_size=1300)
Skipping probe: too short (len=982, chunk_size=1300)
Skipping probe: too short (len=1023, chunk_size=1300)
Skipping probe: too short (len=632, chunk_size=1300)
Skipping probe: too short (len=1021, chunk_size=1300)
Skipping probe: too short (len=670, chunk_size=1300)
Skipping probe: too short (len=886, chunk_size=1300)
Skipping probe: too short (len=559, chunk_size=1300)
Skipping probe: too short (len=906, chunk_size=1300)
Skipping probe: too short (len=559, chunk_size=1300)
Skipping probe: too short (len=906, chunk_size=1300)
Skipping probe: too short (len=982, chunk_size=1300)
Skipping probe: too short (len=1266, chunk_size=1300)
Skipping probe: too short (len=632, chunk_size=1300)
Skipping probe: too short (len=1021, chunk_size=1300)
Skipping probe: too short (len=1023, chunk_size=1300)
Skipping probe: too short (len=834, chunk_size=1300)
Skipping probe: too short (len=670, chunk_size=1300)
Skipping probe: too short (len=886, chunk_size=1300)
Trial 16 F1s - Weighted: 0.7100 | Macro: 0.2022 | Micro: 0.7371

[I 2026-02-27 17:48:36,746] Trial 16 finished with value: 0.710034335604234 and parameters: {'chunk_seconds': 13, 'num_freqs': 4, 'num_estimators': 128, 'max_depth': 128, 'max_features': 0.8655087389410555, 'overlap': 0.7241581281234127, 'max_lag': 13}. Best is trial 12 with value: 0.7160038592304354.
Skipping probe: too short (len=1604, chunk_size=1700)
Skipping probe: too short (len=1450, chunk_size=1700)
Skipping probe: too short (len=1454, chunk_size=1700)
Skipping probe: too short (len=1349, chunk_size=1700)
Skipping probe: too short (len=834, chunk_size=1700)
Skipping probe: too short (len=1506, chunk_size=1700)
Skipping probe: too short (len=1023, chunk_size=1700)
Skipping probe: too short (len=559, chunk_size=1700)
Skipping probe: too short (len=1563, chunk_size=1700)
Skipping probe: too short (len=1335, chunk_size=1700)
Skipping probe: too short (len=906, chunk_size=1700)
Skipping probe: too short (len=1266, chunk_size=1700)
Skipping probe: too short (len=982, chunk_size=1700)
Skipping probe: too short (len=632, chunk_size=1700)
Skipping probe: too short (len=670, chunk_size=1700)
Skipping probe: too short (len=886, chunk_size=1700)
Skipping probe: too short (len=1619, chunk_size=1700)
Skipping probe: too short (len=1021, chunk_size=1700)
Skipping probe: too short (len=1450, chunk_size=1700)
Skipping probe: too short (len=1023, chunk_size=1700)
Skipping probe: too short (len=1454, chunk_size=1700)
Skipping probe: too short (len=1349, chunk_size=1700)
Skipping probe: too short (len=834, chunk_size=1700)
Skipping probe: too short (len=1506, chunk_size=1700)
Skipping probe: too short (len=1604, chunk_size=1700)
Skipping probe: too short (len=559, chunk_size=1700)
Skipping probe: too short (len=1563, chunk_size=1700)
Skipping probe: too short (len=1335, chunk_size=1700)
Skipping probe: too short (len=906, chunk_size=1700)
Skipping probe: too short (len=1619, chunk_size=1700)
Skipping probe: too short (len=982, chunk_size=1700)
Skipping probe: too short (len=670, chunk_size=1700)
Skipping probe: too short (len=886, chunk_size=1700)
Skipping probe: too short (len=1021, chunk_size=1700)
Skipping probe: too short (len=1266, chunk_size=1700)
Skipping probe: too short (len=632, chunk_size=1700)
Skipping probe: too short (len=1266, chunk_size=1700)
Skipping probe: too short (len=559, chunk_size=1700)
Skipping probe: too short (len=1563, chunk_size=1700)
Skipping probe: too short (len=1335, chunk_size=1700)
Skipping probe: too short (len=906, chunk_size=1700)
Skipping probe: too short (len=1450, chunk_size=1700)
Skipping probe: too short (len=1023, chunk_size=1700)
Skipping probe: too short (len=1619, chunk_size=1700)
Skipping probe: too short (len=834, chunk_size=1700)
Skipping probe: too short (len=1506, chunk_size=1700)
Skipping probe: too short (len=670, chunk_size=1700)
Skipping probe: too short (len=886, chunk_size=1700)
Skipping probe: too short (len=1021, chunk_size=1700)
Skipping probe: too short (len=632, chunk_size=1700)
Skipping probe: too short (len=1454, chunk_size=1700)
Skipping probe: too short (len=1604, chunk_size=1700)
Skipping probe: too short (len=1349, chunk_size=1700)
Skipping probe: too short (len=982, chunk_size=1700)
[I 2026-02-27 17:59:05,971] Trial 17 pruned. 
Skipping probe: too short (len=834, chunk_size=1000)
Skipping probe: too short (len=559, chunk_size=1000)
Skipping probe: too short (len=906, chunk_size=1000)
Skipping probe: too short (len=982, chunk_size=1000)
Skipping probe: too short (len=670, chunk_size=1000)
Skipping probe: too short (len=886, chunk_size=1000)
Skipping probe: too short (len=632, chunk_size=1000)
Skipping probe: too short (len=834, chunk_size=1000)
Skipping probe: too short (len=559, chunk_size=1000)
Skipping probe: too short (len=906, chunk_size=1000)
Skipping probe: too short (len=982, chunk_size=1000)
Skipping probe: too short (len=670, chunk_size=1000)
Skipping probe: too short (len=886, chunk_size=1000)
Skipping probe: too short (len=632, chunk_size=1000)
Skipping probe: too short (len=834, chunk_size=1000)
Skipping probe: too short (len=670, chunk_size=1000)
Skipping probe: too short (len=886, chunk_size=1000)
Skipping probe: too short (len=559, chunk_size=1000)
Skipping probe: too short (len=906, chunk_size=1000)
Skipping probe: too short (len=632, chunk_size=1000)
Skipping probe: too short (len=982, chunk_size=1000)
[I 2026-02-27 18:12:10,610] Trial 18 pruned. 
Skipping probe: too short (len=559, chunk_size=700)
Skipping probe: too short (len=670, chunk_size=700)
Skipping probe: too short (len=632, chunk_size=700)
Skipping probe: too short (len=559, chunk_size=700)
Skipping probe: too short (len=670, chunk_size=700)
Skipping probe: too short (len=632, chunk_size=700)
Skipping probe: too short (len=559, chunk_size=700)
Skipping probe: too short (len=670, chunk_size=700)
Skipping probe: too short (len=632, chunk_size=700)
[I 2026-02-27 20:00:05,673] Trial 19 pruned. 
Skipping probe: too short (len=1023, chunk_size=1500)
Skipping probe: too short (len=1349, chunk_size=1500)
Skipping probe: too short (len=1266, chunk_size=1500)
Skipping probe: too short (len=559, chunk_size=1500)
Skipping probe: too short (len=1335, chunk_size=1500)
Skipping probe: too short (len=906, chunk_size=1500)
Skipping probe: too short (len=1450, chunk_size=1500)
Skipping probe: too short (len=982, chunk_size=1500)
Skipping probe: too short (len=1454, chunk_size=1500)
Skipping probe: too short (len=834, chunk_size=1500)
Skipping probe: too short (len=632, chunk_size=1500)
Skipping probe: too short (len=670, chunk_size=1500)
Skipping probe: too short (len=886, chunk_size=1500)
Skipping probe: too short (len=1021, chunk_size=1500)
Skipping probe: too short (len=1454, chunk_size=1500)
Skipping probe: too short (len=1450, chunk_size=1500)
Skipping probe: too short (len=1023, chunk_size=1500)
Skipping probe: too short (len=834, chunk_size=1500)
Skipping probe: too short (len=1349, chunk_size=1500)
Skipping probe: too short (len=559, chunk_size=1500)
Skipping probe: too short (len=1335, chunk_size=1500)
Skipping probe: too short (len=906, chunk_size=1500)
Skipping probe: too short (len=670, chunk_size=1500)
Skipping probe: too short (len=886, chunk_size=1500)
Skipping probe: too short (len=982, chunk_size=1500)
Skipping probe: too short (len=1021, chunk_size=1500)
Skipping probe: too short (len=1266, chunk_size=1500)
Skipping probe: too short (len=632, chunk_size=1500)
[I 2026-02-27 20:03:14,522] Trial 20 pruned. 
Skipping probe: too short (len=1454, chunk_size=1900)
Skipping probe: too short (len=1450, chunk_size=1900)
Skipping probe: too short (len=1349, chunk_size=1900)
Skipping probe: too short (len=1266, chunk_size=1900)
Skipping probe: too short (len=1023, chunk_size=1900)
Skipping probe: too short (len=559, chunk_size=1900)
Skipping probe: too short (len=1563, chunk_size=1900)
Skipping probe: too short (len=1335, chunk_size=1900)
Skipping probe: too short (len=906, chunk_size=1900)
Skipping probe: too short (len=1604, chunk_size=1900)
Skipping probe: too short (len=834, chunk_size=1900)
Skipping probe: too short (len=1506, chunk_size=1900)
Skipping probe: too short (len=1763, chunk_size=1900)
Skipping probe: too short (len=982, chunk_size=1900)
Skipping probe: too short (len=670, chunk_size=1900)
Skipping probe: too short (len=886, chunk_size=1900)
Skipping probe: too short (len=632, chunk_size=1900)
Skipping probe: too short (len=1880, chunk_size=1900)
Skipping probe: too short (len=1619, chunk_size=1900)
Skipping probe: too short (len=1871, chunk_size=1900)
Skipping probe: too short (len=1021, chunk_size=1900)
Skipping probe: too short (len=1454, chunk_size=1900)
Skipping probe: too short (len=1349, chunk_size=1900)
Skipping probe: too short (len=1604, chunk_size=1900)
Skipping probe: too short (len=1450, chunk_size=1900)
Skipping probe: too short (len=1619, chunk_size=1900)
Skipping probe: too short (len=1023, chunk_size=1900)
Skipping probe: too short (len=559, chunk_size=1900)
Skipping probe: too short (len=1563, chunk_size=1900)
Skipping probe: too short (len=1335, chunk_size=1900)
Skipping probe: too short (len=906, chunk_size=1900)
Skipping probe: too short (len=1763, chunk_size=1900)
Skipping probe: too short (len=982, chunk_size=1900)
Skipping probe: too short (len=834, chunk_size=1900)
Skipping probe: too short (len=1506, chunk_size=1900)
Skipping probe: too short (len=1871, chunk_size=1900)
Skipping probe: too short (len=1021, chunk_size=1900)
Skipping probe: too short (len=1880, chunk_size=1900)
Skipping probe: too short (len=670, chunk_size=1900)
Skipping probe: too short (len=886, chunk_size=1900)
Skipping probe: too short (len=1266, chunk_size=1900)
Skipping probe: too short (len=632, chunk_size=1900)
Skipping probe: too short (len=1619, chunk_size=1900)
Skipping probe: too short (len=559, chunk_size=1900)
Skipping probe: too short (len=1563, chunk_size=1900)
Skipping probe: too short (len=1335, chunk_size=1900)
Skipping probe: too short (len=906, chunk_size=1900)
Skipping probe: too short (len=834, chunk_size=1900)
Skipping probe: too short (len=1506, chunk_size=1900)
Skipping probe: too short (len=1023, chunk_size=1900)
Skipping probe: too short (len=1450, chunk_size=1900)
Skipping probe: too short (len=1871, chunk_size=1900)
Skipping probe: too short (len=1021, chunk_size=1900)
Skipping probe: too short (len=1880, chunk_size=1900)
Skipping probe: too short (len=1266, chunk_size=1900)
Skipping probe: too short (len=670, chunk_size=1900)
Skipping probe: too short (len=886, chunk_size=1900)
Skipping probe: too short (len=632, chunk_size=1900)
Skipping probe: too short (len=982, chunk_size=1900)
Skipping probe: too short (len=1454, chunk_size=1900)
Skipping probe: too short (len=1349, chunk_size=1900)
Skipping probe: too short (len=1763, chunk_size=1900)
Skipping probe: too short (len=1604, chunk_size=1900)
Skipping probe: too short (len=1604, chunk_size=1900)
Skipping probe: too short (len=1454, chunk_size=1900)
Skipping probe: too short (len=834, chunk_size=1900)
Skipping probe: too short (len=1506, chunk_size=1900)
Skipping probe: too short (len=982, chunk_size=1900)
Skipping probe: too short (len=1450, chunk_size=1900)
Skipping probe: too short (len=1349, chunk_size=1900)
Skipping probe: too short (len=1023, chunk_size=1900)
Skipping probe: too short (len=1266, chunk_size=1900)
Skipping probe: too short (len=1763, chunk_size=1900)
Skipping probe: too short (len=1880, chunk_size=1900)
Skipping probe: too short (len=1619, chunk_size=1900)
Skipping probe: too short (len=1871, chunk_size=1900)
Skipping probe: too short (len=1021, chunk_size=1900)
Skipping probe: too short (len=670, chunk_size=1900)
Skipping probe: too short (len=886, chunk_size=1900)
Skipping probe: too short (len=632, chunk_size=1900)
Skipping probe: too short (len=559, chunk_size=1900)
Skipping probe: too short (len=1563, chunk_size=1900)
Skipping probe: too short (len=1335, chunk_size=1900)
Skipping probe: too short (len=906, chunk_size=1900)
Skipping probe: too short (len=1604, chunk_size=1900)
Skipping probe: too short (len=982, chunk_size=1900)
Skipping probe: too short (len=1619, chunk_size=1900)
Skipping probe: too short (len=559, chunk_size=1900)
Skipping probe: too short (len=1563, chunk_size=1900)
Skipping probe: too short (len=1335, chunk_size=1900)
Skipping probe: too short (len=906, chunk_size=1900)
Skipping probe: too short (len=1349, chunk_size=1900)
Skipping probe: too short (len=1454, chunk_size=1900)
Skipping probe: too short (len=1266, chunk_size=1900)
Skipping probe: too short (len=632, chunk_size=1900)
Skipping probe: too short (len=1763, chunk_size=1900)
Skipping probe: too short (len=1880, chunk_size=1900)
Skipping probe: too short (len=1871, chunk_size=1900)
Skipping probe: too short (len=1021, chunk_size=1900)
Skipping probe: too short (len=1450, chunk_size=1900)
Skipping probe: too short (len=1023, chunk_size=1900)
Skipping probe: too short (len=670, chunk_size=1900)
Skipping probe: too short (len=886, chunk_size=1900)
Skipping probe: too short (len=834, chunk_size=1900)
Skipping probe: too short (len=1506, chunk_size=1900)
Trial 21 F1s - Weighted: 0.7172 | Macro: 0.1937 | Micro: 0.7501

[I 2026-02-27 20:25:32,584] Trial 21 finished with value: 0.7172094621162056 and parameters: {'chunk_seconds': 19, 'num_freqs': 11, 'num_estimators': 32, 'max_depth': 64, 'max_features': 0.3821931953911237, 'overlap': 0.7915090417152792, 'max_lag': 17}. Best is trial 21 with value: 0.7172094621162056.
Skipping probe: too short (len=1450, chunk_size=2000)
Skipping probe: too short (len=1349, chunk_size=2000)
Skipping probe: too short (len=982, chunk_size=2000)
Skipping probe: too short (len=1958, chunk_size=2000)
Skipping probe: too short (len=1023, chunk_size=2000)
Skipping probe: too short (len=1924, chunk_size=2000)
Skipping probe: too short (len=834, chunk_size=2000)
Skipping probe: too short (len=1506, chunk_size=2000)
Skipping probe: too short (len=1454, chunk_size=2000)
Skipping probe: too short (len=1604, chunk_size=2000)
Skipping probe: too short (len=559, chunk_size=2000)
Skipping probe: too short (len=1906, chunk_size=2000)
Skipping probe: too short (len=1563, chunk_size=2000)
Skipping probe: too short (len=1335, chunk_size=2000)
Skipping probe: too short (len=906, chunk_size=2000)
Skipping probe: too short (len=1266, chunk_size=2000)
Skipping probe: too short (len=670, chunk_size=2000)
Skipping probe: too short (len=886, chunk_size=2000)
Skipping probe: too short (len=1763, chunk_size=2000)
Skipping probe: too short (len=632, chunk_size=2000)
Skipping probe: too short (len=1880, chunk_size=2000)
Skipping probe: too short (len=1619, chunk_size=2000)
Skipping probe: too short (len=1871, chunk_size=2000)
Skipping probe: too short (len=1021, chunk_size=2000)
Skipping probe: too short (len=1995, chunk_size=2000)
Skipping probe: too short (len=1619, chunk_size=2000)
Skipping probe: too short (len=1349, chunk_size=2000)
Skipping probe: too short (len=1604, chunk_size=2000)
Skipping probe: too short (len=1023, chunk_size=2000)
Skipping probe: too short (len=1924, chunk_size=2000)
Skipping probe: too short (len=834, chunk_size=2000)
Skipping probe: too short (len=1506, chunk_size=2000)
Skipping probe: too short (len=559, chunk_size=2000)
Skipping probe: too short (len=1906, chunk_size=2000)
Skipping probe: too short (len=1563, chunk_size=2000)
Skipping probe: too short (len=1335, chunk_size=2000)
Skipping probe: too short (len=906, chunk_size=2000)
Skipping probe: too short (len=1454, chunk_size=2000)
Skipping probe: too short (len=1958, chunk_size=2000)
Skipping probe: too short (len=1450, chunk_size=2000)
Skipping probe: too short (len=1763, chunk_size=2000)
Skipping probe: too short (len=982, chunk_size=2000)
Skipping probe: too short (len=1880, chunk_size=2000)
Skipping probe: too short (len=670, chunk_size=2000)
Skipping probe: too short (len=886, chunk_size=2000)
Skipping probe: too short (len=1995, chunk_size=2000)
Skipping probe: too short (len=1871, chunk_size=2000)
Skipping probe: too short (len=1021, chunk_size=2000)
Skipping probe: too short (len=1266, chunk_size=2000)
Skipping probe: too short (len=632, chunk_size=2000)
Skipping probe: too short (len=1924, chunk_size=2000)
Skipping probe: too short (len=834, chunk_size=2000)
Skipping probe: too short (len=1506, chunk_size=2000)
Skipping probe: too short (len=1450, chunk_size=2000)
Skipping probe: too short (len=1958, chunk_size=2000)
Skipping probe: too short (len=1266, chunk_size=2000)
Skipping probe: too short (len=1023, chunk_size=2000)
Skipping probe: too short (len=1619, chunk_size=2000)
Skipping probe: too short (len=559, chunk_size=2000)
Skipping probe: too short (len=1906, chunk_size=2000)
Skipping probe: too short (len=1563, chunk_size=2000)
Skipping probe: too short (len=1335, chunk_size=2000)
Skipping probe: too short (len=906, chunk_size=2000)
Skipping probe: too short (len=1995, chunk_size=2000)
Skipping probe: too short (len=1880, chunk_size=2000)
Skipping probe: too short (len=670, chunk_size=2000)
Skipping probe: too short (len=886, chunk_size=2000)
Skipping probe: too short (len=632, chunk_size=2000)
Skipping probe: too short (len=1871, chunk_size=2000)
Skipping probe: too short (len=1021, chunk_size=2000)
Skipping probe: too short (len=1454, chunk_size=2000)
Skipping probe: too short (len=1349, chunk_size=2000)
Skipping probe: too short (len=1763, chunk_size=2000)
Skipping probe: too short (len=982, chunk_size=2000)
Skipping probe: too short (len=1604, chunk_size=2000)
Skipping probe: too short (len=1924, chunk_size=2000)
Skipping probe: too short (len=834, chunk_size=2000)
Skipping probe: too short (len=1506, chunk_size=2000)
Skipping probe: too short (len=1023, chunk_size=2000)
Skipping probe: too short (len=1349, chunk_size=2000)
Skipping probe: too short (len=1958, chunk_size=2000)
Skipping probe: too short (len=1454, chunk_size=2000)
Skipping probe: too short (len=1450, chunk_size=2000)
Skipping probe: too short (len=1604, chunk_size=2000)
Skipping probe: too short (len=1266, chunk_size=2000)
Skipping probe: too short (len=982, chunk_size=2000)
Skipping probe: too short (len=1763, chunk_size=2000)
Skipping probe: too short (len=1619, chunk_size=2000)
Skipping probe: too short (len=1880, chunk_size=2000)
Skipping probe: too short (len=1995, chunk_size=2000)
Skipping probe: too short (len=632, chunk_size=2000)
Skipping probe: too short (len=1871, chunk_size=2000)
Skipping probe: too short (len=1021, chunk_size=2000)
Skipping probe: too short (len=670, chunk_size=2000)
Skipping probe: too short (len=886, chunk_size=2000)
Skipping probe: too short (len=559, chunk_size=2000)
Skipping probe: too short (len=1906, chunk_size=2000)
Skipping probe: too short (len=1563, chunk_size=2000)
Skipping probe: too short (len=1335, chunk_size=2000)
Skipping probe: too short (len=906, chunk_size=2000)
Skipping probe: too short (len=1349, chunk_size=2000)
Skipping probe: too short (len=1266, chunk_size=2000)
Skipping probe: too short (len=1604, chunk_size=2000)
Skipping probe: too short (len=559, chunk_size=2000)
Skipping probe: too short (len=1906, chunk_size=2000)
Skipping probe: too short (len=1563, chunk_size=2000)
Skipping probe: too short (len=1335, chunk_size=2000)
Skipping probe: too short (len=906, chunk_size=2000)
Skipping probe: too short (len=1454, chunk_size=2000)
Skipping probe: too short (len=1880, chunk_size=2000)
Skipping probe: too short (len=1995, chunk_size=2000)
Skipping probe: too short (len=1619, chunk_size=2000)
Skipping probe: too short (len=982, chunk_size=2000)
Skipping probe: too short (len=632, chunk_size=2000)
Skipping probe: too short (len=1763, chunk_size=2000)
Skipping probe: too short (len=1871, chunk_size=2000)
Skipping probe: too short (len=1021, chunk_size=2000)
Skipping probe: too short (len=1958, chunk_size=2000)
Skipping probe: too short (len=1450, chunk_size=2000)
Skipping probe: too short (len=1023, chunk_size=2000)
Skipping probe: too short (len=1924, chunk_size=2000)
Skipping probe: too short (len=834, chunk_size=2000)
Skipping probe: too short (len=1506, chunk_size=2000)
Skipping probe: too short (len=670, chunk_size=2000)
Skipping probe: too short (len=886, chunk_size=2000)
Trial 22 F1s - Weighted: 0.7113 | Macro: 0.1949 | Micro: 0.7418

[I 2026-02-27 20:45:09,629] Trial 22 finished with value: 0.71125888408106 and parameters: {'chunk_seconds': 20, 'num_freqs': 13, 'num_estimators': 32, 'max_depth': 32, 'max_features': 0.36115711669333883, 'overlap': 0.7587040904681055, 'max_lag': 17}. Best is trial 21 with value: 0.7172094621162056.
Skipping probe: too short (len=982, chunk_size=1800)
Skipping probe: too short (len=1023, chunk_size=1800)
Skipping probe: too short (len=1604, chunk_size=1800)
Skipping probe: too short (len=1349, chunk_size=1800)
Skipping probe: too short (len=1266, chunk_size=1800)
Skipping probe: too short (len=1454, chunk_size=1800)
Skipping probe: too short (len=1450, chunk_size=1800)
Skipping probe: too short (len=834, chunk_size=1800)
Skipping probe: too short (len=1506, chunk_size=1800)
Skipping probe: too short (len=559, chunk_size=1800)
Skipping probe: too short (len=1563, chunk_size=1800)
Skipping probe: too short (len=1335, chunk_size=1800)
Skipping probe: too short (len=906, chunk_size=1800)
Skipping probe: too short (len=1763, chunk_size=1800)
Skipping probe: too short (len=670, chunk_size=1800)
Skipping probe: too short (len=886, chunk_size=1800)
Skipping probe: too short (len=632, chunk_size=1800)
Skipping probe: too short (len=1619, chunk_size=1800)
Skipping probe: too short (len=1021, chunk_size=1800)
Skipping probe: too short (len=834, chunk_size=1800)
Skipping probe: too short (len=1506, chunk_size=1800)
Skipping probe: too short (len=1454, chunk_size=1800)
Skipping probe: too short (len=1604, chunk_size=1800)
Skipping probe: too short (len=1349, chunk_size=1800)
Skipping probe: too short (len=1619, chunk_size=1800)
Skipping probe: too short (len=1450, chunk_size=1800)
Skipping probe: too short (len=982, chunk_size=1800)
Skipping probe: too short (len=559, chunk_size=1800)
Skipping probe: too short (len=1563, chunk_size=1800)
Skipping probe: too short (len=1335, chunk_size=1800)
Skipping probe: too short (len=906, chunk_size=1800)
Skipping probe: too short (len=1023, chunk_size=1800)
Skipping probe: too short (len=1763, chunk_size=1800)
Skipping probe: too short (len=670, chunk_size=1800)
Skipping probe: too short (len=886, chunk_size=1800)
Skipping probe: too short (len=1021, chunk_size=1800)
Skipping probe: too short (len=1266, chunk_size=1800)
Skipping probe: too short (len=632, chunk_size=1800)
Skipping probe: too short (len=1266, chunk_size=1800)
Skipping probe: too short (len=834, chunk_size=1800)
Skipping probe: too short (len=1506, chunk_size=1800)
Skipping probe: too short (len=670, chunk_size=1800)
Skipping probe: too short (len=886, chunk_size=1800)
Skipping probe: too short (len=1023, chunk_size=1800)
Skipping probe: too short (len=1450, chunk_size=1800)
Skipping probe: too short (len=1619, chunk_size=1800)
Skipping probe: too short (len=559, chunk_size=1800)
Skipping probe: too short (len=1563, chunk_size=1800)
Skipping probe: too short (len=1335, chunk_size=1800)
Skipping probe: too short (len=906, chunk_size=1800)
Skipping probe: too short (len=632, chunk_size=1800)
Skipping probe: too short (len=1021, chunk_size=1800)
Skipping probe: too short (len=1454, chunk_size=1800)
Skipping probe: too short (len=982, chunk_size=1800)
Skipping probe: too short (len=1349, chunk_size=1800)
Skipping probe: too short (len=1604, chunk_size=1800)
Skipping probe: too short (len=1763, chunk_size=1800)
Skipping probe: too short (len=1349, chunk_size=1800)
Skipping probe: too short (len=1619, chunk_size=1800)
Skipping probe: too short (len=1454, chunk_size=1800)
Skipping probe: too short (len=1450, chunk_size=1800)
Skipping probe: too short (len=834, chunk_size=1800)
Skipping probe: too short (len=1506, chunk_size=1800)
Skipping probe: too short (len=1266, chunk_size=1800)
Skipping probe: too short (len=1763, chunk_size=1800)
Skipping probe: too short (len=982, chunk_size=1800)
Skipping probe: too short (len=1023, chunk_size=1800)
Skipping probe: too short (len=1604, chunk_size=1800)
Skipping probe: too short (len=632, chunk_size=1800)
Skipping probe: too short (len=670, chunk_size=1800)
Skipping probe: too short (len=886, chunk_size=1800)
Skipping probe: too short (len=1021, chunk_size=1800)
Skipping probe: too short (len=559, chunk_size=1800)
Skipping probe: too short (len=1563, chunk_size=1800)
Skipping probe: too short (len=1335, chunk_size=1800)
Skipping probe: too short (len=906, chunk_size=1800)
Skipping probe: too short (len=1266, chunk_size=1800)
Skipping probe: too short (len=1349, chunk_size=1800)
Skipping probe: too short (len=559, chunk_size=1800)
Skipping probe: too short (len=1563, chunk_size=1800)
Skipping probe: too short (len=1335, chunk_size=1800)
Skipping probe: too short (len=906, chunk_size=1800)
Skipping probe: too short (len=1454, chunk_size=1800)
Skipping probe: too short (len=1604, chunk_size=1800)
Skipping probe: too short (len=982, chunk_size=1800)
Skipping probe: too short (len=1763, chunk_size=1800)
Skipping probe: too short (len=1619, chunk_size=1800)
Skipping probe: too short (len=1021, chunk_size=1800)
Skipping probe: too short (len=632, chunk_size=1800)
Skipping probe: too short (len=1450, chunk_size=1800)
Skipping probe: too short (len=1023, chunk_size=1800)
Skipping probe: too short (len=834, chunk_size=1800)
Skipping probe: too short (len=1506, chunk_size=1800)
Skipping probe: too short (len=670, chunk_size=1800)
Skipping probe: too short (len=886, chunk_size=1800)
Trial 23 F1s - Weighted: 0.7167 | Macro: 0.1977 | Micro: 0.7477

[I 2026-02-27 21:02:51,508] Trial 23 finished with value: 0.716734626934909 and parameters: {'chunk_seconds': 18, 'num_freqs': 10, 'num_estimators': 32, 'max_depth': 32, 'max_features': 0.4301372478691986, 'overlap': 0.685227807056415, 'max_lag': 18}. Best is trial 21 with value: 0.7172094621162056.
Skipping probe: too short (len=1349, chunk_size=1700)
Skipping probe: too short (len=834, chunk_size=1700)
Skipping probe: too short (len=1506, chunk_size=1700)
Skipping probe: too short (len=559, chunk_size=1700)
Skipping probe: too short (len=1563, chunk_size=1700)
Skipping probe: too short (len=1335, chunk_size=1700)
Skipping probe: too short (len=906, chunk_size=1700)
Skipping probe: too short (len=1454, chunk_size=1700)
Skipping probe: too short (len=1604, chunk_size=1700)
Skipping probe: too short (len=1450, chunk_size=1700)
Skipping probe: too short (len=982, chunk_size=1700)
Skipping probe: too short (len=1266, chunk_size=1700)
Skipping probe: too short (len=1023, chunk_size=1700)
Skipping probe: too short (len=670, chunk_size=1700)
Skipping probe: too short (len=886, chunk_size=1700)
Skipping probe: too short (len=632, chunk_size=1700)
Skipping probe: too short (len=1619, chunk_size=1700)
Skipping probe: too short (len=1021, chunk_size=1700)
Skipping probe: too short (len=1349, chunk_size=1700)
Skipping probe: too short (len=1454, chunk_size=1700)
Skipping probe: too short (len=1450, chunk_size=1700)
Skipping probe: too short (len=834, chunk_size=1700)
Skipping probe: too short (len=1506, chunk_size=1700)
Skipping probe: too short (len=1619, chunk_size=1700)
Skipping probe: too short (len=1604, chunk_size=1700)
Skipping probe: too short (len=1023, chunk_size=1700)
Skipping probe: too short (len=559, chunk_size=1700)
Skipping probe: too short (len=1563, chunk_size=1700)
Skipping probe: too short (len=1335, chunk_size=1700)
Skipping probe: too short (len=906, chunk_size=1700)
Skipping probe: too short (len=982, chunk_size=1700)
Skipping probe: too short (len=1021, chunk_size=1700)
Skipping probe: too short (len=670, chunk_size=1700)
Skipping probe: too short (len=886, chunk_size=1700)
Skipping probe: too short (len=1266, chunk_size=1700)
Skipping probe: too short (len=632, chunk_size=1700)
Skipping probe: too short (len=1023, chunk_size=1700)
Skipping probe: too short (len=834, chunk_size=1700)
Skipping probe: too short (len=1506, chunk_size=1700)
Skipping probe: too short (len=559, chunk_size=1700)
Skipping probe: too short (len=1563, chunk_size=1700)
Skipping probe: too short (len=1335, chunk_size=1700)
Skipping probe: too short (len=906, chunk_size=1700)
Skipping probe: too short (len=1450, chunk_size=1700)
Skipping probe: too short (len=1266, chunk_size=1700)
Skipping probe: too short (len=1619, chunk_size=1700)
Skipping probe: too short (len=670, chunk_size=1700)
Skipping probe: too short (len=886, chunk_size=1700)
Skipping probe: too short (len=632, chunk_size=1700)
Skipping probe: too short (len=1021, chunk_size=1700)
Skipping probe: too short (len=1349, chunk_size=1700)
Skipping probe: too short (len=1454, chunk_size=1700)
Skipping probe: too short (len=982, chunk_size=1700)
Skipping probe: too short (len=1604, chunk_size=1700)
Skipping probe: too short (len=1454, chunk_size=1700)
Skipping probe: too short (len=1619, chunk_size=1700)
Skipping probe: too short (len=1450, chunk_size=1700)
Skipping probe: too short (len=1349, chunk_size=1700)
Skipping probe: too short (len=982, chunk_size=1700)
Skipping probe: too short (len=834, chunk_size=1700)
Skipping probe: too short (len=1506, chunk_size=1700)
Skipping probe: too short (len=1023, chunk_size=1700)
Skipping probe: too short (len=1266, chunk_size=1700)
Skipping probe: too short (len=1604, chunk_size=1700)
Skipping probe: too short (len=1021, chunk_size=1700)
Skipping probe: too short (len=670, chunk_size=1700)
Skipping probe: too short (len=886, chunk_size=1700)
Skipping probe: too short (len=632, chunk_size=1700)
Skipping probe: too short (len=559, chunk_size=1700)
Skipping probe: too short (len=1563, chunk_size=1700)
Skipping probe: too short (len=1335, chunk_size=1700)
Skipping probe: too short (len=906, chunk_size=1700)
Skipping probe: too short (len=1604, chunk_size=1700)
Skipping probe: too short (len=1619, chunk_size=1700)
Skipping probe: too short (len=982, chunk_size=1700)
Skipping probe: too short (len=1454, chunk_size=1700)
Skipping probe: too short (len=1349, chunk_size=1700)
Skipping probe: too short (len=1266, chunk_size=1700)
Skipping probe: too short (len=559, chunk_size=1700)
Skipping probe: too short (len=1563, chunk_size=1700)
Skipping probe: too short (len=1335, chunk_size=1700)
Skipping probe: too short (len=906, chunk_size=1700)
Skipping probe: too short (len=1021, chunk_size=1700)
Skipping probe: too short (len=632, chunk_size=1700)
Skipping probe: too short (len=1450, chunk_size=1700)
Skipping probe: too short (len=1023, chunk_size=1700)
Skipping probe: too short (len=834, chunk_size=1700)
Skipping probe: too short (len=1506, chunk_size=1700)
Skipping probe: too short (len=670, chunk_size=1700)
Skipping probe: too short (len=886, chunk_size=1700)
Trial 24 F1s - Weighted: 0.7098 | Macro: 0.1921 | Micro: 0.7419

[I 2026-02-27 21:21:37,199] Trial 24 finished with value: 0.7097509549292321 and parameters: {'chunk_seconds': 17, 'num_freqs': 10, 'num_estimators': 32, 'max_depth': 64, 'max_features': 0.40001400071115795, 'overlap': 0.708367030797495, 'max_lag': 18}. Best is trial 21 with value: 0.7172094621162056.
Skipping probe: too short (len=559, chunk_size=1900)
Skipping probe: too short (len=1563, chunk_size=1900)
Skipping probe: too short (len=1335, chunk_size=1900)
Skipping probe: too short (len=906, chunk_size=1900)
Skipping probe: too short (len=834, chunk_size=1900)
Skipping probe: too short (len=1506, chunk_size=1900)
Skipping probe: too short (len=1454, chunk_size=1900)
Skipping probe: too short (len=1450, chunk_size=1900)
Skipping probe: too short (len=1349, chunk_size=1900)
Skipping probe: too short (len=1023, chunk_size=1900)
Skipping probe: too short (len=1266, chunk_size=1900)
Skipping probe: too short (len=982, chunk_size=1900)
Skipping probe: too short (len=1604, chunk_size=1900)
Skipping probe: too short (len=670, chunk_size=1900)
Skipping probe: too short (len=886, chunk_size=1900)
Skipping probe: too short (len=1763, chunk_size=1900)
Skipping probe: too short (len=632, chunk_size=1900)
Skipping probe: too short (len=1619, chunk_size=1900)
Skipping probe: too short (len=1880, chunk_size=1900)
Skipping probe: too short (len=1871, chunk_size=1900)
Skipping probe: too short (len=1021, chunk_size=1900)
Skipping probe: too short (len=1454, chunk_size=1900)
Skipping probe: too short (len=982, chunk_size=1900)
Skipping probe: too short (len=834, chunk_size=1900)
Skipping probe: too short (len=1506, chunk_size=1900)
Skipping probe: too short (len=1023, chunk_size=1900)
Skipping probe: too short (len=1450, chunk_size=1900)
Skipping probe: too short (len=559, chunk_size=1900)
Skipping probe: too short (len=1563, chunk_size=1900)
Skipping probe: too short (len=1335, chunk_size=1900)
Skipping probe: too short (len=906, chunk_size=1900)
Skipping probe: too short (len=1349, chunk_size=1900)
Skipping probe: too short (len=1604, chunk_size=1900)
Skipping probe: too short (len=1619, chunk_size=1900)
Skipping probe: too short (len=670, chunk_size=1900)
Skipping probe: too short (len=886, chunk_size=1900)
Skipping probe: too short (len=1880, chunk_size=1900)
Skipping probe: too short (len=1763, chunk_size=1900)
Skipping probe: too short (len=1871, chunk_size=1900)
Skipping probe: too short (len=1021, chunk_size=1900)
Skipping probe: too short (len=1266, chunk_size=1900)
Skipping probe: too short (len=632, chunk_size=1900)
Skipping probe: too short (len=559, chunk_size=1900)
Skipping probe: too short (len=1563, chunk_size=1900)
Skipping probe: too short (len=1335, chunk_size=1900)
Skipping probe: too short (len=906, chunk_size=1900)
Skipping probe: too short (len=1023, chunk_size=1900)
Skipping probe: too short (len=1450, chunk_size=1900)
Skipping probe: too short (len=1266, chunk_size=1900)
Skipping probe: too short (len=1619, chunk_size=1900)
Skipping probe: too short (len=834, chunk_size=1900)
Skipping probe: too short (len=1506, chunk_size=1900)
Skipping probe: too short (len=1880, chunk_size=1900)
Skipping probe: too short (len=632, chunk_size=1900)
Skipping probe: too short (len=670, chunk_size=1900)
Skipping probe: too short (len=886, chunk_size=1900)
Skipping probe: too short (len=1871, chunk_size=1900)
Skipping probe: too short (len=1021, chunk_size=1900)
Skipping probe: too short (len=1454, chunk_size=1900)
Skipping probe: too short (len=1349, chunk_size=1900)
Skipping probe: too short (len=1763, chunk_size=1900)
Skipping probe: too short (len=982, chunk_size=1900)
Skipping probe: too short (len=1604, chunk_size=1900)
Skipping probe: too short (len=834, chunk_size=1900)
Skipping probe: too short (len=1506, chunk_size=1900)
Skipping probe: too short (len=1604, chunk_size=1900)
Skipping probe: too short (len=1266, chunk_size=1900)
Skipping probe: too short (len=1349, chunk_size=1900)
Skipping probe: too short (len=1454, chunk_size=1900)
Skipping probe: too short (len=1023, chunk_size=1900)
Skipping probe: too short (len=1450, chunk_size=1900)
Skipping probe: too short (len=1763, chunk_size=1900)
Skipping probe: too short (len=670, chunk_size=1900)
Skipping probe: too short (len=886, chunk_size=1900)
Skipping probe: too short (len=1619, chunk_size=1900)
Skipping probe: too short (len=1880, chunk_size=1900)
Skipping probe: too short (len=982, chunk_size=1900)
Skipping probe: too short (len=632, chunk_size=1900)
Skipping probe: too short (len=1871, chunk_size=1900)
Skipping probe: too short (len=1021, chunk_size=1900)
Skipping probe: too short (len=559, chunk_size=1900)
Skipping probe: too short (len=1563, chunk_size=1900)
Skipping probe: too short (len=1335, chunk_size=1900)
Skipping probe: too short (len=906, chunk_size=1900)
Skipping probe: too short (len=1349, chunk_size=1900)
Skipping probe: too short (len=559, chunk_size=1900)
Skipping probe: too short (len=1563, chunk_size=1900)
Skipping probe: too short (len=1335, chunk_size=1900)
Skipping probe: too short (len=906, chunk_size=1900)
Skipping probe: too short (len=1454, chunk_size=1900)
Skipping probe: too short (len=1880, chunk_size=1900)
Skipping probe: too short (len=1266, chunk_size=1900)
Skipping probe: too short (len=1604, chunk_size=1900)
Skipping probe: too short (len=1619, chunk_size=1900)
Skipping probe: too short (len=632, chunk_size=1900)
Skipping probe: too short (len=1763, chunk_size=1900)
Skipping probe: too short (len=1871, chunk_size=1900)
Skipping probe: too short (len=1021, chunk_size=1900)
Skipping probe: too short (len=982, chunk_size=1900)
Skipping probe: too short (len=1023, chunk_size=1900)
Skipping probe: too short (len=1450, chunk_size=1900)
Skipping probe: too short (len=834, chunk_size=1900)
Skipping probe: too short (len=1506, chunk_size=1900)
Skipping probe: too short (len=670, chunk_size=1900)
Skipping probe: too short (len=886, chunk_size=1900)
Trial 25 F1s - Weighted: 0.7149 | Macro: 0.1990 | Micro: 0.7458

[I 2026-02-27 21:43:50,844] Trial 25 finished with value: 0.7149062423348548 and parameters: {'chunk_seconds': 19, 'num_freqs': 9, 'num_estimators': 32, 'max_depth': 32, 'max_features': 0.4417589841226309, 'overlap': 0.7698313262564135, 'max_lag': 19}. Best is trial 21 with value: 0.7172094621162056.
Skipping probe: too short (len=1450, chunk_size=1800)
Skipping probe: too short (len=1023, chunk_size=1800)
Skipping probe: too short (len=1349, chunk_size=1800)
Skipping probe: too short (len=559, chunk_size=1800)
Skipping probe: too short (len=1563, chunk_size=1800)
Skipping probe: too short (len=1335, chunk_size=1800)
Skipping probe: too short (len=906, chunk_size=1800)
Skipping probe: too short (len=1454, chunk_size=1800)
Skipping probe: too short (len=1266, chunk_size=1800)
Skipping probe: too short (len=834, chunk_size=1800)
Skipping probe: too short (len=1506, chunk_size=1800)
Skipping probe: too short (len=1604, chunk_size=1800)
Skipping probe: too short (len=982, chunk_size=1800)
Skipping probe: too short (len=1763, chunk_size=1800)
Skipping probe: too short (len=632, chunk_size=1800)
Skipping probe: too short (len=670, chunk_size=1800)
Skipping probe: too short (len=886, chunk_size=1800)
Skipping probe: too short (len=1619, chunk_size=1800)
Skipping probe: too short (len=1021, chunk_size=1800)
Skipping probe: too short (len=1349, chunk_size=1800)
Skipping probe: too short (len=1450, chunk_size=1800)
Skipping probe: too short (len=982, chunk_size=1800)
Skipping probe: too short (len=1454, chunk_size=1800)
Skipping probe: too short (len=559, chunk_size=1800)
Skipping probe: too short (len=1563, chunk_size=1800)
Skipping probe: too short (len=1335, chunk_size=1800)
Skipping probe: too short (len=906, chunk_size=1800)
Skipping probe: too short (len=1604, chunk_size=1800)
Skipping probe: too short (len=1023, chunk_size=1800)
Skipping probe: too short (len=1763, chunk_size=1800)
Skipping probe: too short (len=834, chunk_size=1800)
Skipping probe: too short (len=1506, chunk_size=1800)
Skipping probe: too short (len=1619, chunk_size=1800)
Skipping probe: too short (len=670, chunk_size=1800)
Skipping probe: too short (len=886, chunk_size=1800)
Skipping probe: too short (len=1021, chunk_size=1800)
Skipping probe: too short (len=1266, chunk_size=1800)
Skipping probe: too short (len=632, chunk_size=1800)
[I 2026-02-27 21:48:14,315] Trial 26 pruned. 
Skipping probe: too short (len=834, chunk_size=1500)
Skipping probe: too short (len=1454, chunk_size=1500)
Skipping probe: too short (len=1450, chunk_size=1500)
Skipping probe: too short (len=1349, chunk_size=1500)
Skipping probe: too short (len=1266, chunk_size=1500)
Skipping probe: too short (len=1023, chunk_size=1500)
Skipping probe: too short (len=982, chunk_size=1500)
Skipping probe: too short (len=670, chunk_size=1500)
Skipping probe: too short (len=886, chunk_size=1500)
Skipping probe: too short (len=559, chunk_size=1500)
Skipping probe: too short (len=1335, chunk_size=1500)
Skipping probe: too short (len=906, chunk_size=1500)
Skipping probe: too short (len=632, chunk_size=1500)
Skipping probe: too short (len=1021, chunk_size=1500)
Skipping probe: too short (len=982, chunk_size=1500)
Skipping probe: too short (len=1454, chunk_size=1500)
Skipping probe: too short (len=559, chunk_size=1500)
Skipping probe: too short (len=1335, chunk_size=1500)
Skipping probe: too short (len=906, chunk_size=1500)
Skipping probe: too short (len=1450, chunk_size=1500)
Skipping probe: too short (len=1023, chunk_size=1500)
Skipping probe: too short (len=1349, chunk_size=1500)
Skipping probe: too short (len=834, chunk_size=1500)
Skipping probe: too short (len=1021, chunk_size=1500)
Skipping probe: too short (len=670, chunk_size=1500)
Skipping probe: too short (len=886, chunk_size=1500)
Skipping probe: too short (len=1266, chunk_size=1500)
Skipping probe: too short (len=632, chunk_size=1500)
Skipping probe: too short (len=834, chunk_size=1500)
Skipping probe: too short (len=1023, chunk_size=1500)
Skipping probe: too short (len=1450, chunk_size=1500)
Skipping probe: too short (len=1266, chunk_size=1500)
Skipping probe: too short (len=559, chunk_size=1500)
Skipping probe: too short (len=1335, chunk_size=1500)
Skipping probe: too short (len=906, chunk_size=1500)
Skipping probe: too short (len=670, chunk_size=1500)
Skipping probe: too short (len=886, chunk_size=1500)
Skipping probe: too short (len=1021, chunk_size=1500)
Skipping probe: too short (len=632, chunk_size=1500)
Skipping probe: too short (len=1454, chunk_size=1500)
Skipping probe: too short (len=982, chunk_size=1500)
Skipping probe: too short (len=1349, chunk_size=1500)
Skipping probe: too short (len=1454, chunk_size=1500)
Skipping probe: too short (len=834, chunk_size=1500)
Skipping probe: too short (len=1023, chunk_size=1500)
Skipping probe: too short (len=982, chunk_size=1500)
Skipping probe: too short (len=1450, chunk_size=1500)
Skipping probe: too short (len=1349, chunk_size=1500)
Skipping probe: too short (len=670, chunk_size=1500)
Skipping probe: too short (len=886, chunk_size=1500)
Skipping probe: too short (len=1266, chunk_size=1500)
Skipping probe: too short (len=1021, chunk_size=1500)
Skipping probe: too short (len=632, chunk_size=1500)
Skipping probe: too short (len=559, chunk_size=1500)
Skipping probe: too short (len=1335, chunk_size=1500)
Skipping probe: too short (len=906, chunk_size=1500)
Skipping probe: too short (len=1454, chunk_size=1500)
Skipping probe: too short (len=982, chunk_size=1500)
Skipping probe: too short (len=1349, chunk_size=1500)
Skipping probe: too short (len=559, chunk_size=1500)
Skipping probe: too short (len=1335, chunk_size=1500)
Skipping probe: too short (len=906, chunk_size=1500)
Skipping probe: too short (len=1266, chunk_size=1500)
Skipping probe: too short (len=1021, chunk_size=1500)
Skipping probe: too short (len=632, chunk_size=1500)
Skipping probe: too short (len=1023, chunk_size=1500)
Skipping probe: too short (len=1450, chunk_size=1500)
Skipping probe: too short (len=834, chunk_size=1500)
Skipping probe: too short (len=670, chunk_size=1500)
Skipping probe: too short (len=886, chunk_size=1500)
Trial 27 F1s - Weighted: 0.7368 | Macro: 0.2300 | Micro: 0.7383

[I 2026-02-27 22:03:34,057] Trial 27 finished with value: 0.7368104932325366 and parameters: {'chunk_seconds': 15, 'num_freqs': 4, 'num_estimators': 32, 'max_depth': 16, 'max_features': 0.342825650685338, 'overlap': 0.6809185497744595, 'max_lag': 14}. Best is trial 27 with value: 0.7368104932325366.
Skipping probe: too short (len=834, chunk_size=1500)
Skipping probe: too short (len=1349, chunk_size=1500)
Skipping probe: too short (len=1266, chunk_size=1500)
Skipping probe: too short (len=1450, chunk_size=1500)
Skipping probe: too short (len=1023, chunk_size=1500)
Skipping probe: too short (len=1454, chunk_size=1500)
Skipping probe: too short (len=982, chunk_size=1500)
Skipping probe: too short (len=559, chunk_size=1500)
Skipping probe: too short (len=1335, chunk_size=1500)
Skipping probe: too short (len=906, chunk_size=1500)
Skipping probe: too short (len=632, chunk_size=1500)
Skipping probe: too short (len=670, chunk_size=1500)
Skipping probe: too short (len=886, chunk_size=1500)
Skipping probe: too short (len=1021, chunk_size=1500)
Skipping probe: too short (len=1454, chunk_size=1500)
Skipping probe: too short (len=1349, chunk_size=1500)
Skipping probe: too short (len=1450, chunk_size=1500)
Skipping probe: too short (len=1023, chunk_size=1500)
Skipping probe: too short (len=834, chunk_size=1500)
Skipping probe: too short (len=559, chunk_size=1500)
Skipping probe: too short (len=1335, chunk_size=1500)
Skipping probe: too short (len=906, chunk_size=1500)
Skipping probe: too short (len=670, chunk_size=1500)
Skipping probe: too short (len=886, chunk_size=1500)
Skipping probe: too short (len=982, chunk_size=1500)
Skipping probe: too short (len=1021, chunk_size=1500)
Skipping probe: too short (len=1266, chunk_size=1500)
Skipping probe: too short (len=632, chunk_size=1500)
Skipping probe: too short (len=1450, chunk_size=1500)
Skipping probe: too short (len=834, chunk_size=1500)
Skipping probe: too short (len=1023, chunk_size=1500)
Skipping probe: too short (len=1266, chunk_size=1500)
Skipping probe: too short (len=670, chunk_size=1500)
Skipping probe: too short (len=886, chunk_size=1500)
Skipping probe: too short (len=559, chunk_size=1500)
Skipping probe: too short (len=1335, chunk_size=1500)
Skipping probe: too short (len=906, chunk_size=1500)
Skipping probe: too short (len=632, chunk_size=1500)
Skipping probe: too short (len=1021, chunk_size=1500)
Skipping probe: too short (len=1454, chunk_size=1500)
Skipping probe: too short (len=1349, chunk_size=1500)
Skipping probe: too short (len=982, chunk_size=1500)
Skipping probe: too short (len=1266, chunk_size=1500)
Skipping probe: too short (len=834, chunk_size=1500)
Skipping probe: too short (len=670, chunk_size=1500)
Skipping probe: too short (len=886, chunk_size=1500)
Skipping probe: too short (len=1349, chunk_size=1500)
Skipping probe: too short (len=1454, chunk_size=1500)
Skipping probe: too short (len=1023, chunk_size=1500)
Skipping probe: too short (len=1450, chunk_size=1500)
Skipping probe: too short (len=632, chunk_size=1500)
Skipping probe: too short (len=982, chunk_size=1500)
Skipping probe: too short (len=1021, chunk_size=1500)
Skipping probe: too short (len=559, chunk_size=1500)
Skipping probe: too short (len=1335, chunk_size=1500)
Skipping probe: too short (len=906, chunk_size=1500)
Skipping probe: too short (len=1349, chunk_size=1500)
Skipping probe: too short (len=982, chunk_size=1500)
Skipping probe: too short (len=1266, chunk_size=1500)
Skipping probe: too short (len=1454, chunk_size=1500)
Skipping probe: too short (len=559, chunk_size=1500)
Skipping probe: too short (len=1335, chunk_size=1500)
Skipping probe: too short (len=906, chunk_size=1500)
Skipping probe: too short (len=1021, chunk_size=1500)
Skipping probe: too short (len=632, chunk_size=1500)
Skipping probe: too short (len=1450, chunk_size=1500)
Skipping probe: too short (len=1023, chunk_size=1500)
Skipping probe: too short (len=670, chunk_size=1500)
Skipping probe: too short (len=886, chunk_size=1500)
Skipping probe: too short (len=834, chunk_size=1500)
Trial 28 F1s - Weighted: 0.7343 | Macro: 0.2324 | Micro: 0.7332

[I 2026-02-27 22:18:39,851] Trial 28 finished with value: 0.7342787018180429 and parameters: {'chunk_seconds': 15, 'num_freqs': 5, 'num_estimators': 32, 'max_depth': 16, 'max_features': 0.4077718361337504, 'overlap': 0.6641476899528093, 'max_lag': 13}. Best is trial 27 with value: 0.7368104932325366.
Skipping probe: too short (len=834, chunk_size=1400)
Skipping probe: too short (len=1023, chunk_size=1400)
Skipping probe: too short (len=1349, chunk_size=1400)
Skipping probe: too short (len=982, chunk_size=1400)
Skipping probe: too short (len=559, chunk_size=1400)
Skipping probe: too short (len=1335, chunk_size=1400)
Skipping probe: too short (len=906, chunk_size=1400)
Skipping probe: too short (len=1266, chunk_size=1400)
Skipping probe: too short (len=632, chunk_size=1400)
Skipping probe: too short (len=670, chunk_size=1400)
Skipping probe: too short (len=886, chunk_size=1400)
Skipping probe: too short (len=1021, chunk_size=1400)
Skipping probe: too short (len=559, chunk_size=1400)
Skipping probe: too short (len=1335, chunk_size=1400)
Skipping probe: too short (len=906, chunk_size=1400)
Skipping probe: too short (len=834, chunk_size=1400)
Skipping probe: too short (len=1023, chunk_size=1400)
Skipping probe: too short (len=1349, chunk_size=1400)
Skipping probe: too short (len=982, chunk_size=1400)
Skipping probe: too short (len=670, chunk_size=1400)
Skipping probe: too short (len=886, chunk_size=1400)
Skipping probe: too short (len=1021, chunk_size=1400)
Skipping probe: too short (len=1266, chunk_size=1400)
Skipping probe: too short (len=632, chunk_size=1400)
Skipping probe: too short (len=559, chunk_size=1400)
Skipping probe: too short (len=1335, chunk_size=1400)
Skipping probe: too short (len=906, chunk_size=1400)
Skipping probe: too short (len=1023, chunk_size=1400)
Skipping probe: too short (len=834, chunk_size=1400)
Skipping probe: too short (len=1266, chunk_size=1400)
Skipping probe: too short (len=670, chunk_size=1400)
Skipping probe: too short (len=886, chunk_size=1400)
Skipping probe: too short (len=632, chunk_size=1400)
Skipping probe: too short (len=1021, chunk_size=1400)
Skipping probe: too short (len=1349, chunk_size=1400)
Skipping probe: too short (len=982, chunk_size=1400)
Skipping probe: too short (len=1349, chunk_size=1400)
Skipping probe: too short (len=982, chunk_size=1400)
Skipping probe: too short (len=1023, chunk_size=1400)
Skipping probe: too short (len=834, chunk_size=1400)
Skipping probe: too short (len=1266, chunk_size=1400)
Skipping probe: too short (len=670, chunk_size=1400)
Skipping probe: too short (len=886, chunk_size=1400)
Skipping probe: too short (len=1021, chunk_size=1400)
Skipping probe: too short (len=632, chunk_size=1400)
Skipping probe: too short (len=559, chunk_size=1400)
Skipping probe: too short (len=1335, chunk_size=1400)
Skipping probe: too short (len=906, chunk_size=1400)
Skipping probe: too short (len=982, chunk_size=1400)
Skipping probe: too short (len=1349, chunk_size=1400)
Skipping probe: too short (len=1266, chunk_size=1400)
Skipping probe: too short (len=559, chunk_size=1400)
Skipping probe: too short (len=1335, chunk_size=1400)
Skipping probe: too short (len=906, chunk_size=1400)
Skipping probe: too short (len=632, chunk_size=1400)
Skipping probe: too short (len=1021, chunk_size=1400)
Skipping probe: too short (len=834, chunk_size=1400)
Skipping probe: too short (len=1023, chunk_size=1400)
Skipping probe: too short (len=670, chunk_size=1400)
Skipping probe: too short (len=886, chunk_size=1400)
Trial 29 F1s - Weighted: 0.7405 | Macro: 0.2350 | Micro: 0.7409

[I 2026-02-27 22:35:16,438] Trial 29 finished with value: 0.7405131350766033 and parameters: {'chunk_seconds': 14, 'num_freqs': 3, 'num_estimators': 64, 'max_depth': 16, 'max_features': 0.3594306728743396, 'overlap': 0.6214790105399708, 'max_lag': 14}. Best is trial 29 with value: 0.7405131350766033.
Skipping probe: too short (len=1023, chunk_size=1100)
Skipping probe: too short (len=559, chunk_size=1100)
Skipping probe: too short (len=906, chunk_size=1100)
Skipping probe: too short (len=982, chunk_size=1100)
Skipping probe: too short (len=834, chunk_size=1100)
Skipping probe: too short (len=670, chunk_size=1100)
Skipping probe: too short (len=886, chunk_size=1100)
Skipping probe: too short (len=632, chunk_size=1100)
Skipping probe: too short (len=1021, chunk_size=1100)
Skipping probe: too short (len=559, chunk_size=1100)
Skipping probe: too short (len=906, chunk_size=1100)
Skipping probe: too short (len=834, chunk_size=1100)
Skipping probe: too short (len=1023, chunk_size=1100)
Skipping probe: too short (len=982, chunk_size=1100)
Skipping probe: too short (len=670, chunk_size=1100)
Skipping probe: too short (len=886, chunk_size=1100)
Skipping probe: too short (len=1021, chunk_size=1100)
Skipping probe: too short (len=632, chunk_size=1100)
Skipping probe: too short (len=834, chunk_size=1100)
Skipping probe: too short (len=559, chunk_size=1100)
Skipping probe: too short (len=906, chunk_size=1100)
Skipping probe: too short (len=1023, chunk_size=1100)
Skipping probe: too short (len=632, chunk_size=1100)
Skipping probe: too short (len=670, chunk_size=1100)
Skipping probe: too short (len=886, chunk_size=1100)
Skipping probe: too short (len=1021, chunk_size=1100)
Skipping probe: too short (len=982, chunk_size=1100)
Skipping probe: too short (len=834, chunk_size=1100)
Skipping probe: too short (len=1023, chunk_size=1100)
Skipping probe: too short (len=982, chunk_size=1100)
Skipping probe: too short (len=632, chunk_size=1100)
Skipping probe: too short (len=670, chunk_size=1100)
Skipping probe: too short (len=886, chunk_size=1100)
Skipping probe: too short (len=1021, chunk_size=1100)
Skipping probe: too short (len=559, chunk_size=1100)
Skipping probe: too short (len=906, chunk_size=1100)
Skipping probe: too short (len=559, chunk_size=1100)
Skipping probe: too short (len=906, chunk_size=1100)
Skipping probe: too short (len=982, chunk_size=1100)
Skipping probe: too short (len=1021, chunk_size=1100)
Skipping probe: too short (len=632, chunk_size=1100)
Skipping probe: too short (len=1023, chunk_size=1100)
Skipping probe: too short (len=670, chunk_size=1100)
Skipping probe: too short (len=886, chunk_size=1100)
Skipping probe: too short (len=834, chunk_size=1100)
Trial 30 F1s - Weighted: 0.7300 | Macro: 0.2332 | Micro: 0.7256

[I 2026-02-27 22:53:20,132] Trial 30 finished with value: 0.7299542718156026 and parameters: {'chunk_seconds': 11, 'num_freqs': 3, 'num_estimators': 64, 'max_depth': 16, 'max_features': 0.3508023757307999, 'overlap': 0.5944293058165817, 'max_lag': 14}. Best is trial 29 with value: 0.7405131350766033.
Skipping probe: too short (len=1023, chunk_size=1100)
Skipping probe: too short (len=982, chunk_size=1100)
Skipping probe: too short (len=834, chunk_size=1100)
Skipping probe: too short (len=670, chunk_size=1100)
Skipping probe: too short (len=886, chunk_size=1100)
Skipping probe: too short (len=559, chunk_size=1100)
Skipping probe: too short (len=906, chunk_size=1100)
Skipping probe: too short (len=632, chunk_size=1100)
Skipping probe: too short (len=1021, chunk_size=1100)
Skipping probe: too short (len=1023, chunk_size=1100)
Skipping probe: too short (len=559, chunk_size=1100)
Skipping probe: too short (len=906, chunk_size=1100)
Skipping probe: too short (len=834, chunk_size=1100)
Skipping probe: too short (len=982, chunk_size=1100)
Skipping probe: too short (len=1021, chunk_size=1100)
Skipping probe: too short (len=670, chunk_size=1100)
Skipping probe: too short (len=886, chunk_size=1100)
Skipping probe: too short (len=632, chunk_size=1100)
Skipping probe: too short (len=559, chunk_size=1100)
Skipping probe: too short (len=906, chunk_size=1100)
Skipping probe: too short (len=834, chunk_size=1100)
Skipping probe: too short (len=1023, chunk_size=1100)
Skipping probe: too short (len=670, chunk_size=1100)
Skipping probe: too short (len=886, chunk_size=1100)
Skipping probe: too short (len=632, chunk_size=1100)
Skipping probe: too short (len=1021, chunk_size=1100)
Skipping probe: too short (len=982, chunk_size=1100)
Skipping probe: too short (len=834, chunk_size=1100)
Skipping probe: too short (len=1023, chunk_size=1100)
Skipping probe: too short (len=982, chunk_size=1100)
Skipping probe: too short (len=670, chunk_size=1100)
Skipping probe: too short (len=886, chunk_size=1100)
Skipping probe: too short (len=632, chunk_size=1100)
Skipping probe: too short (len=1021, chunk_size=1100)
Skipping probe: too short (len=559, chunk_size=1100)
Skipping probe: too short (len=906, chunk_size=1100)
Skipping probe: too short (len=559, chunk_size=1100)
Skipping probe: too short (len=906, chunk_size=1100)
Skipping probe: too short (len=982, chunk_size=1100)
Skipping probe: too short (len=632, chunk_size=1100)
Skipping probe: too short (len=1021, chunk_size=1100)
Skipping probe: too short (len=1023, chunk_size=1100)
Skipping probe: too short (len=834, chunk_size=1100)
Skipping probe: too short (len=670, chunk_size=1100)
Skipping probe: too short (len=886, chunk_size=1100)
Trial 31 F1s - Weighted: 0.7405 | Macro: 0.2373 | Micro: 0.7405

[I 2026-02-27 23:11:02,751] Trial 31 finished with value: 0.7405026297034866 and parameters: {'chunk_seconds': 11, 'num_freqs': 3, 'num_estimators': 64, 'max_depth': 16, 'max_features': 0.3484585775983148, 'overlap': 0.5839737715581533, 'max_lag': 14}. Best is trial 29 with value: 0.7405131350766033.
Skipping probe: too short (len=559, chunk_size=1500)
Skipping probe: too short (len=1335, chunk_size=1500)
Skipping probe: too short (len=906, chunk_size=1500)
Skipping probe: too short (len=1454, chunk_size=1500)
Skipping probe: too short (len=1450, chunk_size=1500)
Skipping probe: too short (len=1023, chunk_size=1500)
Skipping probe: too short (len=1349, chunk_size=1500)
Skipping probe: too short (len=834, chunk_size=1500)
Skipping probe: too short (len=1266, chunk_size=1500)
Skipping probe: too short (len=982, chunk_size=1500)
Skipping probe: too short (len=670, chunk_size=1500)
Skipping probe: too short (len=886, chunk_size=1500)
Skipping probe: too short (len=632, chunk_size=1500)
Skipping probe: too short (len=1021, chunk_size=1500)
Skipping probe: too short (len=982, chunk_size=1500)
Skipping probe: too short (len=1454, chunk_size=1500)
Skipping probe: too short (len=1450, chunk_size=1500)
Skipping probe: too short (len=834, chunk_size=1500)
Skipping probe: too short (len=1349, chunk_size=1500)
Skipping probe: too short (len=1023, chunk_size=1500)
Skipping probe: too short (len=559, chunk_size=1500)
Skipping probe: too short (len=1335, chunk_size=1500)
Skipping probe: too short (len=906, chunk_size=1500)
Skipping probe: too short (len=670, chunk_size=1500)
Skipping probe: too short (len=886, chunk_size=1500)
Skipping probe: too short (len=1021, chunk_size=1500)
Skipping probe: too short (len=1266, chunk_size=1500)
Skipping probe: too short (len=632, chunk_size=1500)
Skipping probe: too short (len=1023, chunk_size=1500)
Skipping probe: too short (len=1450, chunk_size=1500)
Skipping probe: too short (len=559, chunk_size=1500)
Skipping probe: too short (len=1335, chunk_size=1500)
Skipping probe: too short (len=906, chunk_size=1500)
Skipping probe: too short (len=834, chunk_size=1500)
Skipping probe: too short (len=670, chunk_size=1500)
Skipping probe: too short (len=886, chunk_size=1500)
Skipping probe: too short (len=1266, chunk_size=1500)
Skipping probe: too short (len=632, chunk_size=1500)
Skipping probe: too short (len=1021, chunk_size=1500)
Skipping probe: too short (len=1454, chunk_size=1500)
Skipping probe: too short (len=1349, chunk_size=1500)
Skipping probe: too short (len=982, chunk_size=1500)
Skipping probe: too short (len=1454, chunk_size=1500)
Skipping probe: too short (len=1023, chunk_size=1500)
Skipping probe: too short (len=1450, chunk_size=1500)
Skipping probe: too short (len=834, chunk_size=1500)
Skipping probe: too short (len=1266, chunk_size=1500)
Skipping probe: too short (len=1349, chunk_size=1500)
Skipping probe: too short (len=982, chunk_size=1500)
Skipping probe: too short (len=670, chunk_size=1500)
Skipping probe: too short (len=886, chunk_size=1500)
Skipping probe: too short (len=1021, chunk_size=1500)
Skipping probe: too short (len=632, chunk_size=1500)
Skipping probe: too short (len=559, chunk_size=1500)
Skipping probe: too short (len=1335, chunk_size=1500)
Skipping probe: too short (len=906, chunk_size=1500)
Skipping probe: too short (len=1266, chunk_size=1500)
Skipping probe: too short (len=1454, chunk_size=1500)
Skipping probe: too short (len=982, chunk_size=1500)
Skipping probe: too short (len=1349, chunk_size=1500)
Skipping probe: too short (len=559, chunk_size=1500)
Skipping probe: too short (len=1335, chunk_size=1500)
Skipping probe: too short (len=906, chunk_size=1500)
Skipping probe: too short (len=1021, chunk_size=1500)
Skipping probe: too short (len=632, chunk_size=1500)
Skipping probe: too short (len=1450, chunk_size=1500)
Skipping probe: too short (len=1023, chunk_size=1500)
Skipping probe: too short (len=670, chunk_size=1500)
Skipping probe: too short (len=886, chunk_size=1500)
Skipping probe: too short (len=834, chunk_size=1500)
Trial 32 F1s - Weighted: 0.7362 | Macro: 0.2327 | Micro: 0.7364

[I 2026-02-27 23:25:58,898] Trial 32 finished with value: 0.7362281738869034 and parameters: {'chunk_seconds': 15, 'num_freqs': 3, 'num_estimators': 64, 'max_depth': 16, 'max_features': 0.4854197672216372, 'overlap': 0.5455055470711723, 'max_lag': 13}. Best is trial 29 with value: 0.7405131350766033.
Skipping probe: too short (len=559, chunk_size=1200)
Skipping probe: too short (len=906, chunk_size=1200)
Skipping probe: too short (len=982, chunk_size=1200)
Skipping probe: too short (len=834, chunk_size=1200)
Skipping probe: too short (len=1023, chunk_size=1200)
Skipping probe: too short (len=670, chunk_size=1200)
Skipping probe: too short (len=886, chunk_size=1200)
Skipping probe: too short (len=632, chunk_size=1200)
Skipping probe: too short (len=1021, chunk_size=1200)
Skipping probe: too short (len=834, chunk_size=1200)
Skipping probe: too short (len=559, chunk_size=1200)
Skipping probe: too short (len=906, chunk_size=1200)
Skipping probe: too short (len=982, chunk_size=1200)
Skipping probe: too short (len=1023, chunk_size=1200)
Skipping probe: too short (len=670, chunk_size=1200)
Skipping probe: too short (len=886, chunk_size=1200)
Skipping probe: too short (len=1021, chunk_size=1200)
Skipping probe: too short (len=632, chunk_size=1200)
Skipping probe: too short (len=834, chunk_size=1200)
Skipping probe: too short (len=1023, chunk_size=1200)
Skipping probe: too short (len=670, chunk_size=1200)
Skipping probe: too short (len=886, chunk_size=1200)
Skipping probe: too short (len=559, chunk_size=1200)
Skipping probe: too short (len=906, chunk_size=1200)
Skipping probe: too short (len=1021, chunk_size=1200)
Skipping probe: too short (len=632, chunk_size=1200)
Skipping probe: too short (len=982, chunk_size=1200)
Skipping probe: too short (len=982, chunk_size=1200)
Skipping probe: too short (len=834, chunk_size=1200)
Skipping probe: too short (len=1023, chunk_size=1200)
Skipping probe: too short (len=670, chunk_size=1200)
Skipping probe: too short (len=886, chunk_size=1200)
Skipping probe: too short (len=632, chunk_size=1200)
Skipping probe: too short (len=1021, chunk_size=1200)
Skipping probe: too short (len=559, chunk_size=1200)
Skipping probe: too short (len=906, chunk_size=1200)
Skipping probe: too short (len=559, chunk_size=1200)
Skipping probe: too short (len=906, chunk_size=1200)
Skipping probe: too short (len=982, chunk_size=1200)
Skipping probe: too short (len=1021, chunk_size=1200)
Skipping probe: too short (len=632, chunk_size=1200)
Skipping probe: too short (len=1023, chunk_size=1200)
Skipping probe: too short (len=834, chunk_size=1200)
Skipping probe: too short (len=670, chunk_size=1200)
Skipping probe: too short (len=886, chunk_size=1200)
Trial 33 F1s - Weighted: 0.7328 | Macro: 0.2355 | Micro: 0.7330

[I 2026-02-27 23:43:07,435] Trial 33 finished with value: 0.7328155416899057 and parameters: {'chunk_seconds': 12, 'num_freqs': 2, 'num_estimators': 64, 'max_depth': 16, 'max_features': 0.47634969103320896, 'overlap': 0.5312472518996776, 'max_lag': 15}. Best is trial 29 with value: 0.7405131350766033.
Skipping probe: too short (len=982, chunk_size=1400)
Skipping probe: too short (len=1023, chunk_size=1400)
Skipping probe: too short (len=1349, chunk_size=1400)
Skipping probe: too short (len=834, chunk_size=1400)
Skipping probe: too short (len=559, chunk_size=1400)
Skipping probe: too short (len=1335, chunk_size=1400)
Skipping probe: too short (len=906, chunk_size=1400)
Skipping probe: too short (len=1266, chunk_size=1400)
Skipping probe: too short (len=670, chunk_size=1400)
Skipping probe: too short (len=886, chunk_size=1400)
Skipping probe: too short (len=632, chunk_size=1400)
Skipping probe: too short (len=1021, chunk_size=1400)
Skipping probe: too short (len=670, chunk_size=1400)
Skipping probe: too short (len=886, chunk_size=1400)
Skipping probe: too short (len=834, chunk_size=1400)
Skipping probe: too short (len=982, chunk_size=1400)
Skipping probe: too short (len=1023, chunk_size=1400)
Skipping probe: too short (len=1349, chunk_size=1400)
Skipping probe: too short (len=559, chunk_size=1400)
Skipping probe: too short (len=1335, chunk_size=1400)
Skipping probe: too short (len=906, chunk_size=1400)
Skipping probe: too short (len=1021, chunk_size=1400)
Skipping probe: too short (len=1266, chunk_size=1400)
Skipping probe: too short (len=632, chunk_size=1400)
Skipping probe: too short (len=1023, chunk_size=1400)
Skipping probe: too short (len=834, chunk_size=1400)
Skipping probe: too short (len=670, chunk_size=1400)
Skipping probe: too short (len=886, chunk_size=1400)
Skipping probe: too short (len=1266, chunk_size=1400)
Skipping probe: too short (len=559, chunk_size=1400)
Skipping probe: too short (len=1335, chunk_size=1400)
Skipping probe: too short (len=906, chunk_size=1400)
Skipping probe: too short (len=1021, chunk_size=1400)
Skipping probe: too short (len=632, chunk_size=1400)
Skipping probe: too short (len=1349, chunk_size=1400)
Skipping probe: too short (len=982, chunk_size=1400)
Skipping probe: too short (len=834, chunk_size=1400)
Skipping probe: too short (len=1349, chunk_size=1400)
Skipping probe: too short (len=982, chunk_size=1400)
Skipping probe: too short (len=1023, chunk_size=1400)
Skipping probe: too short (len=1266, chunk_size=1400)
Skipping probe: too short (len=1021, chunk_size=1400)
Skipping probe: too short (len=632, chunk_size=1400)
Skipping probe: too short (len=670, chunk_size=1400)
Skipping probe: too short (len=886, chunk_size=1400)
Skipping probe: too short (len=559, chunk_size=1400)
Skipping probe: too short (len=1335, chunk_size=1400)
Skipping probe: too short (len=906, chunk_size=1400)
Skipping probe: too short (len=559, chunk_size=1400)
Skipping probe: too short (len=1335, chunk_size=1400)
Skipping probe: too short (len=906, chunk_size=1400)
Skipping probe: too short (len=1266, chunk_size=1400)
Skipping probe: too short (len=1349, chunk_size=1400)
Skipping probe: too short (len=982, chunk_size=1400)
Skipping probe: too short (len=632, chunk_size=1400)
Skipping probe: too short (len=1021, chunk_size=1400)
Skipping probe: too short (len=1023, chunk_size=1400)
Skipping probe: too short (len=834, chunk_size=1400)
Skipping probe: too short (len=670, chunk_size=1400)
Skipping probe: too short (len=886, chunk_size=1400)
Trial 34 F1s - Weighted: 0.7374 | Macro: 0.2323 | Micro: 0.7386

[I 2026-02-27 23:58:41,822] Trial 34 finished with value: 0.7374127212958621 and parameters: {'chunk_seconds': 14, 'num_freqs': 3, 'num_estimators': 64, 'max_depth': 16, 'max_features': 0.4865347711951221, 'overlap': 0.5608887922904857, 'max_lag': 12}. Best is trial 29 with value: 0.7405131350766033.
Skipping probe: too short (len=834, chunk_size=900)
Skipping probe: too short (len=559, chunk_size=900)
Skipping probe: too short (len=632, chunk_size=900)
Skipping probe: too short (len=670, chunk_size=900)
Skipping probe: too short (len=886, chunk_size=900)
Skipping probe: too short (len=834, chunk_size=900)
Skipping probe: too short (len=559, chunk_size=900)
Skipping probe: too short (len=670, chunk_size=900)
Skipping probe: too short (len=886, chunk_size=900)
Skipping probe: too short (len=632, chunk_size=900)
Skipping probe: too short (len=834, chunk_size=900)
Skipping probe: too short (len=559, chunk_size=900)
Skipping probe: too short (len=670, chunk_size=900)
Skipping probe: too short (len=886, chunk_size=900)
Skipping probe: too short (len=632, chunk_size=900)
Skipping probe: too short (len=670, chunk_size=900)
Skipping probe: too short (len=886, chunk_size=900)
Skipping probe: too short (len=834, chunk_size=900)
Skipping probe: too short (len=632, chunk_size=900)
Skipping probe: too short (len=559, chunk_size=900)
Skipping probe: too short (len=559, chunk_size=900)
Skipping probe: too short (len=632, chunk_size=900)
Skipping probe: too short (len=834, chunk_size=900)
Skipping probe: too short (len=670, chunk_size=900)
Skipping probe: too short (len=886, chunk_size=900)
Trial 35 F1s - Weighted: 0.7341 | Macro: 0.2384 | Micro: 0.7336

[I 2026-02-28 00:15:04,903] Trial 35 finished with value: 0.734059797892924 and parameters: {'chunk_seconds': 9, 'num_freqs': 2, 'num_estimators': 64, 'max_depth': 16, 'max_features': 0.3534119464774648, 'overlap': 0.4900225104959824, 'max_lag': 12}. Best is trial 29 with value: 0.7405131350766033.
Skipping probe: too short (len=559, chunk_size=1400)
Skipping probe: too short (len=1335, chunk_size=1400)
Skipping probe: too short (len=906, chunk_size=1400)
Skipping probe: too short (len=834, chunk_size=1400)
Skipping probe: too short (len=982, chunk_size=1400)
Skipping probe: too short (len=1023, chunk_size=1400)
Skipping probe: too short (len=1349, chunk_size=1400)
Skipping probe: too short (len=1266, chunk_size=1400)
Skipping probe: too short (len=632, chunk_size=1400)
Skipping probe: too short (len=670, chunk_size=1400)
Skipping probe: too short (len=886, chunk_size=1400)
Skipping probe: too short (len=1021, chunk_size=1400)
Skipping probe: too short (len=1349, chunk_size=1400)
Skipping probe: too short (len=982, chunk_size=1400)
Skipping probe: too short (len=559, chunk_size=1400)
Skipping probe: too short (len=1335, chunk_size=1400)
Skipping probe: too short (len=906, chunk_size=1400)
Skipping probe: too short (len=1023, chunk_size=1400)
Skipping probe: too short (len=834, chunk_size=1400)
Skipping probe: too short (len=1021, chunk_size=1400)
Skipping probe: too short (len=670, chunk_size=1400)
Skipping probe: too short (len=886, chunk_size=1400)
Skipping probe: too short (len=1266, chunk_size=1400)
Skipping probe: too short (len=632, chunk_size=1400)
Skipping probe: too short (len=1023, chunk_size=1400)
Skipping probe: too short (len=834, chunk_size=1400)
Skipping probe: too short (len=559, chunk_size=1400)
Skipping probe: too short (len=1335, chunk_size=1400)
Skipping probe: too short (len=906, chunk_size=1400)
Skipping probe: too short (len=1266, chunk_size=1400)
Skipping probe: too short (len=670, chunk_size=1400)
Skipping probe: too short (len=886, chunk_size=1400)
Skipping probe: too short (len=1021, chunk_size=1400)
Skipping probe: too short (len=632, chunk_size=1400)
Skipping probe: too short (len=1349, chunk_size=1400)
Skipping probe: too short (len=982, chunk_size=1400)
Skipping probe: too short (len=1349, chunk_size=1400)
Skipping probe: too short (len=1266, chunk_size=1400)
Skipping probe: too short (len=834, chunk_size=1400)
Skipping probe: too short (len=1023, chunk_size=1400)
Skipping probe: too short (len=982, chunk_size=1400)
Skipping probe: too short (len=670, chunk_size=1400)
Skipping probe: too short (len=886, chunk_size=1400)
Skipping probe: too short (len=632, chunk_size=1400)
Skipping probe: too short (len=1021, chunk_size=1400)
Skipping probe: too short (len=559, chunk_size=1400)
Skipping probe: too short (len=1335, chunk_size=1400)
Skipping probe: too short (len=906, chunk_size=1400)
Skipping probe: too short (len=982, chunk_size=1400)
Skipping probe: too short (len=559, chunk_size=1400)
Skipping probe: too short (len=1335, chunk_size=1400)
Skipping probe: too short (len=906, chunk_size=1400)
Skipping probe: too short (len=1349, chunk_size=1400)
Skipping probe: too short (len=1266, chunk_size=1400)
Skipping probe: too short (len=632, chunk_size=1400)
Skipping probe: too short (len=1021, chunk_size=1400)
Skipping probe: too short (len=1023, chunk_size=1400)
Skipping probe: too short (len=834, chunk_size=1400)
Skipping probe: too short (len=670, chunk_size=1400)
Skipping probe: too short (len=886, chunk_size=1400)
Trial 36 F1s - Weighted: 0.7369 | Macro: 0.2358 | Micro: 0.7361

[I 2026-02-28 00:33:33,836] Trial 36 finished with value: 0.7368719487192885 and parameters: {'chunk_seconds': 14, 'num_freqs': 5, 'num_estimators': 64, 'max_depth': 16, 'max_features': 0.5565282223044897, 'overlap': 0.5682630320094324, 'max_lag': 15}. Best is trial 29 with value: 0.7405131350766033.
Skipping probe: too short (len=982, chunk_size=1200)
Skipping probe: too short (len=834, chunk_size=1200)
Skipping probe: too short (len=1023, chunk_size=1200)
Skipping probe: too short (len=559, chunk_size=1200)
Skipping probe: too short (len=906, chunk_size=1200)
Skipping probe: too short (len=670, chunk_size=1200)
Skipping probe: too short (len=886, chunk_size=1200)
Skipping probe: too short (len=632, chunk_size=1200)
Skipping probe: too short (len=1021, chunk_size=1200)
Skipping probe: too short (len=834, chunk_size=1200)
Skipping probe: too short (len=559, chunk_size=1200)
Skipping probe: too short (len=906, chunk_size=1200)
Skipping probe: too short (len=1021, chunk_size=1200)
Skipping probe: too short (len=982, chunk_size=1200)
Skipping probe: too short (len=670, chunk_size=1200)
Skipping probe: too short (len=886, chunk_size=1200)
Skipping probe: too short (len=1023, chunk_size=1200)
Skipping probe: too short (len=632, chunk_size=1200)
[I 2026-02-28 00:40:38,643] Trial 37 pruned. 
Skipping probe: too short (len=1349, chunk_size=1400)
Skipping probe: too short (len=1266, chunk_size=1400)
Skipping probe: too short (len=982, chunk_size=1400)
Skipping probe: too short (len=1023, chunk_size=1400)
Skipping probe: too short (len=834, chunk_size=1400)
Skipping probe: too short (len=559, chunk_size=1400)
Skipping probe: too short (len=1335, chunk_size=1400)
Skipping probe: too short (len=906, chunk_size=1400)
Skipping probe: too short (len=670, chunk_size=1400)
Skipping probe: too short (len=886, chunk_size=1400)
Skipping probe: too short (len=632, chunk_size=1400)
Skipping probe: too short (len=1021, chunk_size=1400)
Skipping probe: too short (len=1349, chunk_size=1400)
Skipping probe: too short (len=982, chunk_size=1400)
Skipping probe: too short (len=1023, chunk_size=1400)
Skipping probe: too short (len=834, chunk_size=1400)
Skipping probe: too short (len=559, chunk_size=1400)
Skipping probe: too short (len=1335, chunk_size=1400)
Skipping probe: too short (len=906, chunk_size=1400)
Skipping probe: too short (len=1021, chunk_size=1400)
Skipping probe: too short (len=670, chunk_size=1400)
Skipping probe: too short (len=886, chunk_size=1400)
Skipping probe: too short (len=1266, chunk_size=1400)
Skipping probe: too short (len=632, chunk_size=1400)
[I 2026-02-28 00:47:08,554] Trial 38 pruned. 
Skipping probe: too short (len=982, chunk_size=1200)
Skipping probe: too short (len=559, chunk_size=1200)
Skipping probe: too short (len=906, chunk_size=1200)
Skipping probe: too short (len=1023, chunk_size=1200)
Skipping probe: too short (len=834, chunk_size=1200)
Skipping probe: too short (len=670, chunk_size=1200)
Skipping probe: too short (len=886, chunk_size=1200)
Skipping probe: too short (len=632, chunk_size=1200)
Skipping probe: too short (len=1021, chunk_size=1200)
Skipping probe: too short (len=834, chunk_size=1200)
Skipping probe: too short (len=1023, chunk_size=1200)
Skipping probe: too short (len=982, chunk_size=1200)
Skipping probe: too short (len=559, chunk_size=1200)
Skipping probe: too short (len=906, chunk_size=1200)
Skipping probe: too short (len=670, chunk_size=1200)
Skipping probe: too short (len=886, chunk_size=1200)
Skipping probe: too short (len=1021, chunk_size=1200)
Skipping probe: too short (len=632, chunk_size=1200)
Skipping probe: too short (len=559, chunk_size=1200)
Skipping probe: too short (len=906, chunk_size=1200)
Skipping probe: too short (len=834, chunk_size=1200)
Skipping probe: too short (len=1023, chunk_size=1200)
Skipping probe: too short (len=632, chunk_size=1200)
Skipping probe: too short (len=1021, chunk_size=1200)
Skipping probe: too short (len=670, chunk_size=1200)
Skipping probe: too short (len=886, chunk_size=1200)
Skipping probe: too short (len=982, chunk_size=1200)
Skipping probe: too short (len=982, chunk_size=1200)
Skipping probe: too short (len=834, chunk_size=1200)
Skipping probe: too short (len=670, chunk_size=1200)
Skipping probe: too short (len=886, chunk_size=1200)
Skipping probe: too short (len=1023, chunk_size=1200)
Skipping probe: too short (len=632, chunk_size=1200)
Skipping probe: too short (len=1021, chunk_size=1200)
Skipping probe: too short (len=559, chunk_size=1200)
Skipping probe: too short (len=906, chunk_size=1200)
Skipping probe: too short (len=982, chunk_size=1200)
Skipping probe: too short (len=559, chunk_size=1200)
Skipping probe: too short (len=906, chunk_size=1200)
Skipping probe: too short (len=632, chunk_size=1200)
Skipping probe: too short (len=1021, chunk_size=1200)
Skipping probe: too short (len=1023, chunk_size=1200)
Skipping probe: too short (len=834, chunk_size=1200)
Skipping probe: too short (len=670, chunk_size=1200)
Skipping probe: too short (len=886, chunk_size=1200)
Trial 39 F1s - Weighted: 0.7235 | Macro: 0.2290 | Micro: 0.7170

[I 2026-02-28 01:07:06,857] Trial 39 finished with value: 0.7235212238515705 and parameters: {'chunk_seconds': 12, 'num_freqs': 5, 'num_estimators': 64, 'max_depth': 16, 'max_features': 0.5009481662366132, 'overlap': 0.5635135771918369, 'max_lag': 16}. Best is trial 29 with value: 0.7405131350766033.
Skipping probe: too short (len=559, chunk_size=900)
Skipping probe: too short (len=834, chunk_size=900)
Skipping probe: too short (len=670, chunk_size=900)
Skipping probe: too short (len=886, chunk_size=900)
Skipping probe: too short (len=632, chunk_size=900)
Skipping probe: too short (len=559, chunk_size=900)
Skipping probe: too short (len=834, chunk_size=900)
Skipping probe: too short (len=670, chunk_size=900)
Skipping probe: too short (len=886, chunk_size=900)
Skipping probe: too short (len=632, chunk_size=900)
[I 2026-02-28 01:18:39,393] Trial 40 pruned. 
Skipping probe: too short (len=1266, chunk_size=1400)
Skipping probe: too short (len=834, chunk_size=1400)
Skipping probe: too short (len=1349, chunk_size=1400)
Skipping probe: too short (len=1023, chunk_size=1400)
Skipping probe: too short (len=559, chunk_size=1400)
Skipping probe: too short (len=1335, chunk_size=1400)
Skipping probe: too short (len=906, chunk_size=1400)
Skipping probe: too short (len=982, chunk_size=1400)
Skipping probe: too short (len=670, chunk_size=1400)
Skipping probe: too short (len=886, chunk_size=1400)
Skipping probe: too short (len=632, chunk_size=1400)
Skipping probe: too short (len=1021, chunk_size=1400)
Skipping probe: too short (len=1349, chunk_size=1400)
Skipping probe: too short (len=982, chunk_size=1400)
Skipping probe: too short (len=834, chunk_size=1400)
Skipping probe: too short (len=1023, chunk_size=1400)
Skipping probe: too short (len=559, chunk_size=1400)
Skipping probe: too short (len=1335, chunk_size=1400)
Skipping probe: too short (len=906, chunk_size=1400)
Skipping probe: too short (len=1021, chunk_size=1400)
Skipping probe: too short (len=670, chunk_size=1400)
Skipping probe: too short (len=886, chunk_size=1400)
Skipping probe: too short (len=1266, chunk_size=1400)
Skipping probe: too short (len=632, chunk_size=1400)
Skipping probe: too short (len=1023, chunk_size=1400)
Skipping probe: too short (len=1266, chunk_size=1400)
Skipping probe: too short (len=559, chunk_size=1400)
Skipping probe: too short (len=1335, chunk_size=1400)
Skipping probe: too short (len=906, chunk_size=1400)
Skipping probe: too short (len=834, chunk_size=1400)
Skipping probe: too short (len=670, chunk_size=1400)
Skipping probe: too short (len=886, chunk_size=1400)
Skipping probe: too short (len=1021, chunk_size=1400)
Skipping probe: too short (len=632, chunk_size=1400)
Skipping probe: too short (len=1349, chunk_size=1400)
Skipping probe: too short (len=982, chunk_size=1400)
Skipping probe: too short (len=1266, chunk_size=1400)
Skipping probe: too short (len=834, chunk_size=1400)
Skipping probe: too short (len=982, chunk_size=1400)
Skipping probe: too short (len=1023, chunk_size=1400)
Skipping probe: too short (len=1349, chunk_size=1400)
Skipping probe: too short (len=1021, chunk_size=1400)
Skipping probe: too short (len=632, chunk_size=1400)
Skipping probe: too short (len=670, chunk_size=1400)
Skipping probe: too short (len=886, chunk_size=1400)
Skipping probe: too short (len=559, chunk_size=1400)
Skipping probe: too short (len=1335, chunk_size=1400)
Skipping probe: too short (len=906, chunk_size=1400)
Skipping probe: too short (len=1266, chunk_size=1400)
Skipping probe: too short (len=559, chunk_size=1400)
Skipping probe: too short (len=1335, chunk_size=1400)
Skipping probe: too short (len=906, chunk_size=1400)
Skipping probe: too short (len=982, chunk_size=1400)
Skipping probe: too short (len=1349, chunk_size=1400)
Skipping probe: too short (len=1021, chunk_size=1400)
Skipping probe: too short (len=632, chunk_size=1400)
Skipping probe: too short (len=1023, chunk_size=1400)
Skipping probe: too short (len=834, chunk_size=1400)
Skipping probe: too short (len=670, chunk_size=1400)
Skipping probe: too short (len=886, chunk_size=1400)
Trial 41 F1s - Weighted: 0.7419 | Macro: 0.2403 | Micro: 0.7418

[I 2026-02-28 01:36:30,388] Trial 41 finished with value: 0.7419347853982965 and parameters: {'chunk_seconds': 14, 'num_freqs': 4, 'num_estimators': 64, 'max_depth': 16, 'max_features': 0.41261742529280854, 'overlap': 0.6293940705767389, 'max_lag': 14}. Best is trial 41 with value: 0.7419347853982965.
Skipping probe: too short (len=1266, chunk_size=1400)
Skipping probe: too short (len=1349, chunk_size=1400)
Skipping probe: too short (len=982, chunk_size=1400)
Skipping probe: too short (len=1023, chunk_size=1400)
Skipping probe: too short (len=559, chunk_size=1400)
Skipping probe: too short (len=1335, chunk_size=1400)
Skipping probe: too short (len=906, chunk_size=1400)
Skipping probe: too short (len=834, chunk_size=1400)
Skipping probe: too short (len=632, chunk_size=1400)
Skipping probe: too short (len=670, chunk_size=1400)
Skipping probe: too short (len=886, chunk_size=1400)
Skipping probe: too short (len=1021, chunk_size=1400)
Skipping probe: too short (len=834, chunk_size=1400)
Skipping probe: too short (len=1023, chunk_size=1400)
Skipping probe: too short (len=559, chunk_size=1400)
Skipping probe: too short (len=1335, chunk_size=1400)
Skipping probe: too short (len=906, chunk_size=1400)
Skipping probe: too short (len=1349, chunk_size=1400)
Skipping probe: too short (len=982, chunk_size=1400)
Skipping probe: too short (len=670, chunk_size=1400)
Skipping probe: too short (len=886, chunk_size=1400)
Skipping probe: too short (len=1021, chunk_size=1400)
Skipping probe: too short (len=1266, chunk_size=1400)
Skipping probe: too short (len=632, chunk_size=1400)
Skipping probe: too short (len=670, chunk_size=1400)
Skipping probe: too short (len=886, chunk_size=1400)
Skipping probe: too short (len=1266, chunk_size=1400)
Skipping probe: too short (len=559, chunk_size=1400)
Skipping probe: too short (len=1335, chunk_size=1400)
Skipping probe: too short (len=906, chunk_size=1400)
Skipping probe: too short (len=834, chunk_size=1400)
Skipping probe: too short (len=1023, chunk_size=1400)
Skipping probe: too short (len=632, chunk_size=1400)
Skipping probe: too short (len=1021, chunk_size=1400)
Skipping probe: too short (len=1349, chunk_size=1400)
Skipping probe: too short (len=982, chunk_size=1400)
Skipping probe: too short (len=1349, chunk_size=1400)
Skipping probe: too short (len=834, chunk_size=1400)
Skipping probe: too short (len=1023, chunk_size=1400)
Skipping probe: too short (len=982, chunk_size=1400)
Skipping probe: too short (len=1266, chunk_size=1400)
Skipping probe: too short (len=1021, chunk_size=1400)
Skipping probe: too short (len=670, chunk_size=1400)
Skipping probe: too short (len=886, chunk_size=1400)
Skipping probe: too short (len=632, chunk_size=1400)
Skipping probe: too short (len=559, chunk_size=1400)
Skipping probe: too short (len=1335, chunk_size=1400)
Skipping probe: too short (len=906, chunk_size=1400)
Skipping probe: too short (len=1349, chunk_size=1400)
Skipping probe: too short (len=559, chunk_size=1400)
Skipping probe: too short (len=1335, chunk_size=1400)
Skipping probe: too short (len=906, chunk_size=1400)
Skipping probe: too short (len=1266, chunk_size=1400)
Skipping probe: too short (len=982, chunk_size=1400)
Skipping probe: too short (len=632, chunk_size=1400)
Skipping probe: too short (len=1021, chunk_size=1400)
Skipping probe: too short (len=1023, chunk_size=1400)
Skipping probe: too short (len=834, chunk_size=1400)
Skipping probe: too short (len=670, chunk_size=1400)
Skipping probe: too short (len=886, chunk_size=1400)
Trial 42 F1s - Weighted: 0.7408 | Macro: 0.2390 | Micro: 0.7401

[I 2026-02-28 01:54:46,350] Trial 42 finished with value: 0.7407992679424269 and parameters: {'chunk_seconds': 14, 'num_freqs': 3, 'num_estimators': 64, 'max_depth': 16, 'max_features': 0.4252820070008659, 'overlap': 0.6333350225839112, 'max_lag': 15}. Best is trial 41 with value: 0.7419347853982965.
Skipping probe: too short (len=559, chunk_size=1000)
Skipping probe: too short (len=906, chunk_size=1000)
Skipping probe: too short (len=834, chunk_size=1000)
Skipping probe: too short (len=982, chunk_size=1000)
Skipping probe: too short (len=670, chunk_size=1000)
Skipping probe: too short (len=886, chunk_size=1000)
Skipping probe: too short (len=632, chunk_size=1000)
Skipping probe: too short (len=982, chunk_size=1000)
Skipping probe: too short (len=559, chunk_size=1000)
Skipping probe: too short (len=906, chunk_size=1000)
Skipping probe: too short (len=834, chunk_size=1000)
Skipping probe: too short (len=670, chunk_size=1000)
Skipping probe: too short (len=886, chunk_size=1000)
Skipping probe: too short (len=632, chunk_size=1000)
Skipping probe: too short (len=834, chunk_size=1000)
Skipping probe: too short (len=559, chunk_size=1000)
Skipping probe: too short (len=906, chunk_size=1000)
Skipping probe: too short (len=670, chunk_size=1000)
Skipping probe: too short (len=886, chunk_size=1000)
Skipping probe: too short (len=632, chunk_size=1000)
Skipping probe: too short (len=982, chunk_size=1000)
Skipping probe: too short (len=834, chunk_size=1000)
Skipping probe: too short (len=982, chunk_size=1000)
Skipping probe: too short (len=632, chunk_size=1000)
Skipping probe: too short (len=670, chunk_size=1000)
Skipping probe: too short (len=886, chunk_size=1000)
Skipping probe: too short (len=559, chunk_size=1000)
Skipping probe: too short (len=906, chunk_size=1000)
Skipping probe: too short (len=559, chunk_size=1000)
Skipping probe: too short (len=906, chunk_size=1000)
Skipping probe: too short (len=982, chunk_size=1000)
Skipping probe: too short (len=632, chunk_size=1000)
Skipping probe: too short (len=834, chunk_size=1000)
Skipping probe: too short (len=670, chunk_size=1000)
Skipping probe: too short (len=886, chunk_size=1000)
Trial 43 F1s - Weighted: 0.7328 | Macro: 0.2406 | Micro: 0.7297

[I 2026-02-28 02:14:29,948] Trial 43 finished with value: 0.7327559459816162 and parameters: {'chunk_seconds': 10, 'num_freqs': 3, 'num_estimators': 64, 'max_depth': 16, 'max_features': 0.4196333686487589, 'overlap': 0.6337398241817898, 'max_lag': 10}. Best is trial 41 with value: 0.7419347853982965.
Skipping probe: too short (len=1266, chunk_size=1400)
Skipping probe: too short (len=1023, chunk_size=1400)
Skipping probe: too short (len=559, chunk_size=1400)
Skipping probe: too short (len=1335, chunk_size=1400)
Skipping probe: too short (len=906, chunk_size=1400)
Skipping probe: too short (len=1349, chunk_size=1400)
Skipping probe: too short (len=834, chunk_size=1400)
Skipping probe: too short (len=982, chunk_size=1400)
Skipping probe: too short (len=670, chunk_size=1400)
Skipping probe: too short (len=886, chunk_size=1400)
Skipping probe: too short (len=632, chunk_size=1400)
Skipping probe: too short (len=1021, chunk_size=1400)
Skipping probe: too short (len=1349, chunk_size=1400)
Skipping probe: too short (len=834, chunk_size=1400)
Skipping probe: too short (len=559, chunk_size=1400)
Skipping probe: too short (len=1335, chunk_size=1400)
Skipping probe: too short (len=906, chunk_size=1400)
Skipping probe: too short (len=982, chunk_size=1400)
Skipping probe: too short (len=1023, chunk_size=1400)
Skipping probe: too short (len=1021, chunk_size=1400)
Skipping probe: too short (len=670, chunk_size=1400)
Skipping probe: too short (len=886, chunk_size=1400)
Skipping probe: too short (len=1266, chunk_size=1400)
Skipping probe: too short (len=632, chunk_size=1400)
[I 2026-02-28 02:21:29,238] Trial 44 pruned. 
Skipping probe: too short (len=1023, chunk_size=1100)
Skipping probe: too short (len=559, chunk_size=1100)
Skipping probe: too short (len=906, chunk_size=1100)
Skipping probe: too short (len=834, chunk_size=1100)
Skipping probe: too short (len=982, chunk_size=1100)
Skipping probe: too short (len=670, chunk_size=1100)
Skipping probe: too short (len=886, chunk_size=1100)
Skipping probe: too short (len=632, chunk_size=1100)
Skipping probe: too short (len=1021, chunk_size=1100)
Skipping probe: too short (len=982, chunk_size=1100)
Skipping probe: too short (len=834, chunk_size=1100)
Skipping probe: too short (len=559, chunk_size=1100)
Skipping probe: too short (len=906, chunk_size=1100)
Skipping probe: too short (len=1023, chunk_size=1100)
Skipping probe: too short (len=670, chunk_size=1100)
Skipping probe: too short (len=886, chunk_size=1100)
Skipping probe: too short (len=1021, chunk_size=1100)
Skipping probe: too short (len=632, chunk_size=1100)
Skipping probe: too short (len=1023, chunk_size=1100)
Skipping probe: too short (len=834, chunk_size=1100)
Skipping probe: too short (len=559, chunk_size=1100)
Skipping probe: too short (len=906, chunk_size=1100)
Skipping probe: too short (len=670, chunk_size=1100)
Skipping probe: too short (len=886, chunk_size=1100)
Skipping probe: too short (len=632, chunk_size=1100)
Skipping probe: too short (len=1021, chunk_size=1100)
Skipping probe: too short (len=982, chunk_size=1100)
[I 2026-02-28 02:28:17,603] Trial 45 pruned. 
Skipping probe: too short (len=1023, chunk_size=1600)
Skipping probe: too short (len=1349, chunk_size=1600)
Skipping probe: too short (len=982, chunk_size=1600)
Skipping probe: too short (len=834, chunk_size=1600)
Skipping probe: too short (len=1506, chunk_size=1600)
Skipping probe: too short (len=1454, chunk_size=1600)
Skipping probe: too short (len=1450, chunk_size=1600)
Skipping probe: too short (len=559, chunk_size=1600)
Skipping probe: too short (len=1563, chunk_size=1600)
Skipping probe: too short (len=1335, chunk_size=1600)
Skipping probe: too short (len=906, chunk_size=1600)
Skipping probe: too short (len=1266, chunk_size=1600)
Skipping probe: too short (len=670, chunk_size=1600)
Skipping probe: too short (len=886, chunk_size=1600)
Skipping probe: too short (len=632, chunk_size=1600)
Skipping probe: too short (len=1021, chunk_size=1600)
Skipping probe: too short (len=1454, chunk_size=1600)
Skipping probe: too short (len=834, chunk_size=1600)
Skipping probe: too short (len=1506, chunk_size=1600)
Skipping probe: too short (len=1023, chunk_size=1600)
Skipping probe: too short (len=1450, chunk_size=1600)
Skipping probe: too short (len=1349, chunk_size=1600)
Skipping probe: too short (len=982, chunk_size=1600)
Skipping probe: too short (len=559, chunk_size=1600)
Skipping probe: too short (len=1563, chunk_size=1600)
Skipping probe: too short (len=1335, chunk_size=1600)
Skipping probe: too short (len=906, chunk_size=1600)
Skipping probe: too short (len=670, chunk_size=1600)
Skipping probe: too short (len=886, chunk_size=1600)
Skipping probe: too short (len=1021, chunk_size=1600)
Skipping probe: too short (len=1266, chunk_size=1600)
Skipping probe: too short (len=632, chunk_size=1600)
[I 2026-02-28 02:32:28,287] Trial 46 pruned. 
Skipping probe: too short (len=834, chunk_size=1200)
Skipping probe: too short (len=982, chunk_size=1200)
Skipping probe: too short (len=1023, chunk_size=1200)
Skipping probe: too short (len=559, chunk_size=1200)
Skipping probe: too short (len=906, chunk_size=1200)
Skipping probe: too short (len=632, chunk_size=1200)
Skipping probe: too short (len=670, chunk_size=1200)
Skipping probe: too short (len=886, chunk_size=1200)
Skipping probe: too short (len=1021, chunk_size=1200)
Skipping probe: too short (len=1023, chunk_size=1200)
Skipping probe: too short (len=559, chunk_size=1200)
Skipping probe: too short (len=906, chunk_size=1200)
Skipping probe: too short (len=834, chunk_size=1200)
Skipping probe: too short (len=982, chunk_size=1200)
Skipping probe: too short (len=670, chunk_size=1200)
Skipping probe: too short (len=886, chunk_size=1200)
Skipping probe: too short (len=1021, chunk_size=1200)
Skipping probe: too short (len=632, chunk_size=1200)
Skipping probe: too short (len=559, chunk_size=1200)
Skipping probe: too short (len=906, chunk_size=1200)
Skipping probe: too short (len=834, chunk_size=1200)
Skipping probe: too short (len=1023, chunk_size=1200)
Skipping probe: too short (len=670, chunk_size=1200)
Skipping probe: too short (len=886, chunk_size=1200)
Skipping probe: too short (len=632, chunk_size=1200)
Skipping probe: too short (len=1021, chunk_size=1200)
Skipping probe: too short (len=982, chunk_size=1200)
Skipping probe: too short (len=982, chunk_size=1200)
Skipping probe: too short (len=834, chunk_size=1200)
Skipping probe: too short (len=1023, chunk_size=1200)
Skipping probe: too short (len=632, chunk_size=1200)
Skipping probe: too short (len=1021, chunk_size=1200)
Skipping probe: too short (len=670, chunk_size=1200)
Skipping probe: too short (len=886, chunk_size=1200)
Skipping probe: too short (len=559, chunk_size=1200)
Skipping probe: too short (len=906, chunk_size=1200)
Skipping probe: too short (len=982, chunk_size=1200)
Skipping probe: too short (len=559, chunk_size=1200)
Skipping probe: too short (len=906, chunk_size=1200)
Skipping probe: too short (len=632, chunk_size=1200)
Skipping probe: too short (len=1021, chunk_size=1200)
Skipping probe: too short (len=1023, chunk_size=1200)
Skipping probe: too short (len=834, chunk_size=1200)
Skipping probe: too short (len=670, chunk_size=1200)
Skipping probe: too short (len=886, chunk_size=1200)
Trial 47 F1s - Weighted: 0.7270 | Macro: 0.2310 | Micro: 0.7222

[I 2026-02-28 02:48:04,900] Trial 47 finished with value: 0.7270312670593936 and parameters: {'chunk_seconds': 12, 'num_freqs': 2, 'num_estimators': 64, 'max_depth': 16, 'max_features': 0.39853339733107707, 'overlap': 0.5074451706758125, 'max_lag': 15}. Best is trial 41 with value: 0.7419347853982965.
[I 2026-02-28 03:50:38,296] Trial 48 pruned. 
Skipping probe: too short (len=834, chunk_size=1300)
Skipping probe: too short (len=982, chunk_size=1300)
Skipping probe: too short (len=559, chunk_size=1300)
Skipping probe: too short (len=906, chunk_size=1300)
Skipping probe: too short (len=1023, chunk_size=1300)
Skipping probe: too short (len=1266, chunk_size=1300)
Skipping probe: too short (len=670, chunk_size=1300)
Skipping probe: too short (len=886, chunk_size=1300)
Skipping probe: too short (len=632, chunk_size=1300)
Skipping probe: too short (len=1021, chunk_size=1300)
Skipping probe: too short (len=982, chunk_size=1300)
Skipping probe: too short (len=559, chunk_size=1300)
Skipping probe: too short (len=906, chunk_size=1300)
Skipping probe: too short (len=1023, chunk_size=1300)
Skipping probe: too short (len=1021, chunk_size=1300)
Skipping probe: too short (len=834, chunk_size=1300)
Skipping probe: too short (len=670, chunk_size=1300)
Skipping probe: too short (len=886, chunk_size=1300)
Skipping probe: too short (len=1266, chunk_size=1300)
Skipping probe: too short (len=632, chunk_size=1300)
[I 2026-02-28 03:56:45,181] Trial 49 pruned. 
[I 2026-02-28 04:04:12,014] Trial 50 pruned. 
Skipping probe: too short (len=1349, chunk_size=1400)
Skipping probe: too short (len=1266, chunk_size=1400)
Skipping probe: too short (len=559, chunk_size=1400)
Skipping probe: too short (len=1335, chunk_size=1400)
Skipping probe: too short (len=906, chunk_size=1400)
Skipping probe: too short (len=982, chunk_size=1400)
Skipping probe: too short (len=1023, chunk_size=1400)
Skipping probe: too short (len=834, chunk_size=1400)
Skipping probe: too short (len=670, chunk_size=1400)
Skipping probe: too short (len=886, chunk_size=1400)
Skipping probe: too short (len=632, chunk_size=1400)
Skipping probe: too short (len=1021, chunk_size=1400)
Skipping probe: too short (len=1023, chunk_size=1400)
Skipping probe: too short (len=1349, chunk_size=1400)
Skipping probe: too short (len=834, chunk_size=1400)
Skipping probe: too short (len=559, chunk_size=1400)
Skipping probe: too short (len=1335, chunk_size=1400)
Skipping probe: too short (len=906, chunk_size=1400)
Skipping probe: too short (len=670, chunk_size=1400)
Skipping probe: too short (len=886, chunk_size=1400)
Skipping probe: too short (len=982, chunk_size=1400)
Skipping probe: too short (len=1021, chunk_size=1400)
Skipping probe: too short (len=1266, chunk_size=1400)
Skipping probe: too short (len=632, chunk_size=1400)
Skipping probe: too short (len=834, chunk_size=1400)
Skipping probe: too short (len=1023, chunk_size=1400)
Skipping probe: too short (len=1266, chunk_size=1400)
Skipping probe: too short (len=559, chunk_size=1400)
Skipping probe: too short (len=1335, chunk_size=1400)
Skipping probe: too short (len=906, chunk_size=1400)
Skipping probe: too short (len=670, chunk_size=1400)
Skipping probe: too short (len=886, chunk_size=1400)
Skipping probe: too short (len=1021, chunk_size=1400)
Skipping probe: too short (len=632, chunk_size=1400)
Skipping probe: too short (len=982, chunk_size=1400)
Skipping probe: too short (len=1349, chunk_size=1400)
Skipping probe: too short (len=1266, chunk_size=1400)
Skipping probe: too short (len=834, chunk_size=1400)
Skipping probe: too short (len=982, chunk_size=1400)
Skipping probe: too short (len=1023, chunk_size=1400)
Skipping probe: too short (len=1349, chunk_size=1400)
Skipping probe: too short (len=632, chunk_size=1400)
Skipping probe: too short (len=670, chunk_size=1400)
Skipping probe: too short (len=886, chunk_size=1400)
Skipping probe: too short (len=1021, chunk_size=1400)
Skipping probe: too short (len=559, chunk_size=1400)
Skipping probe: too short (len=1335, chunk_size=1400)
Skipping probe: too short (len=906, chunk_size=1400)
Skipping probe: too short (len=559, chunk_size=1400)
Skipping probe: too short (len=1335, chunk_size=1400)
Skipping probe: too short (len=906, chunk_size=1400)
Skipping probe: too short (len=1021, chunk_size=1400)
Skipping probe: too short (len=1349, chunk_size=1400)
Skipping probe: too short (len=982, chunk_size=1400)
Skipping probe: too short (len=1266, chunk_size=1400)
Skipping probe: too short (len=632, chunk_size=1400)
Skipping probe: too short (len=834, chunk_size=1400)
Skipping probe: too short (len=1023, chunk_size=1400)
Skipping probe: too short (len=670, chunk_size=1400)
Skipping probe: too short (len=886, chunk_size=1400)
Trial 51 F1s - Weighted: 0.7372 | Macro: 0.2362 | Micro: 0.7366

[I 2026-02-28 04:21:20,720] Trial 51 finished with value: 0.7371916971265606 and parameters: {'chunk_seconds': 14, 'num_freqs': 5, 'num_estimators': 64, 'max_depth': 16, 'max_features': 0.49583324459128897, 'overlap': 0.5616434917179708, 'max_lag': 14}. Best is trial 41 with value: 0.7419347853982965.
Skipping probe: too short (len=982, chunk_size=1400)
Skipping probe: too short (len=1023, chunk_size=1400)
Skipping probe: too short (len=834, chunk_size=1400)
Skipping probe: too short (len=1349, chunk_size=1400)
Skipping probe: too short (len=559, chunk_size=1400)
Skipping probe: too short (len=1335, chunk_size=1400)
Skipping probe: too short (len=906, chunk_size=1400)
Skipping probe: too short (len=1266, chunk_size=1400)
Skipping probe: too short (len=632, chunk_size=1400)
Skipping probe: too short (len=670, chunk_size=1400)
Skipping probe: too short (len=886, chunk_size=1400)
Skipping probe: too short (len=1021, chunk_size=1400)
Skipping probe: too short (len=1023, chunk_size=1400)
Skipping probe: too short (len=1349, chunk_size=1400)
Skipping probe: too short (len=559, chunk_size=1400)
Skipping probe: too short (len=1335, chunk_size=1400)
Skipping probe: too short (len=906, chunk_size=1400)
Skipping probe: too short (len=834, chunk_size=1400)
Skipping probe: too short (len=982, chunk_size=1400)
Skipping probe: too short (len=1021, chunk_size=1400)
Skipping probe: too short (len=670, chunk_size=1400)
Skipping probe: too short (len=886, chunk_size=1400)
Skipping probe: too short (len=1266, chunk_size=1400)
Skipping probe: too short (len=632, chunk_size=1400)
Skipping probe: too short (len=559, chunk_size=1400)
Skipping probe: too short (len=1335, chunk_size=1400)
Skipping probe: too short (len=906, chunk_size=1400)
Skipping probe: too short (len=834, chunk_size=1400)
Skipping probe: too short (len=1023, chunk_size=1400)
Skipping probe: too short (len=1266, chunk_size=1400)
Skipping probe: too short (len=670, chunk_size=1400)
Skipping probe: too short (len=886, chunk_size=1400)
Skipping probe: too short (len=632, chunk_size=1400)
Skipping probe: too short (len=1021, chunk_size=1400)
Skipping probe: too short (len=1349, chunk_size=1400)
Skipping probe: too short (len=982, chunk_size=1400)
Skipping probe: too short (len=982, chunk_size=1400)
Skipping probe: too short (len=834, chunk_size=1400)
Skipping probe: too short (len=1023, chunk_size=1400)
Skipping probe: too short (len=1349, chunk_size=1400)
Skipping probe: too short (len=632, chunk_size=1400)
Skipping probe: too short (len=1266, chunk_size=1400)
Skipping probe: too short (len=670, chunk_size=1400)
Skipping probe: too short (len=886, chunk_size=1400)
Skipping probe: too short (len=1021, chunk_size=1400)
Skipping probe: too short (len=559, chunk_size=1400)
Skipping probe: too short (len=1335, chunk_size=1400)
Skipping probe: too short (len=906, chunk_size=1400)
Skipping probe: too short (len=1266, chunk_size=1400)
Skipping probe: too short (len=1349, chunk_size=1400)
Skipping probe: too short (len=559, chunk_size=1400)
Skipping probe: too short (len=1335, chunk_size=1400)
Skipping probe: too short (len=906, chunk_size=1400)
Skipping probe: too short (len=982, chunk_size=1400)
Skipping probe: too short (len=1021, chunk_size=1400)
Skipping probe: too short (len=632, chunk_size=1400)
Skipping probe: too short (len=1023, chunk_size=1400)
Skipping probe: too short (len=834, chunk_size=1400)
Skipping probe: too short (len=670, chunk_size=1400)
Skipping probe: too short (len=886, chunk_size=1400)
Trial 52 F1s - Weighted: 0.7375 | Macro: 0.2342 | Micro: 0.7360

[I 2026-02-28 04:38:03,946] Trial 52 finished with value: 0.7375323243118179 and parameters: {'chunk_seconds': 14, 'num_freqs': 5, 'num_estimators': 64, 'max_depth': 16, 'max_features': 0.48191430677085734, 'overlap': 0.5493914797945236, 'max_lag': 14}. Best is trial 41 with value: 0.7419347853982965.
Skipping probe: too short (len=1266, chunk_size=1600)
Skipping probe: too short (len=1454, chunk_size=1600)
Skipping probe: too short (len=834, chunk_size=1600)
Skipping probe: too short (len=1506, chunk_size=1600)
Skipping probe: too short (len=1450, chunk_size=1600)
Skipping probe: too short (len=1349, chunk_size=1600)
Skipping probe: too short (len=559, chunk_size=1600)
Skipping probe: too short (len=1563, chunk_size=1600)
Skipping probe: too short (len=1335, chunk_size=1600)
Skipping probe: too short (len=906, chunk_size=1600)
Skipping probe: too short (len=982, chunk_size=1600)
Skipping probe: too short (len=1023, chunk_size=1600)
Skipping probe: too short (len=670, chunk_size=1600)
Skipping probe: too short (len=886, chunk_size=1600)
Skipping probe: too short (len=632, chunk_size=1600)
Skipping probe: too short (len=1021, chunk_size=1600)
Skipping probe: too short (len=1023, chunk_size=1600)
Skipping probe: too short (len=1454, chunk_size=1600)
Skipping probe: too short (len=1349, chunk_size=1600)
Skipping probe: too short (len=834, chunk_size=1600)
Skipping probe: too short (len=1506, chunk_size=1600)
Skipping probe: too short (len=1450, chunk_size=1600)
Skipping probe: too short (len=982, chunk_size=1600)
Skipping probe: too short (len=559, chunk_size=1600)
Skipping probe: too short (len=1563, chunk_size=1600)
Skipping probe: too short (len=1335, chunk_size=1600)
Skipping probe: too short (len=906, chunk_size=1600)
Skipping probe: too short (len=670, chunk_size=1600)
Skipping probe: too short (len=886, chunk_size=1600)
Skipping probe: too short (len=1021, chunk_size=1600)
Skipping probe: too short (len=1266, chunk_size=1600)
Skipping probe: too short (len=632, chunk_size=1600)
Skipping probe: too short (len=834, chunk_size=1600)
Skipping probe: too short (len=1506, chunk_size=1600)
Skipping probe: too short (len=1023, chunk_size=1600)
Skipping probe: too short (len=559, chunk_size=1600)
Skipping probe: too short (len=1563, chunk_size=1600)
Skipping probe: too short (len=1335, chunk_size=1600)
Skipping probe: too short (len=906, chunk_size=1600)
Skipping probe: too short (len=1450, chunk_size=1600)
Skipping probe: too short (len=670, chunk_size=1600)
Skipping probe: too short (len=886, chunk_size=1600)
Skipping probe: too short (len=1266, chunk_size=1600)
Skipping probe: too short (len=1021, chunk_size=1600)
Skipping probe: too short (len=632, chunk_size=1600)
Skipping probe: too short (len=1454, chunk_size=1600)
Skipping probe: too short (len=1349, chunk_size=1600)
Skipping probe: too short (len=982, chunk_size=1600)
Skipping probe: too short (len=1450, chunk_size=1600)
Skipping probe: too short (len=1023, chunk_size=1600)
Skipping probe: too short (len=834, chunk_size=1600)
Skipping probe: too short (len=1506, chunk_size=1600)
Skipping probe: too short (len=982, chunk_size=1600)
Skipping probe: too short (len=1349, chunk_size=1600)
Skipping probe: too short (len=1454, chunk_size=1600)
Skipping probe: too short (len=1266, chunk_size=1600)
Skipping probe: too short (len=670, chunk_size=1600)
Skipping probe: too short (len=886, chunk_size=1600)
Skipping probe: too short (len=1021, chunk_size=1600)
Skipping probe: too short (len=632, chunk_size=1600)
Skipping probe: too short (len=559, chunk_size=1600)
Skipping probe: too short (len=1563, chunk_size=1600)
Skipping probe: too short (len=1335, chunk_size=1600)
Skipping probe: too short (len=906, chunk_size=1600)
Skipping probe: too short (len=1349, chunk_size=1600)
Skipping probe: too short (len=982, chunk_size=1600)
Skipping probe: too short (len=1454, chunk_size=1600)
Skipping probe: too short (len=1266, chunk_size=1600)
Skipping probe: too short (len=559, chunk_size=1600)
Skipping probe: too short (len=1563, chunk_size=1600)
Skipping probe: too short (len=1335, chunk_size=1600)
Skipping probe: too short (len=906, chunk_size=1600)
Skipping probe: too short (len=632, chunk_size=1600)
Skipping probe: too short (len=1021, chunk_size=1600)
Skipping probe: too short (len=1450, chunk_size=1600)
Skipping probe: too short (len=1023, chunk_size=1600)
Skipping probe: too short (len=834, chunk_size=1600)
Skipping probe: too short (len=1506, chunk_size=1600)
Skipping probe: too short (len=670, chunk_size=1600)
Skipping probe: too short (len=886, chunk_size=1600)
Trial 53 F1s - Weighted: 0.7358 | Macro: 0.2287 | Micro: 0.7367

[I 2026-02-28 04:52:45,102] Trial 53 finished with value: 0.7357691997805438 and parameters: {'chunk_seconds': 16, 'num_freqs': 7, 'num_estimators': 64, 'max_depth': 16, 'max_features': 0.4250359104913951, 'overlap': 0.542794065130415, 'max_lag': 13}. Best is trial 41 with value: 0.7419347853982965.
Skipping probe: too short (len=834, chunk_size=1300)
Skipping probe: too short (len=982, chunk_size=1300)
Skipping probe: too short (len=1266, chunk_size=1300)
Skipping probe: too short (len=559, chunk_size=1300)
Skipping probe: too short (len=906, chunk_size=1300)
Skipping probe: too short (len=1023, chunk_size=1300)
Skipping probe: too short (len=632, chunk_size=1300)
Skipping probe: too short (len=670, chunk_size=1300)
Skipping probe: too short (len=886, chunk_size=1300)
Skipping probe: too short (len=1021, chunk_size=1300)
Skipping probe: too short (len=834, chunk_size=1300)
Skipping probe: too short (len=1023, chunk_size=1300)
Skipping probe: too short (len=982, chunk_size=1300)
Skipping probe: too short (len=559, chunk_size=1300)
Skipping probe: too short (len=906, chunk_size=1300)
Skipping probe: too short (len=1021, chunk_size=1300)
Skipping probe: too short (len=670, chunk_size=1300)
Skipping probe: too short (len=886, chunk_size=1300)
Skipping probe: too short (len=1266, chunk_size=1300)
Skipping probe: too short (len=632, chunk_size=1300)
[I 2026-02-28 04:59:57,142] Trial 54 pruned. 
Skipping probe: too short (len=982, chunk_size=1600)
Skipping probe: too short (len=1349, chunk_size=1600)
Skipping probe: too short (len=1266, chunk_size=1600)
Skipping probe: too short (len=1450, chunk_size=1600)
Skipping probe: too short (len=559, chunk_size=1600)
Skipping probe: too short (len=1563, chunk_size=1600)
Skipping probe: too short (len=1335, chunk_size=1600)
Skipping probe: too short (len=906, chunk_size=1600)
Skipping probe: too short (len=1023, chunk_size=1600)
Skipping probe: too short (len=834, chunk_size=1600)
Skipping probe: too short (len=1506, chunk_size=1600)
Skipping probe: too short (len=1454, chunk_size=1600)
Skipping probe: too short (len=670, chunk_size=1600)
Skipping probe: too short (len=886, chunk_size=1600)
Skipping probe: too short (len=632, chunk_size=1600)
Skipping probe: too short (len=1021, chunk_size=1600)
Skipping probe: too short (len=1023, chunk_size=1600)
Skipping probe: too short (len=982, chunk_size=1600)
Skipping probe: too short (len=559, chunk_size=1600)
Skipping probe: too short (len=1563, chunk_size=1600)
Skipping probe: too short (len=1335, chunk_size=1600)
Skipping probe: too short (len=906, chunk_size=1600)
Skipping probe: too short (len=1450, chunk_size=1600)
Skipping probe: too short (len=1454, chunk_size=1600)
Skipping probe: too short (len=1349, chunk_size=1600)
Skipping probe: too short (len=834, chunk_size=1600)
Skipping probe: too short (len=1506, chunk_size=1600)
Skipping probe: too short (len=670, chunk_size=1600)
Skipping probe: too short (len=886, chunk_size=1600)
Skipping probe: too short (len=1021, chunk_size=1600)
Skipping probe: too short (len=1266, chunk_size=1600)
Skipping probe: too short (len=632, chunk_size=1600)
[I 2026-02-28 05:04:09,038] Trial 55 pruned. 
Skipping probe: too short (len=982, chunk_size=1400)
Skipping probe: too short (len=1349, chunk_size=1400)
Skipping probe: too short (len=1023, chunk_size=1400)
Skipping probe: too short (len=559, chunk_size=1400)
Skipping probe: too short (len=1335, chunk_size=1400)
Skipping probe: too short (len=906, chunk_size=1400)
Skipping probe: too short (len=834, chunk_size=1400)
Skipping probe: too short (len=1266, chunk_size=1400)
Skipping probe: too short (len=670, chunk_size=1400)
Skipping probe: too short (len=886, chunk_size=1400)
Skipping probe: too short (len=632, chunk_size=1400)
Skipping probe: too short (len=1021, chunk_size=1400)
Skipping probe: too short (len=1023, chunk_size=1400)
Skipping probe: too short (len=982, chunk_size=1400)
Skipping probe: too short (len=834, chunk_size=1400)
Skipping probe: too short (len=1349, chunk_size=1400)
Skipping probe: too short (len=559, chunk_size=1400)
Skipping probe: too short (len=1335, chunk_size=1400)
Skipping probe: too short (len=906, chunk_size=1400)
Skipping probe: too short (len=670, chunk_size=1400)
Skipping probe: too short (len=886, chunk_size=1400)
Skipping probe: too short (len=1021, chunk_size=1400)
Skipping probe: too short (len=1266, chunk_size=1400)
Skipping probe: too short (len=632, chunk_size=1400)
[I 2026-02-28 05:07:46,888] Trial 56 pruned. 
Skipping probe: too short (len=834, chunk_size=1000)
Skipping probe: too short (len=559, chunk_size=1000)
Skipping probe: too short (len=906, chunk_size=1000)
Skipping probe: too short (len=982, chunk_size=1000)
Skipping probe: too short (len=670, chunk_size=1000)
Skipping probe: too short (len=886, chunk_size=1000)
Skipping probe: too short (len=632, chunk_size=1000)
Skipping probe: too short (len=834, chunk_size=1000)
Skipping probe: too short (len=559, chunk_size=1000)
Skipping probe: too short (len=906, chunk_size=1000)
Skipping probe: too short (len=982, chunk_size=1000)
Skipping probe: too short (len=670, chunk_size=1000)
Skipping probe: too short (len=886, chunk_size=1000)
Skipping probe: too short (len=632, chunk_size=1000)
Skipping probe: too short (len=834, chunk_size=1000)
Skipping probe: too short (len=559, chunk_size=1000)
Skipping probe: too short (len=906, chunk_size=1000)
Skipping probe: too short (len=670, chunk_size=1000)
Skipping probe: too short (len=886, chunk_size=1000)
Skipping probe: too short (len=632, chunk_size=1000)
Skipping probe: too short (len=982, chunk_size=1000)
Skipping probe: too short (len=982, chunk_size=1000)
Skipping probe: too short (len=834, chunk_size=1000)
Skipping probe: too short (len=632, chunk_size=1000)
Skipping probe: too short (len=670, chunk_size=1000)
Skipping probe: too short (len=886, chunk_size=1000)
Skipping probe: too short (len=559, chunk_size=1000)
Skipping probe: too short (len=906, chunk_size=1000)
Skipping probe: too short (len=982, chunk_size=1000)
Skipping probe: too short (len=559, chunk_size=1000)
Skipping probe: too short (len=906, chunk_size=1000)
Skipping probe: too short (len=632, chunk_size=1000)
Skipping probe: too short (len=834, chunk_size=1000)
Skipping probe: too short (len=670, chunk_size=1000)
Skipping probe: too short (len=886, chunk_size=1000)
Trial 57 F1s - Weighted: 0.7283 | Macro: 0.2322 | Micro: 0.7217

[I 2026-02-28 05:28:48,117] Trial 57 finished with value: 0.7283331476845827 and parameters: {'chunk_seconds': 10, 'num_freqs': 6, 'num_estimators': 64, 'max_depth': 16, 'max_features': 0.39862471949886435, 'overlap': 0.6047341698905115, 'max_lag': 13}. Best is trial 41 with value: 0.7419347853982965.
Skipping probe: too short (len=559, chunk_size=800)
Skipping probe: too short (len=670, chunk_size=800)
Skipping probe: too short (len=632, chunk_size=800)
Skipping probe: too short (len=559, chunk_size=800)
Skipping probe: too short (len=670, chunk_size=800)
Skipping probe: too short (len=632, chunk_size=800)
[I 2026-02-28 05:41:40,211] Trial 58 pruned. 
Skipping probe: too short (len=982, chunk_size=1300)
Skipping probe: too short (len=1266, chunk_size=1300)
Skipping probe: too short (len=559, chunk_size=1300)
Skipping probe: too short (len=906, chunk_size=1300)
Skipping probe: too short (len=670, chunk_size=1300)
Skipping probe: too short (len=886, chunk_size=1300)
Skipping probe: too short (len=834, chunk_size=1300)
Skipping probe: too short (len=1023, chunk_size=1300)
Skipping probe: too short (len=632, chunk_size=1300)
Skipping probe: too short (len=1021, chunk_size=1300)
Skipping probe: too short (len=1023, chunk_size=1300)
Skipping probe: too short (len=559, chunk_size=1300)
Skipping probe: too short (len=906, chunk_size=1300)
Skipping probe: too short (len=670, chunk_size=1300)
Skipping probe: too short (len=886, chunk_size=1300)
Skipping probe: too short (len=834, chunk_size=1300)
Skipping probe: too short (len=982, chunk_size=1300)
Skipping probe: too short (len=1021, chunk_size=1300)
Skipping probe: too short (len=1266, chunk_size=1300)
Skipping probe: too short (len=632, chunk_size=1300)
[I 2026-02-28 06:03:24,400] Trial 59 pruned. 
Skipping probe: too short (len=1023, chunk_size=1600)
Skipping probe: too short (len=1349, chunk_size=1600)
Skipping probe: too short (len=834, chunk_size=1600)
Skipping probe: too short (len=1506, chunk_size=1600)
Skipping probe: too short (len=1450, chunk_size=1600)
Skipping probe: too short (len=1266, chunk_size=1600)
Skipping probe: too short (len=1454, chunk_size=1600)
Skipping probe: too short (len=982, chunk_size=1600)
Skipping probe: too short (len=559, chunk_size=1600)
Skipping probe: too short (len=1563, chunk_size=1600)
Skipping probe: too short (len=1335, chunk_size=1600)
Skipping probe: too short (len=906, chunk_size=1600)
Skipping probe: too short (len=670, chunk_size=1600)
Skipping probe: too short (len=886, chunk_size=1600)
Skipping probe: too short (len=632, chunk_size=1600)
Skipping probe: too short (len=1021, chunk_size=1600)
Skipping probe: too short (len=834, chunk_size=1600)
Skipping probe: too short (len=1506, chunk_size=1600)
Skipping probe: too short (len=1454, chunk_size=1600)
Skipping probe: too short (len=559, chunk_size=1600)
Skipping probe: too short (len=1563, chunk_size=1600)
Skipping probe: too short (len=1335, chunk_size=1600)
Skipping probe: too short (len=906, chunk_size=1600)
Skipping probe: too short (len=1023, chunk_size=1600)
Skipping probe: too short (len=1349, chunk_size=1600)
Skipping probe: too short (len=670, chunk_size=1600)
Skipping probe: too short (len=886, chunk_size=1600)
Skipping probe: too short (len=1450, chunk_size=1600)
Skipping probe: too short (len=982, chunk_size=1600)
Skipping probe: too short (len=1021, chunk_size=1600)
Skipping probe: too short (len=1266, chunk_size=1600)
Skipping probe: too short (len=632, chunk_size=1600)
[I 2026-02-28 06:09:06,479] Trial 60 pruned. 
Skipping probe: too short (len=1023, chunk_size=1400)
Skipping probe: too short (len=1349, chunk_size=1400)
Skipping probe: too short (len=982, chunk_size=1400)
Skipping probe: too short (len=834, chunk_size=1400)
Skipping probe: too short (len=559, chunk_size=1400)
Skipping probe: too short (len=1335, chunk_size=1400)
Skipping probe: too short (len=906, chunk_size=1400)
Skipping probe: too short (len=1266, chunk_size=1400)
Skipping probe: too short (len=632, chunk_size=1400)
Skipping probe: too short (len=670, chunk_size=1400)
Skipping probe: too short (len=886, chunk_size=1400)
Skipping probe: too short (len=1021, chunk_size=1400)
Skipping probe: too short (len=1023, chunk_size=1400)
Skipping probe: too short (len=834, chunk_size=1400)
Skipping probe: too short (len=1349, chunk_size=1400)
Skipping probe: too short (len=559, chunk_size=1400)
Skipping probe: too short (len=1335, chunk_size=1400)
Skipping probe: too short (len=906, chunk_size=1400)
Skipping probe: too short (len=982, chunk_size=1400)
Skipping probe: too short (len=670, chunk_size=1400)
Skipping probe: too short (len=886, chunk_size=1400)
Skipping probe: too short (len=1021, chunk_size=1400)
Skipping probe: too short (len=1266, chunk_size=1400)
Skipping probe: too short (len=632, chunk_size=1400)
Skipping probe: too short (len=1266, chunk_size=1400)
Skipping probe: too short (len=834, chunk_size=1400)
Skipping probe: too short (len=1023, chunk_size=1400)
Skipping probe: too short (len=559, chunk_size=1400)
Skipping probe: too short (len=1335, chunk_size=1400)
Skipping probe: too short (len=906, chunk_size=1400)
Skipping probe: too short (len=1021, chunk_size=1400)
Skipping probe: too short (len=670, chunk_size=1400)
Skipping probe: too short (len=886, chunk_size=1400)
Skipping probe: too short (len=632, chunk_size=1400)
Skipping probe: too short (len=1349, chunk_size=1400)
Skipping probe: too short (len=982, chunk_size=1400)
Skipping probe: too short (len=1023, chunk_size=1400)
Skipping probe: too short (len=982, chunk_size=1400)
Skipping probe: too short (len=1349, chunk_size=1400)
Skipping probe: too short (len=834, chunk_size=1400)
Skipping probe: too short (len=1266, chunk_size=1400)
Skipping probe: too short (len=632, chunk_size=1400)
Skipping probe: too short (len=670, chunk_size=1400)
Skipping probe: too short (len=886, chunk_size=1400)
Skipping probe: too short (len=1021, chunk_size=1400)
Skipping probe: too short (len=559, chunk_size=1400)
Skipping probe: too short (len=1335, chunk_size=1400)
Skipping probe: too short (len=906, chunk_size=1400)
Skipping probe: too short (len=1349, chunk_size=1400)
Skipping probe: too short (len=982, chunk_size=1400)
Skipping probe: too short (len=1266, chunk_size=1400)
Skipping probe: too short (len=559, chunk_size=1400)
Skipping probe: too short (len=1335, chunk_size=1400)
Skipping probe: too short (len=906, chunk_size=1400)
Skipping probe: too short (len=632, chunk_size=1400)
Skipping probe: too short (len=1021, chunk_size=1400)
Skipping probe: too short (len=1023, chunk_size=1400)
Skipping probe: too short (len=834, chunk_size=1400)
Skipping probe: too short (len=670, chunk_size=1400)
Skipping probe: too short (len=886, chunk_size=1400)
Trial 61 F1s - Weighted: 0.7382 | Macro: 0.2368 | Micro: 0.7386

[I 2026-02-28 06:26:59,804] Trial 61 finished with value: 0.7382115915029194 and parameters: {'chunk_seconds': 14, 'num_freqs': 5, 'num_estimators': 64, 'max_depth': 16, 'max_features': 0.4947659878588301, 'overlap': 0.5925855526797668, 'max_lag': 14}. Best is trial 41 with value: 0.7419347853982965.
Skipping probe: too short (len=834, chunk_size=1400)
Skipping probe: too short (len=1023, chunk_size=1400)
Skipping probe: too short (len=1349, chunk_size=1400)
Skipping probe: too short (len=559, chunk_size=1400)
Skipping probe: too short (len=1335, chunk_size=1400)
Skipping probe: too short (len=906, chunk_size=1400)
Skipping probe: too short (len=1266, chunk_size=1400)
Skipping probe: too short (len=982, chunk_size=1400)
Skipping probe: too short (len=670, chunk_size=1400)
Skipping probe: too short (len=886, chunk_size=1400)
Skipping probe: too short (len=632, chunk_size=1400)
Skipping probe: too short (len=1021, chunk_size=1400)
Skipping probe: too short (len=834, chunk_size=1400)
Skipping probe: too short (len=1349, chunk_size=1400)
Skipping probe: too short (len=1023, chunk_size=1400)
Skipping probe: too short (len=559, chunk_size=1400)
Skipping probe: too short (len=1335, chunk_size=1400)
Skipping probe: too short (len=906, chunk_size=1400)
Skipping probe: too short (len=982, chunk_size=1400)
Skipping probe: too short (len=670, chunk_size=1400)
Skipping probe: too short (len=886, chunk_size=1400)
Skipping probe: too short (len=1021, chunk_size=1400)
Skipping probe: too short (len=1266, chunk_size=1400)
Skipping probe: too short (len=632, chunk_size=1400)
Skipping probe: too short (len=559, chunk_size=1400)
Skipping probe: too short (len=1335, chunk_size=1400)
Skipping probe: too short (len=906, chunk_size=1400)
Skipping probe: too short (len=834, chunk_size=1400)
Skipping probe: too short (len=1023, chunk_size=1400)
Skipping probe: too short (len=1266, chunk_size=1400)
Skipping probe: too short (len=670, chunk_size=1400)
Skipping probe: too short (len=886, chunk_size=1400)
Skipping probe: too short (len=1021, chunk_size=1400)
Skipping probe: too short (len=632, chunk_size=1400)
Skipping probe: too short (len=1349, chunk_size=1400)
Skipping probe: too short (len=982, chunk_size=1400)
Skipping probe: too short (len=834, chunk_size=1400)
Skipping probe: too short (len=1023, chunk_size=1400)
Skipping probe: too short (len=1349, chunk_size=1400)
Skipping probe: too short (len=982, chunk_size=1400)
Skipping probe: too short (len=1266, chunk_size=1400)
Skipping probe: too short (len=632, chunk_size=1400)
Skipping probe: too short (len=1021, chunk_size=1400)
Skipping probe: too short (len=670, chunk_size=1400)
Skipping probe: too short (len=886, chunk_size=1400)
Skipping probe: too short (len=559, chunk_size=1400)
Skipping probe: too short (len=1335, chunk_size=1400)
Skipping probe: too short (len=906, chunk_size=1400)
Skipping probe: too short (len=1266, chunk_size=1400)
Skipping probe: too short (len=982, chunk_size=1400)
Skipping probe: too short (len=559, chunk_size=1400)
Skipping probe: too short (len=1335, chunk_size=1400)
Skipping probe: too short (len=906, chunk_size=1400)
Skipping probe: too short (len=1349, chunk_size=1400)
Skipping probe: too short (len=1021, chunk_size=1400)
Skipping probe: too short (len=632, chunk_size=1400)
Skipping probe: too short (len=1023, chunk_size=1400)
Skipping probe: too short (len=834, chunk_size=1400)
Skipping probe: too short (len=670, chunk_size=1400)
Skipping probe: too short (len=886, chunk_size=1400)
Trial 62 F1s - Weighted: 0.7389 | Macro: 0.2337 | Micro: 0.7372

[I 2026-02-28 06:45:17,693] Trial 62 finished with value: 0.7389445292108737 and parameters: {'chunk_seconds': 14, 'num_freqs': 8, 'num_estimators': 64, 'max_depth': 16, 'max_features': 0.5023206077624781, 'overlap': 0.5868073512325496, 'max_lag': 13}. Best is trial 41 with value: 0.7419347853982965.
Skipping probe: too short (len=559, chunk_size=1500)
Skipping probe: too short (len=1335, chunk_size=1500)
Skipping probe: too short (len=906, chunk_size=1500)
Skipping probe: too short (len=1454, chunk_size=1500)
Skipping probe: too short (len=1450, chunk_size=1500)
Skipping probe: too short (len=1023, chunk_size=1500)
Skipping probe: too short (len=834, chunk_size=1500)
Skipping probe: too short (len=1349, chunk_size=1500)
Skipping probe: too short (len=1266, chunk_size=1500)
Skipping probe: too short (len=982, chunk_size=1500)
Skipping probe: too short (len=670, chunk_size=1500)
Skipping probe: too short (len=886, chunk_size=1500)
Skipping probe: too short (len=632, chunk_size=1500)
Skipping probe: too short (len=1021, chunk_size=1500)
Skipping probe: too short (len=834, chunk_size=1500)
Skipping probe: too short (len=1349, chunk_size=1500)
Skipping probe: too short (len=559, chunk_size=1500)
Skipping probe: too short (len=1335, chunk_size=1500)
Skipping probe: too short (len=906, chunk_size=1500)
Skipping probe: too short (len=1454, chunk_size=1500)
Skipping probe: too short (len=1450, chunk_size=1500)
Skipping probe: too short (len=1023, chunk_size=1500)
Skipping probe: too short (len=982, chunk_size=1500)
Skipping probe: too short (len=670, chunk_size=1500)
Skipping probe: too short (len=886, chunk_size=1500)
Skipping probe: too short (len=1021, chunk_size=1500)
Skipping probe: too short (len=1266, chunk_size=1500)
Skipping probe: too short (len=632, chunk_size=1500)
Skipping probe: too short (len=559, chunk_size=1500)
Skipping probe: too short (len=1335, chunk_size=1500)
Skipping probe: too short (len=906, chunk_size=1500)
Skipping probe: too short (len=1023, chunk_size=1500)
Skipping probe: too short (len=1266, chunk_size=1500)
Skipping probe: too short (len=1450, chunk_size=1500)
Skipping probe: too short (len=834, chunk_size=1500)
Skipping probe: too short (len=670, chunk_size=1500)
Skipping probe: too short (len=886, chunk_size=1500)
Skipping probe: too short (len=632, chunk_size=1500)
Skipping probe: too short (len=1021, chunk_size=1500)
Skipping probe: too short (len=1454, chunk_size=1500)
Skipping probe: too short (len=1349, chunk_size=1500)
Skipping probe: too short (len=982, chunk_size=1500)
Skipping probe: too short (len=1349, chunk_size=1500)
Skipping probe: too short (len=982, chunk_size=1500)
Skipping probe: too short (len=834, chunk_size=1500)
Skipping probe: too short (len=1450, chunk_size=1500)
Skipping probe: too short (len=1266, chunk_size=1500)
Skipping probe: too short (len=1023, chunk_size=1500)
Skipping probe: too short (len=1454, chunk_size=1500)
Skipping probe: too short (len=1021, chunk_size=1500)
Skipping probe: too short (len=670, chunk_size=1500)
Skipping probe: too short (len=886, chunk_size=1500)
Skipping probe: too short (len=632, chunk_size=1500)
Skipping probe: too short (len=559, chunk_size=1500)
Skipping probe: too short (len=1335, chunk_size=1500)
Skipping probe: too short (len=906, chunk_size=1500)
Skipping probe: too short (len=982, chunk_size=1500)
Skipping probe: too short (len=1454, chunk_size=1500)
Skipping probe: too short (len=1349, chunk_size=1500)
Skipping probe: too short (len=559, chunk_size=1500)
Skipping probe: too short (len=1335, chunk_size=1500)
Skipping probe: too short (len=906, chunk_size=1500)
Skipping probe: too short (len=1266, chunk_size=1500)
Skipping probe: too short (len=1021, chunk_size=1500)
Skipping probe: too short (len=632, chunk_size=1500)
Skipping probe: too short (len=1023, chunk_size=1500)
Skipping probe: too short (len=1450, chunk_size=1500)
Skipping probe: too short (len=670, chunk_size=1500)
Skipping probe: too short (len=886, chunk_size=1500)
Skipping probe: too short (len=834, chunk_size=1500)
Trial 63 F1s - Weighted: 0.7347 | Macro: 0.2300 | Micro: 0.7343

[I 2026-02-28 07:03:22,274] Trial 63 finished with value: 0.7346585167607514 and parameters: {'chunk_seconds': 15, 'num_freqs': 8, 'num_estimators': 64, 'max_depth': 16, 'max_features': 0.4318483410049151, 'overlap': 0.6247158228762034, 'max_lag': 14}. Best is trial 41 with value: 0.7419347853982965.
Skipping probe: too short (len=1023, chunk_size=1700)
Skipping probe: too short (len=982, chunk_size=1700)
Skipping probe: too short (len=1454, chunk_size=1700)
Skipping probe: too short (len=559, chunk_size=1700)
Skipping probe: too short (len=1563, chunk_size=1700)
Skipping probe: too short (len=1335, chunk_size=1700)
Skipping probe: too short (len=906, chunk_size=1700)
Skipping probe: too short (len=834, chunk_size=1700)
Skipping probe: too short (len=1506, chunk_size=1700)
Skipping probe: too short (len=1450, chunk_size=1700)
Skipping probe: too short (len=1604, chunk_size=1700)
Skipping probe: too short (len=1266, chunk_size=1700)
Skipping probe: too short (len=1349, chunk_size=1700)
Skipping probe: too short (len=670, chunk_size=1700)
Skipping probe: too short (len=886, chunk_size=1700)
Skipping probe: too short (len=632, chunk_size=1700)
Skipping probe: too short (len=1619, chunk_size=1700)
Skipping probe: too short (len=1021, chunk_size=1700)
Skipping probe: too short (len=1450, chunk_size=1700)
Skipping probe: too short (len=982, chunk_size=1700)
Skipping probe: too short (len=1604, chunk_size=1700)
Skipping probe: too short (len=1349, chunk_size=1700)
Skipping probe: too short (len=834, chunk_size=1700)
Skipping probe: too short (len=1506, chunk_size=1700)
Skipping probe: too short (len=559, chunk_size=1700)
Skipping probe: too short (len=1563, chunk_size=1700)
Skipping probe: too short (len=1335, chunk_size=1700)
Skipping probe: too short (len=906, chunk_size=1700)
Skipping probe: too short (len=1454, chunk_size=1700)
Skipping probe: too short (len=1619, chunk_size=1700)
Skipping probe: too short (len=1023, chunk_size=1700)
Skipping probe: too short (len=670, chunk_size=1700)
Skipping probe: too short (len=886, chunk_size=1700)
Skipping probe: too short (len=1021, chunk_size=1700)
Skipping probe: too short (len=1266, chunk_size=1700)
Skipping probe: too short (len=632, chunk_size=1700)
[I 2026-02-28 07:09:29,135] Trial 64 pruned. 
Skipping probe: too short (len=834, chunk_size=1200)
Skipping probe: too short (len=1023, chunk_size=1200)
Skipping probe: too short (len=982, chunk_size=1200)
Skipping probe: too short (len=559, chunk_size=1200)
Skipping probe: too short (len=906, chunk_size=1200)
Skipping probe: too short (len=632, chunk_size=1200)
Skipping probe: too short (len=670, chunk_size=1200)
Skipping probe: too short (len=886, chunk_size=1200)
Skipping probe: too short (len=1021, chunk_size=1200)
Skipping probe: too short (len=1023, chunk_size=1200)
Skipping probe: too short (len=834, chunk_size=1200)
Skipping probe: too short (len=559, chunk_size=1200)
Skipping probe: too short (len=906, chunk_size=1200)
Skipping probe: too short (len=982, chunk_size=1200)
Skipping probe: too short (len=670, chunk_size=1200)
Skipping probe: too short (len=886, chunk_size=1200)
Skipping probe: too short (len=1021, chunk_size=1200)
Skipping probe: too short (len=632, chunk_size=1200)
Skipping probe: too short (len=559, chunk_size=1200)
Skipping probe: too short (len=906, chunk_size=1200)
Skipping probe: too short (len=1023, chunk_size=1200)
Skipping probe: too short (len=834, chunk_size=1200)
Skipping probe: too short (len=670, chunk_size=1200)
Skipping probe: too short (len=886, chunk_size=1200)
Skipping probe: too short (len=1021, chunk_size=1200)
Skipping probe: too short (len=632, chunk_size=1200)
Skipping probe: too short (len=982, chunk_size=1200)
Skipping probe: too short (len=1023, chunk_size=1200)
Skipping probe: too short (len=834, chunk_size=1200)
Skipping probe: too short (len=982, chunk_size=1200)
Skipping probe: too short (len=632, chunk_size=1200)
Skipping probe: too short (len=670, chunk_size=1200)
Skipping probe: too short (len=886, chunk_size=1200)
Skipping probe: too short (len=1021, chunk_size=1200)
Skipping probe: too short (len=559, chunk_size=1200)
Skipping probe: too short (len=906, chunk_size=1200)
Skipping probe: too short (len=559, chunk_size=1200)
Skipping probe: too short (len=906, chunk_size=1200)
Skipping probe: too short (len=982, chunk_size=1200)
Skipping probe: too short (len=1021, chunk_size=1200)
Skipping probe: too short (len=632, chunk_size=1200)
Skipping probe: too short (len=834, chunk_size=1200)
Skipping probe: too short (len=1023, chunk_size=1200)
Skipping probe: too short (len=670, chunk_size=1200)
Skipping probe: too short (len=886, chunk_size=1200)
Trial 65 F1s - Weighted: 0.7383 | Macro: 0.2380 | Micro: 0.7371

[I 2026-02-28 07:28:33,760] Trial 65 finished with value: 0.7383378877556372 and parameters: {'chunk_seconds': 12, 'num_freqs': 8, 'num_estimators': 64, 'max_depth': 16, 'max_features': 0.36771182071066477, 'overlap': 0.5803154325110457, 'max_lag': 16}. Best is trial 41 with value: 0.7419347853982965.
Skipping probe: too short (len=1023, chunk_size=1100)
Skipping probe: too short (len=834, chunk_size=1100)
Skipping probe: too short (len=559, chunk_size=1100)
Skipping probe: too short (len=906, chunk_size=1100)
Skipping probe: too short (len=982, chunk_size=1100)
Skipping probe: too short (len=670, chunk_size=1100)
Skipping probe: too short (len=886, chunk_size=1100)
Skipping probe: too short (len=632, chunk_size=1100)
Skipping probe: too short (len=1021, chunk_size=1100)
Skipping probe: too short (len=670, chunk_size=1100)
Skipping probe: too short (len=886, chunk_size=1100)
Skipping probe: too short (len=559, chunk_size=1100)
Skipping probe: too short (len=906, chunk_size=1100)
Skipping probe: too short (len=834, chunk_size=1100)
Skipping probe: too short (len=1023, chunk_size=1100)
Skipping probe: too short (len=982, chunk_size=1100)
Skipping probe: too short (len=1021, chunk_size=1100)
Skipping probe: too short (len=632, chunk_size=1100)
[I 2026-02-28 07:33:36,731] Trial 66 pruned. 
Skipping probe: too short (len=834, chunk_size=1200)
Skipping probe: too short (len=1023, chunk_size=1200)
Skipping probe: too short (len=982, chunk_size=1200)
Skipping probe: too short (len=559, chunk_size=1200)
Skipping probe: too short (len=906, chunk_size=1200)
Skipping probe: too short (len=670, chunk_size=1200)
Skipping probe: too short (len=886, chunk_size=1200)
Skipping probe: too short (len=632, chunk_size=1200)
Skipping probe: too short (len=1021, chunk_size=1200)
Skipping probe: too short (len=834, chunk_size=1200)
Skipping probe: too short (len=559, chunk_size=1200)
Skipping probe: too short (len=906, chunk_size=1200)
Skipping probe: too short (len=1023, chunk_size=1200)
Skipping probe: too short (len=982, chunk_size=1200)
Skipping probe: too short (len=670, chunk_size=1200)
Skipping probe: too short (len=886, chunk_size=1200)
Skipping probe: too short (len=1021, chunk_size=1200)
Skipping probe: too short (len=632, chunk_size=1200)
Skipping probe: too short (len=834, chunk_size=1200)
Skipping probe: too short (len=1023, chunk_size=1200)
Skipping probe: too short (len=559, chunk_size=1200)
Skipping probe: too short (len=906, chunk_size=1200)
Skipping probe: too short (len=670, chunk_size=1200)
Skipping probe: too short (len=886, chunk_size=1200)
Skipping probe: too short (len=632, chunk_size=1200)
Skipping probe: too short (len=1021, chunk_size=1200)
Skipping probe: too short (len=982, chunk_size=1200)
[I 2026-02-28 07:49:31,103] Trial 67 pruned. 
Skipping probe: too short (len=834, chunk_size=1300)
Skipping probe: too short (len=982, chunk_size=1300)
Skipping probe: too short (len=1023, chunk_size=1300)
Skipping probe: too short (len=559, chunk_size=1300)
Skipping probe: too short (len=906, chunk_size=1300)
Skipping probe: too short (len=1266, chunk_size=1300)
Skipping probe: too short (len=670, chunk_size=1300)
Skipping probe: too short (len=886, chunk_size=1300)
Skipping probe: too short (len=632, chunk_size=1300)
Skipping probe: too short (len=1021, chunk_size=1300)
Skipping probe: too short (len=1023, chunk_size=1300)
Skipping probe: too short (len=982, chunk_size=1300)
Skipping probe: too short (len=834, chunk_size=1300)
Skipping probe: too short (len=559, chunk_size=1300)
Skipping probe: too short (len=906, chunk_size=1300)
Skipping probe: too short (len=670, chunk_size=1300)
Skipping probe: too short (len=886, chunk_size=1300)
Skipping probe: too short (len=1021, chunk_size=1300)
Skipping probe: too short (len=1266, chunk_size=1300)
Skipping probe: too short (len=632, chunk_size=1300)
Skipping probe: too short (len=1023, chunk_size=1300)
Skipping probe: too short (len=1266, chunk_size=1300)
Skipping probe: too short (len=559, chunk_size=1300)
Skipping probe: too short (len=906, chunk_size=1300)
Skipping probe: too short (len=1021, chunk_size=1300)
Skipping probe: too short (len=834, chunk_size=1300)
Skipping probe: too short (len=632, chunk_size=1300)
Skipping probe: too short (len=670, chunk_size=1300)
Skipping probe: too short (len=886, chunk_size=1300)
Skipping probe: too short (len=982, chunk_size=1300)
[I 2026-02-28 07:56:11,694] Trial 68 pruned. 
Skipping probe: too short (len=834, chunk_size=1300)
Skipping probe: too short (len=1023, chunk_size=1300)
Skipping probe: too short (len=1266, chunk_size=1300)
Skipping probe: too short (len=559, chunk_size=1300)
Skipping probe: too short (len=906, chunk_size=1300)
Skipping probe: too short (len=982, chunk_size=1300)
Skipping probe: too short (len=632, chunk_size=1300)
Skipping probe: too short (len=670, chunk_size=1300)
Skipping probe: too short (len=886, chunk_size=1300)
Skipping probe: too short (len=1021, chunk_size=1300)
Skipping probe: too short (len=834, chunk_size=1300)
Skipping probe: too short (len=559, chunk_size=1300)
Skipping probe: too short (len=906, chunk_size=1300)
Skipping probe: too short (len=982, chunk_size=1300)
Skipping probe: too short (len=1023, chunk_size=1300)
Skipping probe: too short (len=670, chunk_size=1300)
Skipping probe: too short (len=886, chunk_size=1300)
Skipping probe: too short (len=1021, chunk_size=1300)
Skipping probe: too short (len=1266, chunk_size=1300)
Skipping probe: too short (len=632, chunk_size=1300)
Skipping probe: too short (len=1266, chunk_size=1300)
Skipping probe: too short (len=559, chunk_size=1300)
Skipping probe: too short (len=906, chunk_size=1300)
Skipping probe: too short (len=1023, chunk_size=1300)
Skipping probe: too short (len=834, chunk_size=1300)
Skipping probe: too short (len=670, chunk_size=1300)
Skipping probe: too short (len=886, chunk_size=1300)
Skipping probe: too short (len=632, chunk_size=1300)
Skipping probe: too short (len=1021, chunk_size=1300)
Skipping probe: too short (len=982, chunk_size=1300)
Skipping probe: too short (len=982, chunk_size=1300)
Skipping probe: too short (len=834, chunk_size=1300)
Skipping probe: too short (len=1023, chunk_size=1300)
Skipping probe: too short (len=1266, chunk_size=1300)
Skipping probe: too short (len=670, chunk_size=1300)
Skipping probe: too short (len=886, chunk_size=1300)
Skipping probe: too short (len=632, chunk_size=1300)
Skipping probe: too short (len=1021, chunk_size=1300)
Skipping probe: too short (len=559, chunk_size=1300)
Skipping probe: too short (len=906, chunk_size=1300)
Skipping probe: too short (len=1266, chunk_size=1300)
Skipping probe: too short (len=982, chunk_size=1300)
Skipping probe: too short (len=559, chunk_size=1300)
Skipping probe: too short (len=906, chunk_size=1300)
Skipping probe: too short (len=632, chunk_size=1300)
Skipping probe: too short (len=1021, chunk_size=1300)
Skipping probe: too short (len=1023, chunk_size=1300)
Skipping probe: too short (len=834, chunk_size=1300)
Skipping probe: too short (len=670, chunk_size=1300)
Skipping probe: too short (len=886, chunk_size=1300)
Trial 69 F1s - Weighted: 0.7462 | Macro: 0.2389 | Micro: 0.7439

[I 2026-02-28 08:58:24,460] Trial 69 finished with value: 0.7462345694132617 and parameters: {'chunk_seconds': 13, 'num_freqs': 10, 'num_estimators': 256, 'max_depth': 16, 'max_features': 0.3983346346421822, 'overlap': 0.7193993634510569, 'max_lag': 18}. Best is trial 69 with value: 0.7462345694132617.
Skipping probe: too short (len=1023, chunk_size=1100)
Skipping probe: too short (len=834, chunk_size=1100)
Skipping probe: too short (len=559, chunk_size=1100)
Skipping probe: too short (len=906, chunk_size=1100)
Skipping probe: too short (len=982, chunk_size=1100)
Skipping probe: too short (len=670, chunk_size=1100)
Skipping probe: too short (len=886, chunk_size=1100)
Skipping probe: too short (len=632, chunk_size=1100)
Skipping probe: too short (len=1021, chunk_size=1100)
Skipping probe: too short (len=982, chunk_size=1100)
Skipping probe: too short (len=1021, chunk_size=1100)
Skipping probe: too short (len=1023, chunk_size=1100)
Skipping probe: too short (len=834, chunk_size=1100)
Skipping probe: too short (len=559, chunk_size=1100)
Skipping probe: too short (len=906, chunk_size=1100)
Skipping probe: too short (len=670, chunk_size=1100)
Skipping probe: too short (len=886, chunk_size=1100)
Skipping probe: too short (len=632, chunk_size=1100)
[I 2026-02-28 09:19:08,892] Trial 70 pruned. 
Skipping probe: too short (len=834, chunk_size=1300)
Skipping probe: too short (len=982, chunk_size=1300)
Skipping probe: too short (len=1023, chunk_size=1300)
Skipping probe: too short (len=1266, chunk_size=1300)
Skipping probe: too short (len=559, chunk_size=1300)
Skipping probe: too short (len=906, chunk_size=1300)
Skipping probe: too short (len=670, chunk_size=1300)
Skipping probe: too short (len=886, chunk_size=1300)
Skipping probe: too short (len=632, chunk_size=1300)
Skipping probe: too short (len=1021, chunk_size=1300)
Skipping probe: too short (len=559, chunk_size=1300)
Skipping probe: too short (len=906, chunk_size=1300)
Skipping probe: too short (len=1023, chunk_size=1300)
Skipping probe: too short (len=834, chunk_size=1300)
Skipping probe: too short (len=670, chunk_size=1300)
Skipping probe: too short (len=886, chunk_size=1300)
Skipping probe: too short (len=982, chunk_size=1300)
Skipping probe: too short (len=1021, chunk_size=1300)
Skipping probe: too short (len=1266, chunk_size=1300)
Skipping probe: too short (len=632, chunk_size=1300)
Skipping probe: too short (len=559, chunk_size=1300)
Skipping probe: too short (len=906, chunk_size=1300)
Skipping probe: too short (len=1023, chunk_size=1300)
Skipping probe: too short (len=1266, chunk_size=1300)
Skipping probe: too short (len=834, chunk_size=1300)
Skipping probe: too short (len=1021, chunk_size=1300)
Skipping probe: too short (len=670, chunk_size=1300)
Skipping probe: too short (len=886, chunk_size=1300)
Skipping probe: too short (len=632, chunk_size=1300)
Skipping probe: too short (len=982, chunk_size=1300)
Skipping probe: too short (len=834, chunk_size=1300)
Skipping probe: too short (len=982, chunk_size=1300)
Skipping probe: too short (len=1266, chunk_size=1300)
Skipping probe: too short (len=1023, chunk_size=1300)
Skipping probe: too short (len=632, chunk_size=1300)
Skipping probe: too short (len=670, chunk_size=1300)
Skipping probe: too short (len=886, chunk_size=1300)
Skipping probe: too short (len=1021, chunk_size=1300)
Skipping probe: too short (len=559, chunk_size=1300)
Skipping probe: too short (len=906, chunk_size=1300)
Skipping probe: too short (len=1266, chunk_size=1300)
Skipping probe: too short (len=559, chunk_size=1300)
Skipping probe: too short (len=906, chunk_size=1300)
Skipping probe: too short (len=982, chunk_size=1300)
Skipping probe: too short (len=1021, chunk_size=1300)
Skipping probe: too short (len=632, chunk_size=1300)
Skipping probe: too short (len=834, chunk_size=1300)
Skipping probe: too short (len=1023, chunk_size=1300)
Skipping probe: too short (len=670, chunk_size=1300)
Skipping probe: too short (len=886, chunk_size=1300)
Trial 71 F1s - Weighted: 0.7513 | Macro: 0.2433 | Micro: 0.7534

[I 2026-02-28 10:05:22,254] Trial 71 finished with value: 0.7513164116427005 and parameters: {'chunk_seconds': 13, 'num_freqs': 10, 'num_estimators': 256, 'max_depth': 16, 'max_features': 0.34586961015293977, 'overlap': 0.6521889678903741, 'max_lag': 19}. Best is trial 71 with value: 0.7513164116427005.
Skipping probe: too short (len=1023, chunk_size=1300)
Skipping probe: too short (len=834, chunk_size=1300)
Skipping probe: too short (len=1266, chunk_size=1300)
Skipping probe: too short (len=559, chunk_size=1300)
Skipping probe: too short (len=906, chunk_size=1300)
Skipping probe: too short (len=982, chunk_size=1300)
Skipping probe: too short (len=632, chunk_size=1300)
Skipping probe: too short (len=670, chunk_size=1300)
Skipping probe: too short (len=886, chunk_size=1300)
Skipping probe: too short (len=1021, chunk_size=1300)
Skipping probe: too short (len=834, chunk_size=1300)
Skipping probe: too short (len=982, chunk_size=1300)
Skipping probe: too short (len=559, chunk_size=1300)
Skipping probe: too short (len=906, chunk_size=1300)
Skipping probe: too short (len=1023, chunk_size=1300)
Skipping probe: too short (len=670, chunk_size=1300)
Skipping probe: too short (len=886, chunk_size=1300)
Skipping probe: too short (len=1021, chunk_size=1300)
Skipping probe: too short (len=1266, chunk_size=1300)
Skipping probe: too short (len=632, chunk_size=1300)
Skipping probe: too short (len=834, chunk_size=1300)
Skipping probe: too short (len=1266, chunk_size=1300)
Skipping probe: too short (len=559, chunk_size=1300)
Skipping probe: too short (len=906, chunk_size=1300)
Skipping probe: too short (len=1023, chunk_size=1300)
Skipping probe: too short (len=1021, chunk_size=1300)
Skipping probe: too short (len=632, chunk_size=1300)
Skipping probe: too short (len=670, chunk_size=1300)
Skipping probe: too short (len=886, chunk_size=1300)
Skipping probe: too short (len=982, chunk_size=1300)
Skipping probe: too short (len=982, chunk_size=1300)
Skipping probe: too short (len=834, chunk_size=1300)
Skipping probe: too short (len=1023, chunk_size=1300)
Skipping probe: too short (len=1266, chunk_size=1300)
Skipping probe: too short (len=670, chunk_size=1300)
Skipping probe: too short (len=886, chunk_size=1300)
Skipping probe: too short (len=632, chunk_size=1300)
Skipping probe: too short (len=1021, chunk_size=1300)
Skipping probe: too short (len=559, chunk_size=1300)
Skipping probe: too short (len=906, chunk_size=1300)
Skipping probe: too short (len=559, chunk_size=1300)
Skipping probe: too short (len=906, chunk_size=1300)
Skipping probe: too short (len=1266, chunk_size=1300)
Skipping probe: too short (len=982, chunk_size=1300)
Skipping probe: too short (len=632, chunk_size=1300)
Skipping probe: too short (len=1021, chunk_size=1300)
Skipping probe: too short (len=1023, chunk_size=1300)
Skipping probe: too short (len=834, chunk_size=1300)
Skipping probe: too short (len=670, chunk_size=1300)
Skipping probe: too short (len=886, chunk_size=1300)
Trial 72 F1s - Weighted: 0.7473 | Macro: 0.2417 | Micro: 0.7465

[I 2026-02-28 10:54:19,125] Trial 72 finished with value: 0.7472708914557615 and parameters: {'chunk_seconds': 13, 'num_freqs': 10, 'num_estimators': 256, 'max_depth': 16, 'max_features': 0.3423291006330938, 'overlap': 0.6730585353998677, 'max_lag': 19}. Best is trial 71 with value: 0.7513164116427005.
Skipping probe: too short (len=834, chunk_size=1300)
Skipping probe: too short (len=1266, chunk_size=1300)
Skipping probe: too short (len=982, chunk_size=1300)
Skipping probe: too short (len=559, chunk_size=1300)
Skipping probe: too short (len=906, chunk_size=1300)
Skipping probe: too short (len=1023, chunk_size=1300)
Skipping probe: too short (len=670, chunk_size=1300)
Skipping probe: too short (len=886, chunk_size=1300)
Skipping probe: too short (len=632, chunk_size=1300)
Skipping probe: too short (len=1021, chunk_size=1300)
Skipping probe: too short (len=834, chunk_size=1300)
Skipping probe: too short (len=559, chunk_size=1300)
Skipping probe: too short (len=906, chunk_size=1300)
Skipping probe: too short (len=1023, chunk_size=1300)
Skipping probe: too short (len=982, chunk_size=1300)
Skipping probe: too short (len=670, chunk_size=1300)
Skipping probe: too short (len=886, chunk_size=1300)
Skipping probe: too short (len=1021, chunk_size=1300)
Skipping probe: too short (len=1266, chunk_size=1300)
Skipping probe: too short (len=632, chunk_size=1300)
Skipping probe: too short (len=1023, chunk_size=1300)
Skipping probe: too short (len=834, chunk_size=1300)
Skipping probe: too short (len=559, chunk_size=1300)
Skipping probe: too short (len=906, chunk_size=1300)
Skipping probe: too short (len=1266, chunk_size=1300)
Skipping probe: too short (len=670, chunk_size=1300)
Skipping probe: too short (len=886, chunk_size=1300)
Skipping probe: too short (len=632, chunk_size=1300)
Skipping probe: too short (len=1021, chunk_size=1300)
Skipping probe: too short (len=982, chunk_size=1300)
Skipping probe: too short (len=982, chunk_size=1300)
Skipping probe: too short (len=1266, chunk_size=1300)
Skipping probe: too short (len=1023, chunk_size=1300)
Skipping probe: too short (len=834, chunk_size=1300)
Skipping probe: too short (len=670, chunk_size=1300)
Skipping probe: too short (len=886, chunk_size=1300)
Skipping probe: too short (len=1021, chunk_size=1300)
Skipping probe: too short (len=632, chunk_size=1300)
Skipping probe: too short (len=559, chunk_size=1300)
Skipping probe: too short (len=906, chunk_size=1300)
Skipping probe: too short (len=982, chunk_size=1300)
Skipping probe: too short (len=559, chunk_size=1300)
Skipping probe: too short (len=906, chunk_size=1300)
Skipping probe: too short (len=1266, chunk_size=1300)
Skipping probe: too short (len=632, chunk_size=1300)
Skipping probe: too short (len=1021, chunk_size=1300)
Skipping probe: too short (len=1023, chunk_size=1300)
Skipping probe: too short (len=834, chunk_size=1300)
Skipping probe: too short (len=670, chunk_size=1300)
Skipping probe: too short (len=886, chunk_size=1300)
Trial 73 F1s - Weighted: 0.7462 | Macro: 0.2422 | Micro: 0.7460

[I 2026-02-28 11:43:34,348] Trial 73 finished with value: 0.7461934680647352 and parameters: {'chunk_seconds': 13, 'num_freqs': 10, 'num_estimators': 256, 'max_depth': 16, 'max_features': 0.3418701441696186, 'overlap': 0.6772336977438143, 'max_lag': 19}. Best is trial 71 with value: 0.7513164116427005.
Skipping probe: too short (len=559, chunk_size=1300)
Skipping probe: too short (len=906, chunk_size=1300)
Skipping probe: too short (len=834, chunk_size=1300)
Skipping probe: too short (len=982, chunk_size=1300)
Skipping probe: too short (len=670, chunk_size=1300)
Skipping probe: too short (len=886, chunk_size=1300)
Skipping probe: too short (len=1023, chunk_size=1300)
Skipping probe: too short (len=1266, chunk_size=1300)
Skipping probe: too short (len=632, chunk_size=1300)
Skipping probe: too short (len=1021, chunk_size=1300)
Skipping probe: too short (len=834, chunk_size=1300)
Skipping probe: too short (len=1023, chunk_size=1300)
Skipping probe: too short (len=982, chunk_size=1300)
Skipping probe: too short (len=559, chunk_size=1300)
Skipping probe: too short (len=906, chunk_size=1300)
Skipping probe: too short (len=670, chunk_size=1300)
Skipping probe: too short (len=886, chunk_size=1300)
Skipping probe: too short (len=1021, chunk_size=1300)
Skipping probe: too short (len=1266, chunk_size=1300)
Skipping probe: too short (len=632, chunk_size=1300)
Skipping probe: too short (len=1023, chunk_size=1300)
Skipping probe: too short (len=834, chunk_size=1300)
Skipping probe: too short (len=1266, chunk_size=1300)
Skipping probe: too short (len=559, chunk_size=1300)
Skipping probe: too short (len=906, chunk_size=1300)
Skipping probe: too short (len=670, chunk_size=1300)
Skipping probe: too short (len=886, chunk_size=1300)
Skipping probe: too short (len=632, chunk_size=1300)
Skipping probe: too short (len=1021, chunk_size=1300)
Skipping probe: too short (len=982, chunk_size=1300)
Skipping probe: too short (len=1021, chunk_size=1300)
Skipping probe: too short (len=1266, chunk_size=1300)
Skipping probe: too short (len=834, chunk_size=1300)
Skipping probe: too short (len=1023, chunk_size=1300)
Skipping probe: too short (len=982, chunk_size=1300)
Skipping probe: too short (len=670, chunk_size=1300)
Skipping probe: too short (len=886, chunk_size=1300)
Skipping probe: too short (len=632, chunk_size=1300)
Skipping probe: too short (len=559, chunk_size=1300)
Skipping probe: too short (len=906, chunk_size=1300)
Skipping probe: too short (len=559, chunk_size=1300)
Skipping probe: too short (len=906, chunk_size=1300)
Skipping probe: too short (len=982, chunk_size=1300)
Skipping probe: too short (len=1266, chunk_size=1300)
Skipping probe: too short (len=1021, chunk_size=1300)
Skipping probe: too short (len=632, chunk_size=1300)
Skipping probe: too short (len=1023, chunk_size=1300)
Skipping probe: too short (len=834, chunk_size=1300)
Skipping probe: too short (len=670, chunk_size=1300)
Skipping probe: too short (len=886, chunk_size=1300)
Trial 74 F1s - Weighted: 0.7455 | Macro: 0.2401 | Micro: 0.7441

[I 2026-02-28 12:32:45,229] Trial 74 finished with value: 0.7454944634611841 and parameters: {'chunk_seconds': 13, 'num_freqs': 11, 'num_estimators': 256, 'max_depth': 16, 'max_features': 0.3378506857622777, 'overlap': 0.6780964105630302, 'max_lag': 19}. Best is trial 71 with value: 0.7513164116427005.
Skipping probe: too short (len=1023, chunk_size=1300)
Skipping probe: too short (len=982, chunk_size=1300)
Skipping probe: too short (len=1266, chunk_size=1300)
Skipping probe: too short (len=834, chunk_size=1300)
Skipping probe: too short (len=559, chunk_size=1300)
Skipping probe: too short (len=906, chunk_size=1300)
Skipping probe: too short (len=632, chunk_size=1300)
Skipping probe: too short (len=670, chunk_size=1300)
Skipping probe: too short (len=886, chunk_size=1300)
Skipping probe: too short (len=1021, chunk_size=1300)
Skipping probe: too short (len=982, chunk_size=1300)
Skipping probe: too short (len=1023, chunk_size=1300)
Skipping probe: too short (len=670, chunk_size=1300)
Skipping probe: too short (len=886, chunk_size=1300)
Skipping probe: too short (len=834, chunk_size=1300)
Skipping probe: too short (len=559, chunk_size=1300)
Skipping probe: too short (len=906, chunk_size=1300)
Skipping probe: too short (len=1021, chunk_size=1300)
Skipping probe: too short (len=1266, chunk_size=1300)
Skipping probe: too short (len=632, chunk_size=1300)
Skipping probe: too short (len=1023, chunk_size=1300)
Skipping probe: too short (len=1266, chunk_size=1300)
Skipping probe: too short (len=559, chunk_size=1300)
Skipping probe: too short (len=906, chunk_size=1300)
Skipping probe: too short (len=834, chunk_size=1300)
Skipping probe: too short (len=1021, chunk_size=1300)
Skipping probe: too short (len=670, chunk_size=1300)
Skipping probe: too short (len=886, chunk_size=1300)
Skipping probe: too short (len=632, chunk_size=1300)
Skipping probe: too short (len=982, chunk_size=1300)
[I 2026-02-28 13:06:33,193] Trial 75 pruned. 
Skipping probe: too short (len=1266, chunk_size=1300)
Skipping probe: too short (len=1023, chunk_size=1300)
Skipping probe: too short (len=834, chunk_size=1300)
Skipping probe: too short (len=982, chunk_size=1300)
Skipping probe: too short (len=559, chunk_size=1300)
Skipping probe: too short (len=906, chunk_size=1300)
Skipping probe: too short (len=632, chunk_size=1300)
Skipping probe: too short (len=670, chunk_size=1300)
Skipping probe: too short (len=886, chunk_size=1300)
Skipping probe: too short (len=1021, chunk_size=1300)
Skipping probe: too short (len=1023, chunk_size=1300)
Skipping probe: too short (len=982, chunk_size=1300)
Skipping probe: too short (len=559, chunk_size=1300)
Skipping probe: too short (len=906, chunk_size=1300)
Skipping probe: too short (len=834, chunk_size=1300)
Skipping probe: too short (len=670, chunk_size=1300)
Skipping probe: too short (len=886, chunk_size=1300)
Skipping probe: too short (len=1021, chunk_size=1300)
Skipping probe: too short (len=1266, chunk_size=1300)
Skipping probe: too short (len=632, chunk_size=1300)
Skipping probe: too short (len=1266, chunk_size=1300)
Skipping probe: too short (len=559, chunk_size=1300)
Skipping probe: too short (len=906, chunk_size=1300)
Skipping probe: too short (len=1023, chunk_size=1300)
Skipping probe: too short (len=834, chunk_size=1300)
Skipping probe: too short (len=670, chunk_size=1300)
Skipping probe: too short (len=886, chunk_size=1300)
Skipping probe: too short (len=1021, chunk_size=1300)
Skipping probe: too short (len=632, chunk_size=1300)
Skipping probe: too short (len=982, chunk_size=1300)
[I 2026-02-28 13:44:20,076] Trial 76 pruned. 
Skipping probe: too short (len=1023, chunk_size=1500)
Skipping probe: too short (len=1349, chunk_size=1500)
Skipping probe: too short (len=834, chunk_size=1500)
Skipping probe: too short (len=1454, chunk_size=1500)
Skipping probe: too short (len=1450, chunk_size=1500)
Skipping probe: too short (len=982, chunk_size=1500)
Skipping probe: too short (len=1266, chunk_size=1500)
Skipping probe: too short (len=559, chunk_size=1500)
Skipping probe: too short (len=1335, chunk_size=1500)
Skipping probe: too short (len=906, chunk_size=1500)
Skipping probe: too short (len=632, chunk_size=1500)
Skipping probe: too short (len=670, chunk_size=1500)
Skipping probe: too short (len=886, chunk_size=1500)
Skipping probe: too short (len=1021, chunk_size=1500)
Skipping probe: too short (len=1454, chunk_size=1500)
Skipping probe: too short (len=1023, chunk_size=1500)
Skipping probe: too short (len=834, chunk_size=1500)
Skipping probe: too short (len=1349, chunk_size=1500)
Skipping probe: too short (len=1450, chunk_size=1500)
Skipping probe: too short (len=982, chunk_size=1500)
Skipping probe: too short (len=559, chunk_size=1500)
Skipping probe: too short (len=1335, chunk_size=1500)
Skipping probe: too short (len=906, chunk_size=1500)
Skipping probe: too short (len=670, chunk_size=1500)
Skipping probe: too short (len=886, chunk_size=1500)
Skipping probe: too short (len=1021, chunk_size=1500)
Skipping probe: too short (len=1266, chunk_size=1500)
Skipping probe: too short (len=632, chunk_size=1500)
Skipping probe: too short (len=1450, chunk_size=1500)
Skipping probe: too short (len=834, chunk_size=1500)
Skipping probe: too short (len=1023, chunk_size=1500)
Skipping probe: too short (len=559, chunk_size=1500)
Skipping probe: too short (len=1335, chunk_size=1500)
Skipping probe: too short (len=906, chunk_size=1500)
Skipping probe: too short (len=1266, chunk_size=1500)
Skipping probe: too short (len=670, chunk_size=1500)
Skipping probe: too short (len=886, chunk_size=1500)
Skipping probe: too short (len=632, chunk_size=1500)
Skipping probe: too short (len=1021, chunk_size=1500)
Skipping probe: too short (len=1454, chunk_size=1500)
Skipping probe: too short (len=1349, chunk_size=1500)
Skipping probe: too short (len=982, chunk_size=1500)
Skipping probe: too short (len=1454, chunk_size=1500)
Skipping probe: too short (len=1450, chunk_size=1500)
Skipping probe: too short (len=834, chunk_size=1500)
Skipping probe: too short (len=1349, chunk_size=1500)
Skipping probe: too short (len=982, chunk_size=1500)
Skipping probe: too short (len=1023, chunk_size=1500)
Skipping probe: too short (len=1266, chunk_size=1500)
Skipping probe: too short (len=632, chunk_size=1500)
Skipping probe: too short (len=1021, chunk_size=1500)
Skipping probe: too short (len=670, chunk_size=1500)
Skipping probe: too short (len=886, chunk_size=1500)
Skipping probe: too short (len=559, chunk_size=1500)
Skipping probe: too short (len=1335, chunk_size=1500)
Skipping probe: too short (len=906, chunk_size=1500)
Skipping probe: too short (len=1454, chunk_size=1500)
Skipping probe: too short (len=982, chunk_size=1500)
Skipping probe: too short (len=559, chunk_size=1500)
Skipping probe: too short (len=1335, chunk_size=1500)
Skipping probe: too short (len=906, chunk_size=1500)
Skipping probe: too short (len=1349, chunk_size=1500)
Skipping probe: too short (len=1266, chunk_size=1500)
Skipping probe: too short (len=1021, chunk_size=1500)
Skipping probe: too short (len=632, chunk_size=1500)
Skipping probe: too short (len=1023, chunk_size=1500)
Skipping probe: too short (len=1450, chunk_size=1500)
Skipping probe: too short (len=834, chunk_size=1500)
Skipping probe: too short (len=670, chunk_size=1500)
Skipping probe: too short (len=886, chunk_size=1500)
Trial 77 F1s - Weighted: 0.7481 | Macro: 0.2407 | Micro: 0.7479

[I 2026-02-28 14:29:44,727] Trial 77 finished with value: 0.7481426328249767 and parameters: {'chunk_seconds': 15, 'num_freqs': 11, 'num_estimators': 256, 'max_depth': 16, 'max_features': 0.3015446956707255, 'overlap': 0.7162557846827954, 'max_lag': 18}. Best is trial 71 with value: 0.7513164116427005.
Skipping probe: too short (len=834, chunk_size=1500)
Skipping probe: too short (len=982, chunk_size=1500)
Skipping probe: too short (len=1450, chunk_size=1500)
Skipping probe: too short (len=1349, chunk_size=1500)
Skipping probe: too short (len=1454, chunk_size=1500)
Skipping probe: too short (len=1023, chunk_size=1500)
Skipping probe: too short (len=670, chunk_size=1500)
Skipping probe: too short (len=886, chunk_size=1500)
Skipping probe: too short (len=559, chunk_size=1500)
Skipping probe: too short (len=1335, chunk_size=1500)
Skipping probe: too short (len=906, chunk_size=1500)
Skipping probe: too short (len=1266, chunk_size=1500)
Skipping probe: too short (len=632, chunk_size=1500)
Skipping probe: too short (len=1021, chunk_size=1500)
Skipping probe: too short (len=1454, chunk_size=1500)
Skipping probe: too short (len=559, chunk_size=1500)
Skipping probe: too short (len=1335, chunk_size=1500)
Skipping probe: too short (len=906, chunk_size=1500)
Skipping probe: too short (len=1450, chunk_size=1500)
Skipping probe: too short (len=1023, chunk_size=1500)
Skipping probe: too short (len=834, chunk_size=1500)
Skipping probe: too short (len=1349, chunk_size=1500)
Skipping probe: too short (len=982, chunk_size=1500)
Skipping probe: too short (len=670, chunk_size=1500)
Skipping probe: too short (len=886, chunk_size=1500)
Skipping probe: too short (len=1021, chunk_size=1500)
Skipping probe: too short (len=1266, chunk_size=1500)
Skipping probe: too short (len=632, chunk_size=1500)
Skipping probe: too short (len=834, chunk_size=1500)
Skipping probe: too short (len=1023, chunk_size=1500)
Skipping probe: too short (len=1450, chunk_size=1500)
Skipping probe: too short (len=559, chunk_size=1500)
Skipping probe: too short (len=1335, chunk_size=1500)
Skipping probe: too short (len=906, chunk_size=1500)
Skipping probe: too short (len=1266, chunk_size=1500)
Skipping probe: too short (len=632, chunk_size=1500)
Skipping probe: too short (len=670, chunk_size=1500)
Skipping probe: too short (len=886, chunk_size=1500)
Skipping probe: too short (len=1021, chunk_size=1500)
Skipping probe: too short (len=1454, chunk_size=1500)
Skipping probe: too short (len=1349, chunk_size=1500)
Skipping probe: too short (len=982, chunk_size=1500)
Skipping probe: too short (len=1023, chunk_size=1500)
Skipping probe: too short (len=1450, chunk_size=1500)
Skipping probe: too short (len=1454, chunk_size=1500)
Skipping probe: too short (len=834, chunk_size=1500)
Skipping probe: too short (len=1349, chunk_size=1500)
Skipping probe: too short (len=1266, chunk_size=1500)
Skipping probe: too short (len=670, chunk_size=1500)
Skipping probe: too short (len=886, chunk_size=1500)
Skipping probe: too short (len=982, chunk_size=1500)
Skipping probe: too short (len=632, chunk_size=1500)
Skipping probe: too short (len=1021, chunk_size=1500)
Skipping probe: too short (len=559, chunk_size=1500)
Skipping probe: too short (len=1335, chunk_size=1500)
Skipping probe: too short (len=906, chunk_size=1500)
Skipping probe: too short (len=982, chunk_size=1500)
Skipping probe: too short (len=1266, chunk_size=1500)
Skipping probe: too short (len=1349, chunk_size=1500)
Skipping probe: too short (len=1454, chunk_size=1500)
Skipping probe: too short (len=559, chunk_size=1500)
Skipping probe: too short (len=1335, chunk_size=1500)
Skipping probe: too short (len=906, chunk_size=1500)
Skipping probe: too short (len=632, chunk_size=1500)
Skipping probe: too short (len=1021, chunk_size=1500)
Skipping probe: too short (len=1023, chunk_size=1500)
Skipping probe: too short (len=1450, chunk_size=1500)
Skipping probe: too short (len=834, chunk_size=1500)
Skipping probe: too short (len=670, chunk_size=1500)
Skipping probe: too short (len=886, chunk_size=1500)
Trial 78 F1s - Weighted: 0.7447 | Macro: 0.2381 | Micro: 0.7445

[I 2026-02-28 15:18:49,935] Trial 78 finished with value: 0.7447391415421785 and parameters: {'chunk_seconds': 15, 'num_freqs': 11, 'num_estimators': 256, 'max_depth': 16, 'max_features': 0.3069198108460295, 'overlap': 0.7379121434977362, 'max_lag': 18}. Best is trial 71 with value: 0.7513164116427005.
Skipping probe: too short (len=982, chunk_size=1500)
Skipping probe: too short (len=834, chunk_size=1500)
Skipping probe: too short (len=1023, chunk_size=1500)
Skipping probe: too short (len=1349, chunk_size=1500)
Skipping probe: too short (len=1454, chunk_size=1500)
Skipping probe: too short (len=1450, chunk_size=1500)
Skipping probe: too short (len=559, chunk_size=1500)
Skipping probe: too short (len=1335, chunk_size=1500)
Skipping probe: too short (len=906, chunk_size=1500)
Skipping probe: too short (len=1266, chunk_size=1500)
Skipping probe: too short (len=670, chunk_size=1500)
Skipping probe: too short (len=886, chunk_size=1500)
Skipping probe: too short (len=632, chunk_size=1500)
Skipping probe: too short (len=1021, chunk_size=1500)
Skipping probe: too short (len=1454, chunk_size=1500)
Skipping probe: too short (len=982, chunk_size=1500)
Skipping probe: too short (len=834, chunk_size=1500)
Skipping probe: too short (len=1023, chunk_size=1500)
Skipping probe: too short (len=1450, chunk_size=1500)
Skipping probe: too short (len=1349, chunk_size=1500)
Skipping probe: too short (len=559, chunk_size=1500)
Skipping probe: too short (len=1335, chunk_size=1500)
Skipping probe: too short (len=906, chunk_size=1500)
Skipping probe: too short (len=670, chunk_size=1500)
Skipping probe: too short (len=886, chunk_size=1500)
Skipping probe: too short (len=1021, chunk_size=1500)
Skipping probe: too short (len=1266, chunk_size=1500)
Skipping probe: too short (len=632, chunk_size=1500)
Skipping probe: too short (len=559, chunk_size=1500)
Skipping probe: too short (len=1335, chunk_size=1500)
Skipping probe: too short (len=906, chunk_size=1500)
Skipping probe: too short (len=834, chunk_size=1500)
Skipping probe: too short (len=1023, chunk_size=1500)
Skipping probe: too short (len=1450, chunk_size=1500)
Skipping probe: too short (len=1266, chunk_size=1500)
Skipping probe: too short (len=632, chunk_size=1500)
Skipping probe: too short (len=670, chunk_size=1500)
Skipping probe: too short (len=886, chunk_size=1500)
Skipping probe: too short (len=1021, chunk_size=1500)
Skipping probe: too short (len=1454, chunk_size=1500)
Skipping probe: too short (len=1349, chunk_size=1500)
Skipping probe: too short (len=982, chunk_size=1500)
Skipping probe: too short (len=1450, chunk_size=1500)
Skipping probe: too short (len=1023, chunk_size=1500)
Skipping probe: too short (len=834, chunk_size=1500)
Skipping probe: too short (len=1349, chunk_size=1500)
Skipping probe: too short (len=1266, chunk_size=1500)
Skipping probe: too short (len=1454, chunk_size=1500)
Skipping probe: too short (len=982, chunk_size=1500)
Skipping probe: too short (len=670, chunk_size=1500)
Skipping probe: too short (len=886, chunk_size=1500)
Skipping probe: too short (len=632, chunk_size=1500)
Skipping probe: too short (len=1021, chunk_size=1500)
Skipping probe: too short (len=559, chunk_size=1500)
Skipping probe: too short (len=1335, chunk_size=1500)
Skipping probe: too short (len=906, chunk_size=1500)
Skipping probe: too short (len=559, chunk_size=1500)
Skipping probe: too short (len=1335, chunk_size=1500)
Skipping probe: too short (len=906, chunk_size=1500)
Skipping probe: too short (len=1266, chunk_size=1500)
Skipping probe: too short (len=1454, chunk_size=1500)
Skipping probe: too short (len=1349, chunk_size=1500)
Skipping probe: too short (len=982, chunk_size=1500)
Skipping probe: too short (len=1021, chunk_size=1500)
Skipping probe: too short (len=632, chunk_size=1500)
Skipping probe: too short (len=1450, chunk_size=1500)
Skipping probe: too short (len=1023, chunk_size=1500)
Skipping probe: too short (len=834, chunk_size=1500)
Skipping probe: too short (len=670, chunk_size=1500)
Skipping probe: too short (len=886, chunk_size=1500)
Trial 79 F1s - Weighted: 0.7444 | Macro: 0.2402 | Micro: 0.7447

[I 2026-02-28 16:07:54,835] Trial 79 finished with value: 0.7444472934615103 and parameters: {'chunk_seconds': 15, 'num_freqs': 11, 'num_estimators': 256, 'max_depth': 16, 'max_features': 0.31837622102170215, 'overlap': 0.731959555255871, 'max_lag': 18}. Best is trial 71 with value: 0.7513164116427005.
Skipping probe: too short (len=1349, chunk_size=1500)
Skipping probe: too short (len=1266, chunk_size=1500)
Skipping probe: too short (len=1450, chunk_size=1500)
Skipping probe: too short (len=1454, chunk_size=1500)
Skipping probe: too short (len=834, chunk_size=1500)
Skipping probe: too short (len=559, chunk_size=1500)
Skipping probe: too short (len=1335, chunk_size=1500)
Skipping probe: too short (len=906, chunk_size=1500)
Skipping probe: too short (len=1023, chunk_size=1500)
Skipping probe: too short (len=982, chunk_size=1500)
Skipping probe: too short (len=670, chunk_size=1500)
Skipping probe: too short (len=886, chunk_size=1500)
Skipping probe: too short (len=632, chunk_size=1500)
Skipping probe: too short (len=1021, chunk_size=1500)
Skipping probe: too short (len=559, chunk_size=1500)
Skipping probe: too short (len=1335, chunk_size=1500)
Skipping probe: too short (len=906, chunk_size=1500)
Skipping probe: too short (len=1349, chunk_size=1500)
Skipping probe: too short (len=1450, chunk_size=1500)
Skipping probe: too short (len=834, chunk_size=1500)
Skipping probe: too short (len=1454, chunk_size=1500)
Skipping probe: too short (len=1023, chunk_size=1500)
Skipping probe: too short (len=670, chunk_size=1500)
Skipping probe: too short (len=886, chunk_size=1500)
Skipping probe: too short (len=982, chunk_size=1500)
Skipping probe: too short (len=1021, chunk_size=1500)
Skipping probe: too short (len=1266, chunk_size=1500)
Skipping probe: too short (len=632, chunk_size=1500)
Skipping probe: too short (len=1450, chunk_size=1500)
Skipping probe: too short (len=1023, chunk_size=1500)
Skipping probe: too short (len=1266, chunk_size=1500)
Skipping probe: too short (len=559, chunk_size=1500)
Skipping probe: too short (len=1335, chunk_size=1500)
Skipping probe: too short (len=906, chunk_size=1500)
Skipping probe: too short (len=834, chunk_size=1500)
Skipping probe: too short (len=1021, chunk_size=1500)
Skipping probe: too short (len=632, chunk_size=1500)
Skipping probe: too short (len=670, chunk_size=1500)
Skipping probe: too short (len=886, chunk_size=1500)
Skipping probe: too short (len=1454, chunk_size=1500)
Skipping probe: too short (len=1349, chunk_size=1500)
Skipping probe: too short (len=982, chunk_size=1500)
Skipping probe: too short (len=1454, chunk_size=1500)
Skipping probe: too short (len=1349, chunk_size=1500)
Skipping probe: too short (len=1023, chunk_size=1500)
Skipping probe: too short (len=982, chunk_size=1500)
Skipping probe: too short (len=834, chunk_size=1500)
Skipping probe: too short (len=1450, chunk_size=1500)
Skipping probe: too short (len=1266, chunk_size=1500)
Skipping probe: too short (len=1021, chunk_size=1500)
Skipping probe: too short (len=670, chunk_size=1500)
Skipping probe: too short (len=886, chunk_size=1500)
Skipping probe: too short (len=632, chunk_size=1500)
Skipping probe: too short (len=559, chunk_size=1500)
Skipping probe: too short (len=1335, chunk_size=1500)
Skipping probe: too short (len=906, chunk_size=1500)
Skipping probe: too short (len=1349, chunk_size=1500)
Skipping probe: too short (len=982, chunk_size=1500)
Skipping probe: too short (len=1454, chunk_size=1500)
Skipping probe: too short (len=559, chunk_size=1500)
Skipping probe: too short (len=1335, chunk_size=1500)
Skipping probe: too short (len=906, chunk_size=1500)
Skipping probe: too short (len=1266, chunk_size=1500)
Skipping probe: too short (len=1021, chunk_size=1500)
Skipping probe: too short (len=632, chunk_size=1500)
Skipping probe: too short (len=1450, chunk_size=1500)
Skipping probe: too short (len=1023, chunk_size=1500)
Skipping probe: too short (len=834, chunk_size=1500)
Skipping probe: too short (len=670, chunk_size=1500)
Skipping probe: too short (len=886, chunk_size=1500)
Trial 80 F1s - Weighted: 0.7456 | Macro: 0.2385 | Micro: 0.7455

[I 2026-02-28 16:56:45,870] Trial 80 finished with value: 0.7456267704369464 and parameters: {'chunk_seconds': 15, 'num_freqs': 12, 'num_estimators': 256, 'max_depth': 16, 'max_features': 0.3031392258190148, 'overlap': 0.7312700835004418, 'max_lag': 18}. Best is trial 71 with value: 0.7513164116427005.
Skipping probe: too short (len=559, chunk_size=1700)
Skipping probe: too short (len=1563, chunk_size=1700)
Skipping probe: too short (len=1335, chunk_size=1700)
Skipping probe: too short (len=906, chunk_size=1700)
Skipping probe: too short (len=982, chunk_size=1700)
Skipping probe: too short (len=1454, chunk_size=1700)
Skipping probe: too short (len=1604, chunk_size=1700)
Skipping probe: too short (len=1450, chunk_size=1700)
Skipping probe: too short (len=1349, chunk_size=1700)
Skipping probe: too short (len=1023, chunk_size=1700)
Skipping probe: too short (len=834, chunk_size=1700)
Skipping probe: too short (len=1506, chunk_size=1700)
Skipping probe: too short (len=1266, chunk_size=1700)
Skipping probe: too short (len=632, chunk_size=1700)
Skipping probe: too short (len=670, chunk_size=1700)
Skipping probe: too short (len=886, chunk_size=1700)
Skipping probe: too short (len=1619, chunk_size=1700)
Skipping probe: too short (len=1021, chunk_size=1700)
Skipping probe: too short (len=1023, chunk_size=1700)
Skipping probe: too short (len=1349, chunk_size=1700)
Skipping probe: too short (len=1450, chunk_size=1700)
Skipping probe: too short (len=559, chunk_size=1700)
Skipping probe: too short (len=1563, chunk_size=1700)
Skipping probe: too short (len=1335, chunk_size=1700)
Skipping probe: too short (len=906, chunk_size=1700)
Skipping probe: too short (len=834, chunk_size=1700)
Skipping probe: too short (len=1506, chunk_size=1700)
Skipping probe: too short (len=1454, chunk_size=1700)
Skipping probe: too short (len=1604, chunk_size=1700)
Skipping probe: too short (len=670, chunk_size=1700)
Skipping probe: too short (len=886, chunk_size=1700)
Skipping probe: too short (len=1619, chunk_size=1700)
Skipping probe: too short (len=982, chunk_size=1700)
Skipping probe: too short (len=1021, chunk_size=1700)
Skipping probe: too short (len=1266, chunk_size=1700)
Skipping probe: too short (len=632, chunk_size=1700)
Skipping probe: too short (len=1450, chunk_size=1700)
Skipping probe: too short (len=1023, chunk_size=1700)
Skipping probe: too short (len=834, chunk_size=1700)
Skipping probe: too short (len=1506, chunk_size=1700)
Skipping probe: too short (len=1619, chunk_size=1700)
Skipping probe: too short (len=1266, chunk_size=1700)
Skipping probe: too short (len=559, chunk_size=1700)
Skipping probe: too short (len=1563, chunk_size=1700)
Skipping probe: too short (len=1335, chunk_size=1700)
Skipping probe: too short (len=906, chunk_size=1700)
Skipping probe: too short (len=670, chunk_size=1700)
Skipping probe: too short (len=886, chunk_size=1700)
Skipping probe: too short (len=1021, chunk_size=1700)
Skipping probe: too short (len=632, chunk_size=1700)
Skipping probe: too short (len=1454, chunk_size=1700)
Skipping probe: too short (len=1604, chunk_size=1700)
Skipping probe: too short (len=1349, chunk_size=1700)
Skipping probe: too short (len=982, chunk_size=1700)
Skipping probe: too short (len=1604, chunk_size=1700)
Skipping probe: too short (len=1450, chunk_size=1700)
Skipping probe: too short (len=834, chunk_size=1700)
Skipping probe: too short (len=1506, chunk_size=1700)
Skipping probe: too short (len=1619, chunk_size=1700)
Skipping probe: too short (len=1454, chunk_size=1700)
Skipping probe: too short (len=1266, chunk_size=1700)
Skipping probe: too short (len=1349, chunk_size=1700)
Skipping probe: too short (len=1023, chunk_size=1700)
Skipping probe: too short (len=982, chunk_size=1700)
Skipping probe: too short (len=632, chunk_size=1700)
Skipping probe: too short (len=670, chunk_size=1700)
Skipping probe: too short (len=886, chunk_size=1700)
Skipping probe: too short (len=1021, chunk_size=1700)
Skipping probe: too short (len=559, chunk_size=1700)
Skipping probe: too short (len=1563, chunk_size=1700)
Skipping probe: too short (len=1335, chunk_size=1700)
Skipping probe: too short (len=906, chunk_size=1700)
Skipping probe: too short (len=1604, chunk_size=1700)
Skipping probe: too short (len=1349, chunk_size=1700)
Skipping probe: too short (len=1454, chunk_size=1700)
Skipping probe: too short (len=1619, chunk_size=1700)
Skipping probe: too short (len=559, chunk_size=1700)
Skipping probe: too short (len=1563, chunk_size=1700)
Skipping probe: too short (len=1335, chunk_size=1700)
Skipping probe: too short (len=906, chunk_size=1700)
Skipping probe: too short (len=1266, chunk_size=1700)
Skipping probe: too short (len=982, chunk_size=1700)
Skipping probe: too short (len=1021, chunk_size=1700)
Skipping probe: too short (len=632, chunk_size=1700)
Skipping probe: too short (len=834, chunk_size=1700)
Skipping probe: too short (len=1506, chunk_size=1700)
Skipping probe: too short (len=1450, chunk_size=1700)
Skipping probe: too short (len=1023, chunk_size=1700)
Skipping probe: too short (len=670, chunk_size=1700)
Skipping probe: too short (len=886, chunk_size=1700)
Trial 81 F1s - Weighted: 0.7490 | Macro: 0.2355 | Micro: 0.7507

[I 2026-02-28 17:41:23,445] Trial 81 finished with value: 0.7490108450144982 and parameters: {'chunk_seconds': 17, 'num_freqs': 12, 'num_estimators': 256, 'max_depth': 16, 'max_features': 0.30300369934966614, 'overlap': 0.7364074276103253, 'max_lag': 18}. Best is trial 71 with value: 0.7513164116427005.
Skipping probe: too short (len=1450, chunk_size=1800)
Skipping probe: too short (len=1266, chunk_size=1800)
Skipping probe: too short (len=1454, chunk_size=1800)
Skipping probe: too short (len=1023, chunk_size=1800)
Skipping probe: too short (len=982, chunk_size=1800)
Skipping probe: too short (len=1349, chunk_size=1800)
Skipping probe: too short (len=1604, chunk_size=1800)
Skipping probe: too short (len=834, chunk_size=1800)
Skipping probe: too short (len=1506, chunk_size=1800)
Skipping probe: too short (len=559, chunk_size=1800)
Skipping probe: too short (len=1563, chunk_size=1800)
Skipping probe: too short (len=1335, chunk_size=1800)
Skipping probe: too short (len=906, chunk_size=1800)
Skipping probe: too short (len=1763, chunk_size=1800)
Skipping probe: too short (len=670, chunk_size=1800)
Skipping probe: too short (len=886, chunk_size=1800)
Skipping probe: too short (len=632, chunk_size=1800)
Skipping probe: too short (len=1619, chunk_size=1800)
Skipping probe: too short (len=1021, chunk_size=1800)
Skipping probe: too short (len=1604, chunk_size=1800)
Skipping probe: too short (len=834, chunk_size=1800)
Skipping probe: too short (len=1506, chunk_size=1800)
Skipping probe: too short (len=559, chunk_size=1800)
Skipping probe: too short (len=1563, chunk_size=1800)
Skipping probe: too short (len=1335, chunk_size=1800)
Skipping probe: too short (len=906, chunk_size=1800)
Skipping probe: too short (len=1450, chunk_size=1800)
Skipping probe: too short (len=1454, chunk_size=1800)
Skipping probe: too short (len=1349, chunk_size=1800)
Skipping probe: too short (len=1023, chunk_size=1800)
Skipping probe: too short (len=1619, chunk_size=1800)
Skipping probe: too short (len=982, chunk_size=1800)
Skipping probe: too short (len=1763, chunk_size=1800)
Skipping probe: too short (len=670, chunk_size=1800)
Skipping probe: too short (len=886, chunk_size=1800)
Skipping probe: too short (len=1021, chunk_size=1800)
Skipping probe: too short (len=1266, chunk_size=1800)
Skipping probe: too short (len=632, chunk_size=1800)
Skipping probe: too short (len=559, chunk_size=1800)
Skipping probe: too short (len=1563, chunk_size=1800)
Skipping probe: too short (len=1335, chunk_size=1800)
Skipping probe: too short (len=906, chunk_size=1800)
Skipping probe: too short (len=1450, chunk_size=1800)
Skipping probe: too short (len=834, chunk_size=1800)
Skipping probe: too short (len=1506, chunk_size=1800)
Skipping probe: too short (len=1619, chunk_size=1800)
Skipping probe: too short (len=1266, chunk_size=1800)
Skipping probe: too short (len=1023, chunk_size=1800)
Skipping probe: too short (len=1021, chunk_size=1800)
Skipping probe: too short (len=670, chunk_size=1800)
Skipping probe: too short (len=886, chunk_size=1800)
Skipping probe: too short (len=632, chunk_size=1800)
Skipping probe: too short (len=1454, chunk_size=1800)
Skipping probe: too short (len=1763, chunk_size=1800)
Skipping probe: too short (len=982, chunk_size=1800)
Skipping probe: too short (len=1349, chunk_size=1800)
Skipping probe: too short (len=1604, chunk_size=1800)
Skipping probe: too short (len=1349, chunk_size=1800)
Skipping probe: too short (len=1619, chunk_size=1800)
Skipping probe: too short (len=1454, chunk_size=1800)
Skipping probe: too short (len=1450, chunk_size=1800)
Skipping probe: too short (len=1023, chunk_size=1800)
Skipping probe: too short (len=834, chunk_size=1800)
Skipping probe: too short (len=1506, chunk_size=1800)
Skipping probe: too short (len=982, chunk_size=1800)
Skipping probe: too short (len=1763, chunk_size=1800)
Skipping probe: too short (len=1266, chunk_size=1800)
Skipping probe: too short (len=1604, chunk_size=1800)
Skipping probe: too short (len=670, chunk_size=1800)
Skipping probe: too short (len=886, chunk_size=1800)
Skipping probe: too short (len=632, chunk_size=1800)
Skipping probe: too short (len=1021, chunk_size=1800)
Skipping probe: too short (len=559, chunk_size=1800)
Skipping probe: too short (len=1563, chunk_size=1800)
Skipping probe: too short (len=1335, chunk_size=1800)
Skipping probe: too short (len=906, chunk_size=1800)
Skipping probe: too short (len=982, chunk_size=1800)
Skipping probe: too short (len=1454, chunk_size=1800)
Skipping probe: too short (len=1349, chunk_size=1800)
Skipping probe: too short (len=559, chunk_size=1800)
Skipping probe: too short (len=1563, chunk_size=1800)
Skipping probe: too short (len=1335, chunk_size=1800)
Skipping probe: too short (len=906, chunk_size=1800)
Skipping probe: too short (len=1604, chunk_size=1800)
Skipping probe: too short (len=1619, chunk_size=1800)
Skipping probe: too short (len=1266, chunk_size=1800)
Skipping probe: too short (len=1763, chunk_size=1800)
Skipping probe: too short (len=632, chunk_size=1800)
Skipping probe: too short (len=1021, chunk_size=1800)
Skipping probe: too short (len=1450, chunk_size=1800)
Skipping probe: too short (len=1023, chunk_size=1800)
Skipping probe: too short (len=834, chunk_size=1800)
Skipping probe: too short (len=1506, chunk_size=1800)
Skipping probe: too short (len=670, chunk_size=1800)
Skipping probe: too short (len=886, chunk_size=1800)
Trial 82 F1s - Weighted: 0.7474 | Macro: 0.2352 | Micro: 0.7492

[I 2026-02-28 18:30:13,164] Trial 82 finished with value: 0.7474138713817701 and parameters: {'chunk_seconds': 18, 'num_freqs': 12, 'num_estimators': 256, 'max_depth': 16, 'max_features': 0.31214519345730074, 'overlap': 0.7701726844664006, 'max_lag': 18}. Best is trial 71 with value: 0.7513164116427005.
Skipping probe: too short (len=559, chunk_size=1800)
Skipping probe: too short (len=1563, chunk_size=1800)
Skipping probe: too short (len=1335, chunk_size=1800)
Skipping probe: too short (len=906, chunk_size=1800)
Skipping probe: too short (len=834, chunk_size=1800)
Skipping probe: too short (len=1506, chunk_size=1800)
Skipping probe: too short (len=1266, chunk_size=1800)
Skipping probe: too short (len=1604, chunk_size=1800)
Skipping probe: too short (len=1450, chunk_size=1800)
Skipping probe: too short (len=1349, chunk_size=1800)
Skipping probe: too short (len=1454, chunk_size=1800)
Skipping probe: too short (len=982, chunk_size=1800)
Skipping probe: too short (len=1023, chunk_size=1800)
Skipping probe: too short (len=1763, chunk_size=1800)
Skipping probe: too short (len=670, chunk_size=1800)
Skipping probe: too short (len=886, chunk_size=1800)
Skipping probe: too short (len=632, chunk_size=1800)
Skipping probe: too short (len=1619, chunk_size=1800)
Skipping probe: too short (len=1021, chunk_size=1800)
Skipping probe: too short (len=1450, chunk_size=1800)
Skipping probe: too short (len=1349, chunk_size=1800)
Skipping probe: too short (len=834, chunk_size=1800)
Skipping probe: too short (len=1506, chunk_size=1800)
Skipping probe: too short (len=559, chunk_size=1800)
Skipping probe: too short (len=1563, chunk_size=1800)
Skipping probe: too short (len=1335, chunk_size=1800)
Skipping probe: too short (len=906, chunk_size=1800)
Skipping probe: too short (len=1023, chunk_size=1800)
Skipping probe: too short (len=1763, chunk_size=1800)
Skipping probe: too short (len=1454, chunk_size=1800)
Skipping probe: too short (len=1604, chunk_size=1800)
Skipping probe: too short (len=982, chunk_size=1800)
Skipping probe: too short (len=1021, chunk_size=1800)
Skipping probe: too short (len=670, chunk_size=1800)
Skipping probe: too short (len=886, chunk_size=1800)
Skipping probe: too short (len=1619, chunk_size=1800)
Skipping probe: too short (len=1266, chunk_size=1800)
Skipping probe: too short (len=632, chunk_size=1800)
Skipping probe: too short (len=1619, chunk_size=1800)
Skipping probe: too short (len=1023, chunk_size=1800)
Skipping probe: too short (len=1450, chunk_size=1800)
Skipping probe: too short (len=834, chunk_size=1800)
Skipping probe: too short (len=1506, chunk_size=1800)
Skipping probe: too short (len=559, chunk_size=1800)
Skipping probe: too short (len=1563, chunk_size=1800)
Skipping probe: too short (len=1335, chunk_size=1800)
Skipping probe: too short (len=906, chunk_size=1800)
Skipping probe: too short (len=670, chunk_size=1800)
Skipping probe: too short (len=886, chunk_size=1800)
Skipping probe: too short (len=1266, chunk_size=1800)
Skipping probe: too short (len=632, chunk_size=1800)
Skipping probe: too short (len=1021, chunk_size=1800)
Skipping probe: too short (len=1349, chunk_size=1800)
Skipping probe: too short (len=1454, chunk_size=1800)
Skipping probe: too short (len=1763, chunk_size=1800)
Skipping probe: too short (len=982, chunk_size=1800)
Skipping probe: too short (len=1604, chunk_size=1800)
Skipping probe: too short (len=1349, chunk_size=1800)
Skipping probe: too short (len=1266, chunk_size=1800)
Skipping probe: too short (len=1450, chunk_size=1800)
Skipping probe: too short (len=1023, chunk_size=1800)
Skipping probe: too short (len=1604, chunk_size=1800)
Skipping probe: too short (len=834, chunk_size=1800)
Skipping probe: too short (len=1506, chunk_size=1800)
Skipping probe: too short (len=1454, chunk_size=1800)
Skipping probe: too short (len=982, chunk_size=1800)
Skipping probe: too short (len=1619, chunk_size=1800)
Skipping probe: too short (len=1763, chunk_size=1800)
Skipping probe: too short (len=670, chunk_size=1800)
Skipping probe: too short (len=886, chunk_size=1800)
Skipping probe: too short (len=1021, chunk_size=1800)
Skipping probe: too short (len=632, chunk_size=1800)
Skipping probe: too short (len=559, chunk_size=1800)
Skipping probe: too short (len=1563, chunk_size=1800)
Skipping probe: too short (len=1335, chunk_size=1800)
Skipping probe: too short (len=906, chunk_size=1800)
Skipping probe: too short (len=982, chunk_size=1800)
Skipping probe: too short (len=1604, chunk_size=1800)
Skipping probe: too short (len=1454, chunk_size=1800)
Skipping probe: too short (len=1266, chunk_size=1800)
Skipping probe: too short (len=1619, chunk_size=1800)
Skipping probe: too short (len=1349, chunk_size=1800)
Skipping probe: too short (len=559, chunk_size=1800)
Skipping probe: too short (len=1563, chunk_size=1800)
Skipping probe: too short (len=1335, chunk_size=1800)
Skipping probe: too short (len=906, chunk_size=1800)
Skipping probe: too short (len=1763, chunk_size=1800)
Skipping probe: too short (len=1021, chunk_size=1800)
Skipping probe: too short (len=632, chunk_size=1800)
Skipping probe: too short (len=1023, chunk_size=1800)
Skipping probe: too short (len=1450, chunk_size=1800)
Skipping probe: too short (len=834, chunk_size=1800)
Skipping probe: too short (len=1506, chunk_size=1800)
Skipping probe: too short (len=670, chunk_size=1800)
Skipping probe: too short (len=886, chunk_size=1800)
Trial 83 F1s - Weighted: 0.7497 | Macro: 0.2385 | Micro: 0.7517

[I 2026-02-28 19:20:58,931] Trial 83 finished with value: 0.7496705609305969 and parameters: {'chunk_seconds': 18, 'num_freqs': 12, 'num_estimators': 256, 'max_depth': 16, 'max_features': 0.30015230129313397, 'overlap': 0.779349518166697, 'max_lag': 19}. Best is trial 71 with value: 0.7513164116427005.
Skipping probe: too short (len=1604, chunk_size=1800)
Skipping probe: too short (len=982, chunk_size=1800)
Skipping probe: too short (len=1450, chunk_size=1800)
Skipping probe: too short (len=834, chunk_size=1800)
Skipping probe: too short (len=1506, chunk_size=1800)
Skipping probe: too short (len=559, chunk_size=1800)
Skipping probe: too short (len=1563, chunk_size=1800)
Skipping probe: too short (len=1335, chunk_size=1800)
Skipping probe: too short (len=906, chunk_size=1800)
Skipping probe: too short (len=1023, chunk_size=1800)
Skipping probe: too short (len=1454, chunk_size=1800)
Skipping probe: too short (len=1349, chunk_size=1800)
Skipping probe: too short (len=1266, chunk_size=1800)
Skipping probe: too short (len=1763, chunk_size=1800)
Skipping probe: too short (len=670, chunk_size=1800)
Skipping probe: too short (len=886, chunk_size=1800)
Skipping probe: too short (len=632, chunk_size=1800)
Skipping probe: too short (len=1619, chunk_size=1800)
Skipping probe: too short (len=1021, chunk_size=1800)
Skipping probe: too short (len=1619, chunk_size=1800)
Skipping probe: too short (len=1023, chunk_size=1800)
Skipping probe: too short (len=1454, chunk_size=1800)
Skipping probe: too short (len=1349, chunk_size=1800)
Skipping probe: too short (len=834, chunk_size=1800)
Skipping probe: too short (len=1506, chunk_size=1800)
Skipping probe: too short (len=1450, chunk_size=1800)
Skipping probe: too short (len=1604, chunk_size=1800)
Skipping probe: too short (len=559, chunk_size=1800)
Skipping probe: too short (len=1563, chunk_size=1800)
Skipping probe: too short (len=1335, chunk_size=1800)
Skipping probe: too short (len=906, chunk_size=1800)
Skipping probe: too short (len=1763, chunk_size=1800)
Skipping probe: too short (len=982, chunk_size=1800)
Skipping probe: too short (len=670, chunk_size=1800)
Skipping probe: too short (len=886, chunk_size=1800)
Skipping probe: too short (len=1021, chunk_size=1800)
Skipping probe: too short (len=1266, chunk_size=1800)
Skipping probe: too short (len=632, chunk_size=1800)
Skipping probe: too short (len=834, chunk_size=1800)
Skipping probe: too short (len=1506, chunk_size=1800)
Skipping probe: too short (len=1619, chunk_size=1800)
Skipping probe: too short (len=559, chunk_size=1800)
Skipping probe: too short (len=1563, chunk_size=1800)
Skipping probe: too short (len=1335, chunk_size=1800)
Skipping probe: too short (len=906, chunk_size=1800)
Skipping probe: too short (len=1023, chunk_size=1800)
Skipping probe: too short (len=1266, chunk_size=1800)
Skipping probe: too short (len=1450, chunk_size=1800)
Skipping probe: too short (len=1021, chunk_size=1800)
Skipping probe: too short (len=632, chunk_size=1800)
Skipping probe: too short (len=670, chunk_size=1800)
Skipping probe: too short (len=886, chunk_size=1800)
Skipping probe: too short (len=1454, chunk_size=1800)
Skipping probe: too short (len=1349, chunk_size=1800)
Skipping probe: too short (len=982, chunk_size=1800)
Skipping probe: too short (len=1763, chunk_size=1800)
Skipping probe: too short (len=1604, chunk_size=1800)
Skipping probe: too short (len=1454, chunk_size=1800)
Skipping probe: too short (len=1349, chunk_size=1800)
Skipping probe: too short (len=1450, chunk_size=1800)
Skipping probe: too short (len=1023, chunk_size=1800)
Skipping probe: too short (len=1604, chunk_size=1800)
Skipping probe: too short (len=982, chunk_size=1800)
Skipping probe: too short (len=834, chunk_size=1800)
Skipping probe: too short (len=1506, chunk_size=1800)
Skipping probe: too short (len=1266, chunk_size=1800)
Skipping probe: too short (len=1619, chunk_size=1800)
Skipping probe: too short (len=670, chunk_size=1800)
Skipping probe: too short (len=886, chunk_size=1800)
Skipping probe: too short (len=1021, chunk_size=1800)
Skipping probe: too short (len=1763, chunk_size=1800)
Skipping probe: too short (len=632, chunk_size=1800)
Skipping probe: too short (len=559, chunk_size=1800)
Skipping probe: too short (len=1563, chunk_size=1800)
Skipping probe: too short (len=1335, chunk_size=1800)
Skipping probe: too short (len=906, chunk_size=1800)
Skipping probe: too short (len=1454, chunk_size=1800)
Skipping probe: too short (len=982, chunk_size=1800)
Skipping probe: too short (len=1604, chunk_size=1800)
Skipping probe: too short (len=1619, chunk_size=1800)
Skipping probe: too short (len=1349, chunk_size=1800)
Skipping probe: too short (len=1266, chunk_size=1800)
Skipping probe: too short (len=1763, chunk_size=1800)
Skipping probe: too short (len=559, chunk_size=1800)
Skipping probe: too short (len=1563, chunk_size=1800)
Skipping probe: too short (len=1335, chunk_size=1800)
Skipping probe: too short (len=906, chunk_size=1800)
Skipping probe: too short (len=632, chunk_size=1800)
Skipping probe: too short (len=1021, chunk_size=1800)
Skipping probe: too short (len=1450, chunk_size=1800)
Skipping probe: too short (len=1023, chunk_size=1800)
Skipping probe: too short (len=834, chunk_size=1800)
Skipping probe: too short (len=1506, chunk_size=1800)
Skipping probe: too short (len=670, chunk_size=1800)
Skipping probe: too short (len=886, chunk_size=1800)
Trial 84 F1s - Weighted: 0.7462 | Macro: 0.2373 | Micro: 0.7470

[I 2026-02-28 20:11:54,412] Trial 84 finished with value: 0.7461806508557902 and parameters: {'chunk_seconds': 18, 'num_freqs': 12, 'num_estimators': 256, 'max_depth': 16, 'max_features': 0.3020387712225826, 'overlap': 0.7739070136076165, 'max_lag': 20}. Best is trial 71 with value: 0.7513164116427005.
Skipping probe: too short (len=1349, chunk_size=1800)
Skipping probe: too short (len=1604, chunk_size=1800)
Skipping probe: too short (len=1454, chunk_size=1800)
Skipping probe: too short (len=1450, chunk_size=1800)
Skipping probe: too short (len=834, chunk_size=1800)
Skipping probe: too short (len=1506, chunk_size=1800)
Skipping probe: too short (len=1023, chunk_size=1800)
Skipping probe: too short (len=1266, chunk_size=1800)
Skipping probe: too short (len=559, chunk_size=1800)
Skipping probe: too short (len=1563, chunk_size=1800)
Skipping probe: too short (len=1335, chunk_size=1800)
Skipping probe: too short (len=906, chunk_size=1800)
Skipping probe: too short (len=1763, chunk_size=1800)
Skipping probe: too short (len=982, chunk_size=1800)
Skipping probe: too short (len=632, chunk_size=1800)
Skipping probe: too short (len=670, chunk_size=1800)
Skipping probe: too short (len=886, chunk_size=1800)
Skipping probe: too short (len=1619, chunk_size=1800)
Skipping probe: too short (len=1021, chunk_size=1800)
Skipping probe: too short (len=1450, chunk_size=1800)
Skipping probe: too short (len=1349, chunk_size=1800)
Skipping probe: too short (len=1619, chunk_size=1800)
Skipping probe: too short (len=1454, chunk_size=1800)
Skipping probe: too short (len=559, chunk_size=1800)
Skipping probe: too short (len=1563, chunk_size=1800)
Skipping probe: too short (len=1335, chunk_size=1800)
Skipping probe: too short (len=906, chunk_size=1800)
Skipping probe: too short (len=1023, chunk_size=1800)
Skipping probe: too short (len=834, chunk_size=1800)
Skipping probe: too short (len=1506, chunk_size=1800)
Skipping probe: too short (len=1604, chunk_size=1800)
Skipping probe: too short (len=982, chunk_size=1800)
Skipping probe: too short (len=1763, chunk_size=1800)
Skipping probe: too short (len=1021, chunk_size=1800)
Skipping probe: too short (len=670, chunk_size=1800)
Skipping probe: too short (len=886, chunk_size=1800)
Skipping probe: too short (len=1266, chunk_size=1800)
Skipping probe: too short (len=632, chunk_size=1800)
Skipping probe: too short (len=559, chunk_size=1800)
Skipping probe: too short (len=1563, chunk_size=1800)
Skipping probe: too short (len=1335, chunk_size=1800)
Skipping probe: too short (len=906, chunk_size=1800)
Skipping probe: too short (len=1266, chunk_size=1800)
Skipping probe: too short (len=1450, chunk_size=1800)
Skipping probe: too short (len=1023, chunk_size=1800)
Skipping probe: too short (len=834, chunk_size=1800)
Skipping probe: too short (len=1506, chunk_size=1800)
Skipping probe: too short (len=1619, chunk_size=1800)
Skipping probe: too short (len=632, chunk_size=1800)
Skipping probe: too short (len=1021, chunk_size=1800)
Skipping probe: too short (len=670, chunk_size=1800)
Skipping probe: too short (len=886, chunk_size=1800)
Skipping probe: too short (len=1454, chunk_size=1800)
Skipping probe: too short (len=982, chunk_size=1800)
Skipping probe: too short (len=1763, chunk_size=1800)
Skipping probe: too short (len=1349, chunk_size=1800)
Skipping probe: too short (len=1604, chunk_size=1800)
[I 2026-02-28 20:46:47,384] Trial 85 pruned. 
Skipping probe: too short (len=1023, chunk_size=1700)
Skipping probe: too short (len=834, chunk_size=1700)
Skipping probe: too short (len=1506, chunk_size=1700)
Skipping probe: too short (len=559, chunk_size=1700)
Skipping probe: too short (len=1563, chunk_size=1700)
Skipping probe: too short (len=1335, chunk_size=1700)
Skipping probe: too short (len=906, chunk_size=1700)
Skipping probe: too short (len=1450, chunk_size=1700)
Skipping probe: too short (len=982, chunk_size=1700)
Skipping probe: too short (len=1454, chunk_size=1700)
Skipping probe: too short (len=1349, chunk_size=1700)
Skipping probe: too short (len=1604, chunk_size=1700)
Skipping probe: too short (len=1266, chunk_size=1700)
Skipping probe: too short (len=632, chunk_size=1700)
Skipping probe: too short (len=670, chunk_size=1700)
Skipping probe: too short (len=886, chunk_size=1700)
Skipping probe: too short (len=1619, chunk_size=1700)
Skipping probe: too short (len=1021, chunk_size=1700)
Skipping probe: too short (len=1023, chunk_size=1700)
Skipping probe: too short (len=1604, chunk_size=1700)
Skipping probe: too short (len=1349, chunk_size=1700)
Skipping probe: too short (len=834, chunk_size=1700)
Skipping probe: too short (len=1506, chunk_size=1700)
Skipping probe: too short (len=559, chunk_size=1700)
Skipping probe: too short (len=1563, chunk_size=1700)
Skipping probe: too short (len=1335, chunk_size=1700)
Skipping probe: too short (len=906, chunk_size=1700)
Skipping probe: too short (len=1450, chunk_size=1700)
Skipping probe: too short (len=1619, chunk_size=1700)
Skipping probe: too short (len=982, chunk_size=1700)
Skipping probe: too short (len=1454, chunk_size=1700)
Skipping probe: too short (len=670, chunk_size=1700)
Skipping probe: too short (len=886, chunk_size=1700)
Skipping probe: too short (len=1021, chunk_size=1700)
Skipping probe: too short (len=1266, chunk_size=1700)
Skipping probe: too short (len=632, chunk_size=1700)
[I 2026-02-28 21:12:23,048] Trial 86 pruned. 
Skipping probe: too short (len=1023, chunk_size=1900)
Skipping probe: too short (len=834, chunk_size=1900)
Skipping probe: too short (len=1506, chunk_size=1900)
Skipping probe: too short (len=559, chunk_size=1900)
Skipping probe: too short (len=1563, chunk_size=1900)
Skipping probe: too short (len=1335, chunk_size=1900)
Skipping probe: too short (len=906, chunk_size=1900)
Skipping probe: too short (len=1450, chunk_size=1900)
Skipping probe: too short (len=982, chunk_size=1900)
Skipping probe: too short (len=1454, chunk_size=1900)
Skipping probe: too short (len=1349, chunk_size=1900)
Skipping probe: too short (len=1604, chunk_size=1900)
Skipping probe: too short (len=1266, chunk_size=1900)
Skipping probe: too short (len=1763, chunk_size=1900)
Skipping probe: too short (len=670, chunk_size=1900)
Skipping probe: too short (len=886, chunk_size=1900)
Skipping probe: too short (len=632, chunk_size=1900)
Skipping probe: too short (len=1619, chunk_size=1900)
Skipping probe: too short (len=1880, chunk_size=1900)
Skipping probe: too short (len=1871, chunk_size=1900)
Skipping probe: too short (len=1021, chunk_size=1900)
Skipping probe: too short (len=1604, chunk_size=1900)
Skipping probe: too short (len=1619, chunk_size=1900)
Skipping probe: too short (len=1454, chunk_size=1900)
Skipping probe: too short (len=1349, chunk_size=1900)
Skipping probe: too short (len=1023, chunk_size=1900)
Skipping probe: too short (len=559, chunk_size=1900)
Skipping probe: too short (len=1563, chunk_size=1900)
Skipping probe: too short (len=1335, chunk_size=1900)
Skipping probe: too short (len=906, chunk_size=1900)
Skipping probe: too short (len=1450, chunk_size=1900)
Skipping probe: too short (len=834, chunk_size=1900)
Skipping probe: too short (len=1506, chunk_size=1900)
Skipping probe: too short (len=1763, chunk_size=1900)
Skipping probe: too short (len=982, chunk_size=1900)
Skipping probe: too short (len=1880, chunk_size=1900)
Skipping probe: too short (len=670, chunk_size=1900)
Skipping probe: too short (len=886, chunk_size=1900)
Skipping probe: too short (len=1871, chunk_size=1900)
Skipping probe: too short (len=1021, chunk_size=1900)
Skipping probe: too short (len=1266, chunk_size=1900)
Skipping probe: too short (len=632, chunk_size=1900)
[I 2026-02-28 21:57:38,925] Trial 87 pruned. 
Skipping probe: too short (len=1454, chunk_size=1800)
Skipping probe: too short (len=1604, chunk_size=1800)
Skipping probe: too short (len=559, chunk_size=1800)
Skipping probe: too short (len=1563, chunk_size=1800)
Skipping probe: too short (len=1335, chunk_size=1800)
Skipping probe: too short (len=906, chunk_size=1800)
Skipping probe: too short (len=982, chunk_size=1800)
Skipping probe: too short (len=834, chunk_size=1800)
Skipping probe: too short (len=1506, chunk_size=1800)
Skipping probe: too short (len=1450, chunk_size=1800)
Skipping probe: too short (len=1023, chunk_size=1800)
Skipping probe: too short (len=1349, chunk_size=1800)
Skipping probe: too short (len=1763, chunk_size=1800)
Skipping probe: too short (len=1266, chunk_size=1800)
Skipping probe: too short (len=632, chunk_size=1800)
Skipping probe: too short (len=670, chunk_size=1800)
Skipping probe: too short (len=886, chunk_size=1800)
Skipping probe: too short (len=1619, chunk_size=1800)
Skipping probe: too short (len=1021, chunk_size=1800)
Skipping probe: too short (len=1023, chunk_size=1800)
Skipping probe: too short (len=1604, chunk_size=1800)
Skipping probe: too short (len=1349, chunk_size=1800)
Skipping probe: too short (len=1450, chunk_size=1800)
Skipping probe: too short (len=834, chunk_size=1800)
Skipping probe: too short (len=1506, chunk_size=1800)
Skipping probe: too short (len=982, chunk_size=1800)
Skipping probe: too short (len=1454, chunk_size=1800)
Skipping probe: too short (len=1619, chunk_size=1800)
Skipping probe: too short (len=670, chunk_size=1800)
Skipping probe: too short (len=886, chunk_size=1800)
Skipping probe: too short (len=559, chunk_size=1800)
Skipping probe: too short (len=1563, chunk_size=1800)
Skipping probe: too short (len=1335, chunk_size=1800)
Skipping probe: too short (len=906, chunk_size=1800)
Skipping probe: too short (len=1763, chunk_size=1800)
Skipping probe: too short (len=1021, chunk_size=1800)
Skipping probe: too short (len=1266, chunk_size=1800)
Skipping probe: too short (len=632, chunk_size=1800)
Skipping probe: too short (len=1266, chunk_size=1800)
Skipping probe: too short (len=1450, chunk_size=1800)
Skipping probe: too short (len=834, chunk_size=1800)
Skipping probe: too short (len=1506, chunk_size=1800)
Skipping probe: too short (len=559, chunk_size=1800)
Skipping probe: too short (len=1563, chunk_size=1800)
Skipping probe: too short (len=1335, chunk_size=1800)
Skipping probe: too short (len=906, chunk_size=1800)
Skipping probe: too short (len=1023, chunk_size=1800)
Skipping probe: too short (len=1021, chunk_size=1800)
Skipping probe: too short (len=1619, chunk_size=1800)
Skipping probe: too short (len=670, chunk_size=1800)
Skipping probe: too short (len=886, chunk_size=1800)
Skipping probe: too short (len=632, chunk_size=1800)
Skipping probe: too short (len=1454, chunk_size=1800)
Skipping probe: too short (len=1349, chunk_size=1800)
Skipping probe: too short (len=1763, chunk_size=1800)
Skipping probe: too short (len=982, chunk_size=1800)
Skipping probe: too short (len=1604, chunk_size=1800)
[I 2026-02-28 22:33:23,739] Trial 88 pruned. 
Skipping probe: too short (len=1450, chunk_size=1900)
Skipping probe: too short (len=1349, chunk_size=1900)
Skipping probe: too short (len=559, chunk_size=1900)
Skipping probe: too short (len=1563, chunk_size=1900)
Skipping probe: too short (len=1335, chunk_size=1900)
Skipping probe: too short (len=906, chunk_size=1900)
Skipping probe: too short (len=1454, chunk_size=1900)
Skipping probe: too short (len=834, chunk_size=1900)
Skipping probe: too short (len=1506, chunk_size=1900)
Skipping probe: too short (len=1266, chunk_size=1900)
Skipping probe: too short (len=1023, chunk_size=1900)
Skipping probe: too short (len=670, chunk_size=1900)
Skipping probe: too short (len=886, chunk_size=1900)
Skipping probe: too short (len=982, chunk_size=1900)
Skipping probe: too short (len=1763, chunk_size=1900)
Skipping probe: too short (len=1604, chunk_size=1900)
Skipping probe: too short (len=632, chunk_size=1900)
Skipping probe: too short (len=1619, chunk_size=1900)
Skipping probe: too short (len=1880, chunk_size=1900)
Skipping probe: too short (len=1871, chunk_size=1900)
Skipping probe: too short (len=1021, chunk_size=1900)
Skipping probe: too short (len=834, chunk_size=1900)
Skipping probe: too short (len=1506, chunk_size=1900)
Skipping probe: too short (len=1349, chunk_size=1900)
Skipping probe: too short (len=982, chunk_size=1900)
Skipping probe: too short (len=1450, chunk_size=1900)
Skipping probe: too short (len=1454, chunk_size=1900)
Skipping probe: too short (len=559, chunk_size=1900)
Skipping probe: too short (len=1563, chunk_size=1900)
Skipping probe: too short (len=1335, chunk_size=1900)
Skipping probe: too short (len=906, chunk_size=1900)
Skipping probe: too short (len=1604, chunk_size=1900)
Skipping probe: too short (len=1023, chunk_size=1900)
Skipping probe: too short (len=1619, chunk_size=1900)
Skipping probe: too short (len=1763, chunk_size=1900)
Skipping probe: too short (len=1880, chunk_size=1900)
Skipping probe: too short (len=1871, chunk_size=1900)
Skipping probe: too short (len=1021, chunk_size=1900)
Skipping probe: too short (len=670, chunk_size=1900)
Skipping probe: too short (len=886, chunk_size=1900)
Skipping probe: too short (len=1266, chunk_size=1900)
Skipping probe: too short (len=632, chunk_size=1900)
[I 2026-02-28 22:41:55,449] Trial 89 pruned. 
Skipping probe: too short (len=1266, chunk_size=1700)
Skipping probe: too short (len=982, chunk_size=1700)
Skipping probe: too short (len=1023, chunk_size=1700)
Skipping probe: too short (len=1450, chunk_size=1700)
Skipping probe: too short (len=1604, chunk_size=1700)
Skipping probe: too short (len=1454, chunk_size=1700)
Skipping probe: too short (len=1349, chunk_size=1700)
Skipping probe: too short (len=834, chunk_size=1700)
Skipping probe: too short (len=1506, chunk_size=1700)
Skipping probe: too short (len=559, chunk_size=1700)
Skipping probe: too short (len=1563, chunk_size=1700)
Skipping probe: too short (len=1335, chunk_size=1700)
Skipping probe: too short (len=906, chunk_size=1700)
Skipping probe: too short (len=670, chunk_size=1700)
Skipping probe: too short (len=886, chunk_size=1700)
Skipping probe: too short (len=632, chunk_size=1700)
Skipping probe: too short (len=1619, chunk_size=1700)
Skipping probe: too short (len=1021, chunk_size=1700)
Skipping probe: too short (len=1349, chunk_size=1700)
Skipping probe: too short (len=1619, chunk_size=1700)
Skipping probe: too short (len=1604, chunk_size=1700)
Skipping probe: too short (len=1023, chunk_size=1700)
Skipping probe: too short (len=1454, chunk_size=1700)
Skipping probe: too short (len=834, chunk_size=1700)
Skipping probe: too short (len=1506, chunk_size=1700)
Skipping probe: too short (len=1450, chunk_size=1700)
Skipping probe: too short (len=559, chunk_size=1700)
Skipping probe: too short (len=1563, chunk_size=1700)
Skipping probe: too short (len=1335, chunk_size=1700)
Skipping probe: too short (len=906, chunk_size=1700)
Skipping probe: too short (len=982, chunk_size=1700)
Skipping probe: too short (len=670, chunk_size=1700)
Skipping probe: too short (len=886, chunk_size=1700)
Skipping probe: too short (len=1021, chunk_size=1700)
Skipping probe: too short (len=1266, chunk_size=1700)
Skipping probe: too short (len=632, chunk_size=1700)
Skipping probe: too short (len=559, chunk_size=1700)
Skipping probe: too short (len=1563, chunk_size=1700)
Skipping probe: too short (len=1335, chunk_size=1700)
Skipping probe: too short (len=906, chunk_size=1700)
Skipping probe: too short (len=1023, chunk_size=1700)
Skipping probe: too short (len=1450, chunk_size=1700)
Skipping probe: too short (len=834, chunk_size=1700)
Skipping probe: too short (len=1506, chunk_size=1700)
Skipping probe: too short (len=1266, chunk_size=1700)
Skipping probe: too short (len=1619, chunk_size=1700)
Skipping probe: too short (len=670, chunk_size=1700)
Skipping probe: too short (len=886, chunk_size=1700)
Skipping probe: too short (len=632, chunk_size=1700)
Skipping probe: too short (len=1021, chunk_size=1700)
Skipping probe: too short (len=982, chunk_size=1700)
Skipping probe: too short (len=1454, chunk_size=1700)
Skipping probe: too short (len=1349, chunk_size=1700)
Skipping probe: too short (len=1604, chunk_size=1700)
Skipping probe: too short (len=1450, chunk_size=1700)
Skipping probe: too short (len=1023, chunk_size=1700)
Skipping probe: too short (len=1266, chunk_size=1700)
Skipping probe: too short (len=834, chunk_size=1700)
Skipping probe: too short (len=1506, chunk_size=1700)
Skipping probe: too short (len=982, chunk_size=1700)
Skipping probe: too short (len=1604, chunk_size=1700)
Skipping probe: too short (len=1349, chunk_size=1700)
Skipping probe: too short (len=1619, chunk_size=1700)
Skipping probe: too short (len=1454, chunk_size=1700)
Skipping probe: too short (len=1021, chunk_size=1700)
Skipping probe: too short (len=632, chunk_size=1700)
Skipping probe: too short (len=670, chunk_size=1700)
Skipping probe: too short (len=886, chunk_size=1700)
Skipping probe: too short (len=559, chunk_size=1700)
Skipping probe: too short (len=1563, chunk_size=1700)
Skipping probe: too short (len=1335, chunk_size=1700)
Skipping probe: too short (len=906, chunk_size=1700)
Skipping probe: too short (len=1454, chunk_size=1700)
Skipping probe: too short (len=982, chunk_size=1700)
Skipping probe: too short (len=1619, chunk_size=1700)
Skipping probe: too short (len=1349, chunk_size=1700)
Skipping probe: too short (len=1266, chunk_size=1700)
Skipping probe: too short (len=1604, chunk_size=1700)
Skipping probe: too short (len=559, chunk_size=1700)
Skipping probe: too short (len=1563, chunk_size=1700)
Skipping probe: too short (len=1335, chunk_size=1700)
Skipping probe: too short (len=906, chunk_size=1700)
Skipping probe: too short (len=1021, chunk_size=1700)
Skipping probe: too short (len=632, chunk_size=1700)
Skipping probe: too short (len=1023, chunk_size=1700)
Skipping probe: too short (len=1450, chunk_size=1700)
Skipping probe: too short (len=834, chunk_size=1700)
Skipping probe: too short (len=1506, chunk_size=1700)
Skipping probe: too short (len=670, chunk_size=1700)
Skipping probe: too short (len=886, chunk_size=1700)
Trial 90 F1s - Weighted: 0.7445 | Macro: 0.2339 | Micro: 0.7446

[I 2026-02-28 23:34:17,604] Trial 90 finished with value: 0.7445026519886191 and parameters: {'chunk_seconds': 17, 'num_freqs': 12, 'num_estimators': 256, 'max_depth': 16, 'max_features': 0.34507592386149594, 'overlap': 0.7570259337268789, 'max_lag': 18}. Best is trial 71 with value: 0.7513164116427005.
Skipping probe: too short (len=1924, chunk_size=2000)
Skipping probe: too short (len=834, chunk_size=2000)
Skipping probe: too short (len=1506, chunk_size=2000)
Skipping probe: too short (len=1450, chunk_size=2000)
Skipping probe: too short (len=1349, chunk_size=2000)
Skipping probe: too short (len=1454, chunk_size=2000)
Skipping probe: too short (len=1023, chunk_size=2000)
Skipping probe: too short (len=1604, chunk_size=2000)
Skipping probe: too short (len=1958, chunk_size=2000)
Skipping probe: too short (len=1763, chunk_size=2000)
Skipping probe: too short (len=559, chunk_size=2000)
Skipping probe: too short (len=1906, chunk_size=2000)
Skipping probe: too short (len=1563, chunk_size=2000)
Skipping probe: too short (len=1335, chunk_size=2000)
Skipping probe: too short (len=906, chunk_size=2000)
Skipping probe: too short (len=670, chunk_size=2000)
Skipping probe: too short (len=886, chunk_size=2000)
Skipping probe: too short (len=1266, chunk_size=2000)
Skipping probe: too short (len=982, chunk_size=2000)
Skipping probe: too short (len=632, chunk_size=2000)
Skipping probe: too short (len=1619, chunk_size=2000)
Skipping probe: too short (len=1880, chunk_size=2000)
Skipping probe: too short (len=1995, chunk_size=2000)
Skipping probe: too short (len=1871, chunk_size=2000)
Skipping probe: too short (len=1021, chunk_size=2000)
Skipping probe: too short (len=1619, chunk_size=2000)
Skipping probe: too short (len=1023, chunk_size=2000)
Skipping probe: too short (len=1958, chunk_size=2000)
Skipping probe: too short (len=1924, chunk_size=2000)
Skipping probe: too short (len=834, chunk_size=2000)
Skipping probe: too short (len=1506, chunk_size=2000)
Skipping probe: too short (len=670, chunk_size=2000)
Skipping probe: too short (len=886, chunk_size=2000)
Skipping probe: too short (len=982, chunk_size=2000)
Skipping probe: too short (len=1450, chunk_size=2000)
Skipping probe: too short (len=1763, chunk_size=2000)
Skipping probe: too short (len=1349, chunk_size=2000)
Skipping probe: too short (len=1454, chunk_size=2000)
Skipping probe: too short (len=1604, chunk_size=2000)
Skipping probe: too short (len=1995, chunk_size=2000)
Skipping probe: too short (len=559, chunk_size=2000)
Skipping probe: too short (len=1906, chunk_size=2000)
Skipping probe: too short (len=1563, chunk_size=2000)
Skipping probe: too short (len=1335, chunk_size=2000)
Skipping probe: too short (len=906, chunk_size=2000)
Skipping probe: too short (len=1880, chunk_size=2000)
Skipping probe: too short (len=1871, chunk_size=2000)
Skipping probe: too short (len=1021, chunk_size=2000)
Skipping probe: too short (len=1266, chunk_size=2000)
Skipping probe: too short (len=632, chunk_size=2000)
Skipping probe: too short (len=1023, chunk_size=2000)
Skipping probe: too short (len=1958, chunk_size=2000)
Skipping probe: too short (len=1924, chunk_size=2000)
Skipping probe: too short (len=834, chunk_size=2000)
Skipping probe: too short (len=1506, chunk_size=2000)
Skipping probe: too short (len=1450, chunk_size=2000)
Skipping probe: too short (len=1619, chunk_size=2000)
Skipping probe: too short (len=1266, chunk_size=2000)
Skipping probe: too short (len=559, chunk_size=2000)
Skipping probe: too short (len=1906, chunk_size=2000)
Skipping probe: too short (len=1563, chunk_size=2000)
Skipping probe: too short (len=1335, chunk_size=2000)
Skipping probe: too short (len=906, chunk_size=2000)
Skipping probe: too short (len=670, chunk_size=2000)
Skipping probe: too short (len=886, chunk_size=2000)
Skipping probe: too short (len=1995, chunk_size=2000)
Skipping probe: too short (len=1880, chunk_size=2000)
Skipping probe: too short (len=632, chunk_size=2000)
Skipping probe: too short (len=1871, chunk_size=2000)
Skipping probe: too short (len=1021, chunk_size=2000)
Skipping probe: too short (len=1454, chunk_size=2000)
Skipping probe: too short (len=1349, chunk_size=2000)
Skipping probe: too short (len=1604, chunk_size=2000)
Skipping probe: too short (len=982, chunk_size=2000)
Skipping probe: too short (len=1763, chunk_size=2000)
Skipping probe: too short (len=1349, chunk_size=2000)
Skipping probe: too short (len=1924, chunk_size=2000)
Skipping probe: too short (len=834, chunk_size=2000)
Skipping probe: too short (len=1506, chunk_size=2000)
Skipping probe: too short (len=1023, chunk_size=2000)
Skipping probe: too short (len=1454, chunk_size=2000)
Skipping probe: too short (len=982, chunk_size=2000)
Skipping probe: too short (len=1958, chunk_size=2000)
Skipping probe: too short (len=1450, chunk_size=2000)
Skipping probe: too short (len=1604, chunk_size=2000)
Skipping probe: too short (len=1266, chunk_size=2000)
Skipping probe: too short (len=1619, chunk_size=2000)
Skipping probe: too short (len=1763, chunk_size=2000)
Skipping probe: too short (len=1880, chunk_size=2000)
Skipping probe: too short (len=670, chunk_size=2000)
Skipping probe: too short (len=886, chunk_size=2000)
Skipping probe: too short (len=632, chunk_size=2000)
Skipping probe: too short (len=1995, chunk_size=2000)
Skipping probe: too short (len=1871, chunk_size=2000)
Skipping probe: too short (len=1021, chunk_size=2000)
Skipping probe: too short (len=559, chunk_size=2000)
Skipping probe: too short (len=1906, chunk_size=2000)
Skipping probe: too short (len=1563, chunk_size=2000)
Skipping probe: too short (len=1335, chunk_size=2000)
Skipping probe: too short (len=906, chunk_size=2000)
Skipping probe: too short (len=1604, chunk_size=2000)
Skipping probe: too short (len=1349, chunk_size=2000)
Skipping probe: too short (len=1880, chunk_size=2000)
Skipping probe: too short (len=1454, chunk_size=2000)
Skipping probe: too short (len=1619, chunk_size=2000)
Skipping probe: too short (len=1266, chunk_size=2000)
Skipping probe: too short (len=982, chunk_size=2000)
Skipping probe: too short (len=559, chunk_size=2000)
Skipping probe: too short (len=1906, chunk_size=2000)
Skipping probe: too short (len=1563, chunk_size=2000)
Skipping probe: too short (len=1335, chunk_size=2000)
Skipping probe: too short (len=906, chunk_size=2000)
Skipping probe: too short (len=1763, chunk_size=2000)
Skipping probe: too short (len=1995, chunk_size=2000)
Skipping probe: too short (len=1871, chunk_size=2000)
Skipping probe: too short (len=1021, chunk_size=2000)
Skipping probe: too short (len=632, chunk_size=2000)
Skipping probe: too short (len=1958, chunk_size=2000)
Skipping probe: too short (len=1450, chunk_size=2000)
Skipping probe: too short (len=1924, chunk_size=2000)
Skipping probe: too short (len=834, chunk_size=2000)
Skipping probe: too short (len=1506, chunk_size=2000)
Skipping probe: too short (len=1023, chunk_size=2000)
Skipping probe: too short (len=670, chunk_size=2000)
Skipping probe: too short (len=886, chunk_size=2000)
Trial 91 F1s - Weighted: 0.7456 | Macro: 0.2358 | Micro: 0.7445

[I 2026-03-01 00:21:55,231] Trial 91 finished with value: 0.7456164103814037 and parameters: {'chunk_seconds': 20, 'num_freqs': 12, 'num_estimators': 256, 'max_depth': 16, 'max_features': 0.303528154817618, 'overlap': 0.7826728646753491, 'max_lag': 18}. Best is trial 71 with value: 0.7513164116427005.
Skipping probe: too short (len=1454, chunk_size=1800)
Skipping probe: too short (len=1450, chunk_size=1800)
Skipping probe: too short (len=1604, chunk_size=1800)
Skipping probe: too short (len=1023, chunk_size=1800)
Skipping probe: too short (len=1349, chunk_size=1800)
Skipping probe: too short (len=834, chunk_size=1800)
Skipping probe: too short (len=1506, chunk_size=1800)
Skipping probe: too short (len=1266, chunk_size=1800)
Skipping probe: too short (len=559, chunk_size=1800)
Skipping probe: too short (len=1563, chunk_size=1800)
Skipping probe: too short (len=1335, chunk_size=1800)
Skipping probe: too short (len=906, chunk_size=1800)
Skipping probe: too short (len=1763, chunk_size=1800)
Skipping probe: too short (len=982, chunk_size=1800)
Skipping probe: too short (len=670, chunk_size=1800)
Skipping probe: too short (len=886, chunk_size=1800)
Skipping probe: too short (len=632, chunk_size=1800)
Skipping probe: too short (len=1619, chunk_size=1800)
Skipping probe: too short (len=1021, chunk_size=1800)
Skipping probe: too short (len=1450, chunk_size=1800)
Skipping probe: too short (len=1349, chunk_size=1800)
Skipping probe: too short (len=1454, chunk_size=1800)
Skipping probe: too short (len=1604, chunk_size=1800)
Skipping probe: too short (len=834, chunk_size=1800)
Skipping probe: too short (len=1506, chunk_size=1800)
Skipping probe: too short (len=1619, chunk_size=1800)
Skipping probe: too short (len=982, chunk_size=1800)
Skipping probe: too short (len=1023, chunk_size=1800)
Skipping probe: too short (len=559, chunk_size=1800)
Skipping probe: too short (len=1563, chunk_size=1800)
Skipping probe: too short (len=1335, chunk_size=1800)
Skipping probe: too short (len=906, chunk_size=1800)
Skipping probe: too short (len=1763, chunk_size=1800)
Skipping probe: too short (len=1021, chunk_size=1800)
Skipping probe: too short (len=670, chunk_size=1800)
Skipping probe: too short (len=886, chunk_size=1800)
Skipping probe: too short (len=1266, chunk_size=1800)
Skipping probe: too short (len=632, chunk_size=1800)
Skipping probe: too short (len=1023, chunk_size=1800)
Skipping probe: too short (len=1619, chunk_size=1800)
Skipping probe: too short (len=1266, chunk_size=1800)
Skipping probe: too short (len=559, chunk_size=1800)
Skipping probe: too short (len=1563, chunk_size=1800)
Skipping probe: too short (len=1335, chunk_size=1800)
Skipping probe: too short (len=906, chunk_size=1800)
Skipping probe: too short (len=1450, chunk_size=1800)
Skipping probe: too short (len=834, chunk_size=1800)
Skipping probe: too short (len=1506, chunk_size=1800)
Skipping probe: too short (len=1021, chunk_size=1800)
Skipping probe: too short (len=632, chunk_size=1800)
Skipping probe: too short (len=670, chunk_size=1800)
Skipping probe: too short (len=886, chunk_size=1800)
Skipping probe: too short (len=1349, chunk_size=1800)
Skipping probe: too short (len=1454, chunk_size=1800)
Skipping probe: too short (len=1604, chunk_size=1800)
Skipping probe: too short (len=982, chunk_size=1800)
Skipping probe: too short (len=1763, chunk_size=1800)
Skipping probe: too short (len=1266, chunk_size=1800)
Skipping probe: too short (len=834, chunk_size=1800)
Skipping probe: too short (len=1506, chunk_size=1800)
Skipping probe: too short (len=1763, chunk_size=1800)
Skipping probe: too short (len=1023, chunk_size=1800)
Skipping probe: too short (len=1454, chunk_size=1800)
Skipping probe: too short (len=1450, chunk_size=1800)
Skipping probe: too short (len=982, chunk_size=1800)
Skipping probe: too short (len=1349, chunk_size=1800)
Skipping probe: too short (len=670, chunk_size=1800)
Skipping probe: too short (len=886, chunk_size=1800)
Skipping probe: too short (len=1021, chunk_size=1800)
Skipping probe: too short (len=1604, chunk_size=1800)
Skipping probe: too short (len=1619, chunk_size=1800)
Skipping probe: too short (len=632, chunk_size=1800)
Skipping probe: too short (len=559, chunk_size=1800)
Skipping probe: too short (len=1563, chunk_size=1800)
Skipping probe: too short (len=1335, chunk_size=1800)
Skipping probe: too short (len=906, chunk_size=1800)
Skipping probe: too short (len=1604, chunk_size=1800)
Skipping probe: too short (len=1349, chunk_size=1800)
Skipping probe: too short (len=982, chunk_size=1800)
Skipping probe: too short (len=1266, chunk_size=1800)
Skipping probe: too short (len=1619, chunk_size=1800)
Skipping probe: too short (len=1454, chunk_size=1800)
Skipping probe: too short (len=559, chunk_size=1800)
Skipping probe: too short (len=1563, chunk_size=1800)
Skipping probe: too short (len=1335, chunk_size=1800)
Skipping probe: too short (len=906, chunk_size=1800)
Skipping probe: too short (len=1763, chunk_size=1800)
Skipping probe: too short (len=632, chunk_size=1800)
Skipping probe: too short (len=1021, chunk_size=1800)
Skipping probe: too short (len=1450, chunk_size=1800)
Skipping probe: too short (len=1023, chunk_size=1800)
Skipping probe: too short (len=834, chunk_size=1800)
Skipping probe: too short (len=1506, chunk_size=1800)
Skipping probe: too short (len=670, chunk_size=1800)
Skipping probe: too short (len=886, chunk_size=1800)
Trial 92 F1s - Weighted: 0.7447 | Macro: 0.2327 | Micro: 0.7468

[I 2026-03-01 01:07:46,302] Trial 92 finished with value: 0.7446873205155248 and parameters: {'chunk_seconds': 18, 'num_freqs': 13, 'num_estimators': 256, 'max_depth': 16, 'max_features': 0.32725253286473077, 'overlap': 0.7314164444793146, 'max_lag': 19}. Best is trial 71 with value: 0.7513164116427005.
Skipping probe: too short (len=1454, chunk_size=1700)
Skipping probe: too short (len=1450, chunk_size=1700)
Skipping probe: too short (len=1349, chunk_size=1700)
Skipping probe: too short (len=1023, chunk_size=1700)
Skipping probe: too short (len=559, chunk_size=1700)
Skipping probe: too short (len=1563, chunk_size=1700)
Skipping probe: too short (len=1335, chunk_size=1700)
Skipping probe: too short (len=906, chunk_size=1700)
Skipping probe: too short (len=982, chunk_size=1700)
Skipping probe: too short (len=834, chunk_size=1700)
Skipping probe: too short (len=1506, chunk_size=1700)
Skipping probe: too short (len=1604, chunk_size=1700)
Skipping probe: too short (len=1266, chunk_size=1700)
Skipping probe: too short (len=670, chunk_size=1700)
Skipping probe: too short (len=886, chunk_size=1700)
Skipping probe: too short (len=632, chunk_size=1700)
Skipping probe: too short (len=1619, chunk_size=1700)
Skipping probe: too short (len=1021, chunk_size=1700)
Skipping probe: too short (len=982, chunk_size=1700)
Skipping probe: too short (len=1604, chunk_size=1700)
Skipping probe: too short (len=1023, chunk_size=1700)
Skipping probe: too short (len=1450, chunk_size=1700)
Skipping probe: too short (len=559, chunk_size=1700)
Skipping probe: too short (len=1563, chunk_size=1700)
Skipping probe: too short (len=1335, chunk_size=1700)
Skipping probe: too short (len=906, chunk_size=1700)
Skipping probe: too short (len=834, chunk_size=1700)
Skipping probe: too short (len=1506, chunk_size=1700)
Skipping probe: too short (len=1349, chunk_size=1700)
Skipping probe: too short (len=1454, chunk_size=1700)
Skipping probe: too short (len=1619, chunk_size=1700)
Skipping probe: too short (len=670, chunk_size=1700)
Skipping probe: too short (len=886, chunk_size=1700)
Skipping probe: too short (len=1021, chunk_size=1700)
Skipping probe: too short (len=1266, chunk_size=1700)
Skipping probe: too short (len=632, chunk_size=1700)
Skipping probe: too short (len=670, chunk_size=1700)
Skipping probe: too short (len=886, chunk_size=1700)
Skipping probe: too short (len=1266, chunk_size=1700)
Skipping probe: too short (len=1023, chunk_size=1700)
Skipping probe: too short (len=1450, chunk_size=1700)
Skipping probe: too short (len=834, chunk_size=1700)
Skipping probe: too short (len=1506, chunk_size=1700)
Skipping probe: too short (len=1619, chunk_size=1700)
Skipping probe: too short (len=559, chunk_size=1700)
Skipping probe: too short (len=1563, chunk_size=1700)
Skipping probe: too short (len=1335, chunk_size=1700)
Skipping probe: too short (len=906, chunk_size=1700)
Skipping probe: too short (len=632, chunk_size=1700)
Skipping probe: too short (len=1021, chunk_size=1700)
Skipping probe: too short (len=1349, chunk_size=1700)
Skipping probe: too short (len=1454, chunk_size=1700)
Skipping probe: too short (len=982, chunk_size=1700)
Skipping probe: too short (len=1604, chunk_size=1700)
Skipping probe: too short (len=1619, chunk_size=1700)
Skipping probe: too short (len=982, chunk_size=1700)
Skipping probe: too short (len=1604, chunk_size=1700)
Skipping probe: too short (len=834, chunk_size=1700)
Skipping probe: too short (len=1506, chunk_size=1700)
Skipping probe: too short (len=1454, chunk_size=1700)
Skipping probe: too short (len=1266, chunk_size=1700)
Skipping probe: too short (len=1349, chunk_size=1700)
Skipping probe: too short (len=1450, chunk_size=1700)
Skipping probe: too short (len=1023, chunk_size=1700)
Skipping probe: too short (len=670, chunk_size=1700)
Skipping probe: too short (len=886, chunk_size=1700)
Skipping probe: too short (len=632, chunk_size=1700)
Skipping probe: too short (len=1021, chunk_size=1700)
Skipping probe: too short (len=559, chunk_size=1700)
Skipping probe: too short (len=1563, chunk_size=1700)
Skipping probe: too short (len=1335, chunk_size=1700)
Skipping probe: too short (len=906, chunk_size=1700)
Skipping probe: too short (len=1349, chunk_size=1700)
Skipping probe: too short (len=1619, chunk_size=1700)
Skipping probe: too short (len=559, chunk_size=1700)
Skipping probe: too short (len=1563, chunk_size=1700)
Skipping probe: too short (len=1335, chunk_size=1700)
Skipping probe: too short (len=906, chunk_size=1700)
Skipping probe: too short (len=982, chunk_size=1700)
Skipping probe: too short (len=1604, chunk_size=1700)
Skipping probe: too short (len=1454, chunk_size=1700)
Skipping probe: too short (len=1266, chunk_size=1700)
Skipping probe: too short (len=632, chunk_size=1700)
Skipping probe: too short (len=1021, chunk_size=1700)
Skipping probe: too short (len=1450, chunk_size=1700)
Skipping probe: too short (len=1023, chunk_size=1700)
Skipping probe: too short (len=834, chunk_size=1700)
Skipping probe: too short (len=1506, chunk_size=1700)
Skipping probe: too short (len=670, chunk_size=1700)
Skipping probe: too short (len=886, chunk_size=1700)
Trial 93 F1s - Weighted: 0.7469 | Macro: 0.2370 | Micro: 0.7488

[I 2026-03-01 01:51:15,576] Trial 93 finished with value: 0.7468693503695127 and parameters: {'chunk_seconds': 17, 'num_freqs': 10, 'num_estimators': 256, 'max_depth': 16, 'max_features': 0.30175801597854324, 'overlap': 0.7445123272836134, 'max_lag': 18}. Best is trial 71 with value: 0.7513164116427005.
Skipping probe: too short (len=1604, chunk_size=1700)
Skipping probe: too short (len=1023, chunk_size=1700)
Skipping probe: too short (len=834, chunk_size=1700)
Skipping probe: too short (len=1506, chunk_size=1700)
Skipping probe: too short (len=1454, chunk_size=1700)
Skipping probe: too short (len=1450, chunk_size=1700)
Skipping probe: too short (len=1349, chunk_size=1700)
Skipping probe: too short (len=982, chunk_size=1700)
Skipping probe: too short (len=559, chunk_size=1700)
Skipping probe: too short (len=1563, chunk_size=1700)
Skipping probe: too short (len=1335, chunk_size=1700)
Skipping probe: too short (len=906, chunk_size=1700)
Skipping probe: too short (len=670, chunk_size=1700)
Skipping probe: too short (len=886, chunk_size=1700)
Skipping probe: too short (len=1266, chunk_size=1700)
Skipping probe: too short (len=632, chunk_size=1700)
Skipping probe: too short (len=1619, chunk_size=1700)
Skipping probe: too short (len=1021, chunk_size=1700)
Skipping probe: too short (len=1349, chunk_size=1700)
Skipping probe: too short (len=1023, chunk_size=1700)
Skipping probe: too short (len=834, chunk_size=1700)
Skipping probe: too short (len=1506, chunk_size=1700)
Skipping probe: too short (len=559, chunk_size=1700)
Skipping probe: too short (len=1563, chunk_size=1700)
Skipping probe: too short (len=1335, chunk_size=1700)
Skipping probe: too short (len=906, chunk_size=1700)
Skipping probe: too short (len=1454, chunk_size=1700)
Skipping probe: too short (len=1450, chunk_size=1700)
Skipping probe: too short (len=1604, chunk_size=1700)
Skipping probe: too short (len=1619, chunk_size=1700)
Skipping probe: too short (len=982, chunk_size=1700)
Skipping probe: too short (len=670, chunk_size=1700)
Skipping probe: too short (len=886, chunk_size=1700)
Skipping probe: too short (len=1021, chunk_size=1700)
Skipping probe: too short (len=1266, chunk_size=1700)
Skipping probe: too short (len=632, chunk_size=1700)
Skipping probe: too short (len=1619, chunk_size=1700)
Skipping probe: too short (len=1450, chunk_size=1700)
Skipping probe: too short (len=1023, chunk_size=1700)
Skipping probe: too short (len=559, chunk_size=1700)
Skipping probe: too short (len=1563, chunk_size=1700)
Skipping probe: too short (len=1335, chunk_size=1700)
Skipping probe: too short (len=906, chunk_size=1700)
Skipping probe: too short (len=1266, chunk_size=1700)
Skipping probe: too short (len=834, chunk_size=1700)
Skipping probe: too short (len=1506, chunk_size=1700)
Skipping probe: too short (len=670, chunk_size=1700)
Skipping probe: too short (len=886, chunk_size=1700)
Skipping probe: too short (len=632, chunk_size=1700)
Skipping probe: too short (len=1021, chunk_size=1700)
Skipping probe: too short (len=1454, chunk_size=1700)
Skipping probe: too short (len=982, chunk_size=1700)
Skipping probe: too short (len=1349, chunk_size=1700)
Skipping probe: too short (len=1604, chunk_size=1700)
Skipping probe: too short (len=1349, chunk_size=1700)
Skipping probe: too short (len=834, chunk_size=1700)
Skipping probe: too short (len=1506, chunk_size=1700)
Skipping probe: too short (len=982, chunk_size=1700)
Skipping probe: too short (len=1450, chunk_size=1700)
Skipping probe: too short (len=1454, chunk_size=1700)
Skipping probe: too short (len=1604, chunk_size=1700)
Skipping probe: too short (len=1023, chunk_size=1700)
Skipping probe: too short (len=1266, chunk_size=1700)
Skipping probe: too short (len=1619, chunk_size=1700)
Skipping probe: too short (len=670, chunk_size=1700)
Skipping probe: too short (len=886, chunk_size=1700)
Skipping probe: too short (len=1021, chunk_size=1700)
Skipping probe: too short (len=632, chunk_size=1700)
Skipping probe: too short (len=559, chunk_size=1700)
Skipping probe: too short (len=1563, chunk_size=1700)
Skipping probe: too short (len=1335, chunk_size=1700)
Skipping probe: too short (len=906, chunk_size=1700)
Skipping probe: too short (len=982, chunk_size=1700)
Skipping probe: too short (len=1266, chunk_size=1700)
Skipping probe: too short (len=559, chunk_size=1700)
Skipping probe: too short (len=1563, chunk_size=1700)
Skipping probe: too short (len=1335, chunk_size=1700)
Skipping probe: too short (len=906, chunk_size=1700)
Skipping probe: too short (len=1604, chunk_size=1700)
Skipping probe: too short (len=1454, chunk_size=1700)
Skipping probe: too short (len=1349, chunk_size=1700)
Skipping probe: too short (len=1619, chunk_size=1700)
Skipping probe: too short (len=632, chunk_size=1700)
Skipping probe: too short (len=1021, chunk_size=1700)
Skipping probe: too short (len=1450, chunk_size=1700)
Skipping probe: too short (len=1023, chunk_size=1700)
Skipping probe: too short (len=834, chunk_size=1700)
Skipping probe: too short (len=1506, chunk_size=1700)
Skipping probe: too short (len=670, chunk_size=1700)
Skipping probe: too short (len=886, chunk_size=1700)
Trial 94 F1s - Weighted: 0.7458 | Macro: 0.2351 | Micro: 0.7466

[I 2026-03-01 02:41:56,976] Trial 94 finished with value: 0.7457778428821198 and parameters: {'chunk_seconds': 17, 'num_freqs': 10, 'num_estimators': 256, 'max_depth': 16, 'max_features': 0.3531292243413389, 'overlap': 0.7456168172259268, 'max_lag': 20}. Best is trial 71 with value: 0.7513164116427005.
Skipping probe: too short (len=1450, chunk_size=1800)
Skipping probe: too short (len=834, chunk_size=1800)
Skipping probe: too short (len=1506, chunk_size=1800)
Skipping probe: too short (len=1604, chunk_size=1800)
Skipping probe: too short (len=1023, chunk_size=1800)
Skipping probe: too short (len=982, chunk_size=1800)
Skipping probe: too short (len=1454, chunk_size=1800)
Skipping probe: too short (len=559, chunk_size=1800)
Skipping probe: too short (len=1563, chunk_size=1800)
Skipping probe: too short (len=1335, chunk_size=1800)
Skipping probe: too short (len=906, chunk_size=1800)
Skipping probe: too short (len=1349, chunk_size=1800)
Skipping probe: too short (len=1266, chunk_size=1800)
Skipping probe: too short (len=1763, chunk_size=1800)
Skipping probe: too short (len=670, chunk_size=1800)
Skipping probe: too short (len=886, chunk_size=1800)
Skipping probe: too short (len=632, chunk_size=1800)
Skipping probe: too short (len=1619, chunk_size=1800)
Skipping probe: too short (len=1021, chunk_size=1800)
Skipping probe: too short (len=1454, chunk_size=1800)
Skipping probe: too short (len=1450, chunk_size=1800)
Skipping probe: too short (len=834, chunk_size=1800)
Skipping probe: too short (len=1506, chunk_size=1800)
Skipping probe: too short (len=1023, chunk_size=1800)
Skipping probe: too short (len=982, chunk_size=1800)
Skipping probe: too short (len=1604, chunk_size=1800)
Skipping probe: too short (len=1349, chunk_size=1800)
Skipping probe: too short (len=559, chunk_size=1800)
Skipping probe: too short (len=1563, chunk_size=1800)
Skipping probe: too short (len=1335, chunk_size=1800)
Skipping probe: too short (len=906, chunk_size=1800)
Skipping probe: too short (len=1763, chunk_size=1800)
Skipping probe: too short (len=1619, chunk_size=1800)
Skipping probe: too short (len=670, chunk_size=1800)
Skipping probe: too short (len=886, chunk_size=1800)
Skipping probe: too short (len=1021, chunk_size=1800)
Skipping probe: too short (len=1266, chunk_size=1800)
Skipping probe: too short (len=632, chunk_size=1800)
Skipping probe: too short (len=1023, chunk_size=1800)
Skipping probe: too short (len=1450, chunk_size=1800)
Skipping probe: too short (len=559, chunk_size=1800)
Skipping probe: too short (len=1563, chunk_size=1800)
Skipping probe: too short (len=1335, chunk_size=1800)
Skipping probe: too short (len=906, chunk_size=1800)
Skipping probe: too short (len=834, chunk_size=1800)
Skipping probe: too short (len=1506, chunk_size=1800)
Skipping probe: too short (len=1266, chunk_size=1800)
Skipping probe: too short (len=1619, chunk_size=1800)
Skipping probe: too short (len=632, chunk_size=1800)
Skipping probe: too short (len=670, chunk_size=1800)
Skipping probe: too short (len=886, chunk_size=1800)
Skipping probe: too short (len=1021, chunk_size=1800)
Skipping probe: too short (len=1349, chunk_size=1800)
Skipping probe: too short (len=1454, chunk_size=1800)
Skipping probe: too short (len=1604, chunk_size=1800)
Skipping probe: too short (len=982, chunk_size=1800)
Skipping probe: too short (len=1763, chunk_size=1800)
Skipping probe: too short (len=1604, chunk_size=1800)
Skipping probe: too short (len=1450, chunk_size=1800)
Skipping probe: too short (len=1023, chunk_size=1800)
Skipping probe: too short (len=834, chunk_size=1800)
Skipping probe: too short (len=1506, chunk_size=1800)
Skipping probe: too short (len=1454, chunk_size=1800)
Skipping probe: too short (len=982, chunk_size=1800)
Skipping probe: too short (len=1349, chunk_size=1800)
Skipping probe: too short (len=1619, chunk_size=1800)
Skipping probe: too short (len=1763, chunk_size=1800)
Skipping probe: too short (len=1266, chunk_size=1800)
Skipping probe: too short (len=1021, chunk_size=1800)
Skipping probe: too short (len=670, chunk_size=1800)
Skipping probe: too short (len=886, chunk_size=1800)
Skipping probe: too short (len=632, chunk_size=1800)
Skipping probe: too short (len=559, chunk_size=1800)
Skipping probe: too short (len=1563, chunk_size=1800)
Skipping probe: too short (len=1335, chunk_size=1800)
Skipping probe: too short (len=906, chunk_size=1800)
Skipping probe: too short (len=559, chunk_size=1800)
Skipping probe: too short (len=1563, chunk_size=1800)
Skipping probe: too short (len=1335, chunk_size=1800)
Skipping probe: too short (len=906, chunk_size=1800)
Skipping probe: too short (len=1349, chunk_size=1800)
Skipping probe: too short (len=1266, chunk_size=1800)
Skipping probe: too short (len=1454, chunk_size=1800)
Skipping probe: too short (len=1763, chunk_size=1800)
Skipping probe: too short (len=982, chunk_size=1800)
Skipping probe: too short (len=1604, chunk_size=1800)
Skipping probe: too short (len=1619, chunk_size=1800)
Skipping probe: too short (len=632, chunk_size=1800)
Skipping probe: too short (len=1021, chunk_size=1800)
Skipping probe: too short (len=1450, chunk_size=1800)
Skipping probe: too short (len=834, chunk_size=1800)
Skipping probe: too short (len=1506, chunk_size=1800)
Skipping probe: too short (len=1023, chunk_size=1800)
Skipping probe: too short (len=670, chunk_size=1800)
Skipping probe: too short (len=886, chunk_size=1800)
Trial 95 F1s - Weighted: 0.7463 | Macro: 0.2368 | Micro: 0.7490

[I 2026-03-01 03:17:08,392] Trial 95 finished with value: 0.7462501580614662 and parameters: {'chunk_seconds': 18, 'num_freqs': 9, 'num_estimators': 256, 'max_depth': 16, 'max_features': 0.3171548308246545, 'overlap': 0.6926243496014782, 'max_lag': 17}. Best is trial 71 with value: 0.7513164116427005.
Skipping probe: too short (len=982, chunk_size=1700)
Skipping probe: too short (len=1266, chunk_size=1700)
Skipping probe: too short (len=1023, chunk_size=1700)
Skipping probe: too short (len=834, chunk_size=1700)
Skipping probe: too short (len=1506, chunk_size=1700)
Skipping probe: too short (len=1450, chunk_size=1700)
Skipping probe: too short (len=1349, chunk_size=1700)
Skipping probe: too short (len=1604, chunk_size=1700)
Skipping probe: too short (len=1454, chunk_size=1700)
Skipping probe: too short (len=559, chunk_size=1700)
Skipping probe: too short (len=1563, chunk_size=1700)
Skipping probe: too short (len=1335, chunk_size=1700)
Skipping probe: too short (len=906, chunk_size=1700)
Skipping probe: too short (len=632, chunk_size=1700)
Skipping probe: too short (len=670, chunk_size=1700)
Skipping probe: too short (len=886, chunk_size=1700)
Skipping probe: too short (len=1619, chunk_size=1700)
Skipping probe: too short (len=1021, chunk_size=1700)
Skipping probe: too short (len=1349, chunk_size=1700)
Skipping probe: too short (len=1454, chunk_size=1700)
Skipping probe: too short (len=559, chunk_size=1700)
Skipping probe: too short (len=1563, chunk_size=1700)
Skipping probe: too short (len=1335, chunk_size=1700)
Skipping probe: too short (len=906, chunk_size=1700)
Skipping probe: too short (len=834, chunk_size=1700)
Skipping probe: too short (len=1506, chunk_size=1700)
Skipping probe: too short (len=1619, chunk_size=1700)
Skipping probe: too short (len=1604, chunk_size=1700)
Skipping probe: too short (len=1023, chunk_size=1700)
Skipping probe: too short (len=1450, chunk_size=1700)
Skipping probe: too short (len=982, chunk_size=1700)
Skipping probe: too short (len=1021, chunk_size=1700)
Skipping probe: too short (len=670, chunk_size=1700)
Skipping probe: too short (len=886, chunk_size=1700)
Skipping probe: too short (len=1266, chunk_size=1700)
Skipping probe: too short (len=632, chunk_size=1700)
[I 2026-03-01 03:34:30,873] Trial 96 pruned. 
Skipping probe: too short (len=1604, chunk_size=1900)
Skipping probe: too short (len=1023, chunk_size=1900)
Skipping probe: too short (len=1450, chunk_size=1900)
Skipping probe: too short (len=1454, chunk_size=1900)
Skipping probe: too short (len=1349, chunk_size=1900)
Skipping probe: too short (len=834, chunk_size=1900)
Skipping probe: too short (len=1506, chunk_size=1900)
Skipping probe: too short (len=559, chunk_size=1900)
Skipping probe: too short (len=1563, chunk_size=1900)
Skipping probe: too short (len=1335, chunk_size=1900)
Skipping probe: too short (len=906, chunk_size=1900)
Skipping probe: too short (len=982, chunk_size=1900)
Skipping probe: too short (len=1266, chunk_size=1900)
Skipping probe: too short (len=670, chunk_size=1900)
Skipping probe: too short (len=886, chunk_size=1900)
Skipping probe: too short (len=1763, chunk_size=1900)
Skipping probe: too short (len=632, chunk_size=1900)
Skipping probe: too short (len=1619, chunk_size=1900)
Skipping probe: too short (len=1880, chunk_size=1900)
Skipping probe: too short (len=1871, chunk_size=1900)
Skipping probe: too short (len=1021, chunk_size=1900)
Skipping probe: too short (len=1450, chunk_size=1900)
Skipping probe: too short (len=834, chunk_size=1900)
Skipping probe: too short (len=1506, chunk_size=1900)
Skipping probe: too short (len=982, chunk_size=1900)
Skipping probe: too short (len=1604, chunk_size=1900)
Skipping probe: too short (len=1023, chunk_size=1900)
Skipping probe: too short (len=1763, chunk_size=1900)
Skipping probe: too short (len=1349, chunk_size=1900)
Skipping probe: too short (len=559, chunk_size=1900)
Skipping probe: too short (len=1563, chunk_size=1900)
Skipping probe: too short (len=1335, chunk_size=1900)
Skipping probe: too short (len=906, chunk_size=1900)
Skipping probe: too short (len=1454, chunk_size=1900)
Skipping probe: too short (len=1880, chunk_size=1900)
Skipping probe: too short (len=1619, chunk_size=1900)
Skipping probe: too short (len=670, chunk_size=1900)
Skipping probe: too short (len=886, chunk_size=1900)
Skipping probe: too short (len=1871, chunk_size=1900)
Skipping probe: too short (len=1021, chunk_size=1900)
Skipping probe: too short (len=1266, chunk_size=1900)
Skipping probe: too short (len=632, chunk_size=1900)
[I 2026-03-01 03:52:25,548] Trial 97 pruned. 
Skipping probe: too short (len=834, chunk_size=1600)
Skipping probe: too short (len=1506, chunk_size=1600)
Skipping probe: too short (len=559, chunk_size=1600)
Skipping probe: too short (len=1563, chunk_size=1600)
Skipping probe: too short (len=1335, chunk_size=1600)
Skipping probe: too short (len=906, chunk_size=1600)
Skipping probe: too short (len=1266, chunk_size=1600)
Skipping probe: too short (len=1349, chunk_size=1600)
Skipping probe: too short (len=1454, chunk_size=1600)
Skipping probe: too short (len=1023, chunk_size=1600)
Skipping probe: too short (len=1450, chunk_size=1600)
Skipping probe: too short (len=982, chunk_size=1600)
Skipping probe: too short (len=632, chunk_size=1600)
Skipping probe: too short (len=670, chunk_size=1600)
Skipping probe: too short (len=886, chunk_size=1600)
Skipping probe: too short (len=1021, chunk_size=1600)
Skipping probe: too short (len=559, chunk_size=1600)
Skipping probe: too short (len=1563, chunk_size=1600)
Skipping probe: too short (len=1335, chunk_size=1600)
Skipping probe: too short (len=906, chunk_size=1600)
Skipping probe: too short (len=982, chunk_size=1600)
Skipping probe: too short (len=1450, chunk_size=1600)
Skipping probe: too short (len=1023, chunk_size=1600)
Skipping probe: too short (len=834, chunk_size=1600)
Skipping probe: too short (len=1506, chunk_size=1600)
Skipping probe: too short (len=1454, chunk_size=1600)
Skipping probe: too short (len=1349, chunk_size=1600)
Skipping probe: too short (len=670, chunk_size=1600)
Skipping probe: too short (len=886, chunk_size=1600)
Skipping probe: too short (len=1021, chunk_size=1600)
Skipping probe: too short (len=1266, chunk_size=1600)
Skipping probe: too short (len=632, chunk_size=1600)
[I 2026-03-01 04:04:35,318] Trial 98 pruned. 
Skipping probe: too short (len=1450, chunk_size=1600)
Skipping probe: too short (len=1266, chunk_size=1600)
Skipping probe: too short (len=559, chunk_size=1600)
Skipping probe: too short (len=1563, chunk_size=1600)
Skipping probe: too short (len=1335, chunk_size=1600)
Skipping probe: too short (len=906, chunk_size=1600)
Skipping probe: too short (len=834, chunk_size=1600)
Skipping probe: too short (len=1506, chunk_size=1600)
Skipping probe: too short (len=1023, chunk_size=1600)
Skipping probe: too short (len=1454, chunk_size=1600)
Skipping probe: too short (len=1349, chunk_size=1600)
Skipping probe: too short (len=982, chunk_size=1600)
Skipping probe: too short (len=670, chunk_size=1600)
Skipping probe: too short (len=886, chunk_size=1600)
Skipping probe: too short (len=632, chunk_size=1600)
Skipping probe: too short (len=1021, chunk_size=1600)
Skipping probe: too short (len=1454, chunk_size=1600)
Skipping probe: too short (len=1349, chunk_size=1600)
Skipping probe: too short (len=982, chunk_size=1600)
Skipping probe: too short (len=1023, chunk_size=1600)
Skipping probe: too short (len=670, chunk_size=1600)
Skipping probe: too short (len=886, chunk_size=1600)
Skipping probe: too short (len=559, chunk_size=1600)
Skipping probe: too short (len=1563, chunk_size=1600)
Skipping probe: too short (len=1335, chunk_size=1600)
Skipping probe: too short (len=906, chunk_size=1600)
Skipping probe: too short (len=834, chunk_size=1600)
Skipping probe: too short (len=1506, chunk_size=1600)
Skipping probe: too short (len=1450, chunk_size=1600)
Skipping probe: too short (len=1021, chunk_size=1600)
Skipping probe: too short (len=1266, chunk_size=1600)
Skipping probe: too short (len=632, chunk_size=1600)
[I 2026-03-01 04:57:47,017] Trial 99 pruned. 
{'chunk_seconds': 13, 'num_freqs': 10, 'num_estimators': 256, 'max_depth': 16, 'max_features': 0.34586961015293977, 'overlap': 0.6521889678903741, 'max_lag': 19}
Job finished at: Sun Mar  1 04:57:47 EST 2026
