uv version: uv 0.9.5
Running on host: gpu04.cluster
Job started at: Sun Feb 22 01:09:12 EST 2026
Running job ID: 725633
Loaded 58 files (2.86 GB) in 2.74 seconds.
Trial 0 F1s - Weighted: 0.6828 | Macro: 0.2040 | Micro: 0.7114

[I 2026-02-22 04:17:42,232] Trial 0 finished with value: 0.6827711387920637 and parameters: {'chunk_seconds': 5, 'num_freqs': 18, 'num_estimators': 256, 'max_depth': 128, 'max_features': 0.9964144622956544, 'overlap': 0.38120838286361985, 'max_lag': 8}. Best is trial 0 with value: 0.6827711387920637.
Trial 1 F1s - Weighted: 0.6440 | Macro: 0.2088 | Micro: 0.6700

[I 2026-02-22 05:42:05,323] Trial 1 finished with value: 0.6440100937837269 and parameters: {'chunk_seconds': 3, 'num_freqs': 4, 'num_estimators': 64, 'max_depth': 256, 'max_features': 0.6087205135027849, 'overlap': 0.7519647564463701, 'max_lag': 4}. Best is trial 0 with value: 0.6827711387920637.
Skipping probe: too short (len=670, chunk_size=800)
Skipping probe: too short (len=559, chunk_size=800)
Skipping probe: too short (len=632, chunk_size=800)
Skipping probe: too short (len=559, chunk_size=800)
Skipping probe: too short (len=670, chunk_size=800)
Skipping probe: too short (len=632, chunk_size=800)
Skipping probe: too short (len=559, chunk_size=800)
Skipping probe: too short (len=670, chunk_size=800)
Skipping probe: too short (len=632, chunk_size=800)
Skipping probe: too short (len=670, chunk_size=800)
Skipping probe: too short (len=632, chunk_size=800)
Skipping probe: too short (len=559, chunk_size=800)
Skipping probe: too short (len=559, chunk_size=800)
Skipping probe: too short (len=632, chunk_size=800)
Skipping probe: too short (len=670, chunk_size=800)
Trial 2 F1s - Weighted: 0.6577 | Macro: 0.1967 | Micro: 0.6751

[I 2026-02-22 06:01:30,254] Trial 2 finished with value: 0.6577084097502383 and parameters: {'chunk_seconds': 8, 'num_freqs': 3, 'num_estimators': 8, 'max_depth': 256, 'max_features': 0.8080718404570393, 'overlap': 0.7624715679805554, 'max_lag': 5}. Best is trial 0 with value: 0.6827711387920637.
Trial 3 F1s - Weighted: 0.5975 | Macro: 0.1804 | Micro: 0.5124

[I 2026-02-22 06:59:19,834] Trial 3 finished with value: 0.5974589859005517 and parameters: {'chunk_seconds': 3, 'num_freqs': 15, 'num_estimators': 128, 'max_depth': 8, 'max_features': 0.6318040457115501, 'overlap': 0.4358623711770709, 'max_lag': 7}. Best is trial 0 with value: 0.6827711387920637.
Skipping probe: too short (len=559, chunk_size=800)
Skipping probe: too short (len=670, chunk_size=800)
Skipping probe: too short (len=632, chunk_size=800)
Skipping probe: too short (len=559, chunk_size=800)
Skipping probe: too short (len=670, chunk_size=800)
Skipping probe: too short (len=632, chunk_size=800)
Skipping probe: too short (len=559, chunk_size=800)
Skipping probe: too short (len=670, chunk_size=800)
Skipping probe: too short (len=632, chunk_size=800)
Skipping probe: too short (len=670, chunk_size=800)
Skipping probe: too short (len=632, chunk_size=800)
Skipping probe: too short (len=559, chunk_size=800)
Skipping probe: too short (len=559, chunk_size=800)
Skipping probe: too short (len=632, chunk_size=800)
Skipping probe: too short (len=670, chunk_size=800)
Trial 4 F1s - Weighted: 0.7056 | Macro: 0.2061 | Micro: 0.7349

[I 2026-02-22 07:20:40,205] Trial 4 finished with value: 0.7055619818969895 and parameters: {'chunk_seconds': 8, 'num_freqs': 15, 'num_estimators': 32, 'max_depth': 128, 'max_features': 0.5599195844776478, 'overlap': 0.5534624890957129, 'max_lag': 8}. Best is trial 4 with value: 0.7055619818969895.
Trial 5 F1s - Weighted: 0.5883 | Macro: 0.1763 | Micro: 0.4995

[I 2026-02-22 08:43:57,940] Trial 5 finished with value: 0.588289979520916 and parameters: {'chunk_seconds': 2, 'num_freqs': 17, 'num_estimators': 64, 'max_depth': 8, 'max_features': 0.7326888442597435, 'overlap': 0.551410736691804, 'max_lag': 10}. Best is trial 4 with value: 0.7055619818969895.
Trial 6 F1s - Weighted: 0.6522 | Macro: 0.1970 | Micro: 0.6694

[I 2026-02-22 08:57:29,731] Trial 6 finished with value: 0.6521964991100607 and parameters: {'chunk_seconds': 5, 'num_freqs': 13, 'num_estimators': 8, 'max_depth': 32, 'max_features': 0.8767855783512377, 'overlap': 0.3227300875259926, 'max_lag': 5}. Best is trial 4 with value: 0.7055619818969895.
Trial 7 F1s - Weighted: 0.6629 | Macro: 0.2244 | Micro: 0.6445

[I 2026-02-22 10:34:28,299] Trial 7 finished with value: 0.6629386532086395 and parameters: {'chunk_seconds': 4, 'num_freqs': 6, 'num_estimators': 128, 'max_depth': 16, 'max_features': 0.9256751503951912, 'overlap': 0.6059721640744575, 'max_lag': 7}. Best is trial 4 with value: 0.7055619818969895.
Skipping probe: too short (len=559, chunk_size=600)
Skipping probe: too short (len=559, chunk_size=600)
Skipping probe: too short (len=559, chunk_size=600)
Skipping probe: too short (len=559, chunk_size=600)
Skipping probe: too short (len=559, chunk_size=600)
Trial 8 F1s - Weighted: 0.4996 | Macro: 0.1217 | Micro: 0.3897

[I 2026-02-22 11:05:02,491] Trial 8 finished with value: 0.4996105689361872 and parameters: {'chunk_seconds': 6, 'num_freqs': 20, 'num_estimators': 16, 'max_depth': 4, 'max_features': 0.5426771469370346, 'overlap': 0.7993074467277125, 'max_lag': 10}. Best is trial 4 with value: 0.7055619818969895.
Trial 9 F1s - Weighted: 0.4865 | Macro: 0.1145 | Micro: 0.3806

[I 2026-02-22 11:31:00,443] Trial 9 finished with value: 0.4865059784948304 and parameters: {'chunk_seconds': 4, 'num_freqs': 15, 'num_estimators': 64, 'max_depth': 4, 'max_features': 0.9924456128561417, 'overlap': 0.4207071568685159, 'max_lag': 7}. Best is trial 4 with value: 0.7055619818969895.
Skipping probe: too short (len=559, chunk_size=1000)
Skipping probe: too short (len=906, chunk_size=1000)
Skipping probe: too short (len=834, chunk_size=1000)
Skipping probe: too short (len=982, chunk_size=1000)
Skipping probe: too short (len=670, chunk_size=1000)
Skipping probe: too short (len=886, chunk_size=1000)
Skipping probe: too short (len=632, chunk_size=1000)
Skipping probe: too short (len=834, chunk_size=1000)
Skipping probe: too short (len=559, chunk_size=1000)
Skipping probe: too short (len=906, chunk_size=1000)
Skipping probe: too short (len=982, chunk_size=1000)
Skipping probe: too short (len=670, chunk_size=1000)
Skipping probe: too short (len=886, chunk_size=1000)
Skipping probe: too short (len=632, chunk_size=1000)
Skipping probe: too short (len=559, chunk_size=1000)
Skipping probe: too short (len=906, chunk_size=1000)
Skipping probe: too short (len=834, chunk_size=1000)
Skipping probe: too short (len=670, chunk_size=1000)
Skipping probe: too short (len=886, chunk_size=1000)
Skipping probe: too short (len=632, chunk_size=1000)
Skipping probe: too short (len=982, chunk_size=1000)
Skipping probe: too short (len=834, chunk_size=1000)
Skipping probe: too short (len=982, chunk_size=1000)
Skipping probe: too short (len=670, chunk_size=1000)
Skipping probe: too short (len=886, chunk_size=1000)
Skipping probe: too short (len=632, chunk_size=1000)
Skipping probe: too short (len=559, chunk_size=1000)
Skipping probe: too short (len=906, chunk_size=1000)
Skipping probe: too short (len=982, chunk_size=1000)
Skipping probe: too short (len=559, chunk_size=1000)
Skipping probe: too short (len=906, chunk_size=1000)
Skipping probe: too short (len=632, chunk_size=1000)
Skipping probe: too short (len=834, chunk_size=1000)
Skipping probe: too short (len=670, chunk_size=1000)
Skipping probe: too short (len=886, chunk_size=1000)
Trial 10 F1s - Weighted: 0.7019 | Macro: 0.2048 | Micro: 0.7299

[I 2026-02-22 11:49:21,649] Trial 10 finished with value: 0.70191742463092 and parameters: {'chunk_seconds': 10, 'num_freqs': 10, 'num_estimators': 32, 'max_depth': 128, 'max_features': 0.5034975567322804, 'overlap': 0.6127441182913548, 'max_lag': 9}. Best is trial 4 with value: 0.7055619818969895.
Skipping probe: too short (len=982, chunk_size=1000)
Skipping probe: too short (len=559, chunk_size=1000)
Skipping probe: too short (len=906, chunk_size=1000)
Skipping probe: too short (len=834, chunk_size=1000)
Skipping probe: too short (len=670, chunk_size=1000)
Skipping probe: too short (len=886, chunk_size=1000)
Skipping probe: too short (len=632, chunk_size=1000)
Skipping probe: too short (len=982, chunk_size=1000)
Skipping probe: too short (len=670, chunk_size=1000)
Skipping probe: too short (len=886, chunk_size=1000)
Skipping probe: too short (len=834, chunk_size=1000)
Skipping probe: too short (len=559, chunk_size=1000)
Skipping probe: too short (len=906, chunk_size=1000)
Skipping probe: too short (len=632, chunk_size=1000)
Skipping probe: too short (len=834, chunk_size=1000)
Skipping probe: too short (len=559, chunk_size=1000)
Skipping probe: too short (len=906, chunk_size=1000)
Skipping probe: too short (len=670, chunk_size=1000)
Skipping probe: too short (len=886, chunk_size=1000)
Skipping probe: too short (len=632, chunk_size=1000)
Skipping probe: too short (len=982, chunk_size=1000)
Skipping probe: too short (len=982, chunk_size=1000)
Skipping probe: too short (len=834, chunk_size=1000)
Skipping probe: too short (len=632, chunk_size=1000)
Skipping probe: too short (len=670, chunk_size=1000)
Skipping probe: too short (len=886, chunk_size=1000)
Skipping probe: too short (len=559, chunk_size=1000)
Skipping probe: too short (len=906, chunk_size=1000)
Skipping probe: too short (len=559, chunk_size=1000)
Skipping probe: too short (len=906, chunk_size=1000)
Skipping probe: too short (len=982, chunk_size=1000)
Skipping probe: too short (len=632, chunk_size=1000)
Skipping probe: too short (len=834, chunk_size=1000)
Skipping probe: too short (len=670, chunk_size=1000)
Skipping probe: too short (len=886, chunk_size=1000)
Trial 11 F1s - Weighted: 0.7114 | Macro: 0.2073 | Micro: 0.7398

[I 2026-02-22 12:08:19,653] Trial 11 finished with value: 0.7114387307470846 and parameters: {'chunk_seconds': 10, 'num_freqs': 9, 'num_estimators': 32, 'max_depth': 128, 'max_features': 0.5032742716062752, 'overlap': 0.6391246782292119, 'max_lag': 9}. Best is trial 11 with value: 0.7114387307470846.
Skipping probe: too short (len=834, chunk_size=1000)
Skipping probe: too short (len=982, chunk_size=1000)
Skipping probe: too short (len=559, chunk_size=1000)
Skipping probe: too short (len=906, chunk_size=1000)
Skipping probe: too short (len=670, chunk_size=1000)
Skipping probe: too short (len=886, chunk_size=1000)
Skipping probe: too short (len=632, chunk_size=1000)
Skipping probe: too short (len=559, chunk_size=1000)
Skipping probe: too short (len=906, chunk_size=1000)
Skipping probe: too short (len=834, chunk_size=1000)
Skipping probe: too short (len=982, chunk_size=1000)
Skipping probe: too short (len=670, chunk_size=1000)
Skipping probe: too short (len=886, chunk_size=1000)
Skipping probe: too short (len=632, chunk_size=1000)
Skipping probe: too short (len=834, chunk_size=1000)
Skipping probe: too short (len=559, chunk_size=1000)
Skipping probe: too short (len=906, chunk_size=1000)
Skipping probe: too short (len=632, chunk_size=1000)
Skipping probe: too short (len=670, chunk_size=1000)
Skipping probe: too short (len=886, chunk_size=1000)
Skipping probe: too short (len=982, chunk_size=1000)
Skipping probe: too short (len=834, chunk_size=1000)
Skipping probe: too short (len=982, chunk_size=1000)
Skipping probe: too short (len=670, chunk_size=1000)
Skipping probe: too short (len=886, chunk_size=1000)
Skipping probe: too short (len=632, chunk_size=1000)
Skipping probe: too short (len=559, chunk_size=1000)
Skipping probe: too short (len=906, chunk_size=1000)
Skipping probe: too short (len=559, chunk_size=1000)
Skipping probe: too short (len=906, chunk_size=1000)
Skipping probe: too short (len=982, chunk_size=1000)
Skipping probe: too short (len=632, chunk_size=1000)
Skipping probe: too short (len=834, chunk_size=1000)
Skipping probe: too short (len=670, chunk_size=1000)
Skipping probe: too short (len=886, chunk_size=1000)
Trial 12 F1s - Weighted: 0.7034 | Macro: 0.2070 | Micro: 0.7299

[I 2026-02-22 12:30:06,300] Trial 12 finished with value: 0.7034326407326786 and parameters: {'chunk_seconds': 10, 'num_freqs': 9, 'num_estimators': 32, 'max_depth': 64, 'max_features': 0.6349576127159215, 'overlap': 0.6585882169641666, 'max_lag': 9}. Best is trial 11 with value: 0.7114387307470846.
Skipping probe: too short (len=559, chunk_size=800)
Skipping probe: too short (len=670, chunk_size=800)
Skipping probe: too short (len=632, chunk_size=800)
Skipping probe: too short (len=559, chunk_size=800)
Skipping probe: too short (len=670, chunk_size=800)
Skipping probe: too short (len=632, chunk_size=800)
Skipping probe: too short (len=559, chunk_size=800)
Skipping probe: too short (len=670, chunk_size=800)
Skipping probe: too short (len=632, chunk_size=800)
Skipping probe: too short (len=632, chunk_size=800)
Skipping probe: too short (len=670, chunk_size=800)
Skipping probe: too short (len=559, chunk_size=800)
Skipping probe: too short (len=559, chunk_size=800)
Skipping probe: too short (len=632, chunk_size=800)
Skipping probe: too short (len=670, chunk_size=800)
Trial 13 F1s - Weighted: 0.6995 | Macro: 0.2065 | Micro: 0.7260

[I 2026-02-22 12:49:17,655] Trial 13 finished with value: 0.6994758031914083 and parameters: {'chunk_seconds': 8, 'num_freqs': 8, 'num_estimators': 32, 'max_depth': 128, 'max_features': 0.7151556054493808, 'overlap': 0.500216965290454, 'max_lag': 8}. Best is trial 11 with value: 0.7114387307470846.
Skipping probe: too short (len=559, chunk_size=800)
Skipping probe: too short (len=670, chunk_size=800)
Skipping probe: too short (len=632, chunk_size=800)
Skipping probe: too short (len=559, chunk_size=800)
Skipping probe: too short (len=670, chunk_size=800)
Skipping probe: too short (len=632, chunk_size=800)
Skipping probe: too short (len=559, chunk_size=800)
Skipping probe: too short (len=632, chunk_size=800)
Skipping probe: too short (len=670, chunk_size=800)
Skipping probe: too short (len=670, chunk_size=800)
Skipping probe: too short (len=632, chunk_size=800)
Skipping probe: too short (len=559, chunk_size=800)
Skipping probe: too short (len=559, chunk_size=800)
Skipping probe: too short (len=632, chunk_size=800)
Skipping probe: too short (len=670, chunk_size=800)
Trial 14 F1s - Weighted: 0.6996 | Macro: 0.2071 | Micro: 0.7281

[I 2026-02-22 13:16:24,588] Trial 14 finished with value: 0.6995601857945869 and parameters: {'chunk_seconds': 8, 'num_freqs': 12, 'num_estimators': 32, 'max_depth': 128, 'max_features': 0.5654460822715824, 'overlap': 0.6786590693158063, 'max_lag': 9}. Best is trial 11 with value: 0.7114387307470846.
Skipping probe: too short (len=834, chunk_size=900)
Skipping probe: too short (len=559, chunk_size=900)
Skipping probe: too short (len=632, chunk_size=900)
Skipping probe: too short (len=670, chunk_size=900)
Skipping probe: too short (len=886, chunk_size=900)
Skipping probe: too short (len=670, chunk_size=900)
Skipping probe: too short (len=886, chunk_size=900)
Skipping probe: too short (len=559, chunk_size=900)
Skipping probe: too short (len=834, chunk_size=900)
Skipping probe: too short (len=632, chunk_size=900)
Skipping probe: too short (len=834, chunk_size=900)
Skipping probe: too short (len=559, chunk_size=900)
Skipping probe: too short (len=670, chunk_size=900)
Skipping probe: too short (len=886, chunk_size=900)
Skipping probe: too short (len=632, chunk_size=900)
Skipping probe: too short (len=834, chunk_size=900)
Skipping probe: too short (len=670, chunk_size=900)
Skipping probe: too short (len=886, chunk_size=900)
Skipping probe: too short (len=632, chunk_size=900)
Skipping probe: too short (len=559, chunk_size=900)
Skipping probe: too short (len=559, chunk_size=900)
Skipping probe: too short (len=632, chunk_size=900)
Skipping probe: too short (len=834, chunk_size=900)
Skipping probe: too short (len=670, chunk_size=900)
Skipping probe: too short (len=886, chunk_size=900)
Trial 15 F1s - Weighted: 0.7014 | Macro: 0.2039 | Micro: 0.7297

[I 2026-02-22 13:32:41,096] Trial 15 finished with value: 0.7014190894393624 and parameters: {'chunk_seconds': 9, 'num_freqs': 13, 'num_estimators': 32, 'max_depth': 128, 'max_features': 0.5080506855875755, 'overlap': 0.5193395927986082, 'max_lag': 6}. Best is trial 11 with value: 0.7114387307470846.
Skipping probe: too short (len=559, chunk_size=700)
Skipping probe: too short (len=670, chunk_size=700)
Skipping probe: too short (len=632, chunk_size=700)
Skipping probe: too short (len=559, chunk_size=700)
Skipping probe: too short (len=670, chunk_size=700)
Skipping probe: too short (len=632, chunk_size=700)
Skipping probe: too short (len=670, chunk_size=700)
Skipping probe: too short (len=559, chunk_size=700)
Skipping probe: too short (len=632, chunk_size=700)
Skipping probe: too short (len=670, chunk_size=700)
Skipping probe: too short (len=632, chunk_size=700)
Skipping probe: too short (len=559, chunk_size=700)
Skipping probe: too short (len=559, chunk_size=700)
Skipping probe: too short (len=632, chunk_size=700)
Skipping probe: too short (len=670, chunk_size=700)
Trial 16 F1s - Weighted: 0.6952 | Macro: 0.2352 | Micro: 0.6815

[I 2026-02-22 13:49:52,386] Trial 16 finished with value: 0.6951822126729588 and parameters: {'chunk_seconds': 7, 'num_freqs': 7, 'num_estimators': 16, 'max_depth': 16, 'max_features': 0.6838030434709781, 'overlap': 0.6740030498976017, 'max_lag': 3}. Best is trial 11 with value: 0.7114387307470846.
Skipping probe: too short (len=559, chunk_size=900)
Skipping probe: too short (len=834, chunk_size=900)
Skipping probe: too short (len=670, chunk_size=900)
Skipping probe: too short (len=886, chunk_size=900)
Skipping probe: too short (len=632, chunk_size=900)
Skipping probe: too short (len=559, chunk_size=900)
Skipping probe: too short (len=834, chunk_size=900)
Skipping probe: too short (len=670, chunk_size=900)
Skipping probe: too short (len=886, chunk_size=900)
Skipping probe: too short (len=632, chunk_size=900)
Skipping probe: too short (len=670, chunk_size=900)
Skipping probe: too short (len=886, chunk_size=900)
Skipping probe: too short (len=559, chunk_size=900)
Skipping probe: too short (len=834, chunk_size=900)
Skipping probe: too short (len=632, chunk_size=900)
Skipping probe: too short (len=834, chunk_size=900)
Skipping probe: too short (len=632, chunk_size=900)
Skipping probe: too short (len=670, chunk_size=900)
Skipping probe: too short (len=886, chunk_size=900)
Skipping probe: too short (len=559, chunk_size=900)
Skipping probe: too short (len=559, chunk_size=900)
Skipping probe: too short (len=632, chunk_size=900)
Skipping probe: too short (len=834, chunk_size=900)
Skipping probe: too short (len=670, chunk_size=900)
Skipping probe: too short (len=886, chunk_size=900)
Trial 17 F1s - Weighted: 0.7032 | Macro: 0.2119 | Micro: 0.7289

[I 2026-02-22 14:41:22,371] Trial 17 finished with value: 0.7031698240186943 and parameters: {'chunk_seconds': 9, 'num_freqs': 1, 'num_estimators': 256, 'max_depth': 32, 'max_features': 0.5782700687979371, 'overlap': 0.5992620607413162, 'max_lag': 8}. Best is trial 11 with value: 0.7114387307470846.
Skipping probe: too short (len=559, chunk_size=700)
Skipping probe: too short (len=670, chunk_size=700)
Skipping probe: too short (len=632, chunk_size=700)
Skipping probe: too short (len=670, chunk_size=700)
Skipping probe: too short (len=559, chunk_size=700)
Skipping probe: too short (len=632, chunk_size=700)
Skipping probe: too short (len=559, chunk_size=700)
Skipping probe: too short (len=670, chunk_size=700)
Skipping probe: too short (len=632, chunk_size=700)
[I 2026-02-22 14:55:54,561] Trial 18 pruned. 
Skipping probe: too short (len=834, chunk_size=1000)
Skipping probe: too short (len=559, chunk_size=1000)
Skipping probe: too short (len=906, chunk_size=1000)
Skipping probe: too short (len=982, chunk_size=1000)
Skipping probe: too short (len=670, chunk_size=1000)
Skipping probe: too short (len=886, chunk_size=1000)
Skipping probe: too short (len=632, chunk_size=1000)
Skipping probe: too short (len=982, chunk_size=1000)
Skipping probe: too short (len=834, chunk_size=1000)
Skipping probe: too short (len=670, chunk_size=1000)
Skipping probe: too short (len=886, chunk_size=1000)
Skipping probe: too short (len=559, chunk_size=1000)
Skipping probe: too short (len=906, chunk_size=1000)
Skipping probe: too short (len=632, chunk_size=1000)
Skipping probe: too short (len=670, chunk_size=1000)
Skipping probe: too short (len=886, chunk_size=1000)
Skipping probe: too short (len=834, chunk_size=1000)
Skipping probe: too short (len=559, chunk_size=1000)
Skipping probe: too short (len=906, chunk_size=1000)
Skipping probe: too short (len=632, chunk_size=1000)
Skipping probe: too short (len=982, chunk_size=1000)
Skipping probe: too short (len=982, chunk_size=1000)
Skipping probe: too short (len=834, chunk_size=1000)
Skipping probe: too short (len=670, chunk_size=1000)
Skipping probe: too short (len=886, chunk_size=1000)
Skipping probe: too short (len=632, chunk_size=1000)
Skipping probe: too short (len=559, chunk_size=1000)
Skipping probe: too short (len=906, chunk_size=1000)
Skipping probe: too short (len=559, chunk_size=1000)
Skipping probe: too short (len=906, chunk_size=1000)
Skipping probe: too short (len=982, chunk_size=1000)
Skipping probe: too short (len=632, chunk_size=1000)
Skipping probe: too short (len=834, chunk_size=1000)
Skipping probe: too short (len=670, chunk_size=1000)
Skipping probe: too short (len=886, chunk_size=1000)
Trial 19 F1s - Weighted: 0.7058 | Macro: 0.2017 | Micro: 0.7339

[I 2026-02-22 15:15:11,316] Trial 19 finished with value: 0.7058374799871721 and parameters: {'chunk_seconds': 10, 'num_freqs': 16, 'num_estimators': 32, 'max_depth': 128, 'max_features': 0.675212934155391, 'overlap': 0.5625617644438737, 'max_lag': 6}. Best is trial 11 with value: 0.7114387307470846.
Skipping probe: too short (len=559, chunk_size=1000)
Skipping probe: too short (len=906, chunk_size=1000)
Skipping probe: too short (len=982, chunk_size=1000)
Skipping probe: too short (len=834, chunk_size=1000)
Skipping probe: too short (len=632, chunk_size=1000)
Skipping probe: too short (len=670, chunk_size=1000)
Skipping probe: too short (len=886, chunk_size=1000)
Skipping probe: too short (len=834, chunk_size=1000)
Skipping probe: too short (len=559, chunk_size=1000)
Skipping probe: too short (len=906, chunk_size=1000)
Skipping probe: too short (len=982, chunk_size=1000)
Skipping probe: too short (len=670, chunk_size=1000)
Skipping probe: too short (len=886, chunk_size=1000)
Skipping probe: too short (len=632, chunk_size=1000)
Skipping probe: too short (len=834, chunk_size=1000)
Skipping probe: too short (len=559, chunk_size=1000)
Skipping probe: too short (len=906, chunk_size=1000)
Skipping probe: too short (len=670, chunk_size=1000)
Skipping probe: too short (len=886, chunk_size=1000)
Skipping probe: too short (len=632, chunk_size=1000)
Skipping probe: too short (len=982, chunk_size=1000)
Skipping probe: too short (len=982, chunk_size=1000)
Skipping probe: too short (len=834, chunk_size=1000)
Skipping probe: too short (len=670, chunk_size=1000)
Skipping probe: too short (len=886, chunk_size=1000)
Skipping probe: too short (len=632, chunk_size=1000)
Skipping probe: too short (len=559, chunk_size=1000)
Skipping probe: too short (len=906, chunk_size=1000)
Skipping probe: too short (len=559, chunk_size=1000)
Skipping probe: too short (len=906, chunk_size=1000)
Skipping probe: too short (len=982, chunk_size=1000)
Skipping probe: too short (len=632, chunk_size=1000)
Skipping probe: too short (len=834, chunk_size=1000)
Skipping probe: too short (len=670, chunk_size=1000)
Skipping probe: too short (len=886, chunk_size=1000)
Trial 20 F1s - Weighted: 0.6971 | Macro: 0.2009 | Micro: 0.7252

[I 2026-02-22 15:44:57,086] Trial 20 finished with value: 0.6970892633739179 and parameters: {'chunk_seconds': 10, 'num_freqs': 20, 'num_estimators': 32, 'max_depth': 128, 'max_features': 0.6816366102350582, 'overlap': 0.7131124802209893, 'max_lag': 6}. Best is trial 11 with value: 0.7114387307470846.
Skipping probe: too short (len=559, chunk_size=900)
Skipping probe: too short (len=834, chunk_size=900)
Skipping probe: too short (len=670, chunk_size=900)
Skipping probe: too short (len=886, chunk_size=900)
Skipping probe: too short (len=632, chunk_size=900)
Skipping probe: too short (len=559, chunk_size=900)
Skipping probe: too short (len=834, chunk_size=900)
Skipping probe: too short (len=670, chunk_size=900)
Skipping probe: too short (len=886, chunk_size=900)
Skipping probe: too short (len=632, chunk_size=900)
Skipping probe: too short (len=559, chunk_size=900)
Skipping probe: too short (len=834, chunk_size=900)
Skipping probe: too short (len=670, chunk_size=900)
Skipping probe: too short (len=886, chunk_size=900)
Skipping probe: too short (len=632, chunk_size=900)
Skipping probe: too short (len=834, chunk_size=900)
Skipping probe: too short (len=670, chunk_size=900)
Skipping probe: too short (len=886, chunk_size=900)
Skipping probe: too short (len=632, chunk_size=900)
Skipping probe: too short (len=559, chunk_size=900)
Skipping probe: too short (len=559, chunk_size=900)
Skipping probe: too short (len=632, chunk_size=900)
Skipping probe: too short (len=834, chunk_size=900)
Skipping probe: too short (len=670, chunk_size=900)
Skipping probe: too short (len=886, chunk_size=900)
Trial 21 F1s - Weighted: 0.7054 | Macro: 0.2053 | Micro: 0.7345

[I 2026-02-22 16:04:46,501] Trial 21 finished with value: 0.7054070242284541 and parameters: {'chunk_seconds': 9, 'num_freqs': 15, 'num_estimators': 32, 'max_depth': 128, 'max_features': 0.5513570656658527, 'overlap': 0.5621652636337773, 'max_lag': 8}. Best is trial 11 with value: 0.7114387307470846.
Skipping probe: too short (len=982, chunk_size=1000)
Skipping probe: too short (len=559, chunk_size=1000)
Skipping probe: too short (len=906, chunk_size=1000)
Skipping probe: too short (len=834, chunk_size=1000)
Skipping probe: too short (len=670, chunk_size=1000)
Skipping probe: too short (len=886, chunk_size=1000)
Skipping probe: too short (len=632, chunk_size=1000)
Skipping probe: too short (len=559, chunk_size=1000)
Skipping probe: too short (len=906, chunk_size=1000)
Skipping probe: too short (len=982, chunk_size=1000)
Skipping probe: too short (len=834, chunk_size=1000)
Skipping probe: too short (len=670, chunk_size=1000)
Skipping probe: too short (len=886, chunk_size=1000)
Skipping probe: too short (len=632, chunk_size=1000)
Skipping probe: too short (len=559, chunk_size=1000)
Skipping probe: too short (len=906, chunk_size=1000)
Skipping probe: too short (len=670, chunk_size=1000)
Skipping probe: too short (len=886, chunk_size=1000)
Skipping probe: too short (len=834, chunk_size=1000)
Skipping probe: too short (len=632, chunk_size=1000)
Skipping probe: too short (len=982, chunk_size=1000)
Skipping probe: too short (len=834, chunk_size=1000)
Skipping probe: too short (len=982, chunk_size=1000)
Skipping probe: too short (len=670, chunk_size=1000)
Skipping probe: too short (len=886, chunk_size=1000)
Skipping probe: too short (len=632, chunk_size=1000)
Skipping probe: too short (len=559, chunk_size=1000)
Skipping probe: too short (len=906, chunk_size=1000)
Skipping probe: too short (len=559, chunk_size=1000)
Skipping probe: too short (len=906, chunk_size=1000)
Skipping probe: too short (len=982, chunk_size=1000)
Skipping probe: too short (len=632, chunk_size=1000)
Skipping probe: too short (len=834, chunk_size=1000)
Skipping probe: too short (len=670, chunk_size=1000)
Skipping probe: too short (len=886, chunk_size=1000)
Trial 22 F1s - Weighted: 0.7060 | Macro: 0.2054 | Micro: 0.7355

[I 2026-02-22 16:26:44,334] Trial 22 finished with value: 0.7060418531181561 and parameters: {'chunk_seconds': 10, 'num_freqs': 17, 'num_estimators': 32, 'max_depth': 128, 'max_features': 0.6050320349063372, 'overlap': 0.6413267977531891, 'max_lag': 6}. Best is trial 11 with value: 0.7114387307470846.
Skipping probe: too short (len=559, chunk_size=1000)
Skipping probe: too short (len=906, chunk_size=1000)
Skipping probe: too short (len=834, chunk_size=1000)
Skipping probe: too short (len=982, chunk_size=1000)
Skipping probe: too short (len=670, chunk_size=1000)
Skipping probe: too short (len=886, chunk_size=1000)
Skipping probe: too short (len=632, chunk_size=1000)
Skipping probe: too short (len=559, chunk_size=1000)
Skipping probe: too short (len=906, chunk_size=1000)
Skipping probe: too short (len=834, chunk_size=1000)
Skipping probe: too short (len=982, chunk_size=1000)
Skipping probe: too short (len=670, chunk_size=1000)
Skipping probe: too short (len=886, chunk_size=1000)
Skipping probe: too short (len=632, chunk_size=1000)
[I 2026-02-22 16:35:03,075] Trial 23 pruned. 
Skipping probe: too short (len=834, chunk_size=900)
Skipping probe: too short (len=559, chunk_size=900)
Skipping probe: too short (len=670, chunk_size=900)
Skipping probe: too short (len=886, chunk_size=900)
Skipping probe: too short (len=632, chunk_size=900)
Skipping probe: too short (len=559, chunk_size=900)
Skipping probe: too short (len=834, chunk_size=900)
Skipping probe: too short (len=670, chunk_size=900)
Skipping probe: too short (len=886, chunk_size=900)
Skipping probe: too short (len=632, chunk_size=900)
Skipping probe: too short (len=559, chunk_size=900)
Skipping probe: too short (len=834, chunk_size=900)
Skipping probe: too short (len=670, chunk_size=900)
Skipping probe: too short (len=886, chunk_size=900)
Skipping probe: too short (len=632, chunk_size=900)
Skipping probe: too short (len=834, chunk_size=900)
Skipping probe: too short (len=632, chunk_size=900)
Skipping probe: too short (len=670, chunk_size=900)
Skipping probe: too short (len=886, chunk_size=900)
Skipping probe: too short (len=559, chunk_size=900)
Skipping probe: too short (len=559, chunk_size=900)
Skipping probe: too short (len=632, chunk_size=900)
Skipping probe: too short (len=834, chunk_size=900)
Skipping probe: too short (len=670, chunk_size=900)
Skipping probe: too short (len=886, chunk_size=900)
Trial 24 F1s - Weighted: 0.7030 | Macro: 0.2065 | Micro: 0.7313

[I 2026-02-22 17:03:21,999] Trial 24 finished with value: 0.703019797331007 and parameters: {'chunk_seconds': 9, 'num_freqs': 17, 'num_estimators': 32, 'max_depth': 128, 'max_features': 0.598960238316427, 'overlap': 0.7096585781487675, 'max_lag': 6}. Best is trial 11 with value: 0.7114387307470846.
Skipping probe: too short (len=632, chunk_size=700)
Skipping probe: too short (len=559, chunk_size=700)
Skipping probe: too short (len=670, chunk_size=700)
Skipping probe: too short (len=559, chunk_size=700)
Skipping probe: too short (len=670, chunk_size=700)
Skipping probe: too short (len=632, chunk_size=700)
[I 2026-02-22 17:56:27,503] Trial 25 pruned. 
[I 2026-02-22 18:19:50,478] Trial 26 pruned. 
Skipping probe: too short (len=834, chunk_size=1000)
Skipping probe: too short (len=559, chunk_size=1000)
Skipping probe: too short (len=906, chunk_size=1000)
Skipping probe: too short (len=982, chunk_size=1000)
Skipping probe: too short (len=632, chunk_size=1000)
Skipping probe: too short (len=670, chunk_size=1000)
Skipping probe: too short (len=886, chunk_size=1000)
Skipping probe: too short (len=559, chunk_size=1000)
Skipping probe: too short (len=906, chunk_size=1000)
Skipping probe: too short (len=834, chunk_size=1000)
Skipping probe: too short (len=982, chunk_size=1000)
Skipping probe: too short (len=670, chunk_size=1000)
Skipping probe: too short (len=886, chunk_size=1000)
Skipping probe: too short (len=632, chunk_size=1000)
Skipping probe: too short (len=834, chunk_size=1000)
Skipping probe: too short (len=559, chunk_size=1000)
Skipping probe: too short (len=906, chunk_size=1000)
Skipping probe: too short (len=670, chunk_size=1000)
Skipping probe: too short (len=886, chunk_size=1000)
Skipping probe: too short (len=632, chunk_size=1000)
Skipping probe: too short (len=982, chunk_size=1000)
Skipping probe: too short (len=982, chunk_size=1000)
Skipping probe: too short (len=834, chunk_size=1000)
Skipping probe: too short (len=670, chunk_size=1000)
Skipping probe: too short (len=886, chunk_size=1000)
Skipping probe: too short (len=632, chunk_size=1000)
Skipping probe: too short (len=559, chunk_size=1000)
Skipping probe: too short (len=906, chunk_size=1000)
Skipping probe: too short (len=559, chunk_size=1000)
Skipping probe: too short (len=906, chunk_size=1000)
Skipping probe: too short (len=982, chunk_size=1000)
Skipping probe: too short (len=632, chunk_size=1000)
Skipping probe: too short (len=834, chunk_size=1000)
Skipping probe: too short (len=670, chunk_size=1000)
Skipping probe: too short (len=886, chunk_size=1000)
Trial 27 F1s - Weighted: 0.7096 | Macro: 0.2275 | Micro: 0.7049

[I 2026-02-22 18:46:33,239] Trial 27 finished with value: 0.7095871230625335 and parameters: {'chunk_seconds': 10, 'num_freqs': 10, 'num_estimators': 128, 'max_depth': 16, 'max_features': 0.698267593699644, 'overlap': 0.45480404612191555, 'max_lag': 4}. Best is trial 11 with value: 0.7114387307470846.
Skipping probe: too short (len=559, chunk_size=900)
Skipping probe: too short (len=834, chunk_size=900)
Skipping probe: too short (len=670, chunk_size=900)
Skipping probe: too short (len=886, chunk_size=900)
Skipping probe: too short (len=632, chunk_size=900)
Skipping probe: too short (len=559, chunk_size=900)
Skipping probe: too short (len=834, chunk_size=900)
Skipping probe: too short (len=670, chunk_size=900)
Skipping probe: too short (len=886, chunk_size=900)
Skipping probe: too short (len=632, chunk_size=900)
[I 2026-02-22 18:58:54,308] Trial 28 pruned. 
Skipping probe: too short (len=559, chunk_size=600)
Skipping probe: too short (len=559, chunk_size=600)
[I 2026-02-22 19:10:42,131] Trial 29 pruned. 
Skipping probe: too short (len=834, chunk_size=1000)
Skipping probe: too short (len=559, chunk_size=1000)
Skipping probe: too short (len=906, chunk_size=1000)
Skipping probe: too short (len=670, chunk_size=1000)
Skipping probe: too short (len=886, chunk_size=1000)
Skipping probe: too short (len=982, chunk_size=1000)
Skipping probe: too short (len=632, chunk_size=1000)
Skipping probe: too short (len=834, chunk_size=1000)
Skipping probe: too short (len=559, chunk_size=1000)
Skipping probe: too short (len=906, chunk_size=1000)
Skipping probe: too short (len=982, chunk_size=1000)
Skipping probe: too short (len=670, chunk_size=1000)
Skipping probe: too short (len=886, chunk_size=1000)
Skipping probe: too short (len=632, chunk_size=1000)
Skipping probe: too short (len=834, chunk_size=1000)
Skipping probe: too short (len=670, chunk_size=1000)
Skipping probe: too short (len=886, chunk_size=1000)
Skipping probe: too short (len=559, chunk_size=1000)
Skipping probe: too short (len=906, chunk_size=1000)
Skipping probe: too short (len=632, chunk_size=1000)
Skipping probe: too short (len=982, chunk_size=1000)
[I 2026-02-22 19:23:17,124] Trial 30 pruned. 
Skipping probe: too short (len=559, chunk_size=1000)
Skipping probe: too short (len=906, chunk_size=1000)
Skipping probe: too short (len=834, chunk_size=1000)
Skipping probe: too short (len=982, chunk_size=1000)
Skipping probe: too short (len=670, chunk_size=1000)
Skipping probe: too short (len=886, chunk_size=1000)
Skipping probe: too short (len=632, chunk_size=1000)
Skipping probe: too short (len=834, chunk_size=1000)
Skipping probe: too short (len=982, chunk_size=1000)
Skipping probe: too short (len=559, chunk_size=1000)
Skipping probe: too short (len=906, chunk_size=1000)
Skipping probe: too short (len=670, chunk_size=1000)
Skipping probe: too short (len=886, chunk_size=1000)
Skipping probe: too short (len=632, chunk_size=1000)
[I 2026-02-22 19:27:56,598] Trial 31 pruned. 
Skipping probe: too short (len=834, chunk_size=900)
Skipping probe: too short (len=559, chunk_size=900)
Skipping probe: too short (len=632, chunk_size=900)
Skipping probe: too short (len=670, chunk_size=900)
Skipping probe: too short (len=886, chunk_size=900)
Skipping probe: too short (len=834, chunk_size=900)
Skipping probe: too short (len=559, chunk_size=900)
Skipping probe: too short (len=670, chunk_size=900)
Skipping probe: too short (len=886, chunk_size=900)
Skipping probe: too short (len=632, chunk_size=900)
Skipping probe: too short (len=559, chunk_size=900)
Skipping probe: too short (len=834, chunk_size=900)
Skipping probe: too short (len=670, chunk_size=900)
Skipping probe: too short (len=886, chunk_size=900)
Skipping probe: too short (len=632, chunk_size=900)
Skipping probe: too short (len=834, chunk_size=900)
Skipping probe: too short (len=632, chunk_size=900)
Skipping probe: too short (len=670, chunk_size=900)
Skipping probe: too short (len=886, chunk_size=900)
Skipping probe: too short (len=559, chunk_size=900)
Skipping probe: too short (len=559, chunk_size=900)
Skipping probe: too short (len=632, chunk_size=900)
Skipping probe: too short (len=670, chunk_size=900)
Skipping probe: too short (len=886, chunk_size=900)
Skipping probe: too short (len=834, chunk_size=900)
Trial 32 F1s - Weighted: 0.7094 | Macro: 0.2054 | Micro: 0.7395

[I 2026-02-22 21:13:21,986] Trial 32 finished with value: 0.7094408234191654 and parameters: {'chunk_seconds': 9, 'num_freqs': 19, 'num_estimators': 256, 'max_depth': 256, 'max_features': 0.6444072931673457, 'overlap': 0.5844618452990321, 'max_lag': 7}. Best is trial 11 with value: 0.7114387307470846.
Skipping probe: too short (len=559, chunk_size=900)
Skipping probe: too short (len=834, chunk_size=900)
Skipping probe: too short (len=670, chunk_size=900)
Skipping probe: too short (len=886, chunk_size=900)
Skipping probe: too short (len=632, chunk_size=900)
Skipping probe: too short (len=834, chunk_size=900)
Skipping probe: too short (len=559, chunk_size=900)
Skipping probe: too short (len=670, chunk_size=900)
Skipping probe: too short (len=886, chunk_size=900)
Skipping probe: too short (len=632, chunk_size=900)
[I 2026-02-22 22:14:02,988] Trial 33 pruned. 
Skipping probe: too short (len=559, chunk_size=800)
Skipping probe: too short (len=632, chunk_size=800)
Skipping probe: too short (len=670, chunk_size=800)
Skipping probe: too short (len=559, chunk_size=800)
Skipping probe: too short (len=670, chunk_size=800)
Skipping probe: too short (len=632, chunk_size=800)
[I 2026-02-22 22:55:33,328] Trial 34 pruned. 
Skipping probe: too short (len=559, chunk_size=900)
Skipping probe: too short (len=834, chunk_size=900)
Skipping probe: too short (len=670, chunk_size=900)
Skipping probe: too short (len=886, chunk_size=900)
Skipping probe: too short (len=632, chunk_size=900)
Skipping probe: too short (len=834, chunk_size=900)
Skipping probe: too short (len=559, chunk_size=900)
Skipping probe: too short (len=670, chunk_size=900)
Skipping probe: too short (len=886, chunk_size=900)
Skipping probe: too short (len=632, chunk_size=900)
[I 2026-02-22 23:40:33,877] Trial 35 pruned. 
Skipping probe: too short (len=834, chunk_size=1000)
Skipping probe: too short (len=559, chunk_size=1000)
Skipping probe: too short (len=906, chunk_size=1000)
Skipping probe: too short (len=982, chunk_size=1000)
Skipping probe: too short (len=670, chunk_size=1000)
Skipping probe: too short (len=886, chunk_size=1000)
Skipping probe: too short (len=632, chunk_size=1000)
Skipping probe: too short (len=834, chunk_size=1000)
Skipping probe: too short (len=559, chunk_size=1000)
Skipping probe: too short (len=906, chunk_size=1000)
Skipping probe: too short (len=982, chunk_size=1000)
Skipping probe: too short (len=670, chunk_size=1000)
Skipping probe: too short (len=886, chunk_size=1000)
Skipping probe: too short (len=632, chunk_size=1000)
[I 2026-02-23 00:00:12,170] Trial 36 pruned. 
Skipping probe: too short (len=559, chunk_size=800)
Skipping probe: too short (len=632, chunk_size=800)
Skipping probe: too short (len=670, chunk_size=800)
Skipping probe: too short (len=559, chunk_size=800)
Skipping probe: too short (len=670, chunk_size=800)
Skipping probe: too short (len=632, chunk_size=800)
[I 2026-02-23 00:07:34,296] Trial 37 pruned. 
Skipping probe: too short (len=559, chunk_size=900)
Skipping probe: too short (len=834, chunk_size=900)
Skipping probe: too short (len=670, chunk_size=900)
Skipping probe: too short (len=886, chunk_size=900)
Skipping probe: too short (len=632, chunk_size=900)
Skipping probe: too short (len=834, chunk_size=900)
Skipping probe: too short (len=559, chunk_size=900)
Skipping probe: too short (len=670, chunk_size=900)
Skipping probe: too short (len=886, chunk_size=900)
Skipping probe: too short (len=632, chunk_size=900)
[I 2026-02-23 00:11:02,253] Trial 38 pruned. 
Skipping probe: too short (len=559, chunk_size=1000)
Skipping probe: too short (len=906, chunk_size=1000)
Skipping probe: too short (len=982, chunk_size=1000)
Skipping probe: too short (len=834, chunk_size=1000)
Skipping probe: too short (len=670, chunk_size=1000)
Skipping probe: too short (len=886, chunk_size=1000)
Skipping probe: too short (len=632, chunk_size=1000)
Skipping probe: too short (len=982, chunk_size=1000)
Skipping probe: too short (len=559, chunk_size=1000)
Skipping probe: too short (len=906, chunk_size=1000)
Skipping probe: too short (len=834, chunk_size=1000)
Skipping probe: too short (len=670, chunk_size=1000)
Skipping probe: too short (len=886, chunk_size=1000)
Skipping probe: too short (len=632, chunk_size=1000)
Skipping probe: too short (len=559, chunk_size=1000)
Skipping probe: too short (len=906, chunk_size=1000)
Skipping probe: too short (len=632, chunk_size=1000)
Skipping probe: too short (len=834, chunk_size=1000)
Skipping probe: too short (len=670, chunk_size=1000)
Skipping probe: too short (len=886, chunk_size=1000)
Skipping probe: too short (len=982, chunk_size=1000)
Skipping probe: too short (len=834, chunk_size=1000)
Skipping probe: too short (len=982, chunk_size=1000)
Skipping probe: too short (len=670, chunk_size=1000)
Skipping probe: too short (len=886, chunk_size=1000)
Skipping probe: too short (len=632, chunk_size=1000)
Skipping probe: too short (len=559, chunk_size=1000)
Skipping probe: too short (len=906, chunk_size=1000)
Skipping probe: too short (len=559, chunk_size=1000)
Skipping probe: too short (len=906, chunk_size=1000)
Skipping probe: too short (len=982, chunk_size=1000)
Skipping probe: too short (len=632, chunk_size=1000)
Skipping probe: too short (len=834, chunk_size=1000)
Skipping probe: too short (len=670, chunk_size=1000)
Skipping probe: too short (len=886, chunk_size=1000)
Trial 39 F1s - Weighted: 0.7093 | Macro: 0.2059 | Micro: 0.7365

[I 2026-02-23 01:32:59,202] Trial 39 finished with value: 0.7092796505241983 and parameters: {'chunk_seconds': 10, 'num_freqs': 11, 'num_estimators': 256, 'max_depth': 256, 'max_features': 0.8337710003344725, 'overlap': 0.5308769601211465, 'max_lag': 8}. Best is trial 11 with value: 0.7114387307470846.
Skipping probe: too short (len=559, chunk_size=700)
Skipping probe: too short (len=670, chunk_size=700)
Skipping probe: too short (len=632, chunk_size=700)
Skipping probe: too short (len=670, chunk_size=700)
Skipping probe: too short (len=559, chunk_size=700)
Skipping probe: too short (len=632, chunk_size=700)
[I 2026-02-23 02:11:43,440] Trial 40 pruned. 
Skipping probe: too short (len=834, chunk_size=1000)
Skipping probe: too short (len=982, chunk_size=1000)
Skipping probe: too short (len=559, chunk_size=1000)
Skipping probe: too short (len=906, chunk_size=1000)
Skipping probe: too short (len=670, chunk_size=1000)
Skipping probe: too short (len=886, chunk_size=1000)
Skipping probe: too short (len=632, chunk_size=1000)
Skipping probe: too short (len=559, chunk_size=1000)
Skipping probe: too short (len=906, chunk_size=1000)
Skipping probe: too short (len=982, chunk_size=1000)
Skipping probe: too short (len=834, chunk_size=1000)
Skipping probe: too short (len=670, chunk_size=1000)
Skipping probe: too short (len=886, chunk_size=1000)
Skipping probe: too short (len=632, chunk_size=1000)
[I 2026-02-23 02:55:30,288] Trial 41 pruned. 
Skipping probe: too short (len=559, chunk_size=1000)
Skipping probe: too short (len=906, chunk_size=1000)
Skipping probe: too short (len=834, chunk_size=1000)
Skipping probe: too short (len=982, chunk_size=1000)
Skipping probe: too short (len=670, chunk_size=1000)
Skipping probe: too short (len=886, chunk_size=1000)
Skipping probe: too short (len=632, chunk_size=1000)
Skipping probe: too short (len=559, chunk_size=1000)
Skipping probe: too short (len=906, chunk_size=1000)
Skipping probe: too short (len=834, chunk_size=1000)
Skipping probe: too short (len=982, chunk_size=1000)
Skipping probe: too short (len=670, chunk_size=1000)
Skipping probe: too short (len=886, chunk_size=1000)
Skipping probe: too short (len=632, chunk_size=1000)
[I 2026-02-23 03:05:24,153] Trial 42 pruned. 
Skipping probe: too short (len=559, chunk_size=900)
Skipping probe: too short (len=834, chunk_size=900)
Skipping probe: too short (len=670, chunk_size=900)
Skipping probe: too short (len=886, chunk_size=900)
Skipping probe: too short (len=632, chunk_size=900)
Skipping probe: too short (len=559, chunk_size=900)
Skipping probe: too short (len=834, chunk_size=900)
Skipping probe: too short (len=670, chunk_size=900)
Skipping probe: too short (len=886, chunk_size=900)
Skipping probe: too short (len=632, chunk_size=900)
[I 2026-02-23 03:27:02,074] Trial 43 pruned. 
Skipping probe: too short (len=982, chunk_size=1000)
Skipping probe: too short (len=834, chunk_size=1000)
Skipping probe: too short (len=559, chunk_size=1000)
Skipping probe: too short (len=906, chunk_size=1000)
Skipping probe: too short (len=670, chunk_size=1000)
Skipping probe: too short (len=886, chunk_size=1000)
Skipping probe: too short (len=632, chunk_size=1000)
Skipping probe: too short (len=559, chunk_size=1000)
Skipping probe: too short (len=906, chunk_size=1000)
Skipping probe: too short (len=982, chunk_size=1000)
Skipping probe: too short (len=834, chunk_size=1000)
Skipping probe: too short (len=670, chunk_size=1000)
Skipping probe: too short (len=886, chunk_size=1000)
Skipping probe: too short (len=632, chunk_size=1000)
[I 2026-02-23 03:33:56,692] Trial 44 pruned. 
[I 2026-02-23 04:30:50,079] Trial 45 pruned. 
Skipping probe: too short (len=559, chunk_size=800)
Skipping probe: too short (len=670, chunk_size=800)
Skipping probe: too short (len=632, chunk_size=800)
Skipping probe: too short (len=559, chunk_size=800)
Skipping probe: too short (len=670, chunk_size=800)
Skipping probe: too short (len=632, chunk_size=800)
[I 2026-02-23 04:39:11,147] Trial 46 pruned. 
Skipping probe: too short (len=834, chunk_size=1000)
Skipping probe: too short (len=559, chunk_size=1000)
Skipping probe: too short (len=906, chunk_size=1000)
Skipping probe: too short (len=982, chunk_size=1000)
Skipping probe: too short (len=670, chunk_size=1000)
Skipping probe: too short (len=886, chunk_size=1000)
Skipping probe: too short (len=632, chunk_size=1000)
Skipping probe: too short (len=834, chunk_size=1000)
Skipping probe: too short (len=559, chunk_size=1000)
Skipping probe: too short (len=906, chunk_size=1000)
Skipping probe: too short (len=982, chunk_size=1000)
Skipping probe: too short (len=670, chunk_size=1000)
Skipping probe: too short (len=886, chunk_size=1000)
Skipping probe: too short (len=632, chunk_size=1000)
[I 2026-02-23 04:44:24,362] Trial 47 pruned. 
Skipping probe: too short (len=834, chunk_size=900)
Skipping probe: too short (len=559, chunk_size=900)
Skipping probe: too short (len=670, chunk_size=900)
Skipping probe: too short (len=886, chunk_size=900)
Skipping probe: too short (len=632, chunk_size=900)
Skipping probe: too short (len=834, chunk_size=900)
Skipping probe: too short (len=559, chunk_size=900)
Skipping probe: too short (len=670, chunk_size=900)
Skipping probe: too short (len=886, chunk_size=900)
Skipping probe: too short (len=632, chunk_size=900)
Skipping probe: too short (len=834, chunk_size=900)
Skipping probe: too short (len=559, chunk_size=900)
Skipping probe: too short (len=670, chunk_size=900)
Skipping probe: too short (len=886, chunk_size=900)
Skipping probe: too short (len=632, chunk_size=900)
Skipping probe: too short (len=834, chunk_size=900)
Skipping probe: too short (len=632, chunk_size=900)
Skipping probe: too short (len=670, chunk_size=900)
Skipping probe: too short (len=886, chunk_size=900)
Skipping probe: too short (len=559, chunk_size=900)
Skipping probe: too short (len=559, chunk_size=900)
Skipping probe: too short (len=632, chunk_size=900)
Skipping probe: too short (len=834, chunk_size=900)
Skipping probe: too short (len=670, chunk_size=900)
Skipping probe: too short (len=886, chunk_size=900)
Trial 48 F1s - Weighted: 0.7159 | Macro: 0.2109 | Micro: 0.7430

[I 2026-02-23 05:16:52,408] Trial 48 finished with value: 0.7159420436048508 and parameters: {'chunk_seconds': 9, 'num_freqs': 10, 'num_estimators': 128, 'max_depth': 32, 'max_features': 0.5546751344739631, 'overlap': 0.47787211126294354, 'max_lag': 8}. Best is trial 48 with value: 0.7159420436048508.
Skipping probe: too short (len=670, chunk_size=800)
Skipping probe: too short (len=559, chunk_size=800)
Skipping probe: too short (len=632, chunk_size=800)
Skipping probe: too short (len=559, chunk_size=800)
Skipping probe: too short (len=670, chunk_size=800)
Skipping probe: too short (len=632, chunk_size=800)
Skipping probe: too short (len=559, chunk_size=800)
Skipping probe: too short (len=670, chunk_size=800)
Skipping probe: too short (len=632, chunk_size=800)
Skipping probe: too short (len=670, chunk_size=800)
Skipping probe: too short (len=632, chunk_size=800)
Skipping probe: too short (len=559, chunk_size=800)
Skipping probe: too short (len=559, chunk_size=800)
Skipping probe: too short (len=632, chunk_size=800)
Skipping probe: too short (len=670, chunk_size=800)
Trial 49 F1s - Weighted: 0.7069 | Macro: 0.2116 | Micro: 0.7351

[I 2026-02-23 05:49:06,519] Trial 49 finished with value: 0.70686869073018 and parameters: {'chunk_seconds': 8, 'num_freqs': 10, 'num_estimators': 128, 'max_depth': 32, 'max_features': 0.5702742545098497, 'overlap': 0.39388181457032523, 'max_lag': 8}. Best is trial 48 with value: 0.7159420436048508.
Skipping probe: too short (len=834, chunk_size=900)
Skipping probe: too short (len=559, chunk_size=900)
Skipping probe: too short (len=670, chunk_size=900)
Skipping probe: too short (len=886, chunk_size=900)
Skipping probe: too short (len=632, chunk_size=900)
Skipping probe: too short (len=559, chunk_size=900)
Skipping probe: too short (len=834, chunk_size=900)
Skipping probe: too short (len=670, chunk_size=900)
Skipping probe: too short (len=886, chunk_size=900)
Skipping probe: too short (len=632, chunk_size=900)
Skipping probe: too short (len=834, chunk_size=900)
Skipping probe: too short (len=559, chunk_size=900)
Skipping probe: too short (len=670, chunk_size=900)
Skipping probe: too short (len=886, chunk_size=900)
Skipping probe: too short (len=632, chunk_size=900)
Skipping probe: too short (len=834, chunk_size=900)
Skipping probe: too short (len=670, chunk_size=900)
Skipping probe: too short (len=886, chunk_size=900)
Skipping probe: too short (len=632, chunk_size=900)
Skipping probe: too short (len=559, chunk_size=900)
Skipping probe: too short (len=559, chunk_size=900)
Skipping probe: too short (len=632, chunk_size=900)
Skipping probe: too short (len=834, chunk_size=900)
Skipping probe: too short (len=670, chunk_size=900)
Skipping probe: too short (len=886, chunk_size=900)
Trial 50 F1s - Weighted: 0.7113 | Macro: 0.2125 | Micro: 0.7389

[I 2026-02-23 06:17:40,375] Trial 50 finished with value: 0.7113328496890824 and parameters: {'chunk_seconds': 9, 'num_freqs': 7, 'num_estimators': 128, 'max_depth': 32, 'max_features': 0.5327141084352559, 'overlap': 0.4540119685010738, 'max_lag': 9}. Best is trial 48 with value: 0.7159420436048508.
Skipping probe: too short (len=834, chunk_size=900)
Skipping probe: too short (len=559, chunk_size=900)
Skipping probe: too short (len=670, chunk_size=900)
Skipping probe: too short (len=886, chunk_size=900)
Skipping probe: too short (len=632, chunk_size=900)
Skipping probe: too short (len=559, chunk_size=900)
Skipping probe: too short (len=834, chunk_size=900)
Skipping probe: too short (len=670, chunk_size=900)
Skipping probe: too short (len=886, chunk_size=900)
Skipping probe: too short (len=632, chunk_size=900)
Skipping probe: too short (len=834, chunk_size=900)
Skipping probe: too short (len=559, chunk_size=900)
Skipping probe: too short (len=670, chunk_size=900)
Skipping probe: too short (len=886, chunk_size=900)
Skipping probe: too short (len=632, chunk_size=900)
Skipping probe: too short (len=670, chunk_size=900)
Skipping probe: too short (len=886, chunk_size=900)
Skipping probe: too short (len=834, chunk_size=900)
Skipping probe: too short (len=632, chunk_size=900)
Skipping probe: too short (len=559, chunk_size=900)
Skipping probe: too short (len=559, chunk_size=900)
Skipping probe: too short (len=632, chunk_size=900)
Skipping probe: too short (len=834, chunk_size=900)
Skipping probe: too short (len=670, chunk_size=900)
Skipping probe: too short (len=886, chunk_size=900)
Trial 51 F1s - Weighted: 0.7122 | Macro: 0.2105 | Micro: 0.7413

[I 2026-02-23 06:45:00,220] Trial 51 finished with value: 0.7121683173948232 and parameters: {'chunk_seconds': 9, 'num_freqs': 7, 'num_estimators': 128, 'max_depth': 32, 'max_features': 0.505246514508618, 'overlap': 0.4523539105132406, 'max_lag': 9}. Best is trial 48 with value: 0.7159420436048508.
Skipping probe: too short (len=559, chunk_size=900)
Skipping probe: too short (len=834, chunk_size=900)
Skipping probe: too short (len=670, chunk_size=900)
Skipping probe: too short (len=886, chunk_size=900)
Skipping probe: too short (len=632, chunk_size=900)
Skipping probe: too short (len=559, chunk_size=900)
Skipping probe: too short (len=834, chunk_size=900)
Skipping probe: too short (len=670, chunk_size=900)
Skipping probe: too short (len=886, chunk_size=900)
Skipping probe: too short (len=632, chunk_size=900)
Skipping probe: too short (len=559, chunk_size=900)
Skipping probe: too short (len=834, chunk_size=900)
Skipping probe: too short (len=670, chunk_size=900)
Skipping probe: too short (len=886, chunk_size=900)
Skipping probe: too short (len=632, chunk_size=900)
Skipping probe: too short (len=834, chunk_size=900)
Skipping probe: too short (len=632, chunk_size=900)
Skipping probe: too short (len=670, chunk_size=900)
Skipping probe: too short (len=886, chunk_size=900)
Skipping probe: too short (len=559, chunk_size=900)
Skipping probe: too short (len=559, chunk_size=900)
Skipping probe: too short (len=632, chunk_size=900)
Skipping probe: too short (len=834, chunk_size=900)
Skipping probe: too short (len=670, chunk_size=900)
Skipping probe: too short (len=886, chunk_size=900)
Trial 52 F1s - Weighted: 0.7108 | Macro: 0.2120 | Micro: 0.7378

[I 2026-02-23 07:12:12,917] Trial 52 finished with value: 0.7108161300344115 and parameters: {'chunk_seconds': 9, 'num_freqs': 6, 'num_estimators': 128, 'max_depth': 32, 'max_features': 0.5154266908435982, 'overlap': 0.44967977557727545, 'max_lag': 9}. Best is trial 48 with value: 0.7159420436048508.
Skipping probe: too short (len=559, chunk_size=900)
Skipping probe: too short (len=834, chunk_size=900)
Skipping probe: too short (len=670, chunk_size=900)
Skipping probe: too short (len=886, chunk_size=900)
Skipping probe: too short (len=632, chunk_size=900)
Skipping probe: too short (len=559, chunk_size=900)
Skipping probe: too short (len=834, chunk_size=900)
Skipping probe: too short (len=670, chunk_size=900)
Skipping probe: too short (len=886, chunk_size=900)
Skipping probe: too short (len=632, chunk_size=900)
Skipping probe: too short (len=834, chunk_size=900)
Skipping probe: too short (len=559, chunk_size=900)
Skipping probe: too short (len=670, chunk_size=900)
Skipping probe: too short (len=886, chunk_size=900)
Skipping probe: too short (len=632, chunk_size=900)
Skipping probe: too short (len=834, chunk_size=900)
Skipping probe: too short (len=670, chunk_size=900)
Skipping probe: too short (len=886, chunk_size=900)
Skipping probe: too short (len=632, chunk_size=900)
Skipping probe: too short (len=559, chunk_size=900)
Skipping probe: too short (len=559, chunk_size=900)
Skipping probe: too short (len=632, chunk_size=900)
Skipping probe: too short (len=834, chunk_size=900)
Skipping probe: too short (len=670, chunk_size=900)
Skipping probe: too short (len=886, chunk_size=900)
Trial 53 F1s - Weighted: 0.7130 | Macro: 0.2092 | Micro: 0.7407

[I 2026-02-23 07:38:35,251] Trial 53 finished with value: 0.7130385003875993 and parameters: {'chunk_seconds': 9, 'num_freqs': 6, 'num_estimators': 128, 'max_depth': 32, 'max_features': 0.5036907250647711, 'overlap': 0.41551564345450903, 'max_lag': 10}. Best is trial 48 with value: 0.7159420436048508.
Skipping probe: too short (len=670, chunk_size=800)
Skipping probe: too short (len=559, chunk_size=800)
Skipping probe: too short (len=632, chunk_size=800)
Skipping probe: too short (len=559, chunk_size=800)
Skipping probe: too short (len=670, chunk_size=800)
Skipping probe: too short (len=632, chunk_size=800)
Skipping probe: too short (len=559, chunk_size=800)
Skipping probe: too short (len=670, chunk_size=800)
Skipping probe: too short (len=632, chunk_size=800)
Skipping probe: too short (len=670, chunk_size=800)
Skipping probe: too short (len=632, chunk_size=800)
Skipping probe: too short (len=559, chunk_size=800)
Skipping probe: too short (len=559, chunk_size=800)
Skipping probe: too short (len=632, chunk_size=800)
Skipping probe: too short (len=670, chunk_size=800)
Trial 54 F1s - Weighted: 0.7077 | Macro: 0.2107 | Micro: 0.7370

[I 2026-02-23 08:04:59,411] Trial 54 finished with value: 0.7076515223924068 and parameters: {'chunk_seconds': 8, 'num_freqs': 6, 'num_estimators': 128, 'max_depth': 32, 'max_features': 0.5120785963942289, 'overlap': 0.35601437366957595, 'max_lag': 10}. Best is trial 48 with value: 0.7159420436048508.
Skipping probe: too short (len=834, chunk_size=900)
Skipping probe: too short (len=559, chunk_size=900)
Skipping probe: too short (len=670, chunk_size=900)
Skipping probe: too short (len=886, chunk_size=900)
Skipping probe: too short (len=632, chunk_size=900)
Skipping probe: too short (len=559, chunk_size=900)
Skipping probe: too short (len=834, chunk_size=900)
Skipping probe: too short (len=670, chunk_size=900)
Skipping probe: too short (len=886, chunk_size=900)
Skipping probe: too short (len=632, chunk_size=900)
Skipping probe: too short (len=834, chunk_size=900)
Skipping probe: too short (len=559, chunk_size=900)
Skipping probe: too short (len=670, chunk_size=900)
Skipping probe: too short (len=886, chunk_size=900)
Skipping probe: too short (len=632, chunk_size=900)
Skipping probe: too short (len=834, chunk_size=900)
Skipping probe: too short (len=670, chunk_size=900)
Skipping probe: too short (len=886, chunk_size=900)
Skipping probe: too short (len=632, chunk_size=900)
Skipping probe: too short (len=559, chunk_size=900)
Skipping probe: too short (len=559, chunk_size=900)
Skipping probe: too short (len=632, chunk_size=900)
Skipping probe: too short (len=670, chunk_size=900)
Skipping probe: too short (len=886, chunk_size=900)
Skipping probe: too short (len=834, chunk_size=900)
Trial 55 F1s - Weighted: 0.7097 | Macro: 0.2090 | Micro: 0.7373

[I 2026-02-23 08:36:13,233] Trial 55 finished with value: 0.709734709263062 and parameters: {'chunk_seconds': 9, 'num_freqs': 7, 'num_estimators': 128, 'max_depth': 32, 'max_features': 0.5401215110711907, 'overlap': 0.48808720871140704, 'max_lag': 9}. Best is trial 48 with value: 0.7159420436048508.
Skipping probe: too short (len=559, chunk_size=800)
Skipping probe: too short (len=670, chunk_size=800)
Skipping probe: too short (len=632, chunk_size=800)
Skipping probe: too short (len=559, chunk_size=800)
Skipping probe: too short (len=670, chunk_size=800)
Skipping probe: too short (len=632, chunk_size=800)
Skipping probe: too short (len=559, chunk_size=800)
Skipping probe: too short (len=670, chunk_size=800)
Skipping probe: too short (len=632, chunk_size=800)
Skipping probe: too short (len=670, chunk_size=800)
Skipping probe: too short (len=632, chunk_size=800)
Skipping probe: too short (len=559, chunk_size=800)
Skipping probe: too short (len=559, chunk_size=800)
Skipping probe: too short (len=632, chunk_size=800)
Skipping probe: too short (len=670, chunk_size=800)
Trial 56 F1s - Weighted: 0.7056 | Macro: 0.2105 | Micro: 0.7339

[I 2026-02-23 09:05:12,381] Trial 56 finished with value: 0.7056130863825371 and parameters: {'chunk_seconds': 8, 'num_freqs': 6, 'num_estimators': 128, 'max_depth': 32, 'max_features': 0.503197463632837, 'overlap': 0.4150386229119951, 'max_lag': 10}. Best is trial 48 with value: 0.7159420436048508.
Skipping probe: too short (len=670, chunk_size=700)
Skipping probe: too short (len=559, chunk_size=700)
Skipping probe: too short (len=632, chunk_size=700)
Skipping probe: too short (len=559, chunk_size=700)
Skipping probe: too short (len=670, chunk_size=700)
Skipping probe: too short (len=632, chunk_size=700)
[I 2026-02-23 09:17:47,418] Trial 57 pruned. 
Skipping probe: too short (len=834, chunk_size=900)
Skipping probe: too short (len=559, chunk_size=900)
Skipping probe: too short (len=670, chunk_size=900)
Skipping probe: too short (len=886, chunk_size=900)
Skipping probe: too short (len=632, chunk_size=900)
Skipping probe: too short (len=559, chunk_size=900)
Skipping probe: too short (len=834, chunk_size=900)
Skipping probe: too short (len=670, chunk_size=900)
Skipping probe: too short (len=886, chunk_size=900)
Skipping probe: too short (len=632, chunk_size=900)
Skipping probe: too short (len=834, chunk_size=900)
Skipping probe: too short (len=559, chunk_size=900)
Skipping probe: too short (len=670, chunk_size=900)
Skipping probe: too short (len=886, chunk_size=900)
Skipping probe: too short (len=632, chunk_size=900)
[I 2026-02-23 09:32:47,636] Trial 58 pruned. 
[I 2026-02-23 09:48:29,684] Trial 59 pruned. 
Skipping probe: too short (len=559, chunk_size=600)
Skipping probe: too short (len=559, chunk_size=600)
Skipping probe: too short (len=559, chunk_size=600)
[I 2026-02-23 10:07:21,096] Trial 60 pruned. 
Skipping probe: too short (len=559, chunk_size=900)
Skipping probe: too short (len=834, chunk_size=900)
Skipping probe: too short (len=670, chunk_size=900)
Skipping probe: too short (len=886, chunk_size=900)
Skipping probe: too short (len=632, chunk_size=900)
Skipping probe: too short (len=559, chunk_size=900)
Skipping probe: too short (len=834, chunk_size=900)
Skipping probe: too short (len=670, chunk_size=900)
Skipping probe: too short (len=886, chunk_size=900)
Skipping probe: too short (len=632, chunk_size=900)
Skipping probe: too short (len=834, chunk_size=900)
Skipping probe: too short (len=559, chunk_size=900)
Skipping probe: too short (len=670, chunk_size=900)
Skipping probe: too short (len=886, chunk_size=900)
Skipping probe: too short (len=632, chunk_size=900)
Skipping probe: too short (len=834, chunk_size=900)
Skipping probe: too short (len=670, chunk_size=900)
Skipping probe: too short (len=886, chunk_size=900)
Skipping probe: too short (len=632, chunk_size=900)
Skipping probe: too short (len=559, chunk_size=900)
Skipping probe: too short (len=559, chunk_size=900)
Skipping probe: too short (len=632, chunk_size=900)
Skipping probe: too short (len=834, chunk_size=900)
Skipping probe: too short (len=670, chunk_size=900)
Skipping probe: too short (len=886, chunk_size=900)
Trial 61 F1s - Weighted: 0.7143 | Macro: 0.2118 | Micro: 0.7415

[I 2026-02-23 10:37:48,539] Trial 61 finished with value: 0.7143297326598657 and parameters: {'chunk_seconds': 9, 'num_freqs': 7, 'num_estimators': 128, 'max_depth': 32, 'max_features': 0.5453335401318287, 'overlap': 0.4812370747344379, 'max_lag': 9}. Best is trial 48 with value: 0.7159420436048508.
Skipping probe: too short (len=834, chunk_size=900)
Skipping probe: too short (len=559, chunk_size=900)
Skipping probe: too short (len=670, chunk_size=900)
Skipping probe: too short (len=886, chunk_size=900)
Skipping probe: too short (len=632, chunk_size=900)
Skipping probe: too short (len=559, chunk_size=900)
Skipping probe: too short (len=834, chunk_size=900)
Skipping probe: too short (len=670, chunk_size=900)
Skipping probe: too short (len=886, chunk_size=900)
Skipping probe: too short (len=632, chunk_size=900)
Skipping probe: too short (len=834, chunk_size=900)
Skipping probe: too short (len=670, chunk_size=900)
Skipping probe: too short (len=886, chunk_size=900)
Skipping probe: too short (len=559, chunk_size=900)
Skipping probe: too short (len=632, chunk_size=900)
Skipping probe: too short (len=834, chunk_size=900)
Skipping probe: too short (len=670, chunk_size=900)
Skipping probe: too short (len=886, chunk_size=900)
Skipping probe: too short (len=632, chunk_size=900)
Skipping probe: too short (len=559, chunk_size=900)
Skipping probe: too short (len=559, chunk_size=900)
Skipping probe: too short (len=632, chunk_size=900)
Skipping probe: too short (len=834, chunk_size=900)
Skipping probe: too short (len=670, chunk_size=900)
Skipping probe: too short (len=886, chunk_size=900)
Trial 62 F1s - Weighted: 0.7110 | Macro: 0.2095 | Micro: 0.7396

[I 2026-02-23 11:08:10,773] Trial 62 finished with value: 0.7110344646864099 and parameters: {'chunk_seconds': 9, 'num_freqs': 6, 'num_estimators': 128, 'max_depth': 32, 'max_features': 0.5575120219870275, 'overlap': 0.48766994155333193, 'max_lag': 9}. Best is trial 48 with value: 0.7159420436048508.
Skipping probe: too short (len=559, chunk_size=800)
Skipping probe: too short (len=632, chunk_size=800)
Skipping probe: too short (len=670, chunk_size=800)
Skipping probe: too short (len=559, chunk_size=800)
Skipping probe: too short (len=670, chunk_size=800)
Skipping probe: too short (len=632, chunk_size=800)
[I 2026-02-23 11:22:32,678] Trial 63 pruned. 
Skipping probe: too short (len=559, chunk_size=900)
Skipping probe: too short (len=834, chunk_size=900)
Skipping probe: too short (len=670, chunk_size=900)
Skipping probe: too short (len=886, chunk_size=900)
Skipping probe: too short (len=632, chunk_size=900)
Skipping probe: too short (len=834, chunk_size=900)
Skipping probe: too short (len=559, chunk_size=900)
Skipping probe: too short (len=670, chunk_size=900)
Skipping probe: too short (len=886, chunk_size=900)
Skipping probe: too short (len=632, chunk_size=900)
[I 2026-02-23 11:34:20,213] Trial 64 pruned. 
Skipping probe: too short (len=559, chunk_size=900)
Skipping probe: too short (len=834, chunk_size=900)
Skipping probe: too short (len=670, chunk_size=900)
Skipping probe: too short (len=886, chunk_size=900)
Skipping probe: too short (len=632, chunk_size=900)
Skipping probe: too short (len=559, chunk_size=900)
Skipping probe: too short (len=834, chunk_size=900)
Skipping probe: too short (len=670, chunk_size=900)
Skipping probe: too short (len=886, chunk_size=900)
Skipping probe: too short (len=632, chunk_size=900)
Skipping probe: too short (len=834, chunk_size=900)
Skipping probe: too short (len=559, chunk_size=900)
Skipping probe: too short (len=670, chunk_size=900)
Skipping probe: too short (len=886, chunk_size=900)
Skipping probe: too short (len=632, chunk_size=900)
Skipping probe: too short (len=834, chunk_size=900)
Skipping probe: too short (len=670, chunk_size=900)
Skipping probe: too short (len=886, chunk_size=900)
Skipping probe: too short (len=632, chunk_size=900)
Skipping probe: too short (len=559, chunk_size=900)
Skipping probe: too short (len=559, chunk_size=900)
Skipping probe: too short (len=632, chunk_size=900)
Skipping probe: too short (len=834, chunk_size=900)
Skipping probe: too short (len=670, chunk_size=900)
Skipping probe: too short (len=886, chunk_size=900)
Trial 65 F1s - Weighted: 0.7105 | Macro: 0.2104 | Micro: 0.7380

[I 2026-02-23 12:05:20,312] Trial 65 finished with value: 0.7104845101702791 and parameters: {'chunk_seconds': 9, 'num_freqs': 7, 'num_estimators': 128, 'max_depth': 32, 'max_features': 0.5400912936501617, 'overlap': 0.48287414061546163, 'max_lag': 10}. Best is trial 48 with value: 0.7159420436048508.
[I 2026-02-23 12:47:51,066] Trial 66 pruned. 
Skipping probe: too short (len=559, chunk_size=900)
Skipping probe: too short (len=670, chunk_size=900)
Skipping probe: too short (len=886, chunk_size=900)
Skipping probe: too short (len=834, chunk_size=900)
Skipping probe: too short (len=632, chunk_size=900)
Skipping probe: too short (len=834, chunk_size=900)
Skipping probe: too short (len=559, chunk_size=900)
Skipping probe: too short (len=670, chunk_size=900)
Skipping probe: too short (len=886, chunk_size=900)
Skipping probe: too short (len=632, chunk_size=900)
Skipping probe: too short (len=834, chunk_size=900)
Skipping probe: too short (len=559, chunk_size=900)
Skipping probe: too short (len=670, chunk_size=900)
Skipping probe: too short (len=886, chunk_size=900)
Skipping probe: too short (len=632, chunk_size=900)
Skipping probe: too short (len=834, chunk_size=900)
Skipping probe: too short (len=670, chunk_size=900)
Skipping probe: too short (len=886, chunk_size=900)
Skipping probe: too short (len=632, chunk_size=900)
Skipping probe: too short (len=559, chunk_size=900)
Skipping probe: too short (len=559, chunk_size=900)
Skipping probe: too short (len=632, chunk_size=900)
Skipping probe: too short (len=834, chunk_size=900)
Skipping probe: too short (len=670, chunk_size=900)
Skipping probe: too short (len=886, chunk_size=900)
Trial 67 F1s - Weighted: 0.7072 | Macro: 0.2069 | Micro: 0.7367

[I 2026-02-23 13:15:57,975] Trial 67 finished with value: 0.7071894852581647 and parameters: {'chunk_seconds': 9, 'num_freqs': 6, 'num_estimators': 128, 'max_depth': 64, 'max_features': 0.5264233125407722, 'overlap': 0.43561172195171644, 'max_lag': 10}. Best is trial 48 with value: 0.7159420436048508.
Skipping probe: too short (len=559, chunk_size=800)
Skipping probe: too short (len=670, chunk_size=800)
Skipping probe: too short (len=632, chunk_size=800)
Skipping probe: too short (len=559, chunk_size=800)
Skipping probe: too short (len=670, chunk_size=800)
Skipping probe: too short (len=632, chunk_size=800)
Skipping probe: too short (len=559, chunk_size=800)
Skipping probe: too short (len=632, chunk_size=800)
Skipping probe: too short (len=670, chunk_size=800)
[I 2026-02-23 13:36:19,736] Trial 68 pruned. 
[I 2026-02-23 14:28:57,080] Trial 69 pruned. 
Skipping probe: too short (len=559, chunk_size=700)
Skipping probe: too short (len=632, chunk_size=700)
Skipping probe: too short (len=670, chunk_size=700)
Skipping probe: too short (len=559, chunk_size=700)
Skipping probe: too short (len=670, chunk_size=700)
Skipping probe: too short (len=632, chunk_size=700)
[I 2026-02-23 14:33:47,093] Trial 70 pruned. 
Skipping probe: too short (len=834, chunk_size=900)
Skipping probe: too short (len=559, chunk_size=900)
Skipping probe: too short (len=632, chunk_size=900)
Skipping probe: too short (len=670, chunk_size=900)
Skipping probe: too short (len=886, chunk_size=900)
Skipping probe: too short (len=834, chunk_size=900)
Skipping probe: too short (len=559, chunk_size=900)
Skipping probe: too short (len=670, chunk_size=900)
Skipping probe: too short (len=886, chunk_size=900)
Skipping probe: too short (len=632, chunk_size=900)
Skipping probe: too short (len=834, chunk_size=900)
Skipping probe: too short (len=559, chunk_size=900)
Skipping probe: too short (len=632, chunk_size=900)
Skipping probe: too short (len=670, chunk_size=900)
Skipping probe: too short (len=886, chunk_size=900)
Skipping probe: too short (len=834, chunk_size=900)
Skipping probe: too short (len=670, chunk_size=900)
Skipping probe: too short (len=886, chunk_size=900)
Skipping probe: too short (len=632, chunk_size=900)
Skipping probe: too short (len=559, chunk_size=900)
Skipping probe: too short (len=559, chunk_size=900)
Skipping probe: too short (len=632, chunk_size=900)
Skipping probe: too short (len=834, chunk_size=900)
Skipping probe: too short (len=670, chunk_size=900)
Skipping probe: too short (len=886, chunk_size=900)
Trial 71 F1s - Weighted: 0.7144 | Macro: 0.2100 | Micro: 0.7415

[I 2026-02-23 15:00:50,292] Trial 71 finished with value: 0.7144023486094554 and parameters: {'chunk_seconds': 9, 'num_freqs': 6, 'num_estimators': 128, 'max_depth': 32, 'max_features': 0.5150025568381568, 'overlap': 0.4468369377976504, 'max_lag': 9}. Best is trial 48 with value: 0.7159420436048508.
Skipping probe: too short (len=834, chunk_size=900)
Skipping probe: too short (len=559, chunk_size=900)
Skipping probe: too short (len=670, chunk_size=900)
Skipping probe: too short (len=886, chunk_size=900)
Skipping probe: too short (len=632, chunk_size=900)
Skipping probe: too short (len=834, chunk_size=900)
Skipping probe: too short (len=559, chunk_size=900)
Skipping probe: too short (len=670, chunk_size=900)
Skipping probe: too short (len=886, chunk_size=900)
Skipping probe: too short (len=632, chunk_size=900)
Skipping probe: too short (len=834, chunk_size=900)
Skipping probe: too short (len=559, chunk_size=900)
Skipping probe: too short (len=670, chunk_size=900)
Skipping probe: too short (len=886, chunk_size=900)
Skipping probe: too short (len=632, chunk_size=900)
Skipping probe: too short (len=834, chunk_size=900)
Skipping probe: too short (len=670, chunk_size=900)
Skipping probe: too short (len=886, chunk_size=900)
Skipping probe: too short (len=632, chunk_size=900)
Skipping probe: too short (len=559, chunk_size=900)
Skipping probe: too short (len=559, chunk_size=900)
Skipping probe: too short (len=632, chunk_size=900)
Skipping probe: too short (len=834, chunk_size=900)
Skipping probe: too short (len=670, chunk_size=900)
Skipping probe: too short (len=886, chunk_size=900)
Trial 72 F1s - Weighted: 0.7068 | Macro: 0.2077 | Micro: 0.7341

[I 2026-02-23 15:32:06,513] Trial 72 finished with value: 0.7068110498841222 and parameters: {'chunk_seconds': 9, 'num_freqs': 6, 'num_estimators': 128, 'max_depth': 32, 'max_features': 0.54601390532415, 'overlap': 0.5131904660351699, 'max_lag': 9}. Best is trial 48 with value: 0.7159420436048508.
Skipping probe: too short (len=834, chunk_size=900)
Skipping probe: too short (len=559, chunk_size=900)
Skipping probe: too short (len=670, chunk_size=900)
Skipping probe: too short (len=886, chunk_size=900)
Skipping probe: too short (len=632, chunk_size=900)
Skipping probe: too short (len=559, chunk_size=900)
Skipping probe: too short (len=670, chunk_size=900)
Skipping probe: too short (len=886, chunk_size=900)
Skipping probe: too short (len=834, chunk_size=900)
Skipping probe: too short (len=632, chunk_size=900)
Skipping probe: too short (len=834, chunk_size=900)
Skipping probe: too short (len=559, chunk_size=900)
Skipping probe: too short (len=670, chunk_size=900)
Skipping probe: too short (len=886, chunk_size=900)
Skipping probe: too short (len=632, chunk_size=900)
Skipping probe: too short (len=834, chunk_size=900)
Skipping probe: too short (len=670, chunk_size=900)
Skipping probe: too short (len=886, chunk_size=900)
Skipping probe: too short (len=632, chunk_size=900)
Skipping probe: too short (len=559, chunk_size=900)
Skipping probe: too short (len=559, chunk_size=900)
Skipping probe: too short (len=632, chunk_size=900)
Skipping probe: too short (len=834, chunk_size=900)
Skipping probe: too short (len=670, chunk_size=900)
Skipping probe: too short (len=886, chunk_size=900)
Trial 73 F1s - Weighted: 0.7128 | Macro: 0.2111 | Micro: 0.7409

[I 2026-02-23 16:02:30,201] Trial 73 finished with value: 0.7128259215282015 and parameters: {'chunk_seconds': 9, 'num_freqs': 7, 'num_estimators': 128, 'max_depth': 32, 'max_features': 0.5195181803765433, 'overlap': 0.4903940929161276, 'max_lag': 10}. Best is trial 48 with value: 0.7159420436048508.
Skipping probe: too short (len=559, chunk_size=1000)
Skipping probe: too short (len=906, chunk_size=1000)
Skipping probe: too short (len=982, chunk_size=1000)
Skipping probe: too short (len=834, chunk_size=1000)
Skipping probe: too short (len=670, chunk_size=1000)
Skipping probe: too short (len=886, chunk_size=1000)
Skipping probe: too short (len=632, chunk_size=1000)
Skipping probe: too short (len=982, chunk_size=1000)
Skipping probe: too short (len=834, chunk_size=1000)
Skipping probe: too short (len=559, chunk_size=1000)
Skipping probe: too short (len=906, chunk_size=1000)
Skipping probe: too short (len=670, chunk_size=1000)
Skipping probe: too short (len=886, chunk_size=1000)
Skipping probe: too short (len=632, chunk_size=1000)
Skipping probe: too short (len=834, chunk_size=1000)
Skipping probe: too short (len=559, chunk_size=1000)
Skipping probe: too short (len=906, chunk_size=1000)
Skipping probe: too short (len=670, chunk_size=1000)
Skipping probe: too short (len=886, chunk_size=1000)
Skipping probe: too short (len=632, chunk_size=1000)
Skipping probe: too short (len=982, chunk_size=1000)
Skipping probe: too short (len=982, chunk_size=1000)
Skipping probe: too short (len=834, chunk_size=1000)
Skipping probe: too short (len=632, chunk_size=1000)
Skipping probe: too short (len=670, chunk_size=1000)
Skipping probe: too short (len=886, chunk_size=1000)
Skipping probe: too short (len=559, chunk_size=1000)
Skipping probe: too short (len=906, chunk_size=1000)
Skipping probe: too short (len=982, chunk_size=1000)
Skipping probe: too short (len=559, chunk_size=1000)
Skipping probe: too short (len=906, chunk_size=1000)
Skipping probe: too short (len=632, chunk_size=1000)
Skipping probe: too short (len=834, chunk_size=1000)
Skipping probe: too short (len=670, chunk_size=1000)
Skipping probe: too short (len=886, chunk_size=1000)
Trial 74 F1s - Weighted: 0.7106 | Macro: 0.2082 | Micro: 0.7377

[I 2026-02-23 16:27:36,921] Trial 74 finished with value: 0.7105975330226161 and parameters: {'chunk_seconds': 10, 'num_freqs': 7, 'num_estimators': 128, 'max_depth': 32, 'max_features': 0.5178213708382914, 'overlap': 0.4301073783364618, 'max_lag': 10}. Best is trial 48 with value: 0.7159420436048508.
Skipping probe: too short (len=559, chunk_size=900)
Skipping probe: too short (len=834, chunk_size=900)
Skipping probe: too short (len=670, chunk_size=900)
Skipping probe: too short (len=886, chunk_size=900)
Skipping probe: too short (len=632, chunk_size=900)
Skipping probe: too short (len=834, chunk_size=900)
Skipping probe: too short (len=559, chunk_size=900)
Skipping probe: too short (len=670, chunk_size=900)
Skipping probe: too short (len=886, chunk_size=900)
Skipping probe: too short (len=632, chunk_size=900)
[I 2026-02-23 16:32:20,534] Trial 75 pruned. 
Skipping probe: too short (len=559, chunk_size=800)
Skipping probe: too short (len=670, chunk_size=800)
Skipping probe: too short (len=632, chunk_size=800)
Skipping probe: too short (len=559, chunk_size=800)
Skipping probe: too short (len=670, chunk_size=800)
Skipping probe: too short (len=632, chunk_size=800)
Skipping probe: too short (len=559, chunk_size=800)
Skipping probe: too short (len=670, chunk_size=800)
Skipping probe: too short (len=632, chunk_size=800)
Skipping probe: too short (len=670, chunk_size=800)
Skipping probe: too short (len=632, chunk_size=800)
Skipping probe: too short (len=559, chunk_size=800)
Skipping probe: too short (len=559, chunk_size=800)
Skipping probe: too short (len=632, chunk_size=800)
Skipping probe: too short (len=670, chunk_size=800)
Trial 76 F1s - Weighted: 0.7111 | Macro: 0.2112 | Micro: 0.7383

[I 2026-02-23 17:06:17,501] Trial 76 finished with value: 0.711123965149915 and parameters: {'chunk_seconds': 8, 'num_freqs': 9, 'num_estimators': 128, 'max_depth': 32, 'max_features': 0.5298139033539548, 'overlap': 0.43719925914742086, 'max_lag': 10}. Best is trial 48 with value: 0.7159420436048508.
Skipping probe: too short (len=834, chunk_size=1000)
Skipping probe: too short (len=982, chunk_size=1000)
Skipping probe: too short (len=559, chunk_size=1000)
Skipping probe: too short (len=906, chunk_size=1000)
Skipping probe: too short (len=670, chunk_size=1000)
Skipping probe: too short (len=886, chunk_size=1000)
Skipping probe: too short (len=632, chunk_size=1000)
Skipping probe: too short (len=559, chunk_size=1000)
Skipping probe: too short (len=906, chunk_size=1000)
Skipping probe: too short (len=834, chunk_size=1000)
Skipping probe: too short (len=982, chunk_size=1000)
Skipping probe: too short (len=670, chunk_size=1000)
Skipping probe: too short (len=886, chunk_size=1000)
Skipping probe: too short (len=632, chunk_size=1000)
Skipping probe: too short (len=670, chunk_size=1000)
Skipping probe: too short (len=886, chunk_size=1000)
Skipping probe: too short (len=559, chunk_size=1000)
Skipping probe: too short (len=906, chunk_size=1000)
Skipping probe: too short (len=834, chunk_size=1000)
Skipping probe: too short (len=632, chunk_size=1000)
Skipping probe: too short (len=982, chunk_size=1000)
Skipping probe: too short (len=834, chunk_size=1000)
Skipping probe: too short (len=982, chunk_size=1000)
Skipping probe: too short (len=632, chunk_size=1000)
Skipping probe: too short (len=670, chunk_size=1000)
Skipping probe: too short (len=886, chunk_size=1000)
Skipping probe: too short (len=559, chunk_size=1000)
Skipping probe: too short (len=906, chunk_size=1000)
Skipping probe: too short (len=982, chunk_size=1000)
Skipping probe: too short (len=559, chunk_size=1000)
Skipping probe: too short (len=906, chunk_size=1000)
Skipping probe: too short (len=632, chunk_size=1000)
Skipping probe: too short (len=834, chunk_size=1000)
Skipping probe: too short (len=670, chunk_size=1000)
Skipping probe: too short (len=886, chunk_size=1000)
Trial 77 F1s - Weighted: 0.7108 | Macro: 0.2101 | Micro: 0.7381

[I 2026-02-23 17:26:36,781] Trial 77 finished with value: 0.7107606482855298 and parameters: {'chunk_seconds': 10, 'num_freqs': 3, 'num_estimators': 128, 'max_depth': 64, 'max_features': 0.5173049239616527, 'overlap': 0.37134109599784937, 'max_lag': 9}. Best is trial 48 with value: 0.7159420436048508.
Skipping probe: too short (len=834, chunk_size=900)
Skipping probe: too short (len=559, chunk_size=900)
Skipping probe: too short (len=670, chunk_size=900)
Skipping probe: too short (len=886, chunk_size=900)
Skipping probe: too short (len=632, chunk_size=900)
Skipping probe: too short (len=834, chunk_size=900)
Skipping probe: too short (len=670, chunk_size=900)
Skipping probe: too short (len=886, chunk_size=900)
Skipping probe: too short (len=559, chunk_size=900)
Skipping probe: too short (len=632, chunk_size=900)
[I 2026-02-23 17:30:39,505] Trial 78 pruned. 
Skipping probe: too short (len=834, chunk_size=1000)
Skipping probe: too short (len=982, chunk_size=1000)
Skipping probe: too short (len=559, chunk_size=1000)
Skipping probe: too short (len=906, chunk_size=1000)
Skipping probe: too short (len=670, chunk_size=1000)
Skipping probe: too short (len=886, chunk_size=1000)
Skipping probe: too short (len=632, chunk_size=1000)
Skipping probe: too short (len=834, chunk_size=1000)
Skipping probe: too short (len=982, chunk_size=1000)
Skipping probe: too short (len=559, chunk_size=1000)
Skipping probe: too short (len=906, chunk_size=1000)
Skipping probe: too short (len=670, chunk_size=1000)
Skipping probe: too short (len=886, chunk_size=1000)
Skipping probe: too short (len=632, chunk_size=1000)
[I 2026-02-23 17:34:27,296] Trial 79 pruned. 
Skipping probe: too short (len=559, chunk_size=800)
Skipping probe: too short (len=670, chunk_size=800)
Skipping probe: too short (len=632, chunk_size=800)
Skipping probe: too short (len=559, chunk_size=800)
Skipping probe: too short (len=670, chunk_size=800)
Skipping probe: too short (len=632, chunk_size=800)
Skipping probe: too short (len=559, chunk_size=800)
Skipping probe: too short (len=670, chunk_size=800)
Skipping probe: too short (len=632, chunk_size=800)
Skipping probe: too short (len=670, chunk_size=800)
Skipping probe: too short (len=632, chunk_size=800)
Skipping probe: too short (len=559, chunk_size=800)
Skipping probe: too short (len=559, chunk_size=800)
Skipping probe: too short (len=632, chunk_size=800)
Skipping probe: too short (len=670, chunk_size=800)
Trial 80 F1s - Weighted: 0.7065 | Macro: 0.2078 | Micro: 0.7355

[I 2026-02-23 18:08:25,651] Trial 80 finished with value: 0.7064579538697984 and parameters: {'chunk_seconds': 8, 'num_freqs': 8, 'num_estimators': 128, 'max_depth': 128, 'max_features': 0.5305752376770452, 'overlap': 0.49566915556600977, 'max_lag': 8}. Best is trial 48 with value: 0.7159420436048508.
Skipping probe: too short (len=834, chunk_size=900)
Skipping probe: too short (len=559, chunk_size=900)
Skipping probe: too short (len=670, chunk_size=900)
Skipping probe: too short (len=886, chunk_size=900)
Skipping probe: too short (len=632, chunk_size=900)
Skipping probe: too short (len=559, chunk_size=900)
Skipping probe: too short (len=834, chunk_size=900)
Skipping probe: too short (len=670, chunk_size=900)
Skipping probe: too short (len=886, chunk_size=900)
Skipping probe: too short (len=632, chunk_size=900)
Skipping probe: too short (len=834, chunk_size=900)
Skipping probe: too short (len=559, chunk_size=900)
Skipping probe: too short (len=670, chunk_size=900)
Skipping probe: too short (len=886, chunk_size=900)
Skipping probe: too short (len=632, chunk_size=900)
Skipping probe: too short (len=834, chunk_size=900)
Skipping probe: too short (len=670, chunk_size=900)
Skipping probe: too short (len=886, chunk_size=900)
Skipping probe: too short (len=632, chunk_size=900)
Skipping probe: too short (len=559, chunk_size=900)
Skipping probe: too short (len=559, chunk_size=900)
Skipping probe: too short (len=632, chunk_size=900)
Skipping probe: too short (len=834, chunk_size=900)
Skipping probe: too short (len=670, chunk_size=900)
Skipping probe: too short (len=886, chunk_size=900)
Trial 81 F1s - Weighted: 0.7145 | Macro: 0.2112 | Micro: 0.7416

[I 2026-02-23 18:39:17,907] Trial 81 finished with value: 0.7144907703190488 and parameters: {'chunk_seconds': 9, 'num_freqs': 9, 'num_estimators': 128, 'max_depth': 32, 'max_features': 0.5290171870144078, 'overlap': 0.44995332984988934, 'max_lag': 10}. Best is trial 48 with value: 0.7159420436048508.
Skipping probe: too short (len=559, chunk_size=900)
Skipping probe: too short (len=834, chunk_size=900)
Skipping probe: too short (len=670, chunk_size=900)
Skipping probe: too short (len=886, chunk_size=900)
Skipping probe: too short (len=632, chunk_size=900)
Skipping probe: too short (len=559, chunk_size=900)
Skipping probe: too short (len=834, chunk_size=900)
Skipping probe: too short (len=670, chunk_size=900)
Skipping probe: too short (len=886, chunk_size=900)
Skipping probe: too short (len=632, chunk_size=900)
Skipping probe: too short (len=834, chunk_size=900)
Skipping probe: too short (len=559, chunk_size=900)
Skipping probe: too short (len=670, chunk_size=900)
Skipping probe: too short (len=886, chunk_size=900)
Skipping probe: too short (len=632, chunk_size=900)
Skipping probe: too short (len=834, chunk_size=900)
Skipping probe: too short (len=670, chunk_size=900)
Skipping probe: too short (len=886, chunk_size=900)
Skipping probe: too short (len=632, chunk_size=900)
Skipping probe: too short (len=559, chunk_size=900)
Skipping probe: too short (len=559, chunk_size=900)
Skipping probe: too short (len=632, chunk_size=900)
Skipping probe: too short (len=834, chunk_size=900)
Skipping probe: too short (len=670, chunk_size=900)
Skipping probe: too short (len=886, chunk_size=900)
Trial 82 F1s - Weighted: 0.7094 | Macro: 0.2077 | Micro: 0.7379

[I 2026-02-23 19:05:50,719] Trial 82 finished with value: 0.7093940209877513 and parameters: {'chunk_seconds': 9, 'num_freqs': 7, 'num_estimators': 128, 'max_depth': 32, 'max_features': 0.513209315074278, 'overlap': 0.40513911984916917, 'max_lag': 10}. Best is trial 48 with value: 0.7159420436048508.
Skipping probe: too short (len=559, chunk_size=900)
Skipping probe: too short (len=834, chunk_size=900)
Skipping probe: too short (len=632, chunk_size=900)
Skipping probe: too short (len=670, chunk_size=900)
Skipping probe: too short (len=886, chunk_size=900)
Skipping probe: too short (len=559, chunk_size=900)
Skipping probe: too short (len=834, chunk_size=900)
Skipping probe: too short (len=670, chunk_size=900)
Skipping probe: too short (len=886, chunk_size=900)
Skipping probe: too short (len=632, chunk_size=900)
Skipping probe: too short (len=834, chunk_size=900)
Skipping probe: too short (len=559, chunk_size=900)
Skipping probe: too short (len=670, chunk_size=900)
Skipping probe: too short (len=886, chunk_size=900)
Skipping probe: too short (len=632, chunk_size=900)
Skipping probe: too short (len=834, chunk_size=900)
Skipping probe: too short (len=632, chunk_size=900)
Skipping probe: too short (len=670, chunk_size=900)
Skipping probe: too short (len=886, chunk_size=900)
Skipping probe: too short (len=559, chunk_size=900)
Skipping probe: too short (len=559, chunk_size=900)
Skipping probe: too short (len=632, chunk_size=900)
Skipping probe: too short (len=834, chunk_size=900)
Skipping probe: too short (len=670, chunk_size=900)
Skipping probe: too short (len=886, chunk_size=900)
Trial 83 F1s - Weighted: 0.7152 | Macro: 0.2119 | Micro: 0.7425

[I 2026-02-23 19:39:06,024] Trial 83 finished with value: 0.7152296158038932 and parameters: {'chunk_seconds': 9, 'num_freqs': 11, 'num_estimators': 128, 'max_depth': 32, 'max_features': 0.5452673405503725, 'overlap': 0.44150679689976435, 'max_lag': 10}. Best is trial 48 with value: 0.7159420436048508.
Skipping probe: too short (len=982, chunk_size=1000)
Skipping probe: too short (len=834, chunk_size=1000)
Skipping probe: too short (len=559, chunk_size=1000)
Skipping probe: too short (len=906, chunk_size=1000)
Skipping probe: too short (len=670, chunk_size=1000)
Skipping probe: too short (len=886, chunk_size=1000)
Skipping probe: too short (len=632, chunk_size=1000)
Skipping probe: too short (len=982, chunk_size=1000)
Skipping probe: too short (len=559, chunk_size=1000)
Skipping probe: too short (len=906, chunk_size=1000)
Skipping probe: too short (len=834, chunk_size=1000)
Skipping probe: too short (len=670, chunk_size=1000)
Skipping probe: too short (len=886, chunk_size=1000)
Skipping probe: too short (len=632, chunk_size=1000)
Skipping probe: too short (len=834, chunk_size=1000)
Skipping probe: too short (len=559, chunk_size=1000)
Skipping probe: too short (len=906, chunk_size=1000)
Skipping probe: too short (len=670, chunk_size=1000)
Skipping probe: too short (len=886, chunk_size=1000)
Skipping probe: too short (len=632, chunk_size=1000)
Skipping probe: too short (len=982, chunk_size=1000)
[I 2026-02-23 19:57:42,701] Trial 84 pruned. 
Skipping probe: too short (len=559, chunk_size=900)
Skipping probe: too short (len=834, chunk_size=900)
Skipping probe: too short (len=670, chunk_size=900)
Skipping probe: too short (len=886, chunk_size=900)
Skipping probe: too short (len=632, chunk_size=900)
Skipping probe: too short (len=834, chunk_size=900)
Skipping probe: too short (len=559, chunk_size=900)
Skipping probe: too short (len=670, chunk_size=900)
Skipping probe: too short (len=886, chunk_size=900)
Skipping probe: too short (len=632, chunk_size=900)
Skipping probe: too short (len=834, chunk_size=900)
Skipping probe: too short (len=559, chunk_size=900)
Skipping probe: too short (len=670, chunk_size=900)
Skipping probe: too short (len=886, chunk_size=900)
Skipping probe: too short (len=632, chunk_size=900)
[I 2026-02-23 20:20:52,006] Trial 85 pruned. 
Skipping probe: too short (len=559, chunk_size=800)
Skipping probe: too short (len=670, chunk_size=800)
Skipping probe: too short (len=632, chunk_size=800)
Skipping probe: too short (len=559, chunk_size=800)
Skipping probe: too short (len=670, chunk_size=800)
Skipping probe: too short (len=632, chunk_size=800)
[I 2026-02-23 20:31:44,309] Trial 86 pruned. 
Skipping probe: too short (len=834, chunk_size=900)
Skipping probe: too short (len=559, chunk_size=900)
Skipping probe: too short (len=670, chunk_size=900)
Skipping probe: too short (len=886, chunk_size=900)
Skipping probe: too short (len=632, chunk_size=900)
Skipping probe: too short (len=834, chunk_size=900)
Skipping probe: too short (len=559, chunk_size=900)
Skipping probe: too short (len=670, chunk_size=900)
Skipping probe: too short (len=886, chunk_size=900)
Skipping probe: too short (len=632, chunk_size=900)
[I 2026-02-23 20:36:57,291] Trial 87 pruned. 
Skipping probe: too short (len=834, chunk_size=1000)
Skipping probe: too short (len=982, chunk_size=1000)
Skipping probe: too short (len=559, chunk_size=1000)
Skipping probe: too short (len=906, chunk_size=1000)
Skipping probe: too short (len=670, chunk_size=1000)
Skipping probe: too short (len=886, chunk_size=1000)
Skipping probe: too short (len=632, chunk_size=1000)
Skipping probe: too short (len=982, chunk_size=1000)
Skipping probe: too short (len=559, chunk_size=1000)
Skipping probe: too short (len=906, chunk_size=1000)
Skipping probe: too short (len=834, chunk_size=1000)
Skipping probe: too short (len=670, chunk_size=1000)
Skipping probe: too short (len=886, chunk_size=1000)
Skipping probe: too short (len=632, chunk_size=1000)
[I 2026-02-23 20:41:14,826] Trial 88 pruned. 
Skipping probe: too short (len=559, chunk_size=1000)
Skipping probe: too short (len=906, chunk_size=1000)
Skipping probe: too short (len=834, chunk_size=1000)
Skipping probe: too short (len=982, chunk_size=1000)
Skipping probe: too short (len=670, chunk_size=1000)
Skipping probe: too short (len=886, chunk_size=1000)
Skipping probe: too short (len=632, chunk_size=1000)
Skipping probe: too short (len=559, chunk_size=1000)
Skipping probe: too short (len=906, chunk_size=1000)
Skipping probe: too short (len=982, chunk_size=1000)
Skipping probe: too short (len=834, chunk_size=1000)
Skipping probe: too short (len=670, chunk_size=1000)
Skipping probe: too short (len=886, chunk_size=1000)
Skipping probe: too short (len=632, chunk_size=1000)
[I 2026-02-23 20:48:37,549] Trial 89 pruned. 
Skipping probe: too short (len=559, chunk_size=900)
Skipping probe: too short (len=834, chunk_size=900)
Skipping probe: too short (len=670, chunk_size=900)
Skipping probe: too short (len=886, chunk_size=900)
Skipping probe: too short (len=632, chunk_size=900)
Skipping probe: too short (len=559, chunk_size=900)
Skipping probe: too short (len=834, chunk_size=900)
Skipping probe: too short (len=670, chunk_size=900)
Skipping probe: too short (len=886, chunk_size=900)
Skipping probe: too short (len=632, chunk_size=900)
Skipping probe: too short (len=834, chunk_size=900)
Skipping probe: too short (len=559, chunk_size=900)
Skipping probe: too short (len=670, chunk_size=900)
Skipping probe: too short (len=886, chunk_size=900)
Skipping probe: too short (len=632, chunk_size=900)
Skipping probe: too short (len=834, chunk_size=900)
Skipping probe: too short (len=670, chunk_size=900)
Skipping probe: too short (len=886, chunk_size=900)
Skipping probe: too short (len=632, chunk_size=900)
Skipping probe: too short (len=559, chunk_size=900)
Skipping probe: too short (len=559, chunk_size=900)
Skipping probe: too short (len=632, chunk_size=900)
Skipping probe: too short (len=834, chunk_size=900)
Skipping probe: too short (len=670, chunk_size=900)
Skipping probe: too short (len=886, chunk_size=900)
Trial 90 F1s - Weighted: 0.7139 | Macro: 0.2132 | Micro: 0.7420

[I 2026-02-23 21:18:01,737] Trial 90 finished with value: 0.7138536602322747 and parameters: {'chunk_seconds': 9, 'num_freqs': 8, 'num_estimators': 128, 'max_depth': 32, 'max_features': 0.5124249026414457, 'overlap': 0.4635075218878398, 'max_lag': 9}. Best is trial 48 with value: 0.7159420436048508.
Skipping probe: too short (len=559, chunk_size=900)
Skipping probe: too short (len=834, chunk_size=900)
Skipping probe: too short (len=670, chunk_size=900)
Skipping probe: too short (len=886, chunk_size=900)
Skipping probe: too short (len=632, chunk_size=900)
Skipping probe: too short (len=834, chunk_size=900)
Skipping probe: too short (len=559, chunk_size=900)
Skipping probe: too short (len=670, chunk_size=900)
Skipping probe: too short (len=886, chunk_size=900)
Skipping probe: too short (len=632, chunk_size=900)
Skipping probe: too short (len=834, chunk_size=900)
Skipping probe: too short (len=559, chunk_size=900)
Skipping probe: too short (len=632, chunk_size=900)
Skipping probe: too short (len=670, chunk_size=900)
Skipping probe: too short (len=886, chunk_size=900)
[I 2026-02-23 21:34:43,703] Trial 91 pruned. 
Skipping probe: too short (len=834, chunk_size=900)
Skipping probe: too short (len=559, chunk_size=900)
Skipping probe: too short (len=632, chunk_size=900)
Skipping probe: too short (len=670, chunk_size=900)
Skipping probe: too short (len=886, chunk_size=900)
Skipping probe: too short (len=559, chunk_size=900)
Skipping probe: too short (len=834, chunk_size=900)
Skipping probe: too short (len=670, chunk_size=900)
Skipping probe: too short (len=886, chunk_size=900)
Skipping probe: too short (len=632, chunk_size=900)
Skipping probe: too short (len=559, chunk_size=900)
Skipping probe: too short (len=834, chunk_size=900)
Skipping probe: too short (len=670, chunk_size=900)
Skipping probe: too short (len=886, chunk_size=900)
Skipping probe: too short (len=632, chunk_size=900)
[I 2026-02-23 21:54:34,700] Trial 92 pruned. 
Skipping probe: too short (len=834, chunk_size=900)
Skipping probe: too short (len=559, chunk_size=900)
Skipping probe: too short (len=670, chunk_size=900)
Skipping probe: too short (len=886, chunk_size=900)
Skipping probe: too short (len=632, chunk_size=900)
Skipping probe: too short (len=559, chunk_size=900)
Skipping probe: too short (len=834, chunk_size=900)
Skipping probe: too short (len=670, chunk_size=900)
Skipping probe: too short (len=886, chunk_size=900)
Skipping probe: too short (len=632, chunk_size=900)
Skipping probe: too short (len=834, chunk_size=900)
Skipping probe: too short (len=559, chunk_size=900)
Skipping probe: too short (len=670, chunk_size=900)
Skipping probe: too short (len=886, chunk_size=900)
Skipping probe: too short (len=632, chunk_size=900)
Skipping probe: too short (len=834, chunk_size=900)
Skipping probe: too short (len=670, chunk_size=900)
Skipping probe: too short (len=886, chunk_size=900)
Skipping probe: too short (len=632, chunk_size=900)
Skipping probe: too short (len=559, chunk_size=900)
Skipping probe: too short (len=559, chunk_size=900)
Skipping probe: too short (len=632, chunk_size=900)
Skipping probe: too short (len=834, chunk_size=900)
Skipping probe: too short (len=670, chunk_size=900)
Skipping probe: too short (len=886, chunk_size=900)
Trial 93 F1s - Weighted: 0.7118 | Macro: 0.2113 | Micro: 0.7388

[I 2026-02-23 22:25:20,735] Trial 93 finished with value: 0.711780874873626 and parameters: {'chunk_seconds': 9, 'num_freqs': 8, 'num_estimators': 128, 'max_depth': 32, 'max_features': 0.5623310902525485, 'overlap': 0.445911164270378, 'max_lag': 10}. Best is trial 48 with value: 0.7159420436048508.
Skipping probe: too short (len=559, chunk_size=800)
Skipping probe: too short (len=670, chunk_size=800)
Skipping probe: too short (len=632, chunk_size=800)
Skipping probe: too short (len=559, chunk_size=800)
Skipping probe: too short (len=670, chunk_size=800)
Skipping probe: too short (len=632, chunk_size=800)
[I 2026-02-23 22:38:36,897] Trial 94 pruned. 
Skipping probe: too short (len=834, chunk_size=900)
Skipping probe: too short (len=559, chunk_size=900)
Skipping probe: too short (len=670, chunk_size=900)
Skipping probe: too short (len=886, chunk_size=900)
Skipping probe: too short (len=632, chunk_size=900)
Skipping probe: too short (len=834, chunk_size=900)
Skipping probe: too short (len=559, chunk_size=900)
Skipping probe: too short (len=670, chunk_size=900)
Skipping probe: too short (len=886, chunk_size=900)
Skipping probe: too short (len=632, chunk_size=900)
Skipping probe: too short (len=834, chunk_size=900)
Skipping probe: too short (len=559, chunk_size=900)
Skipping probe: too short (len=632, chunk_size=900)
Skipping probe: too short (len=670, chunk_size=900)
Skipping probe: too short (len=886, chunk_size=900)
Skipping probe: too short (len=834, chunk_size=900)
Skipping probe: too short (len=670, chunk_size=900)
Skipping probe: too short (len=886, chunk_size=900)
Skipping probe: too short (len=632, chunk_size=900)
Skipping probe: too short (len=559, chunk_size=900)
Skipping probe: too short (len=559, chunk_size=900)
Skipping probe: too short (len=632, chunk_size=900)
Skipping probe: too short (len=834, chunk_size=900)
Skipping probe: too short (len=670, chunk_size=900)
Skipping probe: too short (len=886, chunk_size=900)
Trial 95 F1s - Weighted: 0.7119 | Macro: 0.2131 | Micro: 0.7385

[I 2026-02-23 23:10:48,486] Trial 95 finished with value: 0.7119359346253916 and parameters: {'chunk_seconds': 9, 'num_freqs': 9, 'num_estimators': 128, 'max_depth': 32, 'max_features': 0.5620947927123582, 'overlap': 0.46008381042528257, 'max_lag': 10}. Best is trial 48 with value: 0.7159420436048508.
Skipping probe: too short (len=834, chunk_size=900)
Skipping probe: too short (len=559, chunk_size=900)
Skipping probe: too short (len=670, chunk_size=900)
Skipping probe: too short (len=886, chunk_size=900)
Skipping probe: too short (len=632, chunk_size=900)
Skipping probe: too short (len=559, chunk_size=900)
Skipping probe: too short (len=834, chunk_size=900)
Skipping probe: too short (len=670, chunk_size=900)
Skipping probe: too short (len=886, chunk_size=900)
Skipping probe: too short (len=632, chunk_size=900)
Skipping probe: too short (len=559, chunk_size=900)
Skipping probe: too short (len=834, chunk_size=900)
Skipping probe: too short (len=632, chunk_size=900)
Skipping probe: too short (len=670, chunk_size=900)
Skipping probe: too short (len=886, chunk_size=900)
Skipping probe: too short (len=834, chunk_size=900)
Skipping probe: too short (len=632, chunk_size=900)
Skipping probe: too short (len=670, chunk_size=900)
Skipping probe: too short (len=886, chunk_size=900)
Skipping probe: too short (len=559, chunk_size=900)
Skipping probe: too short (len=559, chunk_size=900)
Skipping probe: too short (len=632, chunk_size=900)
Skipping probe: too short (len=834, chunk_size=900)
Skipping probe: too short (len=670, chunk_size=900)
Skipping probe: too short (len=886, chunk_size=900)
Trial 96 F1s - Weighted: 0.7136 | Macro: 0.2122 | Micro: 0.7401

[I 2026-02-23 23:42:15,210] Trial 96 finished with value: 0.713618084000896 and parameters: {'chunk_seconds': 9, 'num_freqs': 9, 'num_estimators': 128, 'max_depth': 32, 'max_features': 0.5231313024341031, 'overlap': 0.46041087549053267, 'max_lag': 10}. Best is trial 48 with value: 0.7159420436048508.
Skipping probe: too short (len=559, chunk_size=800)
Skipping probe: too short (len=632, chunk_size=800)
Skipping probe: too short (len=670, chunk_size=800)
Skipping probe: too short (len=559, chunk_size=800)
Skipping probe: too short (len=670, chunk_size=800)
Skipping probe: too short (len=632, chunk_size=800)
[I 2026-02-23 23:54:52,584] Trial 97 pruned. 
Skipping probe: too short (len=834, chunk_size=900)
Skipping probe: too short (len=559, chunk_size=900)
Skipping probe: too short (len=632, chunk_size=900)
Skipping probe: too short (len=670, chunk_size=900)
Skipping probe: too short (len=886, chunk_size=900)
Skipping probe: too short (len=559, chunk_size=900)
Skipping probe: too short (len=834, chunk_size=900)
Skipping probe: too short (len=670, chunk_size=900)
Skipping probe: too short (len=886, chunk_size=900)
Skipping probe: too short (len=632, chunk_size=900)
Skipping probe: too short (len=834, chunk_size=900)
Skipping probe: too short (len=559, chunk_size=900)
Skipping probe: too short (len=670, chunk_size=900)
Skipping probe: too short (len=886, chunk_size=900)
Skipping probe: too short (len=632, chunk_size=900)
Skipping probe: too short (len=834, chunk_size=900)
Skipping probe: too short (len=670, chunk_size=900)
Skipping probe: too short (len=886, chunk_size=900)
Skipping probe: too short (len=632, chunk_size=900)
Skipping probe: too short (len=559, chunk_size=900)
Skipping probe: too short (len=559, chunk_size=900)
Skipping probe: too short (len=632, chunk_size=900)
Skipping probe: too short (len=834, chunk_size=900)
Skipping probe: too short (len=670, chunk_size=900)
Skipping probe: too short (len=886, chunk_size=900)
Trial 98 F1s - Weighted: 0.7150 | Macro: 0.2091 | Micro: 0.7430

[I 2026-02-24 00:26:28,039] Trial 98 finished with value: 0.7149958037743117 and parameters: {'chunk_seconds': 9, 'num_freqs': 13, 'num_estimators': 128, 'max_depth': 32, 'max_features': 0.5121695834215869, 'overlap': 0.411589827087669, 'max_lag': 10}. Best is trial 48 with value: 0.7159420436048508.
Skipping probe: too short (len=559, chunk_size=800)
Skipping probe: too short (len=670, chunk_size=800)
Skipping probe: too short (len=632, chunk_size=800)
Skipping probe: too short (len=559, chunk_size=800)
Skipping probe: too short (len=670, chunk_size=800)
Skipping probe: too short (len=632, chunk_size=800)
Skipping probe: too short (len=559, chunk_size=800)
Skipping probe: too short (len=670, chunk_size=800)
Skipping probe: too short (len=632, chunk_size=800)
Skipping probe: too short (len=632, chunk_size=800)
Skipping probe: too short (len=670, chunk_size=800)
Skipping probe: too short (len=559, chunk_size=800)
Skipping probe: too short (len=559, chunk_size=800)
Skipping probe: too short (len=632, chunk_size=800)
Skipping probe: too short (len=670, chunk_size=800)
Trial 99 F1s - Weighted: 0.7084 | Macro: 0.2115 | Micro: 0.7360

[I 2026-02-24 01:03:41,509] Trial 99 finished with value: 0.7084462308795316 and parameters: {'chunk_seconds': 8, 'num_freqs': 14, 'num_estimators': 128, 'max_depth': 32, 'max_features': 0.5357796680473644, 'overlap': 0.409366269339823, 'max_lag': 10}. Best is trial 48 with value: 0.7159420436048508.
{'chunk_seconds': 9, 'num_freqs': 10, 'num_estimators': 128, 'max_depth': 32, 'max_features': 0.5546751344739631, 'overlap': 0.47787211126294354, 'max_lag': 8}
Job finished at: Tue Feb 24 01:03:42 EST 2026
