uv version: uv 0.9.5
Running on host: gpu04.cluster
Job started at: Sat Mar 28 23:51:04 EDT 2026
Running job ID: 745850
Loaded 58 files (2.86 GB) in 5.61 seconds.
Trial 0 F1s - Weighted: 0.7517 | Macro: 0.4052 | Micro: 0.7629

[I 2026-03-29 01:00:21,893] Trial 0 finished with value: 0.7517298446534473 and parameters: {'chunk_seconds': 5, 'num_freqs': 9, 'num_estimators': 32, 'max_depth': 128, 'max_features': 0.7215790890982341, 'overlap': 0.7577362996424203, 'max_lag': 13}. Best is trial 0 with value: 0.7517298446534473.
Skipping probe: too short (len=1266, chunk_size=1800)
Skipping probe: too short (len=1604, chunk_size=1800)
Skipping probe: too short (len=834, chunk_size=1800)
Skipping probe: too short (len=1506, chunk_size=1800)
Skipping probe: too short (len=1023, chunk_size=1800)
Skipping probe: too short (len=1450, chunk_size=1800)
Skipping probe: too short (len=1349, chunk_size=1800)
Skipping probe: too short (len=1454, chunk_size=1800)
Skipping probe: too short (len=559, chunk_size=1800)
Skipping probe: too short (len=1563, chunk_size=1800)
Skipping probe: too short (len=1335, chunk_size=1800)
Skipping probe: too short (len=906, chunk_size=1800)
Skipping probe: too short (len=982, chunk_size=1800)
Skipping probe: too short (len=1763, chunk_size=1800)
Skipping probe: too short (len=670, chunk_size=1800)
Skipping probe: too short (len=886, chunk_size=1800)
Skipping probe: too short (len=632, chunk_size=1800)
Skipping probe: too short (len=1619, chunk_size=1800)
Skipping probe: too short (len=1021, chunk_size=1800)
Skipping probe: too short (len=1023, chunk_size=1800)
Skipping probe: too short (len=834, chunk_size=1800)
Skipping probe: too short (len=1506, chunk_size=1800)
Skipping probe: too short (len=559, chunk_size=1800)
Skipping probe: too short (len=1563, chunk_size=1800)
Skipping probe: too short (len=1335, chunk_size=1800)
Skipping probe: too short (len=906, chunk_size=1800)
Skipping probe: too short (len=1450, chunk_size=1800)
Skipping probe: too short (len=1454, chunk_size=1800)
Skipping probe: too short (len=1604, chunk_size=1800)
Skipping probe: too short (len=1619, chunk_size=1800)
Skipping probe: too short (len=982, chunk_size=1800)
Skipping probe: too short (len=1349, chunk_size=1800)
Skipping probe: too short (len=670, chunk_size=1800)
Skipping probe: too short (len=886, chunk_size=1800)
Skipping probe: too short (len=1763, chunk_size=1800)
Skipping probe: too short (len=1021, chunk_size=1800)
Skipping probe: too short (len=1266, chunk_size=1800)
Skipping probe: too short (len=632, chunk_size=1800)
Skipping probe: too short (len=834, chunk_size=1800)
Skipping probe: too short (len=1506, chunk_size=1800)
Skipping probe: too short (len=1023, chunk_size=1800)
Skipping probe: too short (len=1450, chunk_size=1800)
Skipping probe: too short (len=1619, chunk_size=1800)
Skipping probe: too short (len=559, chunk_size=1800)
Skipping probe: too short (len=1563, chunk_size=1800)
Skipping probe: too short (len=1335, chunk_size=1800)
Skipping probe: too short (len=906, chunk_size=1800)
Skipping probe: too short (len=1266, chunk_size=1800)
Skipping probe: too short (len=670, chunk_size=1800)
Skipping probe: too short (len=886, chunk_size=1800)
Skipping probe: too short (len=632, chunk_size=1800)
Skipping probe: too short (len=1021, chunk_size=1800)
Skipping probe: too short (len=1454, chunk_size=1800)
Skipping probe: too short (len=1349, chunk_size=1800)
Skipping probe: too short (len=982, chunk_size=1800)
Skipping probe: too short (len=1763, chunk_size=1800)
Skipping probe: too short (len=1604, chunk_size=1800)
Skipping probe: too short (len=1349, chunk_size=1800)
Skipping probe: too short (len=1266, chunk_size=1800)
Skipping probe: too short (len=1619, chunk_size=1800)
Skipping probe: too short (len=834, chunk_size=1800)
Skipping probe: too short (len=1506, chunk_size=1800)
Skipping probe: too short (len=1454, chunk_size=1800)
Skipping probe: too short (len=1023, chunk_size=1800)
Skipping probe: too short (len=1450, chunk_size=1800)
Skipping probe: too short (len=982, chunk_size=1800)
Skipping probe: too short (len=1763, chunk_size=1800)
Skipping probe: too short (len=1604, chunk_size=1800)
Skipping probe: too short (len=1021, chunk_size=1800)
Skipping probe: too short (len=670, chunk_size=1800)
Skipping probe: too short (len=886, chunk_size=1800)
Skipping probe: too short (len=632, chunk_size=1800)
Skipping probe: too short (len=559, chunk_size=1800)
Skipping probe: too short (len=1563, chunk_size=1800)
Skipping probe: too short (len=1335, chunk_size=1800)
Skipping probe: too short (len=906, chunk_size=1800)
Skipping probe: too short (len=1619, chunk_size=1800)
Skipping probe: too short (len=982, chunk_size=1800)
Skipping probe: too short (len=1763, chunk_size=1800)
Skipping probe: too short (len=1604, chunk_size=1800)
Skipping probe: too short (len=1266, chunk_size=1800)
Skipping probe: too short (len=1349, chunk_size=1800)
Skipping probe: too short (len=1454, chunk_size=1800)
Skipping probe: too short (len=559, chunk_size=1800)
Skipping probe: too short (len=1563, chunk_size=1800)
Skipping probe: too short (len=1335, chunk_size=1800)
Skipping probe: too short (len=906, chunk_size=1800)
Skipping probe: too short (len=632, chunk_size=1800)
Skipping probe: too short (len=1021, chunk_size=1800)
Skipping probe: too short (len=1450, chunk_size=1800)
Skipping probe: too short (len=834, chunk_size=1800)
Skipping probe: too short (len=1506, chunk_size=1800)
Skipping probe: too short (len=1023, chunk_size=1800)
Skipping probe: too short (len=670, chunk_size=1800)
Skipping probe: too short (len=886, chunk_size=1800)
Trial 1 F1s - Weighted: 0.7456 | Macro: 0.3551 | Micro: 0.7594

[I 2026-03-29 01:11:34,932] Trial 1 finished with value: 0.7455761877251781 and parameters: {'chunk_seconds': 18, 'num_freqs': 11, 'num_estimators': 8, 'max_depth': 128, 'max_features': 0.9890569821535482, 'overlap': 0.3863132988670125, 'max_lag': 18}. Best is trial 0 with value: 0.7517298446534473.
Skipping probe: too short (len=2176, chunk_size=2200)
Skipping probe: too short (len=1349, chunk_size=2200)
Skipping probe: too short (len=1454, chunk_size=2200)
Skipping probe: too short (len=2058, chunk_size=2200)
Skipping probe: too short (len=1924, chunk_size=2200)
Skipping probe: too short (len=834, chunk_size=2200)
Skipping probe: too short (len=1506, chunk_size=2200)
Skipping probe: too short (len=1023, chunk_size=2200)
Skipping probe: too short (len=2171, chunk_size=2200)
Skipping probe: too short (len=1763, chunk_size=2200)
Skipping probe: too short (len=1958, chunk_size=2200)
Skipping probe: too short (len=1450, chunk_size=2200)
Skipping probe: too short (len=559, chunk_size=2200)
Skipping probe: too short (len=1906, chunk_size=2200)
Skipping probe: too short (len=1563, chunk_size=2200)
Skipping probe: too short (len=1335, chunk_size=2200)
Skipping probe: too short (len=906, chunk_size=2200)
Skipping probe: too short (len=1266, chunk_size=2200)
Skipping probe: too short (len=632, chunk_size=2200)
Skipping probe: too short (len=982, chunk_size=2200)
Skipping probe: too short (len=670, chunk_size=2200)
Skipping probe: too short (len=886, chunk_size=2200)
Skipping probe: too short (len=1604, chunk_size=2200)
Skipping probe: too short (len=1619, chunk_size=2200)
Skipping probe: too short (len=1880, chunk_size=2200)
Skipping probe: too short (len=1995, chunk_size=2200)
Skipping probe: too short (len=1871, chunk_size=2200)
Skipping probe: too short (len=1021, chunk_size=2200)
Skipping probe: too short (len=1604, chunk_size=2200)
Skipping probe: too short (len=1349, chunk_size=2200)
Skipping probe: too short (len=1924, chunk_size=2200)
Skipping probe: too short (len=834, chunk_size=2200)
Skipping probe: too short (len=1506, chunk_size=2200)
Skipping probe: too short (len=1958, chunk_size=2200)
Skipping probe: too short (len=559, chunk_size=2200)
Skipping probe: too short (len=1906, chunk_size=2200)
Skipping probe: too short (len=1563, chunk_size=2200)
Skipping probe: too short (len=1335, chunk_size=2200)
Skipping probe: too short (len=906, chunk_size=2200)
Skipping probe: too short (len=2176, chunk_size=2200)
Skipping probe: too short (len=1454, chunk_size=2200)
Skipping probe: too short (len=1619, chunk_size=2200)
Skipping probe: too short (len=1450, chunk_size=2200)
Skipping probe: too short (len=1023, chunk_size=2200)
Skipping probe: too short (len=2171, chunk_size=2200)
Skipping probe: too short (len=1880, chunk_size=2200)
Skipping probe: too short (len=982, chunk_size=2200)
Skipping probe: too short (len=1763, chunk_size=2200)
Skipping probe: too short (len=670, chunk_size=2200)
Skipping probe: too short (len=886, chunk_size=2200)
Skipping probe: too short (len=1995, chunk_size=2200)
Skipping probe: too short (len=1871, chunk_size=2200)
Skipping probe: too short (len=1021, chunk_size=2200)
Skipping probe: too short (len=2058, chunk_size=2200)
Skipping probe: too short (len=1266, chunk_size=2200)
Skipping probe: too short (len=632, chunk_size=2200)
Skipping probe: too short (len=1023, chunk_size=2200)
Skipping probe: too short (len=2171, chunk_size=2200)
Skipping probe: too short (len=1619, chunk_size=2200)
Skipping probe: too short (len=1450, chunk_size=2200)
Skipping probe: too short (len=2058, chunk_size=2200)
Skipping probe: too short (len=1924, chunk_size=2200)
Skipping probe: too short (len=834, chunk_size=2200)
Skipping probe: too short (len=1506, chunk_size=2200)
Skipping probe: too short (len=559, chunk_size=2200)
Skipping probe: too short (len=1906, chunk_size=2200)
Skipping probe: too short (len=1563, chunk_size=2200)
Skipping probe: too short (len=1335, chunk_size=2200)
Skipping probe: too short (len=906, chunk_size=2200)
Skipping probe: too short (len=2176, chunk_size=2200)
Skipping probe: too short (len=1958, chunk_size=2200)
Skipping probe: too short (len=1880, chunk_size=2200)
Skipping probe: too short (len=1266, chunk_size=2200)
Skipping probe: too short (len=1995, chunk_size=2200)
Skipping probe: too short (len=670, chunk_size=2200)
Skipping probe: too short (len=886, chunk_size=2200)
Skipping probe: too short (len=1871, chunk_size=2200)
Skipping probe: too short (len=1021, chunk_size=2200)
Skipping probe: too short (len=632, chunk_size=2200)
Skipping probe: too short (len=1349, chunk_size=2200)
Skipping probe: too short (len=982, chunk_size=2200)
Skipping probe: too short (len=1454, chunk_size=2200)
Skipping probe: too short (len=1763, chunk_size=2200)
Skipping probe: too short (len=1604, chunk_size=2200)
Skipping probe: too short (len=1763, chunk_size=2200)
Skipping probe: too short (len=1450, chunk_size=2200)
Skipping probe: too short (len=1958, chunk_size=2200)
Skipping probe: too short (len=1924, chunk_size=2200)
Skipping probe: too short (len=834, chunk_size=2200)
Skipping probe: too short (len=1506, chunk_size=2200)
Skipping probe: too short (len=982, chunk_size=2200)
Skipping probe: too short (len=1619, chunk_size=2200)
Skipping probe: too short (len=1349, chunk_size=2200)
Skipping probe: too short (len=1604, chunk_size=2200)
Skipping probe: too short (len=2058, chunk_size=2200)
Skipping probe: too short (len=1454, chunk_size=2200)
Skipping probe: too short (len=1023, chunk_size=2200)
Skipping probe: too short (len=2171, chunk_size=2200)
Skipping probe: too short (len=1266, chunk_size=2200)
Skipping probe: too short (len=1995, chunk_size=2200)
Skipping probe: too short (len=1880, chunk_size=2200)
Skipping probe: too short (len=670, chunk_size=2200)
Skipping probe: too short (len=886, chunk_size=2200)
Skipping probe: too short (len=1871, chunk_size=2200)
Skipping probe: too short (len=1021, chunk_size=2200)
Skipping probe: too short (len=632, chunk_size=2200)
Skipping probe: too short (len=2176, chunk_size=2200)
Skipping probe: too short (len=559, chunk_size=2200)
Skipping probe: too short (len=1906, chunk_size=2200)
Skipping probe: too short (len=1563, chunk_size=2200)
Skipping probe: too short (len=1335, chunk_size=2200)
Skipping probe: too short (len=906, chunk_size=2200)
Skipping probe: too short (len=1454, chunk_size=2200)
Skipping probe: too short (len=559, chunk_size=2200)
Skipping probe: too short (len=1906, chunk_size=2200)
Skipping probe: too short (len=1563, chunk_size=2200)
Skipping probe: too short (len=1335, chunk_size=2200)
Skipping probe: too short (len=906, chunk_size=2200)
Skipping probe: too short (len=2058, chunk_size=2200)
Skipping probe: too short (len=1349, chunk_size=2200)
Skipping probe: too short (len=1604, chunk_size=2200)
Skipping probe: too short (len=1763, chunk_size=2200)
Skipping probe: too short (len=2176, chunk_size=2200)
Skipping probe: too short (len=1266, chunk_size=2200)
Skipping probe: too short (len=1880, chunk_size=2200)
Skipping probe: too short (len=1619, chunk_size=2200)
Skipping probe: too short (len=1995, chunk_size=2200)
Skipping probe: too short (len=632, chunk_size=2200)
Skipping probe: too short (len=982, chunk_size=2200)
Skipping probe: too short (len=1871, chunk_size=2200)
Skipping probe: too short (len=1021, chunk_size=2200)
Skipping probe: too short (len=1924, chunk_size=2200)
Skipping probe: too short (len=834, chunk_size=2200)
Skipping probe: too short (len=1506, chunk_size=2200)
Skipping probe: too short (len=1958, chunk_size=2200)
Skipping probe: too short (len=1450, chunk_size=2200)
Skipping probe: too short (len=1023, chunk_size=2200)
Skipping probe: too short (len=2171, chunk_size=2200)
Skipping probe: too short (len=670, chunk_size=2200)
Skipping probe: too short (len=886, chunk_size=2200)
Trial 2 F1s - Weighted: 0.7580 | Macro: 0.3592 | Micro: 0.7733

[I 2026-03-29 01:21:15,303] Trial 2 finished with value: 0.7579971592753123 and parameters: {'chunk_seconds': 22, 'num_freqs': 11, 'num_estimators': 16, 'max_depth': 32, 'max_features': 0.6866629328616405, 'overlap': 0.2925760972452322, 'max_lag': 15}. Best is trial 2 with value: 0.7579971592753123.
Skipping probe: too short (len=1454, chunk_size=1700)
Skipping probe: too short (len=1266, chunk_size=1700)
Skipping probe: too short (len=834, chunk_size=1700)
Skipping probe: too short (len=1506, chunk_size=1700)
Skipping probe: too short (len=1349, chunk_size=1700)
Skipping probe: too short (len=982, chunk_size=1700)
Skipping probe: too short (len=1604, chunk_size=1700)
Skipping probe: too short (len=559, chunk_size=1700)
Skipping probe: too short (len=1563, chunk_size=1700)
Skipping probe: too short (len=1335, chunk_size=1700)
Skipping probe: too short (len=906, chunk_size=1700)
Skipping probe: too short (len=1450, chunk_size=1700)
Skipping probe: too short (len=1023, chunk_size=1700)
Skipping probe: too short (len=670, chunk_size=1700)
Skipping probe: too short (len=886, chunk_size=1700)
Skipping probe: too short (len=632, chunk_size=1700)
Skipping probe: too short (len=1619, chunk_size=1700)
Skipping probe: too short (len=1021, chunk_size=1700)
Skipping probe: too short (len=559, chunk_size=1700)
Skipping probe: too short (len=1563, chunk_size=1700)
Skipping probe: too short (len=1335, chunk_size=1700)
Skipping probe: too short (len=906, chunk_size=1700)
Skipping probe: too short (len=1619, chunk_size=1700)
Skipping probe: too short (len=1349, chunk_size=1700)
Skipping probe: too short (len=1450, chunk_size=1700)
Skipping probe: too short (len=834, chunk_size=1700)
Skipping probe: too short (len=1506, chunk_size=1700)
Skipping probe: too short (len=1023, chunk_size=1700)
Skipping probe: too short (len=1454, chunk_size=1700)
Skipping probe: too short (len=670, chunk_size=1700)
Skipping probe: too short (len=886, chunk_size=1700)
Skipping probe: too short (len=1604, chunk_size=1700)
Skipping probe: too short (len=982, chunk_size=1700)
Skipping probe: too short (len=1021, chunk_size=1700)
Skipping probe: too short (len=1266, chunk_size=1700)
Skipping probe: too short (len=632, chunk_size=1700)
Skipping probe: too short (len=1450, chunk_size=1700)
Skipping probe: too short (len=1023, chunk_size=1700)
Skipping probe: too short (len=559, chunk_size=1700)
Skipping probe: too short (len=1563, chunk_size=1700)
Skipping probe: too short (len=1335, chunk_size=1700)
Skipping probe: too short (len=906, chunk_size=1700)
Skipping probe: too short (len=1266, chunk_size=1700)
Skipping probe: too short (len=1619, chunk_size=1700)
Skipping probe: too short (len=834, chunk_size=1700)
Skipping probe: too short (len=1506, chunk_size=1700)
Skipping probe: too short (len=670, chunk_size=1700)
Skipping probe: too short (len=886, chunk_size=1700)
Skipping probe: too short (len=1021, chunk_size=1700)
Skipping probe: too short (len=632, chunk_size=1700)
Skipping probe: too short (len=1349, chunk_size=1700)
Skipping probe: too short (len=1454, chunk_size=1700)
Skipping probe: too short (len=982, chunk_size=1700)
Skipping probe: too short (len=1604, chunk_size=1700)
Skipping probe: too short (len=1023, chunk_size=1700)
Skipping probe: too short (len=670, chunk_size=1700)
Skipping probe: too short (len=886, chunk_size=1700)
Skipping probe: too short (len=1619, chunk_size=1700)
Skipping probe: too short (len=1604, chunk_size=1700)
Skipping probe: too short (len=1450, chunk_size=1700)
Skipping probe: too short (len=1266, chunk_size=1700)
Skipping probe: too short (len=1454, chunk_size=1700)
Skipping probe: too short (len=834, chunk_size=1700)
Skipping probe: too short (len=1506, chunk_size=1700)
Skipping probe: too short (len=1349, chunk_size=1700)
Skipping probe: too short (len=1021, chunk_size=1700)
Skipping probe: too short (len=632, chunk_size=1700)
Skipping probe: too short (len=982, chunk_size=1700)
Skipping probe: too short (len=559, chunk_size=1700)
Skipping probe: too short (len=1563, chunk_size=1700)
Skipping probe: too short (len=1335, chunk_size=1700)
Skipping probe: too short (len=906, chunk_size=1700)
Skipping probe: too short (len=1619, chunk_size=1700)
Skipping probe: too short (len=1349, chunk_size=1700)
Skipping probe: too short (len=1604, chunk_size=1700)
Skipping probe: too short (len=559, chunk_size=1700)
Skipping probe: too short (len=1563, chunk_size=1700)
Skipping probe: too short (len=1335, chunk_size=1700)
Skipping probe: too short (len=906, chunk_size=1700)
Skipping probe: too short (len=1454, chunk_size=1700)
Skipping probe: too short (len=1266, chunk_size=1700)
Skipping probe: too short (len=982, chunk_size=1700)
Skipping probe: too short (len=632, chunk_size=1700)
Skipping probe: too short (len=1021, chunk_size=1700)
Skipping probe: too short (len=1450, chunk_size=1700)
Skipping probe: too short (len=1023, chunk_size=1700)
Skipping probe: too short (len=834, chunk_size=1700)
Skipping probe: too short (len=1506, chunk_size=1700)
Skipping probe: too short (len=670, chunk_size=1700)
Skipping probe: too short (len=886, chunk_size=1700)
Trial 3 F1s - Weighted: 0.7619 | Macro: 0.3581 | Micro: 0.7769

[I 2026-03-29 01:34:23,408] Trial 3 finished with value: 0.7618699173391018 and parameters: {'chunk_seconds': 17, 'num_freqs': 1, 'num_estimators': 64, 'max_depth': 64, 'max_features': 0.40171525969201244, 'overlap': 0.35622064780920276, 'max_lag': 21}. Best is trial 3 with value: 0.7618699173391018.
Skipping probe: too short (len=1349, chunk_size=2400)
Skipping probe: too short (len=1958, chunk_size=2400)
Skipping probe: too short (len=1763, chunk_size=2400)
Skipping probe: too short (len=1266, chunk_size=2400)
Skipping probe: too short (len=1604, chunk_size=2400)
Skipping probe: too short (len=1454, chunk_size=2400)
Skipping probe: too short (len=1023, chunk_size=2400)
Skipping probe: too short (len=2171, chunk_size=2400)
Skipping probe: too short (len=982, chunk_size=2400)
Skipping probe: too short (len=2176, chunk_size=2400)
Skipping probe: too short (len=1924, chunk_size=2400)
Skipping probe: too short (len=2341, chunk_size=2400)
Skipping probe: too short (len=2216, chunk_size=2400)
Skipping probe: too short (len=834, chunk_size=2400)
Skipping probe: too short (len=1506, chunk_size=2400)
Skipping probe: too short (len=1450, chunk_size=2400)
Skipping probe: too short (len=2058, chunk_size=2400)
Skipping probe: too short (len=559, chunk_size=2400)
Skipping probe: too short (len=1906, chunk_size=2400)
Skipping probe: too short (len=1563, chunk_size=2400)
Skipping probe: too short (len=1335, chunk_size=2400)
Skipping probe: too short (len=906, chunk_size=2400)
Skipping probe: too short (len=2340, chunk_size=2400)
Skipping probe: too short (len=632, chunk_size=2400)
Skipping probe: too short (len=670, chunk_size=2400)
Skipping probe: too short (len=886, chunk_size=2400)
Skipping probe: too short (len=1619, chunk_size=2400)
Skipping probe: too short (len=1995, chunk_size=2400)
Skipping probe: too short (len=2252, chunk_size=2400)
Skipping probe: too short (len=1880, chunk_size=2400)
Skipping probe: too short (len=1871, chunk_size=2400)
Skipping probe: too short (len=1021, chunk_size=2400)
Skipping probe: too short (len=1958, chunk_size=2400)
Skipping probe: too short (len=1604, chunk_size=2400)
Skipping probe: too short (len=1349, chunk_size=2400)
Skipping probe: too short (len=1924, chunk_size=2400)
Skipping probe: too short (len=2341, chunk_size=2400)
Skipping probe: too short (len=2216, chunk_size=2400)
Skipping probe: too short (len=834, chunk_size=2400)
Skipping probe: too short (len=1506, chunk_size=2400)
Skipping probe: too short (len=1023, chunk_size=2400)
Skipping probe: too short (len=2171, chunk_size=2400)
Skipping probe: too short (len=559, chunk_size=2400)
Skipping probe: too short (len=1906, chunk_size=2400)
Skipping probe: too short (len=1563, chunk_size=2400)
Skipping probe: too short (len=1335, chunk_size=2400)
Skipping probe: too short (len=906, chunk_size=2400)
Skipping probe: too short (len=1454, chunk_size=2400)
Skipping probe: too short (len=2176, chunk_size=2400)
Skipping probe: too short (len=1450, chunk_size=2400)
Skipping probe: too short (len=982, chunk_size=2400)
Skipping probe: too short (len=1880, chunk_size=2400)
Skipping probe: too short (len=1619, chunk_size=2400)
Skipping probe: too short (len=1763, chunk_size=2400)
Skipping probe: too short (len=1995, chunk_size=2400)
Skipping probe: too short (len=2252, chunk_size=2400)
Skipping probe: too short (len=2340, chunk_size=2400)
Skipping probe: too short (len=1871, chunk_size=2400)
Skipping probe: too short (len=1021, chunk_size=2400)
Skipping probe: too short (len=670, chunk_size=2400)
Skipping probe: too short (len=886, chunk_size=2400)
Skipping probe: too short (len=2058, chunk_size=2400)
Skipping probe: too short (len=1266, chunk_size=2400)
Skipping probe: too short (len=632, chunk_size=2400)
Skipping probe: too short (len=1266, chunk_size=2400)
Skipping probe: too short (len=559, chunk_size=2400)
Skipping probe: too short (len=1906, chunk_size=2400)
Skipping probe: too short (len=1563, chunk_size=2400)
Skipping probe: too short (len=1335, chunk_size=2400)
Skipping probe: too short (len=906, chunk_size=2400)
Skipping probe: too short (len=1023, chunk_size=2400)
Skipping probe: too short (len=2171, chunk_size=2400)
Skipping probe: too short (len=1450, chunk_size=2400)
Skipping probe: too short (len=1924, chunk_size=2400)
Skipping probe: too short (len=2341, chunk_size=2400)
Skipping probe: too short (len=2216, chunk_size=2400)
Skipping probe: too short (len=834, chunk_size=2400)
Skipping probe: too short (len=1506, chunk_size=2400)
Skipping probe: too short (len=1958, chunk_size=2400)
Skipping probe: too short (len=1619, chunk_size=2400)
Skipping probe: too short (len=2176, chunk_size=2400)
Skipping probe: too short (len=2058, chunk_size=2400)
Skipping probe: too short (len=1880, chunk_size=2400)
Skipping probe: too short (len=1995, chunk_size=2400)
Skipping probe: too short (len=2252, chunk_size=2400)
Skipping probe: too short (len=670, chunk_size=2400)
Skipping probe: too short (len=886, chunk_size=2400)
Skipping probe: too short (len=1871, chunk_size=2400)
Skipping probe: too short (len=1021, chunk_size=2400)
Skipping probe: too short (len=632, chunk_size=2400)
Skipping probe: too short (len=1604, chunk_size=2400)
Skipping probe: too short (len=1349, chunk_size=2400)
Skipping probe: too short (len=1454, chunk_size=2400)
Skipping probe: too short (len=2340, chunk_size=2400)
Skipping probe: too short (len=982, chunk_size=2400)
Skipping probe: too short (len=1763, chunk_size=2400)
Skipping probe: too short (len=1454, chunk_size=2400)
Skipping probe: too short (len=1450, chunk_size=2400)
Skipping probe: too short (len=1349, chunk_size=2400)
Skipping probe: too short (len=2058, chunk_size=2400)
Skipping probe: too short (len=982, chunk_size=2400)
Skipping probe: too short (len=1958, chunk_size=2400)
Skipping probe: too short (len=1266, chunk_size=2400)
Skipping probe: too short (len=1023, chunk_size=2400)
Skipping probe: too short (len=2171, chunk_size=2400)
Skipping probe: too short (len=1880, chunk_size=2400)
Skipping probe: too short (len=2340, chunk_size=2400)
Skipping probe: too short (len=1924, chunk_size=2400)
Skipping probe: too short (len=2341, chunk_size=2400)
Skipping probe: too short (len=2216, chunk_size=2400)
Skipping probe: too short (len=834, chunk_size=2400)
Skipping probe: too short (len=1506, chunk_size=2400)
Skipping probe: too short (len=1763, chunk_size=2400)
Skipping probe: too short (len=632, chunk_size=2400)
Skipping probe: too short (len=1604, chunk_size=2400)
Skipping probe: too short (len=1619, chunk_size=2400)
Skipping probe: too short (len=670, chunk_size=2400)
Skipping probe: too short (len=886, chunk_size=2400)
Skipping probe: too short (len=1871, chunk_size=2400)
Skipping probe: too short (len=1021, chunk_size=2400)
Skipping probe: too short (len=1995, chunk_size=2400)
Skipping probe: too short (len=2252, chunk_size=2400)
Skipping probe: too short (len=2176, chunk_size=2400)
Skipping probe: too short (len=559, chunk_size=2400)
Skipping probe: too short (len=1906, chunk_size=2400)
Skipping probe: too short (len=1563, chunk_size=2400)
Skipping probe: too short (len=1335, chunk_size=2400)
Skipping probe: too short (len=906, chunk_size=2400)
Skipping probe: too short (len=1619, chunk_size=2400)
Skipping probe: too short (len=2176, chunk_size=2400)
Skipping probe: too short (len=1266, chunk_size=2400)
Skipping probe: too short (len=2058, chunk_size=2400)
Skipping probe: too short (len=982, chunk_size=2400)
Skipping probe: too short (len=1349, chunk_size=2400)
Skipping probe: too short (len=1604, chunk_size=2400)
Skipping probe: too short (len=1454, chunk_size=2400)
Skipping probe: too short (len=1763, chunk_size=2400)
Skipping probe: too short (len=1880, chunk_size=2400)
Skipping probe: too short (len=1995, chunk_size=2400)
Skipping probe: too short (len=2252, chunk_size=2400)
Skipping probe: too short (len=559, chunk_size=2400)
Skipping probe: too short (len=1906, chunk_size=2400)
Skipping probe: too short (len=1563, chunk_size=2400)
Skipping probe: too short (len=1335, chunk_size=2400)
Skipping probe: too short (len=906, chunk_size=2400)
Skipping probe: too short (len=2340, chunk_size=2400)
Skipping probe: too short (len=632, chunk_size=2400)
Skipping probe: too short (len=1871, chunk_size=2400)
Skipping probe: too short (len=1021, chunk_size=2400)
Skipping probe: too short (len=1924, chunk_size=2400)
Skipping probe: too short (len=2341, chunk_size=2400)
Skipping probe: too short (len=2216, chunk_size=2400)
Skipping probe: too short (len=834, chunk_size=2400)
Skipping probe: too short (len=1506, chunk_size=2400)
Skipping probe: too short (len=1450, chunk_size=2400)
Skipping probe: too short (len=1958, chunk_size=2400)
Skipping probe: too short (len=1023, chunk_size=2400)
Skipping probe: too short (len=2171, chunk_size=2400)
Skipping probe: too short (len=670, chunk_size=2400)
Skipping probe: too short (len=886, chunk_size=2400)
Trial 4 F1s - Weighted: 0.7757 | Macro: 0.3638 | Micro: 0.7947

[I 2026-03-29 01:47:15,269] Trial 4 finished with value: 0.7757363507979622 and parameters: {'chunk_seconds': 24, 'num_freqs': 10, 'num_estimators': 32, 'max_depth': 32, 'max_features': 0.33946337432015916, 'overlap': 0.47217368973702545, 'max_lag': 29}. Best is trial 4 with value: 0.7757363507979622.
Skipping probe: too short (len=834, chunk_size=1300)
Skipping probe: too short (len=1023, chunk_size=1300)
Skipping probe: too short (len=1266, chunk_size=1300)
Skipping probe: too short (len=559, chunk_size=1300)
Skipping probe: too short (len=906, chunk_size=1300)
Skipping probe: too short (len=982, chunk_size=1300)
Skipping probe: too short (len=632, chunk_size=1300)
Skipping probe: too short (len=670, chunk_size=1300)
Skipping probe: too short (len=886, chunk_size=1300)
Skipping probe: too short (len=1021, chunk_size=1300)
Skipping probe: too short (len=1023, chunk_size=1300)
Skipping probe: too short (len=670, chunk_size=1300)
Skipping probe: too short (len=886, chunk_size=1300)
Skipping probe: too short (len=834, chunk_size=1300)
Skipping probe: too short (len=559, chunk_size=1300)
Skipping probe: too short (len=906, chunk_size=1300)
Skipping probe: too short (len=982, chunk_size=1300)
Skipping probe: too short (len=1021, chunk_size=1300)
Skipping probe: too short (len=1266, chunk_size=1300)
Skipping probe: too short (len=632, chunk_size=1300)
Skipping probe: too short (len=834, chunk_size=1300)
Skipping probe: too short (len=1023, chunk_size=1300)
Skipping probe: too short (len=1266, chunk_size=1300)
Skipping probe: too short (len=559, chunk_size=1300)
Skipping probe: too short (len=906, chunk_size=1300)
Skipping probe: too short (len=670, chunk_size=1300)
Skipping probe: too short (len=886, chunk_size=1300)
Skipping probe: too short (len=632, chunk_size=1300)
Skipping probe: too short (len=1021, chunk_size=1300)
Skipping probe: too short (len=982, chunk_size=1300)
Skipping probe: too short (len=1266, chunk_size=1300)
Skipping probe: too short (len=834, chunk_size=1300)
Skipping probe: too short (len=1023, chunk_size=1300)
Skipping probe: too short (len=982, chunk_size=1300)
Skipping probe: too short (len=1021, chunk_size=1300)
Skipping probe: too short (len=670, chunk_size=1300)
Skipping probe: too short (len=886, chunk_size=1300)
Skipping probe: too short (len=632, chunk_size=1300)
Skipping probe: too short (len=559, chunk_size=1300)
Skipping probe: too short (len=906, chunk_size=1300)
Skipping probe: too short (len=559, chunk_size=1300)
Skipping probe: too short (len=906, chunk_size=1300)
Skipping probe: too short (len=1266, chunk_size=1300)
Skipping probe: too short (len=982, chunk_size=1300)
Skipping probe: too short (len=1021, chunk_size=1300)
Skipping probe: too short (len=632, chunk_size=1300)
Skipping probe: too short (len=834, chunk_size=1300)
Skipping probe: too short (len=1023, chunk_size=1300)
Skipping probe: too short (len=670, chunk_size=1300)
Skipping probe: too short (len=886, chunk_size=1300)
Trial 5 F1s - Weighted: 0.7714 | Macro: 0.3684 | Micro: 0.7905

[I 2026-03-29 02:22:10,952] Trial 5 finished with value: 0.7714119594073188 and parameters: {'chunk_seconds': 13, 'num_freqs': 8, 'num_estimators': 128, 'max_depth': 256, 'max_features': 0.23914356251972643, 'overlap': 0.7915283530880863, 'max_lag': 10}. Best is trial 4 with value: 0.7757363507979622.
Skipping probe: too short (len=1450, chunk_size=1600)
Skipping probe: too short (len=1349, chunk_size=1600)
Skipping probe: too short (len=1023, chunk_size=1600)
Skipping probe: too short (len=1454, chunk_size=1600)
Skipping probe: too short (len=834, chunk_size=1600)
Skipping probe: too short (len=1506, chunk_size=1600)
Skipping probe: too short (len=559, chunk_size=1600)
Skipping probe: too short (len=1563, chunk_size=1600)
Skipping probe: too short (len=1335, chunk_size=1600)
Skipping probe: too short (len=906, chunk_size=1600)
Skipping probe: too short (len=982, chunk_size=1600)
Skipping probe: too short (len=1266, chunk_size=1600)
Skipping probe: too short (len=670, chunk_size=1600)
Skipping probe: too short (len=886, chunk_size=1600)
Skipping probe: too short (len=632, chunk_size=1600)
Skipping probe: too short (len=1021, chunk_size=1600)
Skipping probe: too short (len=1349, chunk_size=1600)
Skipping probe: too short (len=834, chunk_size=1600)
Skipping probe: too short (len=1506, chunk_size=1600)
Skipping probe: too short (len=1450, chunk_size=1600)
Skipping probe: too short (len=1023, chunk_size=1600)
Skipping probe: too short (len=559, chunk_size=1600)
Skipping probe: too short (len=1563, chunk_size=1600)
Skipping probe: too short (len=1335, chunk_size=1600)
Skipping probe: too short (len=906, chunk_size=1600)
Skipping probe: too short (len=1454, chunk_size=1600)
Skipping probe: too short (len=982, chunk_size=1600)
Skipping probe: too short (len=1021, chunk_size=1600)
Skipping probe: too short (len=670, chunk_size=1600)
Skipping probe: too short (len=886, chunk_size=1600)
Skipping probe: too short (len=1266, chunk_size=1600)
Skipping probe: too short (len=632, chunk_size=1600)
Skipping probe: too short (len=1266, chunk_size=1600)
Skipping probe: too short (len=834, chunk_size=1600)
Skipping probe: too short (len=1506, chunk_size=1600)
Skipping probe: too short (len=1450, chunk_size=1600)
Skipping probe: too short (len=1023, chunk_size=1600)
Skipping probe: too short (len=559, chunk_size=1600)
Skipping probe: too short (len=1563, chunk_size=1600)
Skipping probe: too short (len=1335, chunk_size=1600)
Skipping probe: too short (len=906, chunk_size=1600)
Skipping probe: too short (len=670, chunk_size=1600)
Skipping probe: too short (len=886, chunk_size=1600)
Skipping probe: too short (len=1021, chunk_size=1600)
Skipping probe: too short (len=632, chunk_size=1600)
Skipping probe: too short (len=1454, chunk_size=1600)
Skipping probe: too short (len=1349, chunk_size=1600)
Skipping probe: too short (len=982, chunk_size=1600)
Skipping probe: too short (len=1454, chunk_size=1600)
Skipping probe: too short (len=834, chunk_size=1600)
Skipping probe: too short (len=1506, chunk_size=1600)
Skipping probe: too short (len=1266, chunk_size=1600)
Skipping probe: too short (len=1023, chunk_size=1600)
Skipping probe: too short (len=1450, chunk_size=1600)
Skipping probe: too short (len=1349, chunk_size=1600)
Skipping probe: too short (len=1021, chunk_size=1600)
Skipping probe: too short (len=982, chunk_size=1600)
Skipping probe: too short (len=670, chunk_size=1600)
Skipping probe: too short (len=886, chunk_size=1600)
Skipping probe: too short (len=632, chunk_size=1600)
Skipping probe: too short (len=559, chunk_size=1600)
Skipping probe: too short (len=1563, chunk_size=1600)
Skipping probe: too short (len=1335, chunk_size=1600)
Skipping probe: too short (len=906, chunk_size=1600)
Skipping probe: too short (len=1349, chunk_size=1600)
Skipping probe: too short (len=1454, chunk_size=1600)
Skipping probe: too short (len=559, chunk_size=1600)
Skipping probe: too short (len=1563, chunk_size=1600)
Skipping probe: too short (len=1335, chunk_size=1600)
Skipping probe: too short (len=906, chunk_size=1600)
Skipping probe: too short (len=1266, chunk_size=1600)
Skipping probe: too short (len=982, chunk_size=1600)
Skipping probe: too short (len=632, chunk_size=1600)
Skipping probe: too short (len=1021, chunk_size=1600)
Skipping probe: too short (len=1023, chunk_size=1600)
Skipping probe: too short (len=834, chunk_size=1600)
Skipping probe: too short (len=1506, chunk_size=1600)
Skipping probe: too short (len=1450, chunk_size=1600)
Skipping probe: too short (len=670, chunk_size=1600)
Skipping probe: too short (len=886, chunk_size=1600)
Trial 6 F1s - Weighted: 0.7658 | Macro: 0.3490 | Micro: 0.7833

[I 2026-03-29 02:48:08,386] Trial 6 finished with value: 0.7657894896065464 and parameters: {'chunk_seconds': 16, 'num_freqs': 21, 'num_estimators': 128, 'max_depth': 64, 'max_features': 0.4663859153442266, 'overlap': 0.3422768957246397, 'max_lag': 25}. Best is trial 4 with value: 0.7757363507979622.
Skipping probe: too short (len=1454, chunk_size=2400)
Skipping probe: too short (len=982, chunk_size=2400)
Skipping probe: too short (len=1604, chunk_size=2400)
Skipping probe: too short (len=1349, chunk_size=2400)
Skipping probe: too short (len=1450, chunk_size=2400)
Skipping probe: too short (len=1266, chunk_size=2400)
Skipping probe: too short (len=2058, chunk_size=2400)
Skipping probe: too short (len=1958, chunk_size=2400)
Skipping probe: too short (len=1924, chunk_size=2400)
Skipping probe: too short (len=2341, chunk_size=2400)
Skipping probe: too short (len=2216, chunk_size=2400)
Skipping probe: too short (len=834, chunk_size=2400)
Skipping probe: too short (len=1506, chunk_size=2400)
Skipping probe: too short (len=2176, chunk_size=2400)
Skipping probe: too short (len=1023, chunk_size=2400)
Skipping probe: too short (len=2171, chunk_size=2400)
Skipping probe: too short (len=1763, chunk_size=2400)
Skipping probe: too short (len=2340, chunk_size=2400)
Skipping probe: too short (len=559, chunk_size=2400)
Skipping probe: too short (len=1906, chunk_size=2400)
Skipping probe: too short (len=1563, chunk_size=2400)
Skipping probe: too short (len=1335, chunk_size=2400)
Skipping probe: too short (len=906, chunk_size=2400)
Skipping probe: too short (len=670, chunk_size=2400)
Skipping probe: too short (len=886, chunk_size=2400)
Skipping probe: too short (len=632, chunk_size=2400)
Skipping probe: too short (len=1619, chunk_size=2400)
Skipping probe: too short (len=1880, chunk_size=2400)
Skipping probe: too short (len=1995, chunk_size=2400)
Skipping probe: too short (len=2252, chunk_size=2400)
Skipping probe: too short (len=1871, chunk_size=2400)
Skipping probe: too short (len=1021, chunk_size=2400)
Skipping probe: too short (len=1604, chunk_size=2400)
Skipping probe: too short (len=982, chunk_size=2400)
Skipping probe: too short (len=1958, chunk_size=2400)
Skipping probe: too short (len=1924, chunk_size=2400)
Skipping probe: too short (len=2341, chunk_size=2400)
Skipping probe: too short (len=2216, chunk_size=2400)
Skipping probe: too short (len=834, chunk_size=2400)
Skipping probe: too short (len=1506, chunk_size=2400)
Skipping probe: too short (len=1450, chunk_size=2400)
Skipping probe: too short (len=1880, chunk_size=2400)
Skipping probe: too short (len=1023, chunk_size=2400)
Skipping probe: too short (len=2171, chunk_size=2400)
Skipping probe: too short (len=1454, chunk_size=2400)
Skipping probe: too short (len=670, chunk_size=2400)
Skipping probe: too short (len=886, chunk_size=2400)
Skipping probe: too short (len=559, chunk_size=2400)
Skipping probe: too short (len=1906, chunk_size=2400)
Skipping probe: too short (len=1563, chunk_size=2400)
Skipping probe: too short (len=1335, chunk_size=2400)
Skipping probe: too short (len=906, chunk_size=2400)
Skipping probe: too short (len=1349, chunk_size=2400)
Skipping probe: too short (len=2176, chunk_size=2400)
Skipping probe: too short (len=1763, chunk_size=2400)
Skipping probe: too short (len=1619, chunk_size=2400)
Skipping probe: too short (len=1871, chunk_size=2400)
Skipping probe: too short (len=1021, chunk_size=2400)
Skipping probe: too short (len=1995, chunk_size=2400)
Skipping probe: too short (len=2252, chunk_size=2400)
Skipping probe: too short (len=2340, chunk_size=2400)
Skipping probe: too short (len=2058, chunk_size=2400)
Skipping probe: too short (len=1266, chunk_size=2400)
Skipping probe: too short (len=632, chunk_size=2400)
Skipping probe: too short (len=1266, chunk_size=2400)
Skipping probe: too short (len=559, chunk_size=2400)
Skipping probe: too short (len=1906, chunk_size=2400)
Skipping probe: too short (len=1563, chunk_size=2400)
Skipping probe: too short (len=1335, chunk_size=2400)
Skipping probe: too short (len=906, chunk_size=2400)
Skipping probe: too short (len=2058, chunk_size=2400)
Skipping probe: too short (len=2176, chunk_size=2400)
Skipping probe: too short (len=1924, chunk_size=2400)
Skipping probe: too short (len=2341, chunk_size=2400)
Skipping probe: too short (len=2216, chunk_size=2400)
Skipping probe: too short (len=834, chunk_size=2400)
Skipping probe: too short (len=1506, chunk_size=2400)
Skipping probe: too short (len=1450, chunk_size=2400)
Skipping probe: too short (len=1023, chunk_size=2400)
Skipping probe: too short (len=2171, chunk_size=2400)
Skipping probe: too short (len=1958, chunk_size=2400)
Skipping probe: too short (len=1880, chunk_size=2400)
Skipping probe: too short (len=1619, chunk_size=2400)
Skipping probe: too short (len=670, chunk_size=2400)
Skipping probe: too short (len=886, chunk_size=2400)
Skipping probe: too short (len=1871, chunk_size=2400)
Skipping probe: too short (len=1021, chunk_size=2400)
Skipping probe: too short (len=632, chunk_size=2400)
Skipping probe: too short (len=1995, chunk_size=2400)
Skipping probe: too short (len=2252, chunk_size=2400)
Skipping probe: too short (len=1454, chunk_size=2400)
Skipping probe: too short (len=982, chunk_size=2400)
Skipping probe: too short (len=1604, chunk_size=2400)
Skipping probe: too short (len=1349, chunk_size=2400)
Skipping probe: too short (len=1763, chunk_size=2400)
Skipping probe: too short (len=2340, chunk_size=2400)
Skipping probe: too short (len=1454, chunk_size=2400)
Skipping probe: too short (len=1924, chunk_size=2400)
Skipping probe: too short (len=2341, chunk_size=2400)
Skipping probe: too short (len=2216, chunk_size=2400)
Skipping probe: too short (len=834, chunk_size=2400)
Skipping probe: too short (len=1506, chunk_size=2400)
Skipping probe: too short (len=982, chunk_size=2400)
Skipping probe: too short (len=1349, chunk_size=2400)
Skipping probe: too short (len=1450, chunk_size=2400)
Skipping probe: too short (len=2058, chunk_size=2400)
Skipping probe: too short (len=1604, chunk_size=2400)
Skipping probe: too short (len=1958, chunk_size=2400)
Skipping probe: too short (len=1266, chunk_size=2400)
Skipping probe: too short (len=1023, chunk_size=2400)
Skipping probe: too short (len=2171, chunk_size=2400)
Skipping probe: too short (len=1619, chunk_size=2400)
Skipping probe: too short (len=1880, chunk_size=2400)
Skipping probe: too short (len=1763, chunk_size=2400)
Skipping probe: too short (len=632, chunk_size=2400)
Skipping probe: too short (len=2340, chunk_size=2400)
Skipping probe: too short (len=670, chunk_size=2400)
Skipping probe: too short (len=886, chunk_size=2400)
Skipping probe: too short (len=1995, chunk_size=2400)
Skipping probe: too short (len=2252, chunk_size=2400)
Skipping probe: too short (len=1871, chunk_size=2400)
Skipping probe: too short (len=1021, chunk_size=2400)
Skipping probe: too short (len=2176, chunk_size=2400)
Skipping probe: too short (len=559, chunk_size=2400)
Skipping probe: too short (len=1906, chunk_size=2400)
Skipping probe: too short (len=1563, chunk_size=2400)
Skipping probe: too short (len=1335, chunk_size=2400)
Skipping probe: too short (len=906, chunk_size=2400)
Skipping probe: too short (len=1619, chunk_size=2400)
Skipping probe: too short (len=1454, chunk_size=2400)
Skipping probe: too short (len=1266, chunk_size=2400)
Skipping probe: too short (len=1604, chunk_size=2400)
Skipping probe: too short (len=2176, chunk_size=2400)
Skipping probe: too short (len=559, chunk_size=2400)
Skipping probe: too short (len=1906, chunk_size=2400)
Skipping probe: too short (len=1563, chunk_size=2400)
Skipping probe: too short (len=1335, chunk_size=2400)
Skipping probe: too short (len=906, chunk_size=2400)
Skipping probe: too short (len=2058, chunk_size=2400)
Skipping probe: too short (len=1349, chunk_size=2400)
Skipping probe: too short (len=982, chunk_size=2400)
Skipping probe: too short (len=1763, chunk_size=2400)
Skipping probe: too short (len=2340, chunk_size=2400)
Skipping probe: too short (len=1880, chunk_size=2400)
Skipping probe: too short (len=1995, chunk_size=2400)
Skipping probe: too short (len=2252, chunk_size=2400)
Skipping probe: too short (len=632, chunk_size=2400)
Skipping probe: too short (len=1871, chunk_size=2400)
Skipping probe: too short (len=1021, chunk_size=2400)
Skipping probe: too short (len=1450, chunk_size=2400)
Skipping probe: too short (len=1924, chunk_size=2400)
Skipping probe: too short (len=2341, chunk_size=2400)
Skipping probe: too short (len=2216, chunk_size=2400)
Skipping probe: too short (len=834, chunk_size=2400)
Skipping probe: too short (len=1506, chunk_size=2400)
Skipping probe: too short (len=1958, chunk_size=2400)
Skipping probe: too short (len=1023, chunk_size=2400)
Skipping probe: too short (len=2171, chunk_size=2400)
Skipping probe: too short (len=670, chunk_size=2400)
Skipping probe: too short (len=886, chunk_size=2400)
Trial 7 F1s - Weighted: 0.7686 | Macro: 0.3584 | Micro: 0.7870

[I 2026-03-29 04:23:03,663] Trial 7 finished with value: 0.7686043730572226 and parameters: {'chunk_seconds': 24, 'num_freqs': 12, 'num_estimators': 512, 'max_depth': 64, 'max_features': 0.5328613096592673, 'overlap': 0.7790875150823595, 'max_lag': 10}. Best is trial 4 with value: 0.7757363507979622.
Skipping probe: too short (len=834, chunk_size=1300)
Skipping probe: too short (len=559, chunk_size=1300)
Skipping probe: too short (len=906, chunk_size=1300)
Skipping probe: too short (len=1266, chunk_size=1300)
Skipping probe: too short (len=982, chunk_size=1300)
Skipping probe: too short (len=670, chunk_size=1300)
Skipping probe: too short (len=886, chunk_size=1300)
Skipping probe: too short (len=1023, chunk_size=1300)
Skipping probe: too short (len=632, chunk_size=1300)
Skipping probe: too short (len=1021, chunk_size=1300)
Skipping probe: too short (len=559, chunk_size=1300)
Skipping probe: too short (len=906, chunk_size=1300)
Skipping probe: too short (len=1023, chunk_size=1300)
Skipping probe: too short (len=834, chunk_size=1300)
Skipping probe: too short (len=982, chunk_size=1300)
Skipping probe: too short (len=670, chunk_size=1300)
Skipping probe: too short (len=886, chunk_size=1300)
Skipping probe: too short (len=1021, chunk_size=1300)
Skipping probe: too short (len=1266, chunk_size=1300)
Skipping probe: too short (len=632, chunk_size=1300)
Skipping probe: too short (len=1023, chunk_size=1300)
Skipping probe: too short (len=1266, chunk_size=1300)
Skipping probe: too short (len=559, chunk_size=1300)
Skipping probe: too short (len=906, chunk_size=1300)
Skipping probe: too short (len=834, chunk_size=1300)
Skipping probe: too short (len=670, chunk_size=1300)
Skipping probe: too short (len=886, chunk_size=1300)
Skipping probe: too short (len=1021, chunk_size=1300)
Skipping probe: too short (len=632, chunk_size=1300)
Skipping probe: too short (len=982, chunk_size=1300)
Skipping probe: too short (len=1023, chunk_size=1300)
Skipping probe: too short (len=834, chunk_size=1300)
Skipping probe: too short (len=1266, chunk_size=1300)
Skipping probe: too short (len=982, chunk_size=1300)
Skipping probe: too short (len=670, chunk_size=1300)
Skipping probe: too short (len=886, chunk_size=1300)
Skipping probe: too short (len=1021, chunk_size=1300)
Skipping probe: too short (len=632, chunk_size=1300)
Skipping probe: too short (len=559, chunk_size=1300)
Skipping probe: too short (len=906, chunk_size=1300)
Skipping probe: too short (len=559, chunk_size=1300)
Skipping probe: too short (len=906, chunk_size=1300)
Skipping probe: too short (len=982, chunk_size=1300)
Skipping probe: too short (len=1266, chunk_size=1300)
Skipping probe: too short (len=1021, chunk_size=1300)
Skipping probe: too short (len=632, chunk_size=1300)
Skipping probe: too short (len=1023, chunk_size=1300)
Skipping probe: too short (len=670, chunk_size=1300)
Skipping probe: too short (len=886, chunk_size=1300)
Skipping probe: too short (len=834, chunk_size=1300)
Trial 8 F1s - Weighted: 0.7590 | Macro: 0.3685 | Micro: 0.7752

[I 2026-03-29 04:39:27,673] Trial 8 finished with value: 0.7589707519659689 and parameters: {'chunk_seconds': 13, 'num_freqs': 8, 'num_estimators': 8, 'max_depth': 32, 'max_features': 0.21292564265829306, 'overlap': 0.6755205096302725, 'max_lag': 16}. Best is trial 4 with value: 0.7757363507979622.
Skipping probe: too short (len=1023, chunk_size=2100)
Skipping probe: too short (len=1924, chunk_size=2100)
Skipping probe: too short (len=834, chunk_size=2100)
Skipping probe: too short (len=1506, chunk_size=2100)
Skipping probe: too short (len=559, chunk_size=2100)
Skipping probe: too short (len=1906, chunk_size=2100)
Skipping probe: too short (len=1563, chunk_size=2100)
Skipping probe: too short (len=1335, chunk_size=2100)
Skipping probe: too short (len=906, chunk_size=2100)
Skipping probe: too short (len=982, chunk_size=2100)
Skipping probe: too short (len=1604, chunk_size=2100)
Skipping probe: too short (len=1450, chunk_size=2100)
Skipping probe: too short (len=2058, chunk_size=2100)
Skipping probe: too short (len=1349, chunk_size=2100)
Skipping probe: too short (len=1454, chunk_size=2100)
Skipping probe: too short (len=1958, chunk_size=2100)
Skipping probe: too short (len=1266, chunk_size=2100)
Skipping probe: too short (len=670, chunk_size=2100)
Skipping probe: too short (len=886, chunk_size=2100)
Skipping probe: too short (len=1763, chunk_size=2100)
Skipping probe: too short (len=632, chunk_size=2100)
Skipping probe: too short (len=1619, chunk_size=2100)
Skipping probe: too short (len=1995, chunk_size=2100)
Skipping probe: too short (len=1871, chunk_size=2100)
Skipping probe: too short (len=1021, chunk_size=2100)
Skipping probe: too short (len=1880, chunk_size=2100)
Skipping probe: too short (len=1454, chunk_size=2100)
Skipping probe: too short (len=1450, chunk_size=2100)
Skipping probe: too short (len=1023, chunk_size=2100)
Skipping probe: too short (len=1349, chunk_size=2100)
Skipping probe: too short (len=1958, chunk_size=2100)
Skipping probe: too short (len=559, chunk_size=2100)
Skipping probe: too short (len=1906, chunk_size=2100)
Skipping probe: too short (len=1563, chunk_size=2100)
Skipping probe: too short (len=1335, chunk_size=2100)
Skipping probe: too short (len=906, chunk_size=2100)
Skipping probe: too short (len=1924, chunk_size=2100)
Skipping probe: too short (len=834, chunk_size=2100)
Skipping probe: too short (len=1506, chunk_size=2100)
Skipping probe: too short (len=1604, chunk_size=2100)
Skipping probe: too short (len=1880, chunk_size=2100)
Skipping probe: too short (len=1619, chunk_size=2100)
Skipping probe: too short (len=982, chunk_size=2100)
Skipping probe: too short (len=670, chunk_size=2100)
Skipping probe: too short (len=886, chunk_size=2100)
Skipping probe: too short (len=1763, chunk_size=2100)
Skipping probe: too short (len=1871, chunk_size=2100)
Skipping probe: too short (len=1021, chunk_size=2100)
Skipping probe: too short (len=1995, chunk_size=2100)
Skipping probe: too short (len=1266, chunk_size=2100)
Skipping probe: too short (len=2058, chunk_size=2100)
Skipping probe: too short (len=632, chunk_size=2100)
Skipping probe: too short (len=1619, chunk_size=2100)
Skipping probe: too short (len=1023, chunk_size=2100)
Skipping probe: too short (len=1924, chunk_size=2100)
Skipping probe: too short (len=834, chunk_size=2100)
Skipping probe: too short (len=1506, chunk_size=2100)
Skipping probe: too short (len=1266, chunk_size=2100)
Skipping probe: too short (len=1450, chunk_size=2100)
Skipping probe: too short (len=1880, chunk_size=2100)
Skipping probe: too short (len=1958, chunk_size=2100)
Skipping probe: too short (len=559, chunk_size=2100)
Skipping probe: too short (len=1906, chunk_size=2100)
Skipping probe: too short (len=1563, chunk_size=2100)
Skipping probe: too short (len=1335, chunk_size=2100)
Skipping probe: too short (len=906, chunk_size=2100)
Skipping probe: too short (len=2058, chunk_size=2100)
Skipping probe: too short (len=670, chunk_size=2100)
Skipping probe: too short (len=886, chunk_size=2100)
Skipping probe: too short (len=632, chunk_size=2100)
Skipping probe: too short (len=1871, chunk_size=2100)
Skipping probe: too short (len=1021, chunk_size=2100)
Skipping probe: too short (len=1995, chunk_size=2100)
Skipping probe: too short (len=1604, chunk_size=2100)
Skipping probe: too short (len=1349, chunk_size=2100)
Skipping probe: too short (len=1454, chunk_size=2100)
Skipping probe: too short (len=982, chunk_size=2100)
Skipping probe: too short (len=1763, chunk_size=2100)
Skipping probe: too short (len=1454, chunk_size=2100)
Skipping probe: too short (len=1349, chunk_size=2100)
Skipping probe: too short (len=1619, chunk_size=2100)
Skipping probe: too short (len=2058, chunk_size=2100)
Skipping probe: too short (len=1604, chunk_size=2100)
Skipping probe: too short (len=1924, chunk_size=2100)
Skipping probe: too short (len=834, chunk_size=2100)
Skipping probe: too short (len=1506, chunk_size=2100)
Skipping probe: too short (len=1023, chunk_size=2100)
Skipping probe: too short (len=1450, chunk_size=2100)
Skipping probe: too short (len=1958, chunk_size=2100)
Skipping probe: too short (len=982, chunk_size=2100)
Skipping probe: too short (len=1266, chunk_size=2100)
Skipping probe: too short (len=670, chunk_size=2100)
Skipping probe: too short (len=886, chunk_size=2100)
Skipping probe: too short (len=1880, chunk_size=2100)
Skipping probe: too short (len=1763, chunk_size=2100)
Skipping probe: too short (len=1995, chunk_size=2100)
Skipping probe: too short (len=632, chunk_size=2100)
Skipping probe: too short (len=1871, chunk_size=2100)
Skipping probe: too short (len=1021, chunk_size=2100)
Skipping probe: too short (len=559, chunk_size=2100)
Skipping probe: too short (len=1906, chunk_size=2100)
Skipping probe: too short (len=1563, chunk_size=2100)
Skipping probe: too short (len=1335, chunk_size=2100)
Skipping probe: too short (len=906, chunk_size=2100)
Skipping probe: too short (len=1266, chunk_size=2100)
Skipping probe: too short (len=2058, chunk_size=2100)
Skipping probe: too short (len=559, chunk_size=2100)
Skipping probe: too short (len=1906, chunk_size=2100)
Skipping probe: too short (len=1563, chunk_size=2100)
Skipping probe: too short (len=1335, chunk_size=2100)
Skipping probe: too short (len=906, chunk_size=2100)
Skipping probe: too short (len=1604, chunk_size=2100)
Skipping probe: too short (len=1619, chunk_size=2100)
Skipping probe: too short (len=982, chunk_size=2100)
Skipping probe: too short (len=1454, chunk_size=2100)
Skipping probe: too short (len=1349, chunk_size=2100)
Skipping probe: too short (len=1763, chunk_size=2100)
Skipping probe: too short (len=1880, chunk_size=2100)
Skipping probe: too short (len=1995, chunk_size=2100)
Skipping probe: too short (len=632, chunk_size=2100)
Skipping probe: too short (len=1871, chunk_size=2100)
Skipping probe: too short (len=1021, chunk_size=2100)
Skipping probe: too short (len=1450, chunk_size=2100)
Skipping probe: too short (len=1023, chunk_size=2100)
Skipping probe: too short (len=1958, chunk_size=2100)
Skipping probe: too short (len=1924, chunk_size=2100)
Skipping probe: too short (len=834, chunk_size=2100)
Skipping probe: too short (len=1506, chunk_size=2100)
Skipping probe: too short (len=670, chunk_size=2100)
Skipping probe: too short (len=886, chunk_size=2100)
Trial 9 F1s - Weighted: 0.7664 | Macro: 0.3547 | Micro: 0.7825

[I 2026-03-29 05:14:33,406] Trial 9 finished with value: 0.766404127487092 and parameters: {'chunk_seconds': 21, 'num_freqs': 25, 'num_estimators': 128, 'max_depth': 32, 'max_features': 0.9393945266358321, 'overlap': 0.31840004972146174, 'max_lag': 27}. Best is trial 4 with value: 0.7757363507979622.
Skipping probe: too short (len=559, chunk_size=600)
Skipping probe: too short (len=559, chunk_size=600)
[I 2026-03-29 05:38:11,583] Trial 10 pruned. 
Skipping probe: too short (len=834, chunk_size=1000)
Skipping probe: too short (len=982, chunk_size=1000)
Skipping probe: too short (len=559, chunk_size=1000)
Skipping probe: too short (len=906, chunk_size=1000)
Skipping probe: too short (len=632, chunk_size=1000)
Skipping probe: too short (len=670, chunk_size=1000)
Skipping probe: too short (len=886, chunk_size=1000)
Skipping probe: too short (len=834, chunk_size=1000)
Skipping probe: too short (len=559, chunk_size=1000)
Skipping probe: too short (len=906, chunk_size=1000)
Skipping probe: too short (len=982, chunk_size=1000)
Skipping probe: too short (len=670, chunk_size=1000)
Skipping probe: too short (len=886, chunk_size=1000)
Skipping probe: too short (len=632, chunk_size=1000)
Skipping probe: too short (len=559, chunk_size=1000)
Skipping probe: too short (len=906, chunk_size=1000)
Skipping probe: too short (len=834, chunk_size=1000)
Skipping probe: too short (len=632, chunk_size=1000)
Skipping probe: too short (len=670, chunk_size=1000)
Skipping probe: too short (len=886, chunk_size=1000)
Skipping probe: too short (len=982, chunk_size=1000)
Skipping probe: too short (len=834, chunk_size=1000)
Skipping probe: too short (len=982, chunk_size=1000)
Skipping probe: too short (len=670, chunk_size=1000)
Skipping probe: too short (len=886, chunk_size=1000)
Skipping probe: too short (len=632, chunk_size=1000)
Skipping probe: too short (len=559, chunk_size=1000)
Skipping probe: too short (len=906, chunk_size=1000)
Skipping probe: too short (len=559, chunk_size=1000)
Skipping probe: too short (len=906, chunk_size=1000)
Skipping probe: too short (len=982, chunk_size=1000)
Skipping probe: too short (len=632, chunk_size=1000)
Skipping probe: too short (len=834, chunk_size=1000)
Skipping probe: too short (len=670, chunk_size=1000)
Skipping probe: too short (len=886, chunk_size=1000)
Trial 11 F1s - Weighted: 0.7603 | Macro: 0.3612 | Micro: 0.7750

[I 2026-03-29 05:51:23,521] Trial 11 finished with value: 0.7603126672195304 and parameters: {'chunk_seconds': 10, 'num_freqs': 4, 'num_estimators': 32, 'max_depth': 256, 'max_features': 0.20327173783913405, 'overlap': 0.5534644732025449, 'max_lag': 8}. Best is trial 4 with value: 0.7757363507979622.
Skipping probe: too short (len=982, chunk_size=1000)
Skipping probe: too short (len=559, chunk_size=1000)
Skipping probe: too short (len=906, chunk_size=1000)
Skipping probe: too short (len=834, chunk_size=1000)
Skipping probe: too short (len=670, chunk_size=1000)
Skipping probe: too short (len=886, chunk_size=1000)
Skipping probe: too short (len=632, chunk_size=1000)
Skipping probe: too short (len=559, chunk_size=1000)
Skipping probe: too short (len=906, chunk_size=1000)
Skipping probe: too short (len=834, chunk_size=1000)
Skipping probe: too short (len=982, chunk_size=1000)
Skipping probe: too short (len=670, chunk_size=1000)
Skipping probe: too short (len=886, chunk_size=1000)
Skipping probe: too short (len=632, chunk_size=1000)
[I 2026-03-29 06:07:19,552] Trial 12 pruned. 
[I 2026-03-29 06:42:22,179] Trial 13 pruned. 
Skipping probe: too short (len=834, chunk_size=1300)
Skipping probe: too short (len=1266, chunk_size=1300)
Skipping probe: too short (len=982, chunk_size=1300)
Skipping probe: too short (len=559, chunk_size=1300)
Skipping probe: too short (len=906, chunk_size=1300)
Skipping probe: too short (len=1023, chunk_size=1300)
Skipping probe: too short (len=670, chunk_size=1300)
Skipping probe: too short (len=886, chunk_size=1300)
Skipping probe: too short (len=632, chunk_size=1300)
Skipping probe: too short (len=1021, chunk_size=1300)
Skipping probe: too short (len=1023, chunk_size=1300)
Skipping probe: too short (len=834, chunk_size=1300)
Skipping probe: too short (len=559, chunk_size=1300)
Skipping probe: too short (len=906, chunk_size=1300)
Skipping probe: too short (len=982, chunk_size=1300)
Skipping probe: too short (len=670, chunk_size=1300)
Skipping probe: too short (len=886, chunk_size=1300)
Skipping probe: too short (len=1021, chunk_size=1300)
Skipping probe: too short (len=1266, chunk_size=1300)
Skipping probe: too short (len=632, chunk_size=1300)
[I 2026-03-29 07:23:06,252] Trial 14 pruned. 
Skipping probe: too short (len=1266, chunk_size=2500)
Skipping probe: too short (len=1763, chunk_size=2500)
Skipping probe: too short (len=2058, chunk_size=2500)
Skipping probe: too short (len=1924, chunk_size=2500)
Skipping probe: too short (len=2341, chunk_size=2500)
Skipping probe: too short (len=2216, chunk_size=2500)
Skipping probe: too short (len=2445, chunk_size=2500)
Skipping probe: too short (len=2409, chunk_size=2500)
Skipping probe: too short (len=834, chunk_size=2500)
Skipping probe: too short (len=1506, chunk_size=2500)
Skipping probe: too short (len=1454, chunk_size=2500)
Skipping probe: too short (len=1450, chunk_size=2500)
Skipping probe: too short (len=1349, chunk_size=2500)
Skipping probe: too short (len=1023, chunk_size=2500)
Skipping probe: too short (len=2171, chunk_size=2500)
Skipping probe: too short (len=1604, chunk_size=2500)
Skipping probe: too short (len=2176, chunk_size=2500)
Skipping probe: too short (len=982, chunk_size=2500)
Skipping probe: too short (len=1958, chunk_size=2500)
Skipping probe: too short (len=559, chunk_size=2500)
Skipping probe: too short (len=1906, chunk_size=2500)
Skipping probe: too short (len=1563, chunk_size=2500)
Skipping probe: too short (len=1335, chunk_size=2500)
Skipping probe: too short (len=906, chunk_size=2500)
Skipping probe: too short (len=632, chunk_size=2500)
Skipping probe: too short (len=670, chunk_size=2500)
Skipping probe: too short (len=886, chunk_size=2500)
Skipping probe: too short (len=2340, chunk_size=2500)
Skipping probe: too short (len=1880, chunk_size=2500)
Skipping probe: too short (len=2436, chunk_size=2500)
Skipping probe: too short (len=1619, chunk_size=2500)
Skipping probe: too short (len=1995, chunk_size=2500)
Skipping probe: too short (len=2252, chunk_size=2500)
Skipping probe: too short (len=1871, chunk_size=2500)
Skipping probe: too short (len=1021, chunk_size=2500)
Skipping probe: too short (len=982, chunk_size=2500)
Skipping probe: too short (len=1454, chunk_size=2500)
Skipping probe: too short (len=1349, chunk_size=2500)
Skipping probe: too short (len=559, chunk_size=2500)
Skipping probe: too short (len=1906, chunk_size=2500)
Skipping probe: too short (len=1563, chunk_size=2500)
Skipping probe: too short (len=1335, chunk_size=2500)
Skipping probe: too short (len=906, chunk_size=2500)
Skipping probe: too short (len=1958, chunk_size=2500)
Skipping probe: too short (len=1450, chunk_size=2500)
Skipping probe: too short (len=1924, chunk_size=2500)
Skipping probe: too short (len=2341, chunk_size=2500)
Skipping probe: too short (len=2216, chunk_size=2500)
Skipping probe: too short (len=2445, chunk_size=2500)
Skipping probe: too short (len=2409, chunk_size=2500)
Skipping probe: too short (len=834, chunk_size=2500)
Skipping probe: too short (len=1506, chunk_size=2500)
Skipping probe: too short (len=1880, chunk_size=2500)
Skipping probe: too short (len=1619, chunk_size=2500)
Skipping probe: too short (len=1023, chunk_size=2500)
Skipping probe: too short (len=2171, chunk_size=2500)
Skipping probe: too short (len=2436, chunk_size=2500)
Skipping probe: too short (len=2176, chunk_size=2500)
Skipping probe: too short (len=1763, chunk_size=2500)
Skipping probe: too short (len=1604, chunk_size=2500)
Skipping probe: too short (len=2340, chunk_size=2500)
Skipping probe: too short (len=1995, chunk_size=2500)
Skipping probe: too short (len=2252, chunk_size=2500)
Skipping probe: too short (len=670, chunk_size=2500)
Skipping probe: too short (len=886, chunk_size=2500)
Skipping probe: too short (len=1871, chunk_size=2500)
Skipping probe: too short (len=1021, chunk_size=2500)
Skipping probe: too short (len=1266, chunk_size=2500)
Skipping probe: too short (len=2058, chunk_size=2500)
Skipping probe: too short (len=632, chunk_size=2500)
[I 2026-03-29 07:31:50,946] Trial 15 pruned. 
Skipping probe: too short (len=1450, chunk_size=2000)
Skipping probe: too short (len=1958, chunk_size=2000)
Skipping probe: too short (len=1454, chunk_size=2000)
Skipping probe: too short (len=1604, chunk_size=2000)
Skipping probe: too short (len=1023, chunk_size=2000)
Skipping probe: too short (len=1924, chunk_size=2000)
Skipping probe: too short (len=834, chunk_size=2000)
Skipping probe: too short (len=1506, chunk_size=2000)
Skipping probe: too short (len=1349, chunk_size=2000)
Skipping probe: too short (len=982, chunk_size=2000)
Skipping probe: too short (len=559, chunk_size=2000)
Skipping probe: too short (len=1906, chunk_size=2000)
Skipping probe: too short (len=1563, chunk_size=2000)
Skipping probe: too short (len=1335, chunk_size=2000)
Skipping probe: too short (len=906, chunk_size=2000)
Skipping probe: too short (len=670, chunk_size=2000)
Skipping probe: too short (len=886, chunk_size=2000)
Skipping probe: too short (len=1266, chunk_size=2000)
Skipping probe: too short (len=632, chunk_size=2000)
Skipping probe: too short (len=1763, chunk_size=2000)
Skipping probe: too short (len=1619, chunk_size=2000)
Skipping probe: too short (len=1880, chunk_size=2000)
Skipping probe: too short (len=1871, chunk_size=2000)
Skipping probe: too short (len=1021, chunk_size=2000)
Skipping probe: too short (len=1995, chunk_size=2000)
Skipping probe: too short (len=1349, chunk_size=2000)
Skipping probe: too short (len=1924, chunk_size=2000)
Skipping probe: too short (len=834, chunk_size=2000)
Skipping probe: too short (len=1506, chunk_size=2000)
Skipping probe: too short (len=1023, chunk_size=2000)
Skipping probe: too short (len=559, chunk_size=2000)
Skipping probe: too short (len=1906, chunk_size=2000)
Skipping probe: too short (len=1563, chunk_size=2000)
Skipping probe: too short (len=1335, chunk_size=2000)
Skipping probe: too short (len=906, chunk_size=2000)
Skipping probe: too short (len=1604, chunk_size=2000)
Skipping probe: too short (len=1454, chunk_size=2000)
Skipping probe: too short (len=1958, chunk_size=2000)
Skipping probe: too short (len=982, chunk_size=2000)
Skipping probe: too short (len=1450, chunk_size=2000)
Skipping probe: too short (len=1619, chunk_size=2000)
Skipping probe: too short (len=1763, chunk_size=2000)
Skipping probe: too short (len=1880, chunk_size=2000)
Skipping probe: too short (len=670, chunk_size=2000)
Skipping probe: too short (len=886, chunk_size=2000)
Skipping probe: too short (len=1995, chunk_size=2000)
Skipping probe: too short (len=1871, chunk_size=2000)
Skipping probe: too short (len=1021, chunk_size=2000)
Skipping probe: too short (len=1266, chunk_size=2000)
Skipping probe: too short (len=632, chunk_size=2000)
[I 2026-03-29 07:37:12,927] Trial 16 pruned. 
Skipping probe: too short (len=1023, chunk_size=1400)
Skipping probe: too short (len=834, chunk_size=1400)
Skipping probe: too short (len=1349, chunk_size=1400)
Skipping probe: too short (len=559, chunk_size=1400)
Skipping probe: too short (len=1335, chunk_size=1400)
Skipping probe: too short (len=906, chunk_size=1400)
Skipping probe: too short (len=1266, chunk_size=1400)
Skipping probe: too short (len=982, chunk_size=1400)
Skipping probe: too short (len=632, chunk_size=1400)
Skipping probe: too short (len=670, chunk_size=1400)
Skipping probe: too short (len=886, chunk_size=1400)
Skipping probe: too short (len=1021, chunk_size=1400)
Skipping probe: too short (len=1349, chunk_size=1400)
Skipping probe: too short (len=982, chunk_size=1400)
Skipping probe: too short (len=1023, chunk_size=1400)
Skipping probe: too short (len=834, chunk_size=1400)
Skipping probe: too short (len=559, chunk_size=1400)
Skipping probe: too short (len=1335, chunk_size=1400)
Skipping probe: too short (len=906, chunk_size=1400)
Skipping probe: too short (len=670, chunk_size=1400)
Skipping probe: too short (len=886, chunk_size=1400)
Skipping probe: too short (len=1021, chunk_size=1400)
Skipping probe: too short (len=1266, chunk_size=1400)
Skipping probe: too short (len=632, chunk_size=1400)
[I 2026-03-29 07:45:00,485] Trial 17 pruned. 
Skipping probe: too short (len=834, chunk_size=1000)
Skipping probe: too short (len=982, chunk_size=1000)
Skipping probe: too short (len=559, chunk_size=1000)
Skipping probe: too short (len=906, chunk_size=1000)
Skipping probe: too short (len=670, chunk_size=1000)
Skipping probe: too short (len=886, chunk_size=1000)
Skipping probe: too short (len=632, chunk_size=1000)
Skipping probe: too short (len=834, chunk_size=1000)
Skipping probe: too short (len=559, chunk_size=1000)
Skipping probe: too short (len=906, chunk_size=1000)
Skipping probe: too short (len=982, chunk_size=1000)
Skipping probe: too short (len=670, chunk_size=1000)
Skipping probe: too short (len=886, chunk_size=1000)
Skipping probe: too short (len=632, chunk_size=1000)
[I 2026-03-29 08:03:30,812] Trial 18 pruned. 
Skipping probe: too short (len=559, chunk_size=800)
Skipping probe: too short (len=632, chunk_size=800)
Skipping probe: too short (len=670, chunk_size=800)
Skipping probe: too short (len=559, chunk_size=800)
Skipping probe: too short (len=670, chunk_size=800)
Skipping probe: too short (len=632, chunk_size=800)
[I 2026-03-29 08:31:23,269] Trial 19 pruned. 
Skipping probe: too short (len=1349, chunk_size=1900)
Skipping probe: too short (len=982, chunk_size=1900)
Skipping probe: too short (len=1604, chunk_size=1900)
Skipping probe: too short (len=559, chunk_size=1900)
Skipping probe: too short (len=1563, chunk_size=1900)
Skipping probe: too short (len=1335, chunk_size=1900)
Skipping probe: too short (len=906, chunk_size=1900)
Skipping probe: too short (len=1450, chunk_size=1900)
Skipping probe: too short (len=834, chunk_size=1900)
Skipping probe: too short (len=1506, chunk_size=1900)
Skipping probe: too short (len=1266, chunk_size=1900)
Skipping probe: too short (len=1023, chunk_size=1900)
Skipping probe: too short (len=1454, chunk_size=1900)
Skipping probe: too short (len=1763, chunk_size=1900)
Skipping probe: too short (len=632, chunk_size=1900)
Skipping probe: too short (len=670, chunk_size=1900)
Skipping probe: too short (len=886, chunk_size=1900)
Skipping probe: too short (len=1880, chunk_size=1900)
Skipping probe: too short (len=1619, chunk_size=1900)
Skipping probe: too short (len=1871, chunk_size=1900)
Skipping probe: too short (len=1021, chunk_size=1900)
Skipping probe: too short (len=1604, chunk_size=1900)
Skipping probe: too short (len=1454, chunk_size=1900)
Skipping probe: too short (len=1763, chunk_size=1900)
Skipping probe: too short (len=982, chunk_size=1900)
Skipping probe: too short (len=559, chunk_size=1900)
Skipping probe: too short (len=1563, chunk_size=1900)
Skipping probe: too short (len=1335, chunk_size=1900)
Skipping probe: too short (len=906, chunk_size=1900)
Skipping probe: too short (len=834, chunk_size=1900)
Skipping probe: too short (len=1506, chunk_size=1900)
Skipping probe: too short (len=1349, chunk_size=1900)
Skipping probe: too short (len=1619, chunk_size=1900)
Skipping probe: too short (len=1450, chunk_size=1900)
Skipping probe: too short (len=1880, chunk_size=1900)
Skipping probe: too short (len=1023, chunk_size=1900)
Skipping probe: too short (len=670, chunk_size=1900)
Skipping probe: too short (len=886, chunk_size=1900)
Skipping probe: too short (len=1871, chunk_size=1900)
Skipping probe: too short (len=1021, chunk_size=1900)
Skipping probe: too short (len=1266, chunk_size=1900)
Skipping probe: too short (len=632, chunk_size=1900)
Skipping probe: too short (len=559, chunk_size=1900)
Skipping probe: too short (len=1563, chunk_size=1900)
Skipping probe: too short (len=1335, chunk_size=1900)
Skipping probe: too short (len=906, chunk_size=1900)
Skipping probe: too short (len=1450, chunk_size=1900)
Skipping probe: too short (len=1619, chunk_size=1900)
Skipping probe: too short (len=1023, chunk_size=1900)
Skipping probe: too short (len=834, chunk_size=1900)
Skipping probe: too short (len=1506, chunk_size=1900)
Skipping probe: too short (len=1266, chunk_size=1900)
Skipping probe: too short (len=1880, chunk_size=1900)
Skipping probe: too short (len=670, chunk_size=1900)
Skipping probe: too short (len=886, chunk_size=1900)
Skipping probe: too short (len=1871, chunk_size=1900)
Skipping probe: too short (len=1021, chunk_size=1900)
Skipping probe: too short (len=632, chunk_size=1900)
Skipping probe: too short (len=1454, chunk_size=1900)
Skipping probe: too short (len=1349, chunk_size=1900)
Skipping probe: too short (len=1604, chunk_size=1900)
Skipping probe: too short (len=982, chunk_size=1900)
Skipping probe: too short (len=1763, chunk_size=1900)
Skipping probe: too short (len=834, chunk_size=1900)
Skipping probe: too short (len=1506, chunk_size=1900)
Skipping probe: too short (len=1023, chunk_size=1900)
Skipping probe: too short (len=1349, chunk_size=1900)
Skipping probe: too short (len=1266, chunk_size=1900)
Skipping probe: too short (len=1454, chunk_size=1900)
Skipping probe: too short (len=1450, chunk_size=1900)
Skipping probe: too short (len=1619, chunk_size=1900)
Skipping probe: too short (len=1604, chunk_size=1900)
Skipping probe: too short (len=982, chunk_size=1900)
Skipping probe: too short (len=1763, chunk_size=1900)
Skipping probe: too short (len=670, chunk_size=1900)
Skipping probe: too short (len=886, chunk_size=1900)
Skipping probe: too short (len=1880, chunk_size=1900)
Skipping probe: too short (len=632, chunk_size=1900)
Skipping probe: too short (len=1871, chunk_size=1900)
Skipping probe: too short (len=1021, chunk_size=1900)
Skipping probe: too short (len=559, chunk_size=1900)
Skipping probe: too short (len=1563, chunk_size=1900)
Skipping probe: too short (len=1335, chunk_size=1900)
Skipping probe: too short (len=906, chunk_size=1900)
Skipping probe: too short (len=1349, chunk_size=1900)
Skipping probe: too short (len=982, chunk_size=1900)
Skipping probe: too short (len=1454, chunk_size=1900)
Skipping probe: too short (len=1619, chunk_size=1900)
Skipping probe: too short (len=559, chunk_size=1900)
Skipping probe: too short (len=1563, chunk_size=1900)
Skipping probe: too short (len=1335, chunk_size=1900)
Skipping probe: too short (len=906, chunk_size=1900)
Skipping probe: too short (len=1604, chunk_size=1900)
Skipping probe: too short (len=1266, chunk_size=1900)
Skipping probe: too short (len=1763, chunk_size=1900)
Skipping probe: too short (len=1880, chunk_size=1900)
Skipping probe: too short (len=632, chunk_size=1900)
Skipping probe: too short (len=1871, chunk_size=1900)
Skipping probe: too short (len=1021, chunk_size=1900)
Skipping probe: too short (len=1023, chunk_size=1900)
Skipping probe: too short (len=1450, chunk_size=1900)
Skipping probe: too short (len=834, chunk_size=1900)
Skipping probe: too short (len=1506, chunk_size=1900)
Skipping probe: too short (len=670, chunk_size=1900)
Skipping probe: too short (len=886, chunk_size=1900)
Trial 20 F1s - Weighted: 0.7775 | Macro: 0.3670 | Micro: 0.7966

[I 2026-03-29 08:57:00,826] Trial 20 finished with value: 0.7774974390273931 and parameters: {'chunk_seconds': 19, 'num_freqs': 8, 'num_estimators': 128, 'max_depth': 32, 'max_features': 0.2752894537781573, 'overlap': 0.711817368744707, 'max_lag': 18}. Best is trial 20 with value: 0.7774974390273931.
Skipping probe: too short (len=982, chunk_size=2300)
Skipping probe: too short (len=1604, chunk_size=2300)
Skipping probe: too short (len=1454, chunk_size=2300)
Skipping probe: too short (len=1450, chunk_size=2300)
Skipping probe: too short (len=1266, chunk_size=2300)
Skipping probe: too short (len=1958, chunk_size=2300)
Skipping probe: too short (len=2176, chunk_size=2300)
Skipping probe: too short (len=1763, chunk_size=2300)
Skipping probe: too short (len=1924, chunk_size=2300)
Skipping probe: too short (len=2216, chunk_size=2300)
Skipping probe: too short (len=834, chunk_size=2300)
Skipping probe: too short (len=1506, chunk_size=2300)
Skipping probe: too short (len=559, chunk_size=2300)
Skipping probe: too short (len=1906, chunk_size=2300)
Skipping probe: too short (len=1563, chunk_size=2300)
Skipping probe: too short (len=1335, chunk_size=2300)
Skipping probe: too short (len=906, chunk_size=2300)
Skipping probe: too short (len=1023, chunk_size=2300)
Skipping probe: too short (len=2171, chunk_size=2300)
Skipping probe: too short (len=1349, chunk_size=2300)
Skipping probe: too short (len=2058, chunk_size=2300)
Skipping probe: too short (len=670, chunk_size=2300)
Skipping probe: too short (len=886, chunk_size=2300)
Skipping probe: too short (len=632, chunk_size=2300)
Skipping probe: too short (len=1880, chunk_size=2300)
Skipping probe: too short (len=1619, chunk_size=2300)
Skipping probe: too short (len=1995, chunk_size=2300)
Skipping probe: too short (len=2252, chunk_size=2300)
Skipping probe: too short (len=1871, chunk_size=2300)
Skipping probe: too short (len=1021, chunk_size=2300)
Skipping probe: too short (len=1763, chunk_size=2300)
Skipping probe: too short (len=1604, chunk_size=2300)
Skipping probe: too short (len=1454, chunk_size=2300)
Skipping probe: too short (len=1924, chunk_size=2300)
Skipping probe: too short (len=2216, chunk_size=2300)
Skipping probe: too short (len=834, chunk_size=2300)
Skipping probe: too short (len=1506, chunk_size=2300)
Skipping probe: too short (len=1450, chunk_size=2300)
Skipping probe: too short (len=559, chunk_size=2300)
Skipping probe: too short (len=1906, chunk_size=2300)
Skipping probe: too short (len=1563, chunk_size=2300)
Skipping probe: too short (len=1335, chunk_size=2300)
Skipping probe: too short (len=906, chunk_size=2300)
Skipping probe: too short (len=982, chunk_size=2300)
Skipping probe: too short (len=1349, chunk_size=2300)
Skipping probe: too short (len=1958, chunk_size=2300)
Skipping probe: too short (len=1023, chunk_size=2300)
Skipping probe: too short (len=2171, chunk_size=2300)
Skipping probe: too short (len=1619, chunk_size=2300)
Skipping probe: too short (len=1880, chunk_size=2300)
Skipping probe: too short (len=2176, chunk_size=2300)
Skipping probe: too short (len=670, chunk_size=2300)
Skipping probe: too short (len=886, chunk_size=2300)
Skipping probe: too short (len=1995, chunk_size=2300)
Skipping probe: too short (len=2252, chunk_size=2300)
Skipping probe: too short (len=1871, chunk_size=2300)
Skipping probe: too short (len=1021, chunk_size=2300)
Skipping probe: too short (len=2058, chunk_size=2300)
Skipping probe: too short (len=1266, chunk_size=2300)
Skipping probe: too short (len=632, chunk_size=2300)
Skipping probe: too short (len=559, chunk_size=2300)
Skipping probe: too short (len=1906, chunk_size=2300)
Skipping probe: too short (len=1563, chunk_size=2300)
Skipping probe: too short (len=1335, chunk_size=2300)
Skipping probe: too short (len=906, chunk_size=2300)
Skipping probe: too short (len=2176, chunk_size=2300)
Skipping probe: too short (len=1619, chunk_size=2300)
Skipping probe: too short (len=1023, chunk_size=2300)
Skipping probe: too short (len=2171, chunk_size=2300)
Skipping probe: too short (len=2058, chunk_size=2300)
Skipping probe: too short (len=1958, chunk_size=2300)
Skipping probe: too short (len=1924, chunk_size=2300)
Skipping probe: too short (len=2216, chunk_size=2300)
Skipping probe: too short (len=834, chunk_size=2300)
Skipping probe: too short (len=1506, chunk_size=2300)
Skipping probe: too short (len=1450, chunk_size=2300)
Skipping probe: too short (len=1266, chunk_size=2300)
Skipping probe: too short (len=670, chunk_size=2300)
Skipping probe: too short (len=886, chunk_size=2300)
Skipping probe: too short (len=1880, chunk_size=2300)
Skipping probe: too short (len=632, chunk_size=2300)
Skipping probe: too short (len=1871, chunk_size=2300)
Skipping probe: too short (len=1021, chunk_size=2300)
Skipping probe: too short (len=1995, chunk_size=2300)
Skipping probe: too short (len=2252, chunk_size=2300)
Skipping probe: too short (len=1454, chunk_size=2300)
Skipping probe: too short (len=1604, chunk_size=2300)
Skipping probe: too short (len=1349, chunk_size=2300)
Skipping probe: too short (len=982, chunk_size=2300)
Skipping probe: too short (len=1763, chunk_size=2300)
Skipping probe: too short (len=1349, chunk_size=2300)
Skipping probe: too short (len=1924, chunk_size=2300)
Skipping probe: too short (len=2216, chunk_size=2300)
Skipping probe: too short (len=834, chunk_size=2300)
Skipping probe: too short (len=1506, chunk_size=2300)
Skipping probe: too short (len=1023, chunk_size=2300)
Skipping probe: too short (len=2171, chunk_size=2300)
Skipping probe: too short (len=2058, chunk_size=2300)
Skipping probe: too short (len=982, chunk_size=2300)
Skipping probe: too short (len=1958, chunk_size=2300)
Skipping probe: too short (len=1454, chunk_size=2300)
Skipping probe: too short (len=1450, chunk_size=2300)
Skipping probe: too short (len=1266, chunk_size=2300)
Skipping probe: too short (len=1604, chunk_size=2300)
Skipping probe: too short (len=632, chunk_size=2300)
Skipping probe: too short (len=1763, chunk_size=2300)
Skipping probe: too short (len=1880, chunk_size=2300)
Skipping probe: too short (len=1619, chunk_size=2300)
Skipping probe: too short (len=1995, chunk_size=2300)
Skipping probe: too short (len=2252, chunk_size=2300)
Skipping probe: too short (len=1871, chunk_size=2300)
Skipping probe: too short (len=1021, chunk_size=2300)
Skipping probe: too short (len=670, chunk_size=2300)
Skipping probe: too short (len=886, chunk_size=2300)
Skipping probe: too short (len=2176, chunk_size=2300)
Skipping probe: too short (len=559, chunk_size=2300)
Skipping probe: too short (len=1906, chunk_size=2300)
Skipping probe: too short (len=1563, chunk_size=2300)
Skipping probe: too short (len=1335, chunk_size=2300)
Skipping probe: too short (len=906, chunk_size=2300)
Skipping probe: too short (len=1454, chunk_size=2300)
Skipping probe: too short (len=2176, chunk_size=2300)
Skipping probe: too short (len=1619, chunk_size=2300)
Skipping probe: too short (len=1763, chunk_size=2300)
Skipping probe: too short (len=2058, chunk_size=2300)
Skipping probe: too short (len=1266, chunk_size=2300)
Skipping probe: too short (len=559, chunk_size=2300)
Skipping probe: too short (len=1906, chunk_size=2300)
Skipping probe: too short (len=1563, chunk_size=2300)
Skipping probe: too short (len=1335, chunk_size=2300)
Skipping probe: too short (len=906, chunk_size=2300)
Skipping probe: too short (len=1604, chunk_size=2300)
Skipping probe: too short (len=1349, chunk_size=2300)
Skipping probe: too short (len=982, chunk_size=2300)
Skipping probe: too short (len=1880, chunk_size=2300)
Skipping probe: too short (len=1995, chunk_size=2300)
Skipping probe: too short (len=2252, chunk_size=2300)
Skipping probe: too short (len=632, chunk_size=2300)
Skipping probe: too short (len=1871, chunk_size=2300)
Skipping probe: too short (len=1021, chunk_size=2300)
Skipping probe: too short (len=1450, chunk_size=2300)
Skipping probe: too short (len=1958, chunk_size=2300)
Skipping probe: too short (len=1023, chunk_size=2300)
Skipping probe: too short (len=2171, chunk_size=2300)
Skipping probe: too short (len=1924, chunk_size=2300)
Skipping probe: too short (len=2216, chunk_size=2300)
Skipping probe: too short (len=834, chunk_size=2300)
Skipping probe: too short (len=1506, chunk_size=2300)
Skipping probe: too short (len=670, chunk_size=2300)
Skipping probe: too short (len=886, chunk_size=2300)
Trial 21 F1s - Weighted: 0.7774 | Macro: 0.3622 | Micro: 0.7973

[I 2026-03-29 09:19:01,770] Trial 21 finished with value: 0.7774068614195693 and parameters: {'chunk_seconds': 23, 'num_freqs': 9, 'num_estimators': 128, 'max_depth': 32, 'max_features': 0.23763165437413797, 'overlap': 0.7187047961963875, 'max_lag': 18}. Best is trial 20 with value: 0.7774974390273931.
Skipping probe: too short (len=1349, chunk_size=2300)
Skipping probe: too short (len=1958, chunk_size=2300)
Skipping probe: too short (len=1454, chunk_size=2300)
Skipping probe: too short (len=1266, chunk_size=2300)
Skipping probe: too short (len=1450, chunk_size=2300)
Skipping probe: too short (len=1763, chunk_size=2300)
Skipping probe: too short (len=1023, chunk_size=2300)
Skipping probe: too short (len=2171, chunk_size=2300)
Skipping probe: too short (len=1924, chunk_size=2300)
Skipping probe: too short (len=2216, chunk_size=2300)
Skipping probe: too short (len=834, chunk_size=2300)
Skipping probe: too short (len=1506, chunk_size=2300)
Skipping probe: too short (len=1604, chunk_size=2300)
Skipping probe: too short (len=2058, chunk_size=2300)
Skipping probe: too short (len=559, chunk_size=2300)
Skipping probe: too short (len=1906, chunk_size=2300)
Skipping probe: too short (len=1563, chunk_size=2300)
Skipping probe: too short (len=1335, chunk_size=2300)
Skipping probe: too short (len=906, chunk_size=2300)
Skipping probe: too short (len=982, chunk_size=2300)
Skipping probe: too short (len=2176, chunk_size=2300)
Skipping probe: too short (len=632, chunk_size=2300)
Skipping probe: too short (len=670, chunk_size=2300)
Skipping probe: too short (len=886, chunk_size=2300)
Skipping probe: too short (len=1880, chunk_size=2300)
Skipping probe: too short (len=1619, chunk_size=2300)
Skipping probe: too short (len=1995, chunk_size=2300)
Skipping probe: too short (len=2252, chunk_size=2300)
Skipping probe: too short (len=1871, chunk_size=2300)
Skipping probe: too short (len=1021, chunk_size=2300)
Skipping probe: too short (len=1763, chunk_size=2300)
Skipping probe: too short (len=1349, chunk_size=2300)
Skipping probe: too short (len=2176, chunk_size=2300)
Skipping probe: too short (len=1023, chunk_size=2300)
Skipping probe: too short (len=2171, chunk_size=2300)
Skipping probe: too short (len=1450, chunk_size=2300)
Skipping probe: too short (len=982, chunk_size=2300)
Skipping probe: too short (len=1454, chunk_size=2300)
Skipping probe: too short (len=1958, chunk_size=2300)
Skipping probe: too short (len=1604, chunk_size=2300)
Skipping probe: too short (len=1924, chunk_size=2300)
Skipping probe: too short (len=2216, chunk_size=2300)
Skipping probe: too short (len=834, chunk_size=2300)
Skipping probe: too short (len=1506, chunk_size=2300)
Skipping probe: too short (len=1619, chunk_size=2300)
Skipping probe: too short (len=559, chunk_size=2300)
Skipping probe: too short (len=1906, chunk_size=2300)
Skipping probe: too short (len=1563, chunk_size=2300)
Skipping probe: too short (len=1335, chunk_size=2300)
Skipping probe: too short (len=906, chunk_size=2300)
Skipping probe: too short (len=1880, chunk_size=2300)
Skipping probe: too short (len=670, chunk_size=2300)
Skipping probe: too short (len=886, chunk_size=2300)
Skipping probe: too short (len=1995, chunk_size=2300)
Skipping probe: too short (len=2252, chunk_size=2300)
Skipping probe: too short (len=1871, chunk_size=2300)
Skipping probe: too short (len=1021, chunk_size=2300)
Skipping probe: too short (len=2058, chunk_size=2300)
Skipping probe: too short (len=1266, chunk_size=2300)
Skipping probe: too short (len=632, chunk_size=2300)
Skipping probe: too short (len=559, chunk_size=2300)
Skipping probe: too short (len=1906, chunk_size=2300)
Skipping probe: too short (len=1563, chunk_size=2300)
Skipping probe: too short (len=1335, chunk_size=2300)
Skipping probe: too short (len=906, chunk_size=2300)
Skipping probe: too short (len=1958, chunk_size=2300)
Skipping probe: too short (len=1924, chunk_size=2300)
Skipping probe: too short (len=2216, chunk_size=2300)
Skipping probe: too short (len=834, chunk_size=2300)
Skipping probe: too short (len=1506, chunk_size=2300)
Skipping probe: too short (len=1266, chunk_size=2300)
Skipping probe: too short (len=1450, chunk_size=2300)
Skipping probe: too short (len=2058, chunk_size=2300)
Skipping probe: too short (len=1880, chunk_size=2300)
Skipping probe: too short (len=2176, chunk_size=2300)
Skipping probe: too short (len=1023, chunk_size=2300)
Skipping probe: too short (len=2171, chunk_size=2300)
Skipping probe: too short (len=1619, chunk_size=2300)
Skipping probe: too short (len=1995, chunk_size=2300)
Skipping probe: too short (len=2252, chunk_size=2300)
Skipping probe: too short (len=670, chunk_size=2300)
Skipping probe: too short (len=886, chunk_size=2300)
Skipping probe: too short (len=1871, chunk_size=2300)
Skipping probe: too short (len=1021, chunk_size=2300)
Skipping probe: too short (len=632, chunk_size=2300)
Skipping probe: too short (len=1454, chunk_size=2300)
Skipping probe: too short (len=1604, chunk_size=2300)
Skipping probe: too short (len=1349, chunk_size=2300)
Skipping probe: too short (len=1763, chunk_size=2300)
Skipping probe: too short (len=982, chunk_size=2300)
[I 2026-03-29 09:34:22,473] Trial 22 pruned. 
Skipping probe: too short (len=1023, chunk_size=1900)
Skipping probe: too short (len=1349, chunk_size=1900)
Skipping probe: too short (len=1450, chunk_size=1900)
Skipping probe: too short (len=1454, chunk_size=1900)
Skipping probe: too short (len=1604, chunk_size=1900)
Skipping probe: too short (len=834, chunk_size=1900)
Skipping probe: too short (len=1506, chunk_size=1900)
Skipping probe: too short (len=559, chunk_size=1900)
Skipping probe: too short (len=1563, chunk_size=1900)
Skipping probe: too short (len=1335, chunk_size=1900)
Skipping probe: too short (len=906, chunk_size=1900)
Skipping probe: too short (len=1266, chunk_size=1900)
Skipping probe: too short (len=982, chunk_size=1900)
Skipping probe: too short (len=1763, chunk_size=1900)
Skipping probe: too short (len=670, chunk_size=1900)
Skipping probe: too short (len=886, chunk_size=1900)
Skipping probe: too short (len=632, chunk_size=1900)
Skipping probe: too short (len=1619, chunk_size=1900)
Skipping probe: too short (len=1880, chunk_size=1900)
Skipping probe: too short (len=1871, chunk_size=1900)
Skipping probe: too short (len=1021, chunk_size=1900)
Skipping probe: too short (len=1604, chunk_size=1900)
Skipping probe: too short (len=1450, chunk_size=1900)
Skipping probe: too short (len=834, chunk_size=1900)
Skipping probe: too short (len=1506, chunk_size=1900)
Skipping probe: too short (len=1454, chunk_size=1900)
Skipping probe: too short (len=1349, chunk_size=1900)
Skipping probe: too short (len=982, chunk_size=1900)
Skipping probe: too short (len=1763, chunk_size=1900)
Skipping probe: too short (len=1619, chunk_size=1900)
Skipping probe: too short (len=559, chunk_size=1900)
Skipping probe: too short (len=1563, chunk_size=1900)
Skipping probe: too short (len=1335, chunk_size=1900)
Skipping probe: too short (len=906, chunk_size=1900)
Skipping probe: too short (len=1023, chunk_size=1900)
Skipping probe: too short (len=1880, chunk_size=1900)
Skipping probe: too short (len=670, chunk_size=1900)
Skipping probe: too short (len=886, chunk_size=1900)
Skipping probe: too short (len=1871, chunk_size=1900)
Skipping probe: too short (len=1021, chunk_size=1900)
Skipping probe: too short (len=1266, chunk_size=1900)
Skipping probe: too short (len=632, chunk_size=1900)
Skipping probe: too short (len=559, chunk_size=1900)
Skipping probe: too short (len=1563, chunk_size=1900)
Skipping probe: too short (len=1335, chunk_size=1900)
Skipping probe: too short (len=906, chunk_size=1900)
Skipping probe: too short (len=1023, chunk_size=1900)
Skipping probe: too short (len=834, chunk_size=1900)
Skipping probe: too short (len=1506, chunk_size=1900)
Skipping probe: too short (len=1619, chunk_size=1900)
Skipping probe: too short (len=1266, chunk_size=1900)
Skipping probe: too short (len=1450, chunk_size=1900)
Skipping probe: too short (len=1880, chunk_size=1900)
Skipping probe: too short (len=632, chunk_size=1900)
Skipping probe: too short (len=670, chunk_size=1900)
Skipping probe: too short (len=886, chunk_size=1900)
Skipping probe: too short (len=1871, chunk_size=1900)
Skipping probe: too short (len=1021, chunk_size=1900)
Skipping probe: too short (len=1454, chunk_size=1900)
Skipping probe: too short (len=1349, chunk_size=1900)
Skipping probe: too short (len=982, chunk_size=1900)
Skipping probe: too short (len=1763, chunk_size=1900)
Skipping probe: too short (len=1604, chunk_size=1900)
Skipping probe: too short (len=1023, chunk_size=1900)
Skipping probe: too short (len=1450, chunk_size=1900)
Skipping probe: too short (len=1763, chunk_size=1900)
Skipping probe: too short (len=1604, chunk_size=1900)
Skipping probe: too short (len=1349, chunk_size=1900)
Skipping probe: too short (len=1454, chunk_size=1900)
Skipping probe: too short (len=834, chunk_size=1900)
Skipping probe: too short (len=1506, chunk_size=1900)
Skipping probe: too short (len=1880, chunk_size=1900)
Skipping probe: too short (len=1266, chunk_size=1900)
Skipping probe: too short (len=1619, chunk_size=1900)
Skipping probe: too short (len=982, chunk_size=1900)
Skipping probe: too short (len=670, chunk_size=1900)
Skipping probe: too short (len=886, chunk_size=1900)
Skipping probe: too short (len=1871, chunk_size=1900)
Skipping probe: too short (len=1021, chunk_size=1900)
Skipping probe: too short (len=632, chunk_size=1900)
Skipping probe: too short (len=559, chunk_size=1900)
Skipping probe: too short (len=1563, chunk_size=1900)
Skipping probe: too short (len=1335, chunk_size=1900)
Skipping probe: too short (len=906, chunk_size=1900)
Skipping probe: too short (len=982, chunk_size=1900)
Skipping probe: too short (len=1604, chunk_size=1900)
Skipping probe: too short (len=1266, chunk_size=1900)
Skipping probe: too short (len=559, chunk_size=1900)
Skipping probe: too short (len=1563, chunk_size=1900)
Skipping probe: too short (len=1335, chunk_size=1900)
Skipping probe: too short (len=906, chunk_size=1900)
Skipping probe: too short (len=1619, chunk_size=1900)
Skipping probe: too short (len=1349, chunk_size=1900)
Skipping probe: too short (len=1454, chunk_size=1900)
Skipping probe: too short (len=1763, chunk_size=1900)
Skipping probe: too short (len=1880, chunk_size=1900)
Skipping probe: too short (len=632, chunk_size=1900)
Skipping probe: too short (len=1871, chunk_size=1900)
Skipping probe: too short (len=1021, chunk_size=1900)
Skipping probe: too short (len=1450, chunk_size=1900)
Skipping probe: too short (len=1023, chunk_size=1900)
Skipping probe: too short (len=834, chunk_size=1900)
Skipping probe: too short (len=1506, chunk_size=1900)
Skipping probe: too short (len=670, chunk_size=1900)
Skipping probe: too short (len=886, chunk_size=1900)
Trial 23 F1s - Weighted: 0.7770 | Macro: 0.3693 | Micro: 0.7957

[I 2026-03-29 09:55:02,984] Trial 23 finished with value: 0.7770473995177045 and parameters: {'chunk_seconds': 19, 'num_freqs': 14, 'num_estimators': 32, 'max_depth': 32, 'max_features': 0.27595093791129033, 'overlap': 0.7135236163341564, 'max_lag': 26}. Best is trial 20 with value: 0.7774974390273931.
Skipping probe: too short (len=1454, chunk_size=1900)
Skipping probe: too short (len=1349, chunk_size=1900)
Skipping probe: too short (len=982, chunk_size=1900)
Skipping probe: too short (len=834, chunk_size=1900)
Skipping probe: too short (len=1506, chunk_size=1900)
Skipping probe: too short (len=559, chunk_size=1900)
Skipping probe: too short (len=1563, chunk_size=1900)
Skipping probe: too short (len=1335, chunk_size=1900)
Skipping probe: too short (len=906, chunk_size=1900)
Skipping probe: too short (len=1450, chunk_size=1900)
Skipping probe: too short (len=1266, chunk_size=1900)
Skipping probe: too short (len=1023, chunk_size=1900)
Skipping probe: too short (len=1604, chunk_size=1900)
Skipping probe: too short (len=670, chunk_size=1900)
Skipping probe: too short (len=886, chunk_size=1900)
Skipping probe: too short (len=1763, chunk_size=1900)
Skipping probe: too short (len=632, chunk_size=1900)
Skipping probe: too short (len=1880, chunk_size=1900)
Skipping probe: too short (len=1619, chunk_size=1900)
Skipping probe: too short (len=1871, chunk_size=1900)
Skipping probe: too short (len=1021, chunk_size=1900)
Skipping probe: too short (len=1454, chunk_size=1900)
Skipping probe: too short (len=1604, chunk_size=1900)
Skipping probe: too short (len=982, chunk_size=1900)
Skipping probe: too short (len=559, chunk_size=1900)
Skipping probe: too short (len=1563, chunk_size=1900)
Skipping probe: too short (len=1335, chunk_size=1900)
Skipping probe: too short (len=906, chunk_size=1900)
Skipping probe: too short (len=1023, chunk_size=1900)
Skipping probe: too short (len=1450, chunk_size=1900)
Skipping probe: too short (len=834, chunk_size=1900)
Skipping probe: too short (len=1506, chunk_size=1900)
Skipping probe: too short (len=1349, chunk_size=1900)
Skipping probe: too short (len=1619, chunk_size=1900)
Skipping probe: too short (len=1763, chunk_size=1900)
Skipping probe: too short (len=1880, chunk_size=1900)
Skipping probe: too short (len=670, chunk_size=1900)
Skipping probe: too short (len=886, chunk_size=1900)
Skipping probe: too short (len=1871, chunk_size=1900)
Skipping probe: too short (len=1021, chunk_size=1900)
Skipping probe: too short (len=1266, chunk_size=1900)
Skipping probe: too short (len=632, chunk_size=1900)
Skipping probe: too short (len=1266, chunk_size=1900)
Skipping probe: too short (len=1450, chunk_size=1900)
Skipping probe: too short (len=834, chunk_size=1900)
Skipping probe: too short (len=1506, chunk_size=1900)
Skipping probe: too short (len=1619, chunk_size=1900)
Skipping probe: too short (len=1023, chunk_size=1900)
Skipping probe: too short (len=670, chunk_size=1900)
Skipping probe: too short (len=886, chunk_size=1900)
Skipping probe: too short (len=559, chunk_size=1900)
Skipping probe: too short (len=1563, chunk_size=1900)
Skipping probe: too short (len=1335, chunk_size=1900)
Skipping probe: too short (len=906, chunk_size=1900)
Skipping probe: too short (len=1880, chunk_size=1900)
Skipping probe: too short (len=632, chunk_size=1900)
Skipping probe: too short (len=1871, chunk_size=1900)
Skipping probe: too short (len=1021, chunk_size=1900)
Skipping probe: too short (len=1454, chunk_size=1900)
Skipping probe: too short (len=1349, chunk_size=1900)
Skipping probe: too short (len=1604, chunk_size=1900)
Skipping probe: too short (len=982, chunk_size=1900)
Skipping probe: too short (len=1763, chunk_size=1900)
Skipping probe: too short (len=1349, chunk_size=1900)
Skipping probe: too short (len=1450, chunk_size=1900)
Skipping probe: too short (len=1454, chunk_size=1900)
Skipping probe: too short (len=834, chunk_size=1900)
Skipping probe: too short (len=1506, chunk_size=1900)
Skipping probe: too short (len=982, chunk_size=1900)
Skipping probe: too short (len=1604, chunk_size=1900)
Skipping probe: too short (len=1619, chunk_size=1900)
Skipping probe: too short (len=1266, chunk_size=1900)
Skipping probe: too short (len=1023, chunk_size=1900)
Skipping probe: too short (len=670, chunk_size=1900)
Skipping probe: too short (len=886, chunk_size=1900)
Skipping probe: too short (len=1763, chunk_size=1900)
Skipping probe: too short (len=1880, chunk_size=1900)
Skipping probe: too short (len=632, chunk_size=1900)
Skipping probe: too short (len=1871, chunk_size=1900)
Skipping probe: too short (len=1021, chunk_size=1900)
Skipping probe: too short (len=559, chunk_size=1900)
Skipping probe: too short (len=1563, chunk_size=1900)
Skipping probe: too short (len=1335, chunk_size=1900)
Skipping probe: too short (len=906, chunk_size=1900)
Skipping probe: too short (len=1349, chunk_size=1900)
Skipping probe: too short (len=1619, chunk_size=1900)
Skipping probe: too short (len=982, chunk_size=1900)
Skipping probe: too short (len=1604, chunk_size=1900)
Skipping probe: too short (len=1454, chunk_size=1900)
Skipping probe: too short (len=559, chunk_size=1900)
Skipping probe: too short (len=1563, chunk_size=1900)
Skipping probe: too short (len=1335, chunk_size=1900)
Skipping probe: too short (len=906, chunk_size=1900)
Skipping probe: too short (len=1763, chunk_size=1900)
Skipping probe: too short (len=1880, chunk_size=1900)
Skipping probe: too short (len=1266, chunk_size=1900)
Skipping probe: too short (len=1871, chunk_size=1900)
Skipping probe: too short (len=1021, chunk_size=1900)
Skipping probe: too short (len=632, chunk_size=1900)
Skipping probe: too short (len=1450, chunk_size=1900)
Skipping probe: too short (len=834, chunk_size=1900)
Skipping probe: too short (len=1506, chunk_size=1900)
Skipping probe: too short (len=1023, chunk_size=1900)
Skipping probe: too short (len=670, chunk_size=1900)
Skipping probe: too short (len=886, chunk_size=1900)
Trial 24 F1s - Weighted: 0.7807 | Macro: 0.3668 | Micro: 0.7997

[I 2026-03-29 10:26:41,351] Trial 24 finished with value: 0.7806868661009101 and parameters: {'chunk_seconds': 19, 'num_freqs': 15, 'num_estimators': 128, 'max_depth': 32, 'max_features': 0.27012383082004277, 'overlap': 0.715857231754282, 'max_lag': 25}. Best is trial 24 with value: 0.7806868661009101.
Skipping probe: too short (len=1349, chunk_size=2100)
Skipping probe: too short (len=1958, chunk_size=2100)
Skipping probe: too short (len=982, chunk_size=2100)
Skipping probe: too short (len=1454, chunk_size=2100)
Skipping probe: too short (len=1450, chunk_size=2100)
Skipping probe: too short (len=2058, chunk_size=2100)
Skipping probe: too short (len=1604, chunk_size=2100)
Skipping probe: too short (len=1023, chunk_size=2100)
Skipping probe: too short (len=1763, chunk_size=2100)
Skipping probe: too short (len=559, chunk_size=2100)
Skipping probe: too short (len=1906, chunk_size=2100)
Skipping probe: too short (len=1563, chunk_size=2100)
Skipping probe: too short (len=1335, chunk_size=2100)
Skipping probe: too short (len=906, chunk_size=2100)
Skipping probe: too short (len=1924, chunk_size=2100)
Skipping probe: too short (len=834, chunk_size=2100)
Skipping probe: too short (len=1506, chunk_size=2100)
Skipping probe: too short (len=1266, chunk_size=2100)
Skipping probe: too short (len=632, chunk_size=2100)
Skipping probe: too short (len=670, chunk_size=2100)
Skipping probe: too short (len=886, chunk_size=2100)
Skipping probe: too short (len=1619, chunk_size=2100)
Skipping probe: too short (len=1880, chunk_size=2100)
Skipping probe: too short (len=1995, chunk_size=2100)
Skipping probe: too short (len=1871, chunk_size=2100)
Skipping probe: too short (len=1021, chunk_size=2100)
Skipping probe: too short (len=1454, chunk_size=2100)
Skipping probe: too short (len=1450, chunk_size=2100)
Skipping probe: too short (len=1880, chunk_size=2100)
Skipping probe: too short (len=1604, chunk_size=2100)
Skipping probe: too short (len=1924, chunk_size=2100)
Skipping probe: too short (len=834, chunk_size=2100)
Skipping probe: too short (len=1506, chunk_size=2100)
Skipping probe: too short (len=1349, chunk_size=2100)
Skipping probe: too short (len=1763, chunk_size=2100)
Skipping probe: too short (len=1958, chunk_size=2100)
Skipping probe: too short (len=1619, chunk_size=2100)
Skipping probe: too short (len=559, chunk_size=2100)
Skipping probe: too short (len=1906, chunk_size=2100)
Skipping probe: too short (len=1563, chunk_size=2100)
Skipping probe: too short (len=1335, chunk_size=2100)
Skipping probe: too short (len=906, chunk_size=2100)
Skipping probe: too short (len=1023, chunk_size=2100)
Skipping probe: too short (len=982, chunk_size=2100)
Skipping probe: too short (len=670, chunk_size=2100)
Skipping probe: too short (len=886, chunk_size=2100)
Skipping probe: too short (len=1995, chunk_size=2100)
Skipping probe: too short (len=1871, chunk_size=2100)
Skipping probe: too short (len=1021, chunk_size=2100)
Skipping probe: too short (len=2058, chunk_size=2100)
Skipping probe: too short (len=1266, chunk_size=2100)
Skipping probe: too short (len=632, chunk_size=2100)
Skipping probe: too short (len=670, chunk_size=2100)
Skipping probe: too short (len=886, chunk_size=2100)
Skipping probe: too short (len=1023, chunk_size=2100)
Skipping probe: too short (len=1450, chunk_size=2100)
Skipping probe: too short (len=1880, chunk_size=2100)
Skipping probe: too short (len=1958, chunk_size=2100)
Skipping probe: too short (len=1924, chunk_size=2100)
Skipping probe: too short (len=834, chunk_size=2100)
Skipping probe: too short (len=1506, chunk_size=2100)
Skipping probe: too short (len=2058, chunk_size=2100)
Skipping probe: too short (len=1266, chunk_size=2100)
Skipping probe: too short (len=1619, chunk_size=2100)
Skipping probe: too short (len=559, chunk_size=2100)
Skipping probe: too short (len=1906, chunk_size=2100)
Skipping probe: too short (len=1563, chunk_size=2100)
Skipping probe: too short (len=1335, chunk_size=2100)
Skipping probe: too short (len=906, chunk_size=2100)
Skipping probe: too short (len=1995, chunk_size=2100)
Skipping probe: too short (len=1871, chunk_size=2100)
Skipping probe: too short (len=1021, chunk_size=2100)
Skipping probe: too short (len=632, chunk_size=2100)
Skipping probe: too short (len=1454, chunk_size=2100)
Skipping probe: too short (len=1604, chunk_size=2100)
Skipping probe: too short (len=982, chunk_size=2100)
Skipping probe: too short (len=1349, chunk_size=2100)
Skipping probe: too short (len=1763, chunk_size=2100)
Skipping probe: too short (len=1450, chunk_size=2100)
Skipping probe: too short (len=2058, chunk_size=2100)
Skipping probe: too short (len=1958, chunk_size=2100)
Skipping probe: too short (len=1604, chunk_size=2100)
Skipping probe: too short (len=1454, chunk_size=2100)
Skipping probe: too short (len=1266, chunk_size=2100)
Skipping probe: too short (len=1924, chunk_size=2100)
Skipping probe: too short (len=834, chunk_size=2100)
Skipping probe: too short (len=1506, chunk_size=2100)
Skipping probe: too short (len=1349, chunk_size=2100)
Skipping probe: too short (len=1880, chunk_size=2100)
Skipping probe: too short (len=1023, chunk_size=2100)
Skipping probe: too short (len=1619, chunk_size=2100)
Skipping probe: too short (len=1763, chunk_size=2100)
Skipping probe: too short (len=982, chunk_size=2100)
Skipping probe: too short (len=670, chunk_size=2100)
Skipping probe: too short (len=886, chunk_size=2100)
Skipping probe: too short (len=632, chunk_size=2100)
Skipping probe: too short (len=1995, chunk_size=2100)
Skipping probe: too short (len=1871, chunk_size=2100)
Skipping probe: too short (len=1021, chunk_size=2100)
Skipping probe: too short (len=559, chunk_size=2100)
Skipping probe: too short (len=1906, chunk_size=2100)
Skipping probe: too short (len=1563, chunk_size=2100)
Skipping probe: too short (len=1335, chunk_size=2100)
Skipping probe: too short (len=906, chunk_size=2100)
Skipping probe: too short (len=1349, chunk_size=2100)
Skipping probe: too short (len=1880, chunk_size=2100)
Skipping probe: too short (len=982, chunk_size=2100)
Skipping probe: too short (len=1454, chunk_size=2100)
Skipping probe: too short (len=2058, chunk_size=2100)
Skipping probe: too short (len=559, chunk_size=2100)
Skipping probe: too short (len=1906, chunk_size=2100)
Skipping probe: too short (len=1563, chunk_size=2100)
Skipping probe: too short (len=1335, chunk_size=2100)
Skipping probe: too short (len=906, chunk_size=2100)
Skipping probe: too short (len=1604, chunk_size=2100)
Skipping probe: too short (len=1619, chunk_size=2100)
Skipping probe: too short (len=1266, chunk_size=2100)
Skipping probe: too short (len=1763, chunk_size=2100)
Skipping probe: too short (len=632, chunk_size=2100)
Skipping probe: too short (len=1995, chunk_size=2100)
Skipping probe: too short (len=1871, chunk_size=2100)
Skipping probe: too short (len=1021, chunk_size=2100)
Skipping probe: too short (len=1450, chunk_size=2100)
Skipping probe: too short (len=1023, chunk_size=2100)
Skipping probe: too short (len=1958, chunk_size=2100)
Skipping probe: too short (len=1924, chunk_size=2100)
Skipping probe: too short (len=834, chunk_size=2100)
Skipping probe: too short (len=1506, chunk_size=2100)
Skipping probe: too short (len=670, chunk_size=2100)
Skipping probe: too short (len=886, chunk_size=2100)
Trial 25 F1s - Weighted: 0.7793 | Macro: 0.3626 | Micro: 0.7989

[I 2026-03-29 11:09:24,246] Trial 25 finished with value: 0.7793294601357671 and parameters: {'chunk_seconds': 21, 'num_freqs': 18, 'num_estimators': 128, 'max_depth': 32, 'max_features': 0.20171372985864197, 'overlap': 0.8368280182315905, 'max_lag': 23}. Best is trial 24 with value: 0.7806868661009101.
Skipping probe: too short (len=1349, chunk_size=1600)
Skipping probe: too short (len=559, chunk_size=1600)
Skipping probe: too short (len=1563, chunk_size=1600)
Skipping probe: too short (len=1335, chunk_size=1600)
Skipping probe: too short (len=906, chunk_size=1600)
Skipping probe: too short (len=982, chunk_size=1600)
Skipping probe: too short (len=1454, chunk_size=1600)
Skipping probe: too short (len=1450, chunk_size=1600)
Skipping probe: too short (len=1266, chunk_size=1600)
Skipping probe: too short (len=834, chunk_size=1600)
Skipping probe: too short (len=1506, chunk_size=1600)
Skipping probe: too short (len=1023, chunk_size=1600)
Skipping probe: too short (len=670, chunk_size=1600)
Skipping probe: too short (len=886, chunk_size=1600)
Skipping probe: too short (len=632, chunk_size=1600)
Skipping probe: too short (len=1021, chunk_size=1600)
Skipping probe: too short (len=1450, chunk_size=1600)
Skipping probe: too short (len=1023, chunk_size=1600)
Skipping probe: too short (len=1454, chunk_size=1600)
Skipping probe: too short (len=982, chunk_size=1600)
Skipping probe: too short (len=1349, chunk_size=1600)
Skipping probe: too short (len=834, chunk_size=1600)
Skipping probe: too short (len=1506, chunk_size=1600)
Skipping probe: too short (len=559, chunk_size=1600)
Skipping probe: too short (len=1563, chunk_size=1600)
Skipping probe: too short (len=1335, chunk_size=1600)
Skipping probe: too short (len=906, chunk_size=1600)
Skipping probe: too short (len=670, chunk_size=1600)
Skipping probe: too short (len=886, chunk_size=1600)
Skipping probe: too short (len=1021, chunk_size=1600)
Skipping probe: too short (len=1266, chunk_size=1600)
Skipping probe: too short (len=632, chunk_size=1600)
[I 2026-03-29 11:45:38,209] Trial 26 pruned. 
Skipping probe: too short (len=1349, chunk_size=2000)
Skipping probe: too short (len=1023, chunk_size=2000)
Skipping probe: too short (len=1604, chunk_size=2000)
Skipping probe: too short (len=1454, chunk_size=2000)
Skipping probe: too short (len=1958, chunk_size=2000)
Skipping probe: too short (len=1924, chunk_size=2000)
Skipping probe: too short (len=834, chunk_size=2000)
Skipping probe: too short (len=1506, chunk_size=2000)
Skipping probe: too short (len=1450, chunk_size=2000)
Skipping probe: too short (len=982, chunk_size=2000)
Skipping probe: too short (len=559, chunk_size=2000)
Skipping probe: too short (len=1906, chunk_size=2000)
Skipping probe: too short (len=1563, chunk_size=2000)
Skipping probe: too short (len=1335, chunk_size=2000)
Skipping probe: too short (len=906, chunk_size=2000)
Skipping probe: too short (len=1266, chunk_size=2000)
Skipping probe: too short (len=1763, chunk_size=2000)
Skipping probe: too short (len=632, chunk_size=2000)
Skipping probe: too short (len=670, chunk_size=2000)
Skipping probe: too short (len=886, chunk_size=2000)
Skipping probe: too short (len=1880, chunk_size=2000)
Skipping probe: too short (len=1995, chunk_size=2000)
Skipping probe: too short (len=1619, chunk_size=2000)
Skipping probe: too short (len=1871, chunk_size=2000)
Skipping probe: too short (len=1021, chunk_size=2000)
Skipping probe: too short (len=1023, chunk_size=2000)
Skipping probe: too short (len=1349, chunk_size=2000)
Skipping probe: too short (len=559, chunk_size=2000)
Skipping probe: too short (len=1906, chunk_size=2000)
Skipping probe: too short (len=1563, chunk_size=2000)
Skipping probe: too short (len=1335, chunk_size=2000)
Skipping probe: too short (len=906, chunk_size=2000)
Skipping probe: too short (len=1604, chunk_size=2000)
Skipping probe: too short (len=1450, chunk_size=2000)
Skipping probe: too short (len=1958, chunk_size=2000)
Skipping probe: too short (len=1924, chunk_size=2000)
Skipping probe: too short (len=834, chunk_size=2000)
Skipping probe: too short (len=1506, chunk_size=2000)
Skipping probe: too short (len=1454, chunk_size=2000)
Skipping probe: too short (len=982, chunk_size=2000)
Skipping probe: too short (len=1763, chunk_size=2000)
Skipping probe: too short (len=1619, chunk_size=2000)
Skipping probe: too short (len=1995, chunk_size=2000)
Skipping probe: too short (len=1880, chunk_size=2000)
Skipping probe: too short (len=1871, chunk_size=2000)
Skipping probe: too short (len=1021, chunk_size=2000)
Skipping probe: too short (len=670, chunk_size=2000)
Skipping probe: too short (len=886, chunk_size=2000)
Skipping probe: too short (len=1266, chunk_size=2000)
Skipping probe: too short (len=632, chunk_size=2000)
Skipping probe: too short (len=1450, chunk_size=2000)
Skipping probe: too short (len=670, chunk_size=2000)
Skipping probe: too short (len=886, chunk_size=2000)
Skipping probe: too short (len=1023, chunk_size=2000)
Skipping probe: too short (len=1266, chunk_size=2000)
Skipping probe: too short (len=1924, chunk_size=2000)
Skipping probe: too short (len=834, chunk_size=2000)
Skipping probe: too short (len=1506, chunk_size=2000)
Skipping probe: too short (len=559, chunk_size=2000)
Skipping probe: too short (len=1906, chunk_size=2000)
Skipping probe: too short (len=1563, chunk_size=2000)
Skipping probe: too short (len=1335, chunk_size=2000)
Skipping probe: too short (len=906, chunk_size=2000)
Skipping probe: too short (len=1958, chunk_size=2000)
Skipping probe: too short (len=1619, chunk_size=2000)
Skipping probe: too short (len=1995, chunk_size=2000)
Skipping probe: too short (len=1880, chunk_size=2000)
Skipping probe: too short (len=1871, chunk_size=2000)
Skipping probe: too short (len=1021, chunk_size=2000)
Skipping probe: too short (len=632, chunk_size=2000)
Skipping probe: too short (len=1349, chunk_size=2000)
Skipping probe: too short (len=1604, chunk_size=2000)
Skipping probe: too short (len=1454, chunk_size=2000)
Skipping probe: too short (len=982, chunk_size=2000)
Skipping probe: too short (len=1763, chunk_size=2000)
Skipping probe: too short (len=1454, chunk_size=2000)
Skipping probe: too short (len=1604, chunk_size=2000)
Skipping probe: too short (len=1450, chunk_size=2000)
Skipping probe: too short (len=1924, chunk_size=2000)
Skipping probe: too short (len=834, chunk_size=2000)
Skipping probe: too short (len=1506, chunk_size=2000)
Skipping probe: too short (len=1958, chunk_size=2000)
Skipping probe: too short (len=1349, chunk_size=2000)
Skipping probe: too short (len=1619, chunk_size=2000)
Skipping probe: too short (len=1266, chunk_size=2000)
Skipping probe: too short (len=1023, chunk_size=2000)
Skipping probe: too short (len=1995, chunk_size=2000)
Skipping probe: too short (len=1763, chunk_size=2000)
Skipping probe: too short (len=982, chunk_size=2000)
Skipping probe: too short (len=670, chunk_size=2000)
Skipping probe: too short (len=886, chunk_size=2000)
Skipping probe: too short (len=1880, chunk_size=2000)
Skipping probe: too short (len=632, chunk_size=2000)
Skipping probe: too short (len=1871, chunk_size=2000)
Skipping probe: too short (len=1021, chunk_size=2000)
Skipping probe: too short (len=559, chunk_size=2000)
Skipping probe: too short (len=1906, chunk_size=2000)
Skipping probe: too short (len=1563, chunk_size=2000)
Skipping probe: too short (len=1335, chunk_size=2000)
Skipping probe: too short (len=906, chunk_size=2000)
Skipping probe: too short (len=982, chunk_size=2000)
Skipping probe: too short (len=1454, chunk_size=2000)
Skipping probe: too short (len=1619, chunk_size=2000)
Skipping probe: too short (len=1266, chunk_size=2000)
Skipping probe: too short (len=1604, chunk_size=2000)
Skipping probe: too short (len=1349, chunk_size=2000)
Skipping probe: too short (len=559, chunk_size=2000)
Skipping probe: too short (len=1906, chunk_size=2000)
Skipping probe: too short (len=1563, chunk_size=2000)
Skipping probe: too short (len=1335, chunk_size=2000)
Skipping probe: too short (len=906, chunk_size=2000)
Skipping probe: too short (len=1763, chunk_size=2000)
Skipping probe: too short (len=1880, chunk_size=2000)
Skipping probe: too short (len=1995, chunk_size=2000)
Skipping probe: too short (len=632, chunk_size=2000)
Skipping probe: too short (len=1871, chunk_size=2000)
Skipping probe: too short (len=1021, chunk_size=2000)
Skipping probe: too short (len=1450, chunk_size=2000)
Skipping probe: too short (len=1924, chunk_size=2000)
Skipping probe: too short (len=834, chunk_size=2000)
Skipping probe: too short (len=1506, chunk_size=2000)
Skipping probe: too short (len=1023, chunk_size=2000)
Skipping probe: too short (len=1958, chunk_size=2000)
Skipping probe: too short (len=670, chunk_size=2000)
Skipping probe: too short (len=886, chunk_size=2000)
Trial 27 F1s - Weighted: 0.7803 | Macro: 0.3638 | Micro: 0.7999

[I 2026-03-29 12:32:07,107] Trial 27 finished with value: 0.78027040286496 and parameters: {'chunk_seconds': 20, 'num_freqs': 18, 'num_estimators': 128, 'max_depth': 32, 'max_features': 0.2040219136427902, 'overlap': 0.8449764061705988, 'max_lag': 23}. Best is trial 24 with value: 0.7806868661009101.
Skipping probe: too short (len=670, chunk_size=2100)
Skipping probe: too short (len=886, chunk_size=2100)
Skipping probe: too short (len=2058, chunk_size=2100)
Skipping probe: too short (len=1023, chunk_size=2100)
Skipping probe: too short (len=1604, chunk_size=2100)
Skipping probe: too short (len=559, chunk_size=2100)
Skipping probe: too short (len=1906, chunk_size=2100)
Skipping probe: too short (len=1563, chunk_size=2100)
Skipping probe: too short (len=1335, chunk_size=2100)
Skipping probe: too short (len=906, chunk_size=2100)
Skipping probe: too short (len=1454, chunk_size=2100)
Skipping probe: too short (len=1349, chunk_size=2100)
Skipping probe: too short (len=1763, chunk_size=2100)
Skipping probe: too short (len=1266, chunk_size=2100)
Skipping probe: too short (len=1450, chunk_size=2100)
Skipping probe: too short (len=1924, chunk_size=2100)
Skipping probe: too short (len=834, chunk_size=2100)
Skipping probe: too short (len=1506, chunk_size=2100)
Skipping probe: too short (len=1958, chunk_size=2100)
Skipping probe: too short (len=982, chunk_size=2100)
Skipping probe: too short (len=632, chunk_size=2100)
Skipping probe: too short (len=1880, chunk_size=2100)
Skipping probe: too short (len=1995, chunk_size=2100)
Skipping probe: too short (len=1619, chunk_size=2100)
Skipping probe: too short (len=1871, chunk_size=2100)
Skipping probe: too short (len=1021, chunk_size=2100)
Skipping probe: too short (len=1880, chunk_size=2100)
Skipping probe: too short (len=559, chunk_size=2100)
Skipping probe: too short (len=1906, chunk_size=2100)
Skipping probe: too short (len=1563, chunk_size=2100)
Skipping probe: too short (len=1335, chunk_size=2100)
Skipping probe: too short (len=906, chunk_size=2100)
Skipping probe: too short (len=1349, chunk_size=2100)
Skipping probe: too short (len=1924, chunk_size=2100)
Skipping probe: too short (len=834, chunk_size=2100)
Skipping probe: too short (len=1506, chunk_size=2100)
Skipping probe: too short (len=1450, chunk_size=2100)
Skipping probe: too short (len=1958, chunk_size=2100)
Skipping probe: too short (len=1454, chunk_size=2100)
Skipping probe: too short (len=982, chunk_size=2100)
Skipping probe: too short (len=1023, chunk_size=2100)
Skipping probe: too short (len=670, chunk_size=2100)
Skipping probe: too short (len=886, chunk_size=2100)
Skipping probe: too short (len=1619, chunk_size=2100)
Skipping probe: too short (len=1604, chunk_size=2100)
Skipping probe: too short (len=1763, chunk_size=2100)
Skipping probe: too short (len=1871, chunk_size=2100)
Skipping probe: too short (len=1021, chunk_size=2100)
Skipping probe: too short (len=1995, chunk_size=2100)
Skipping probe: too short (len=1266, chunk_size=2100)
Skipping probe: too short (len=2058, chunk_size=2100)
Skipping probe: too short (len=632, chunk_size=2100)
Skipping probe: too short (len=1924, chunk_size=2100)
Skipping probe: too short (len=834, chunk_size=2100)
Skipping probe: too short (len=1506, chunk_size=2100)
Skipping probe: too short (len=1958, chunk_size=2100)
Skipping probe: too short (len=1450, chunk_size=2100)
Skipping probe: too short (len=1266, chunk_size=2100)
Skipping probe: too short (len=1619, chunk_size=2100)
Skipping probe: too short (len=2058, chunk_size=2100)
Skipping probe: too short (len=1023, chunk_size=2100)
Skipping probe: too short (len=559, chunk_size=2100)
Skipping probe: too short (len=1906, chunk_size=2100)
Skipping probe: too short (len=1563, chunk_size=2100)
Skipping probe: too short (len=1335, chunk_size=2100)
Skipping probe: too short (len=906, chunk_size=2100)
Skipping probe: too short (len=1995, chunk_size=2100)
Skipping probe: too short (len=1880, chunk_size=2100)
Skipping probe: too short (len=670, chunk_size=2100)
Skipping probe: too short (len=886, chunk_size=2100)
Skipping probe: too short (len=632, chunk_size=2100)
Skipping probe: too short (len=1871, chunk_size=2100)
Skipping probe: too short (len=1021, chunk_size=2100)
Skipping probe: too short (len=1454, chunk_size=2100)
Skipping probe: too short (len=1349, chunk_size=2100)
Skipping probe: too short (len=982, chunk_size=2100)
Skipping probe: too short (len=1763, chunk_size=2100)
Skipping probe: too short (len=1604, chunk_size=2100)
[I 2026-03-29 12:56:21,340] Trial 28 pruned. 
Skipping probe: too short (len=1454, chunk_size=1600)
Skipping probe: too short (len=834, chunk_size=1600)
Skipping probe: too short (len=1506, chunk_size=1600)
Skipping probe: too short (len=559, chunk_size=1600)
Skipping probe: too short (len=1563, chunk_size=1600)
Skipping probe: too short (len=1335, chunk_size=1600)
Skipping probe: too short (len=906, chunk_size=1600)
Skipping probe: too short (len=1023, chunk_size=1600)
Skipping probe: too short (len=1450, chunk_size=1600)
Skipping probe: too short (len=1349, chunk_size=1600)
Skipping probe: too short (len=982, chunk_size=1600)
Skipping probe: too short (len=1266, chunk_size=1600)
Skipping probe: too short (len=632, chunk_size=1600)
Skipping probe: too short (len=670, chunk_size=1600)
Skipping probe: too short (len=886, chunk_size=1600)
Skipping probe: too short (len=1021, chunk_size=1600)
Skipping probe: too short (len=834, chunk_size=1600)
Skipping probe: too short (len=1506, chunk_size=1600)
Skipping probe: too short (len=982, chunk_size=1600)
Skipping probe: too short (len=1023, chunk_size=1600)
Skipping probe: too short (len=1349, chunk_size=1600)
Skipping probe: too short (len=1450, chunk_size=1600)
Skipping probe: too short (len=1454, chunk_size=1600)
Skipping probe: too short (len=559, chunk_size=1600)
Skipping probe: too short (len=1563, chunk_size=1600)
Skipping probe: too short (len=1335, chunk_size=1600)
Skipping probe: too short (len=906, chunk_size=1600)
Skipping probe: too short (len=670, chunk_size=1600)
Skipping probe: too short (len=886, chunk_size=1600)
Skipping probe: too short (len=1021, chunk_size=1600)
Skipping probe: too short (len=1266, chunk_size=1600)
Skipping probe: too short (len=632, chunk_size=1600)
[I 2026-03-29 13:32:02,273] Trial 29 pruned. 
Skipping probe: too short (len=1450, chunk_size=2000)
Skipping probe: too short (len=1604, chunk_size=2000)
Skipping probe: too short (len=1023, chunk_size=2000)
Skipping probe: too short (len=559, chunk_size=2000)
Skipping probe: too short (len=1906, chunk_size=2000)
Skipping probe: too short (len=1563, chunk_size=2000)
Skipping probe: too short (len=1335, chunk_size=2000)
Skipping probe: too short (len=906, chunk_size=2000)
Skipping probe: too short (len=1454, chunk_size=2000)
Skipping probe: too short (len=1266, chunk_size=2000)
Skipping probe: too short (len=1349, chunk_size=2000)
Skipping probe: too short (len=1924, chunk_size=2000)
Skipping probe: too short (len=834, chunk_size=2000)
Skipping probe: too short (len=1506, chunk_size=2000)
Skipping probe: too short (len=1958, chunk_size=2000)
Skipping probe: too short (len=982, chunk_size=2000)
Skipping probe: too short (len=1763, chunk_size=2000)
Skipping probe: too short (len=670, chunk_size=2000)
Skipping probe: too short (len=886, chunk_size=2000)
Skipping probe: too short (len=632, chunk_size=2000)
Skipping probe: too short (len=1619, chunk_size=2000)
Skipping probe: too short (len=1995, chunk_size=2000)
Skipping probe: too short (len=1880, chunk_size=2000)
Skipping probe: too short (len=1871, chunk_size=2000)
Skipping probe: too short (len=1021, chunk_size=2000)
Skipping probe: too short (len=1023, chunk_size=2000)
Skipping probe: too short (len=1450, chunk_size=2000)
Skipping probe: too short (len=1924, chunk_size=2000)
Skipping probe: too short (len=834, chunk_size=2000)
Skipping probe: too short (len=1506, chunk_size=2000)
Skipping probe: too short (len=1619, chunk_size=2000)
Skipping probe: too short (len=1454, chunk_size=2000)
Skipping probe: too short (len=559, chunk_size=2000)
Skipping probe: too short (len=1906, chunk_size=2000)
Skipping probe: too short (len=1563, chunk_size=2000)
Skipping probe: too short (len=1335, chunk_size=2000)
Skipping probe: too short (len=906, chunk_size=2000)
Skipping probe: too short (len=1604, chunk_size=2000)
Skipping probe: too short (len=1958, chunk_size=2000)
Skipping probe: too short (len=1349, chunk_size=2000)
Skipping probe: too short (len=982, chunk_size=2000)
Skipping probe: too short (len=1763, chunk_size=2000)
Skipping probe: too short (len=670, chunk_size=2000)
Skipping probe: too short (len=886, chunk_size=2000)
Skipping probe: too short (len=1880, chunk_size=2000)
Skipping probe: too short (len=1995, chunk_size=2000)
Skipping probe: too short (len=1871, chunk_size=2000)
Skipping probe: too short (len=1021, chunk_size=2000)
Skipping probe: too short (len=1266, chunk_size=2000)
Skipping probe: too short (len=632, chunk_size=2000)
[I 2026-03-29 13:57:53,188] Trial 30 pruned. 
Skipping probe: too short (len=1763, chunk_size=1800)
Skipping probe: too short (len=834, chunk_size=1800)
Skipping probe: too short (len=1506, chunk_size=1800)
Skipping probe: too short (len=982, chunk_size=1800)
Skipping probe: too short (len=559, chunk_size=1800)
Skipping probe: too short (len=1563, chunk_size=1800)
Skipping probe: too short (len=1335, chunk_size=1800)
Skipping probe: too short (len=906, chunk_size=1800)
Skipping probe: too short (len=1023, chunk_size=1800)
Skipping probe: too short (len=1454, chunk_size=1800)
Skipping probe: too short (len=1349, chunk_size=1800)
Skipping probe: too short (len=1450, chunk_size=1800)
Skipping probe: too short (len=1604, chunk_size=1800)
Skipping probe: too short (len=1266, chunk_size=1800)
Skipping probe: too short (len=670, chunk_size=1800)
Skipping probe: too short (len=886, chunk_size=1800)
Skipping probe: too short (len=632, chunk_size=1800)
Skipping probe: too short (len=1619, chunk_size=1800)
Skipping probe: too short (len=1021, chunk_size=1800)
Skipping probe: too short (len=1349, chunk_size=1800)
Skipping probe: too short (len=1023, chunk_size=1800)
Skipping probe: too short (len=1454, chunk_size=1800)
Skipping probe: too short (len=1450, chunk_size=1800)
Skipping probe: too short (len=1604, chunk_size=1800)
Skipping probe: too short (len=834, chunk_size=1800)
Skipping probe: too short (len=1506, chunk_size=1800)
Skipping probe: too short (len=559, chunk_size=1800)
Skipping probe: too short (len=1563, chunk_size=1800)
Skipping probe: too short (len=1335, chunk_size=1800)
Skipping probe: too short (len=906, chunk_size=1800)
Skipping probe: too short (len=1763, chunk_size=1800)
Skipping probe: too short (len=982, chunk_size=1800)
Skipping probe: too short (len=670, chunk_size=1800)
Skipping probe: too short (len=886, chunk_size=1800)
Skipping probe: too short (len=1619, chunk_size=1800)
Skipping probe: too short (len=1021, chunk_size=1800)
Skipping probe: too short (len=1266, chunk_size=1800)
Skipping probe: too short (len=632, chunk_size=1800)
[I 2026-03-29 14:12:17,551] Trial 31 pruned. 
Skipping probe: too short (len=1023, chunk_size=1900)
Skipping probe: too short (len=1604, chunk_size=1900)
Skipping probe: too short (len=1454, chunk_size=1900)
Skipping probe: too short (len=1450, chunk_size=1900)
Skipping probe: too short (len=1349, chunk_size=1900)
Skipping probe: too short (len=834, chunk_size=1900)
Skipping probe: too short (len=1506, chunk_size=1900)
Skipping probe: too short (len=559, chunk_size=1900)
Skipping probe: too short (len=1563, chunk_size=1900)
Skipping probe: too short (len=1335, chunk_size=1900)
Skipping probe: too short (len=906, chunk_size=1900)
Skipping probe: too short (len=982, chunk_size=1900)
Skipping probe: too short (len=1266, chunk_size=1900)
Skipping probe: too short (len=670, chunk_size=1900)
Skipping probe: too short (len=886, chunk_size=1900)
Skipping probe: too short (len=1763, chunk_size=1900)
Skipping probe: too short (len=632, chunk_size=1900)
Skipping probe: too short (len=1619, chunk_size=1900)
Skipping probe: too short (len=1880, chunk_size=1900)
Skipping probe: too short (len=1871, chunk_size=1900)
Skipping probe: too short (len=1021, chunk_size=1900)
Skipping probe: too short (len=1023, chunk_size=1900)
Skipping probe: too short (len=1349, chunk_size=1900)
Skipping probe: too short (len=559, chunk_size=1900)
Skipping probe: too short (len=1563, chunk_size=1900)
Skipping probe: too short (len=1335, chunk_size=1900)
Skipping probe: too short (len=906, chunk_size=1900)
Skipping probe: too short (len=1604, chunk_size=1900)
Skipping probe: too short (len=1454, chunk_size=1900)
Skipping probe: too short (len=834, chunk_size=1900)
Skipping probe: too short (len=1506, chunk_size=1900)
Skipping probe: too short (len=982, chunk_size=1900)
Skipping probe: too short (len=1450, chunk_size=1900)
Skipping probe: too short (len=1763, chunk_size=1900)
Skipping probe: too short (len=1619, chunk_size=1900)
Skipping probe: too short (len=1880, chunk_size=1900)
Skipping probe: too short (len=670, chunk_size=1900)
Skipping probe: too short (len=886, chunk_size=1900)
Skipping probe: too short (len=1871, chunk_size=1900)
Skipping probe: too short (len=1021, chunk_size=1900)
Skipping probe: too short (len=1266, chunk_size=1900)
Skipping probe: too short (len=632, chunk_size=1900)
[I 2026-03-29 14:18:10,642] Trial 32 pruned. 
Skipping probe: too short (len=2176, chunk_size=2200)
Skipping probe: too short (len=1604, chunk_size=2200)
Skipping probe: too short (len=1958, chunk_size=2200)
Skipping probe: too short (len=982, chunk_size=2200)
Skipping probe: too short (len=2058, chunk_size=2200)
Skipping probe: too short (len=1924, chunk_size=2200)
Skipping probe: too short (len=834, chunk_size=2200)
Skipping probe: too short (len=1506, chunk_size=2200)
Skipping probe: too short (len=1450, chunk_size=2200)
Skipping probe: too short (len=559, chunk_size=2200)
Skipping probe: too short (len=1906, chunk_size=2200)
Skipping probe: too short (len=1563, chunk_size=2200)
Skipping probe: too short (len=1335, chunk_size=2200)
Skipping probe: too short (len=906, chunk_size=2200)
Skipping probe: too short (len=1023, chunk_size=2200)
Skipping probe: too short (len=2171, chunk_size=2200)
Skipping probe: too short (len=1349, chunk_size=2200)
Skipping probe: too short (len=1454, chunk_size=2200)
Skipping probe: too short (len=1266, chunk_size=2200)
Skipping probe: too short (len=1763, chunk_size=2200)
Skipping probe: too short (len=670, chunk_size=2200)
Skipping probe: too short (len=886, chunk_size=2200)
Skipping probe: too short (len=632, chunk_size=2200)
Skipping probe: too short (len=1880, chunk_size=2200)
Skipping probe: too short (len=1619, chunk_size=2200)
Skipping probe: too short (len=1995, chunk_size=2200)
Skipping probe: too short (len=1871, chunk_size=2200)
Skipping probe: too short (len=1021, chunk_size=2200)
Skipping probe: too short (len=1450, chunk_size=2200)
Skipping probe: too short (len=1023, chunk_size=2200)
Skipping probe: too short (len=2171, chunk_size=2200)
Skipping probe: too short (len=1454, chunk_size=2200)
Skipping probe: too short (len=1924, chunk_size=2200)
Skipping probe: too short (len=834, chunk_size=2200)
Skipping probe: too short (len=1506, chunk_size=2200)
Skipping probe: too short (len=1349, chunk_size=2200)
Skipping probe: too short (len=1958, chunk_size=2200)
Skipping probe: too short (len=559, chunk_size=2200)
Skipping probe: too short (len=1906, chunk_size=2200)
Skipping probe: too short (len=1563, chunk_size=2200)
Skipping probe: too short (len=1335, chunk_size=2200)
Skipping probe: too short (len=906, chunk_size=2200)
Skipping probe: too short (len=2176, chunk_size=2200)
Skipping probe: too short (len=1880, chunk_size=2200)
Skipping probe: too short (len=1763, chunk_size=2200)
Skipping probe: too short (len=1619, chunk_size=2200)
Skipping probe: too short (len=982, chunk_size=2200)
Skipping probe: too short (len=1604, chunk_size=2200)
Skipping probe: too short (len=670, chunk_size=2200)
Skipping probe: too short (len=886, chunk_size=2200)
Skipping probe: too short (len=1995, chunk_size=2200)
Skipping probe: too short (len=1871, chunk_size=2200)
Skipping probe: too short (len=1021, chunk_size=2200)
Skipping probe: too short (len=1266, chunk_size=2200)
Skipping probe: too short (len=2058, chunk_size=2200)
Skipping probe: too short (len=632, chunk_size=2200)
[I 2026-03-29 14:45:02,800] Trial 33 pruned. 
Skipping probe: too short (len=1023, chunk_size=1800)
Skipping probe: too short (len=982, chunk_size=1800)
Skipping probe: too short (len=1349, chunk_size=1800)
Skipping probe: too short (len=1454, chunk_size=1800)
Skipping probe: too short (len=834, chunk_size=1800)
Skipping probe: too short (len=1506, chunk_size=1800)
Skipping probe: too short (len=1450, chunk_size=1800)
Skipping probe: too short (len=1266, chunk_size=1800)
Skipping probe: too short (len=1604, chunk_size=1800)
Skipping probe: too short (len=559, chunk_size=1800)
Skipping probe: too short (len=1563, chunk_size=1800)
Skipping probe: too short (len=1335, chunk_size=1800)
Skipping probe: too short (len=906, chunk_size=1800)
Skipping probe: too short (len=1763, chunk_size=1800)
Skipping probe: too short (len=632, chunk_size=1800)
Skipping probe: too short (len=670, chunk_size=1800)
Skipping probe: too short (len=886, chunk_size=1800)
Skipping probe: too short (len=1619, chunk_size=1800)
Skipping probe: too short (len=1021, chunk_size=1800)
Skipping probe: too short (len=834, chunk_size=1800)
Skipping probe: too short (len=1506, chunk_size=1800)
Skipping probe: too short (len=1349, chunk_size=1800)
Skipping probe: too short (len=982, chunk_size=1800)
Skipping probe: too short (len=559, chunk_size=1800)
Skipping probe: too short (len=1563, chunk_size=1800)
Skipping probe: too short (len=1335, chunk_size=1800)
Skipping probe: too short (len=906, chunk_size=1800)
Skipping probe: too short (len=1450, chunk_size=1800)
Skipping probe: too short (len=1023, chunk_size=1800)
Skipping probe: too short (len=1454, chunk_size=1800)
Skipping probe: too short (len=1604, chunk_size=1800)
Skipping probe: too short (len=1763, chunk_size=1800)
Skipping probe: too short (len=1619, chunk_size=1800)
Skipping probe: too short (len=670, chunk_size=1800)
Skipping probe: too short (len=886, chunk_size=1800)
Skipping probe: too short (len=1021, chunk_size=1800)
Skipping probe: too short (len=1266, chunk_size=1800)
Skipping probe: too short (len=632, chunk_size=1800)
Skipping probe: too short (len=1266, chunk_size=1800)
Skipping probe: too short (len=1619, chunk_size=1800)
Skipping probe: too short (len=559, chunk_size=1800)
Skipping probe: too short (len=1563, chunk_size=1800)
Skipping probe: too short (len=1335, chunk_size=1800)
Skipping probe: too short (len=906, chunk_size=1800)
Skipping probe: too short (len=1023, chunk_size=1800)
Skipping probe: too short (len=1450, chunk_size=1800)
Skipping probe: too short (len=834, chunk_size=1800)
Skipping probe: too short (len=1506, chunk_size=1800)
Skipping probe: too short (len=670, chunk_size=1800)
Skipping probe: too short (len=886, chunk_size=1800)
Skipping probe: too short (len=632, chunk_size=1800)
Skipping probe: too short (len=1021, chunk_size=1800)
Skipping probe: too short (len=1349, chunk_size=1800)
Skipping probe: too short (len=1604, chunk_size=1800)
Skipping probe: too short (len=982, chunk_size=1800)
Skipping probe: too short (len=1454, chunk_size=1800)
Skipping probe: too short (len=1763, chunk_size=1800)
[I 2026-03-29 14:53:58,645] Trial 34 pruned. 
Skipping probe: too short (len=1023, chunk_size=2100)
Skipping probe: too short (len=982, chunk_size=2100)
Skipping probe: too short (len=1454, chunk_size=2100)
Skipping probe: too short (len=1924, chunk_size=2100)
Skipping probe: too short (len=834, chunk_size=2100)
Skipping probe: too short (len=1506, chunk_size=2100)
Skipping probe: too short (len=2058, chunk_size=2100)
Skipping probe: too short (len=1958, chunk_size=2100)
Skipping probe: too short (len=1604, chunk_size=2100)
Skipping probe: too short (len=1349, chunk_size=2100)
Skipping probe: too short (len=1266, chunk_size=2100)
Skipping probe: too short (len=1450, chunk_size=2100)
Skipping probe: too short (len=559, chunk_size=2100)
Skipping probe: too short (len=1906, chunk_size=2100)
Skipping probe: too short (len=1563, chunk_size=2100)
Skipping probe: too short (len=1335, chunk_size=2100)
Skipping probe: too short (len=906, chunk_size=2100)
Skipping probe: too short (len=670, chunk_size=2100)
Skipping probe: too short (len=886, chunk_size=2100)
Skipping probe: too short (len=1763, chunk_size=2100)
Skipping probe: too short (len=632, chunk_size=2100)
Skipping probe: too short (len=1880, chunk_size=2100)
Skipping probe: too short (len=1619, chunk_size=2100)
Skipping probe: too short (len=1995, chunk_size=2100)
Skipping probe: too short (len=1871, chunk_size=2100)
Skipping probe: too short (len=1021, chunk_size=2100)
Skipping probe: too short (len=1349, chunk_size=2100)
Skipping probe: too short (len=1023, chunk_size=2100)
Skipping probe: too short (len=1604, chunk_size=2100)
Skipping probe: too short (len=1924, chunk_size=2100)
Skipping probe: too short (len=834, chunk_size=2100)
Skipping probe: too short (len=1506, chunk_size=2100)
Skipping probe: too short (len=982, chunk_size=2100)
Skipping probe: too short (len=1958, chunk_size=2100)
Skipping probe: too short (len=1450, chunk_size=2100)
Skipping probe: too short (len=1454, chunk_size=2100)
Skipping probe: too short (len=1763, chunk_size=2100)
Skipping probe: too short (len=559, chunk_size=2100)
Skipping probe: too short (len=1906, chunk_size=2100)
Skipping probe: too short (len=1563, chunk_size=2100)
Skipping probe: too short (len=1335, chunk_size=2100)
Skipping probe: too short (len=906, chunk_size=2100)
Skipping probe: too short (len=1880, chunk_size=2100)
Skipping probe: too short (len=1619, chunk_size=2100)
Skipping probe: too short (len=670, chunk_size=2100)
Skipping probe: too short (len=886, chunk_size=2100)
Skipping probe: too short (len=1995, chunk_size=2100)
Skipping probe: too short (len=1871, chunk_size=2100)
Skipping probe: too short (len=1021, chunk_size=2100)
Skipping probe: too short (len=2058, chunk_size=2100)
Skipping probe: too short (len=1266, chunk_size=2100)
Skipping probe: too short (len=632, chunk_size=2100)
[I 2026-03-29 15:02:58,964] Trial 35 pruned. 
Skipping probe: too short (len=1023, chunk_size=1500)
Skipping probe: too short (len=834, chunk_size=1500)
Skipping probe: too short (len=1349, chunk_size=1500)
Skipping probe: too short (len=559, chunk_size=1500)
Skipping probe: too short (len=1335, chunk_size=1500)
Skipping probe: too short (len=906, chunk_size=1500)
Skipping probe: too short (len=1454, chunk_size=1500)
Skipping probe: too short (len=1450, chunk_size=1500)
Skipping probe: too short (len=982, chunk_size=1500)
Skipping probe: too short (len=670, chunk_size=1500)
Skipping probe: too short (len=886, chunk_size=1500)
Skipping probe: too short (len=1266, chunk_size=1500)
Skipping probe: too short (len=632, chunk_size=1500)
Skipping probe: too short (len=1021, chunk_size=1500)
Skipping probe: too short (len=1454, chunk_size=1500)
Skipping probe: too short (len=1023, chunk_size=1500)
Skipping probe: too short (len=834, chunk_size=1500)
Skipping probe: too short (len=1349, chunk_size=1500)
Skipping probe: too short (len=982, chunk_size=1500)
Skipping probe: too short (len=559, chunk_size=1500)
Skipping probe: too short (len=1335, chunk_size=1500)
Skipping probe: too short (len=906, chunk_size=1500)
Skipping probe: too short (len=1450, chunk_size=1500)
Skipping probe: too short (len=1021, chunk_size=1500)
Skipping probe: too short (len=670, chunk_size=1500)
Skipping probe: too short (len=886, chunk_size=1500)
Skipping probe: too short (len=1266, chunk_size=1500)
Skipping probe: too short (len=632, chunk_size=1500)
[I 2026-03-29 15:25:10,877] Trial 36 pruned. 
Skipping probe: too short (len=1454, chunk_size=1700)
Skipping probe: too short (len=1349, chunk_size=1700)
Skipping probe: too short (len=1023, chunk_size=1700)
Skipping probe: too short (len=559, chunk_size=1700)
Skipping probe: too short (len=1563, chunk_size=1700)
Skipping probe: too short (len=1335, chunk_size=1700)
Skipping probe: too short (len=906, chunk_size=1700)
Skipping probe: too short (len=1450, chunk_size=1700)
Skipping probe: too short (len=834, chunk_size=1700)
Skipping probe: too short (len=1506, chunk_size=1700)
Skipping probe: too short (len=982, chunk_size=1700)
Skipping probe: too short (len=1604, chunk_size=1700)
Skipping probe: too short (len=670, chunk_size=1700)
Skipping probe: too short (len=886, chunk_size=1700)
Skipping probe: too short (len=632, chunk_size=1700)
Skipping probe: too short (len=1266, chunk_size=1700)
Skipping probe: too short (len=1021, chunk_size=1700)
Skipping probe: too short (len=1619, chunk_size=1700)
Skipping probe: too short (len=1604, chunk_size=1700)
Skipping probe: too short (len=1450, chunk_size=1700)
Skipping probe: too short (len=1454, chunk_size=1700)
Skipping probe: too short (len=982, chunk_size=1700)
Skipping probe: too short (len=559, chunk_size=1700)
Skipping probe: too short (len=1563, chunk_size=1700)
Skipping probe: too short (len=1335, chunk_size=1700)
Skipping probe: too short (len=906, chunk_size=1700)
Skipping probe: too short (len=834, chunk_size=1700)
Skipping probe: too short (len=1506, chunk_size=1700)
Skipping probe: too short (len=1619, chunk_size=1700)
Skipping probe: too short (len=1349, chunk_size=1700)
Skipping probe: too short (len=1023, chunk_size=1700)
Skipping probe: too short (len=670, chunk_size=1700)
Skipping probe: too short (len=886, chunk_size=1700)
Skipping probe: too short (len=1021, chunk_size=1700)
Skipping probe: too short (len=1266, chunk_size=1700)
Skipping probe: too short (len=632, chunk_size=1700)
[I 2026-03-29 15:32:51,745] Trial 37 pruned. 
Skipping probe: too short (len=834, chunk_size=1900)
Skipping probe: too short (len=1506, chunk_size=1900)
Skipping probe: too short (len=559, chunk_size=1900)
Skipping probe: too short (len=1563, chunk_size=1900)
Skipping probe: too short (len=1335, chunk_size=1900)
Skipping probe: too short (len=906, chunk_size=1900)
Skipping probe: too short (len=1454, chunk_size=1900)
Skipping probe: too short (len=1023, chunk_size=1900)
Skipping probe: too short (len=982, chunk_size=1900)
Skipping probe: too short (len=1450, chunk_size=1900)
Skipping probe: too short (len=1604, chunk_size=1900)
Skipping probe: too short (len=1349, chunk_size=1900)
Skipping probe: too short (len=1763, chunk_size=1900)
Skipping probe: too short (len=1266, chunk_size=1900)
Skipping probe: too short (len=632, chunk_size=1900)
Skipping probe: too short (len=670, chunk_size=1900)
Skipping probe: too short (len=886, chunk_size=1900)
Skipping probe: too short (len=1619, chunk_size=1900)
Skipping probe: too short (len=1880, chunk_size=1900)
Skipping probe: too short (len=1871, chunk_size=1900)
Skipping probe: too short (len=1021, chunk_size=1900)
Skipping probe: too short (len=834, chunk_size=1900)
Skipping probe: too short (len=1506, chunk_size=1900)
Skipping probe: too short (len=1619, chunk_size=1900)
Skipping probe: too short (len=1450, chunk_size=1900)
Skipping probe: too short (len=1349, chunk_size=1900)
Skipping probe: too short (len=1604, chunk_size=1900)
Skipping probe: too short (len=1454, chunk_size=1900)
Skipping probe: too short (len=559, chunk_size=1900)
Skipping probe: too short (len=1563, chunk_size=1900)
Skipping probe: too short (len=1335, chunk_size=1900)
Skipping probe: too short (len=906, chunk_size=1900)
Skipping probe: too short (len=1023, chunk_size=1900)
Skipping probe: too short (len=1763, chunk_size=1900)
Skipping probe: too short (len=982, chunk_size=1900)
Skipping probe: too short (len=1880, chunk_size=1900)
Skipping probe: too short (len=670, chunk_size=1900)
Skipping probe: too short (len=886, chunk_size=1900)
Skipping probe: too short (len=1871, chunk_size=1900)
Skipping probe: too short (len=1021, chunk_size=1900)
Skipping probe: too short (len=1266, chunk_size=1900)
Skipping probe: too short (len=632, chunk_size=1900)
[I 2026-03-29 15:53:49,440] Trial 38 pruned. 
Skipping probe: too short (len=1349, chunk_size=2500)
Skipping probe: too short (len=1450, chunk_size=2500)
Skipping probe: too short (len=559, chunk_size=2500)
Skipping probe: too short (len=1906, chunk_size=2500)
Skipping probe: too short (len=1563, chunk_size=2500)
Skipping probe: too short (len=1335, chunk_size=2500)
Skipping probe: too short (len=906, chunk_size=2500)
Skipping probe: too short (len=1023, chunk_size=2500)
Skipping probe: too short (len=2171, chunk_size=2500)
Skipping probe: too short (len=1604, chunk_size=2500)
Skipping probe: too short (len=1958, chunk_size=2500)
Skipping probe: too short (len=2058, chunk_size=2500)
Skipping probe: too short (len=1454, chunk_size=2500)
Skipping probe: too short (len=1924, chunk_size=2500)
Skipping probe: too short (len=2341, chunk_size=2500)
Skipping probe: too short (len=2216, chunk_size=2500)
Skipping probe: too short (len=2445, chunk_size=2500)
Skipping probe: too short (len=2409, chunk_size=2500)
Skipping probe: too short (len=834, chunk_size=2500)
Skipping probe: too short (len=1506, chunk_size=2500)
Skipping probe: too short (len=1266, chunk_size=2500)
Skipping probe: too short (len=2176, chunk_size=2500)
Skipping probe: too short (len=982, chunk_size=2500)
Skipping probe: too short (len=1763, chunk_size=2500)
Skipping probe: too short (len=670, chunk_size=2500)
Skipping probe: too short (len=886, chunk_size=2500)
Skipping probe: too short (len=2340, chunk_size=2500)
Skipping probe: too short (len=632, chunk_size=2500)
Skipping probe: too short (len=2436, chunk_size=2500)
Skipping probe: too short (len=1619, chunk_size=2500)
Skipping probe: too short (len=1880, chunk_size=2500)
Skipping probe: too short (len=1995, chunk_size=2500)
Skipping probe: too short (len=2252, chunk_size=2500)
Skipping probe: too short (len=1871, chunk_size=2500)
Skipping probe: too short (len=1021, chunk_size=2500)
Skipping probe: too short (len=2176, chunk_size=2500)
Skipping probe: too short (len=1454, chunk_size=2500)
Skipping probe: too short (len=982, chunk_size=2500)
Skipping probe: too short (len=1450, chunk_size=2500)
Skipping probe: too short (len=1349, chunk_size=2500)
Skipping probe: too short (len=1023, chunk_size=2500)
Skipping probe: too short (len=2171, chunk_size=2500)
Skipping probe: too short (len=1924, chunk_size=2500)
Skipping probe: too short (len=2341, chunk_size=2500)
Skipping probe: too short (len=2216, chunk_size=2500)
Skipping probe: too short (len=2445, chunk_size=2500)
Skipping probe: too short (len=2409, chunk_size=2500)
Skipping probe: too short (len=834, chunk_size=2500)
Skipping probe: too short (len=1506, chunk_size=2500)
Skipping probe: too short (len=2436, chunk_size=2500)
Skipping probe: too short (len=1619, chunk_size=2500)
Skipping probe: too short (len=1958, chunk_size=2500)
Skipping probe: too short (len=1604, chunk_size=2500)
Skipping probe: too short (len=559, chunk_size=2500)
Skipping probe: too short (len=1906, chunk_size=2500)
Skipping probe: too short (len=1563, chunk_size=2500)
Skipping probe: too short (len=1335, chunk_size=2500)
Skipping probe: too short (len=906, chunk_size=2500)
Skipping probe: too short (len=1763, chunk_size=2500)
Skipping probe: too short (len=1880, chunk_size=2500)
Skipping probe: too short (len=670, chunk_size=2500)
Skipping probe: too short (len=886, chunk_size=2500)
Skipping probe: too short (len=2340, chunk_size=2500)
Skipping probe: too short (len=1995, chunk_size=2500)
Skipping probe: too short (len=2252, chunk_size=2500)
Skipping probe: too short (len=1871, chunk_size=2500)
Skipping probe: too short (len=1021, chunk_size=2500)
Skipping probe: too short (len=1266, chunk_size=2500)
Skipping probe: too short (len=2058, chunk_size=2500)
Skipping probe: too short (len=632, chunk_size=2500)
[I 2026-03-29 16:17:28,451] Trial 39 pruned. 
Skipping probe: too short (len=982, chunk_size=2300)
Skipping probe: too short (len=1023, chunk_size=2300)
Skipping probe: too short (len=2171, chunk_size=2300)
Skipping probe: too short (len=1454, chunk_size=2300)
Skipping probe: too short (len=1958, chunk_size=2300)
Skipping probe: too short (len=2058, chunk_size=2300)
Skipping probe: too short (len=1924, chunk_size=2300)
Skipping probe: too short (len=2216, chunk_size=2300)
Skipping probe: too short (len=834, chunk_size=2300)
Skipping probe: too short (len=1506, chunk_size=2300)
Skipping probe: too short (len=559, chunk_size=2300)
Skipping probe: too short (len=1906, chunk_size=2300)
Skipping probe: too short (len=1563, chunk_size=2300)
Skipping probe: too short (len=1335, chunk_size=2300)
Skipping probe: too short (len=906, chunk_size=2300)
Skipping probe: too short (len=1450, chunk_size=2300)
Skipping probe: too short (len=1604, chunk_size=2300)
Skipping probe: too short (len=1349, chunk_size=2300)
Skipping probe: too short (len=2176, chunk_size=2300)
Skipping probe: too short (len=1266, chunk_size=2300)
Skipping probe: too short (len=1763, chunk_size=2300)
Skipping probe: too short (len=670, chunk_size=2300)
Skipping probe: too short (len=886, chunk_size=2300)
Skipping probe: too short (len=632, chunk_size=2300)
Skipping probe: too short (len=1880, chunk_size=2300)
Skipping probe: too short (len=1619, chunk_size=2300)
Skipping probe: too short (len=1995, chunk_size=2300)
Skipping probe: too short (len=2252, chunk_size=2300)
Skipping probe: too short (len=1871, chunk_size=2300)
Skipping probe: too short (len=1021, chunk_size=2300)
Skipping probe: too short (len=2176, chunk_size=2300)
Skipping probe: too short (len=1604, chunk_size=2300)
Skipping probe: too short (len=1349, chunk_size=2300)
Skipping probe: too short (len=1958, chunk_size=2300)
Skipping probe: too short (len=1454, chunk_size=2300)
Skipping probe: too short (len=1450, chunk_size=2300)
Skipping probe: too short (len=1023, chunk_size=2300)
Skipping probe: too short (len=2171, chunk_size=2300)
Skipping probe: too short (len=1924, chunk_size=2300)
Skipping probe: too short (len=2216, chunk_size=2300)
Skipping probe: too short (len=834, chunk_size=2300)
Skipping probe: too short (len=1506, chunk_size=2300)
Skipping probe: too short (len=982, chunk_size=2300)
Skipping probe: too short (len=1619, chunk_size=2300)
Skipping probe: too short (len=559, chunk_size=2300)
Skipping probe: too short (len=1906, chunk_size=2300)
Skipping probe: too short (len=1563, chunk_size=2300)
Skipping probe: too short (len=1335, chunk_size=2300)
Skipping probe: too short (len=906, chunk_size=2300)
Skipping probe: too short (len=1880, chunk_size=2300)
Skipping probe: too short (len=1995, chunk_size=2300)
Skipping probe: too short (len=2252, chunk_size=2300)
Skipping probe: too short (len=1763, chunk_size=2300)
Skipping probe: too short (len=670, chunk_size=2300)
Skipping probe: too short (len=886, chunk_size=2300)
Skipping probe: too short (len=1871, chunk_size=2300)
Skipping probe: too short (len=1021, chunk_size=2300)
Skipping probe: too short (len=2058, chunk_size=2300)
Skipping probe: too short (len=1266, chunk_size=2300)
Skipping probe: too short (len=632, chunk_size=2300)
Skipping probe: too short (len=2058, chunk_size=2300)
Skipping probe: too short (len=1619, chunk_size=2300)
Skipping probe: too short (len=1924, chunk_size=2300)
Skipping probe: too short (len=2216, chunk_size=2300)
Skipping probe: too short (len=834, chunk_size=2300)
Skipping probe: too short (len=1506, chunk_size=2300)
Skipping probe: too short (len=1450, chunk_size=2300)
Skipping probe: too short (len=2176, chunk_size=2300)
Skipping probe: too short (len=1266, chunk_size=2300)
Skipping probe: too short (len=1023, chunk_size=2300)
Skipping probe: too short (len=2171, chunk_size=2300)
Skipping probe: too short (len=1958, chunk_size=2300)
Skipping probe: too short (len=559, chunk_size=2300)
Skipping probe: too short (len=1906, chunk_size=2300)
Skipping probe: too short (len=1563, chunk_size=2300)
Skipping probe: too short (len=1335, chunk_size=2300)
Skipping probe: too short (len=906, chunk_size=2300)
Skipping probe: too short (len=632, chunk_size=2300)
Skipping probe: too short (len=1995, chunk_size=2300)
Skipping probe: too short (len=2252, chunk_size=2300)
Skipping probe: too short (len=1880, chunk_size=2300)
Skipping probe: too short (len=670, chunk_size=2300)
Skipping probe: too short (len=886, chunk_size=2300)
Skipping probe: too short (len=1871, chunk_size=2300)
Skipping probe: too short (len=1021, chunk_size=2300)
Skipping probe: too short (len=1454, chunk_size=2300)
Skipping probe: too short (len=1763, chunk_size=2300)
Skipping probe: too short (len=1349, chunk_size=2300)
Skipping probe: too short (len=982, chunk_size=2300)
Skipping probe: too short (len=1604, chunk_size=2300)
[I 2026-03-29 16:25:30,032] Trial 40 pruned. 
Skipping probe: too short (len=1450, chunk_size=2300)
Skipping probe: too short (len=2058, chunk_size=2300)
Skipping probe: too short (len=559, chunk_size=2300)
Skipping probe: too short (len=1906, chunk_size=2300)
Skipping probe: too short (len=1563, chunk_size=2300)
Skipping probe: too short (len=1335, chunk_size=2300)
Skipping probe: too short (len=906, chunk_size=2300)
Skipping probe: too short (len=1349, chunk_size=2300)
Skipping probe: too short (len=1023, chunk_size=2300)
Skipping probe: too short (len=2171, chunk_size=2300)
Skipping probe: too short (len=1958, chunk_size=2300)
Skipping probe: too short (len=1604, chunk_size=2300)
Skipping probe: too short (len=1924, chunk_size=2300)
Skipping probe: too short (len=2216, chunk_size=2300)
Skipping probe: too short (len=834, chunk_size=2300)
Skipping probe: too short (len=1506, chunk_size=2300)
Skipping probe: too short (len=1454, chunk_size=2300)
Skipping probe: too short (len=982, chunk_size=2300)
Skipping probe: too short (len=2176, chunk_size=2300)
Skipping probe: too short (len=1763, chunk_size=2300)
Skipping probe: too short (len=1266, chunk_size=2300)
Skipping probe: too short (len=670, chunk_size=2300)
Skipping probe: too short (len=886, chunk_size=2300)
Skipping probe: too short (len=632, chunk_size=2300)
Skipping probe: too short (len=1619, chunk_size=2300)
Skipping probe: too short (len=1880, chunk_size=2300)
Skipping probe: too short (len=1995, chunk_size=2300)
Skipping probe: too short (len=2252, chunk_size=2300)
Skipping probe: too short (len=1871, chunk_size=2300)
Skipping probe: too short (len=1021, chunk_size=2300)
Skipping probe: too short (len=559, chunk_size=2300)
Skipping probe: too short (len=1906, chunk_size=2300)
Skipping probe: too short (len=1563, chunk_size=2300)
Skipping probe: too short (len=1335, chunk_size=2300)
Skipping probe: too short (len=906, chunk_size=2300)
Skipping probe: too short (len=1604, chunk_size=2300)
Skipping probe: too short (len=1349, chunk_size=2300)
Skipping probe: too short (len=1924, chunk_size=2300)
Skipping probe: too short (len=2216, chunk_size=2300)
Skipping probe: too short (len=834, chunk_size=2300)
Skipping probe: too short (len=1506, chunk_size=2300)
Skipping probe: too short (len=1023, chunk_size=2300)
Skipping probe: too short (len=2171, chunk_size=2300)
Skipping probe: too short (len=982, chunk_size=2300)
Skipping probe: too short (len=1958, chunk_size=2300)
Skipping probe: too short (len=1450, chunk_size=2300)
Skipping probe: too short (len=1454, chunk_size=2300)
Skipping probe: too short (len=1763, chunk_size=2300)
Skipping probe: too short (len=2176, chunk_size=2300)
Skipping probe: too short (len=1619, chunk_size=2300)
Skipping probe: too short (len=1880, chunk_size=2300)
Skipping probe: too short (len=1995, chunk_size=2300)
Skipping probe: too short (len=2252, chunk_size=2300)
Skipping probe: too short (len=670, chunk_size=2300)
Skipping probe: too short (len=886, chunk_size=2300)
Skipping probe: too short (len=1871, chunk_size=2300)
Skipping probe: too short (len=1021, chunk_size=2300)
Skipping probe: too short (len=1266, chunk_size=2300)
Skipping probe: too short (len=2058, chunk_size=2300)
Skipping probe: too short (len=632, chunk_size=2300)
Skipping probe: too short (len=1266, chunk_size=2300)
Skipping probe: too short (len=1924, chunk_size=2300)
Skipping probe: too short (len=2216, chunk_size=2300)
Skipping probe: too short (len=834, chunk_size=2300)
Skipping probe: too short (len=1506, chunk_size=2300)
Skipping probe: too short (len=1958, chunk_size=2300)
Skipping probe: too short (len=2058, chunk_size=2300)
Skipping probe: too short (len=1619, chunk_size=2300)
Skipping probe: too short (len=1023, chunk_size=2300)
Skipping probe: too short (len=2171, chunk_size=2300)
Skipping probe: too short (len=2176, chunk_size=2300)
Skipping probe: too short (len=559, chunk_size=2300)
Skipping probe: too short (len=1906, chunk_size=2300)
Skipping probe: too short (len=1563, chunk_size=2300)
Skipping probe: too short (len=1335, chunk_size=2300)
Skipping probe: too short (len=906, chunk_size=2300)
Skipping probe: too short (len=1450, chunk_size=2300)
Skipping probe: too short (len=1871, chunk_size=2300)
Skipping probe: too short (len=1021, chunk_size=2300)
Skipping probe: too short (len=1880, chunk_size=2300)
Skipping probe: too short (len=1995, chunk_size=2300)
Skipping probe: too short (len=2252, chunk_size=2300)
Skipping probe: too short (len=670, chunk_size=2300)
Skipping probe: too short (len=886, chunk_size=2300)
Skipping probe: too short (len=632, chunk_size=2300)
Skipping probe: too short (len=1454, chunk_size=2300)
Skipping probe: too short (len=1349, chunk_size=2300)
Skipping probe: too short (len=982, chunk_size=2300)
Skipping probe: too short (len=1763, chunk_size=2300)
Skipping probe: too short (len=1604, chunk_size=2300)
Skipping probe: too short (len=670, chunk_size=2300)
Skipping probe: too short (len=886, chunk_size=2300)
Skipping probe: too short (len=1619, chunk_size=2300)
Skipping probe: too short (len=1454, chunk_size=2300)
Skipping probe: too short (len=1349, chunk_size=2300)
Skipping probe: too short (len=1995, chunk_size=2300)
Skipping probe: too short (len=2252, chunk_size=2300)
Skipping probe: too short (len=1958, chunk_size=2300)
Skipping probe: too short (len=1450, chunk_size=2300)
Skipping probe: too short (len=1763, chunk_size=2300)
Skipping probe: too short (len=1266, chunk_size=2300)
Skipping probe: too short (len=1023, chunk_size=2300)
Skipping probe: too short (len=2171, chunk_size=2300)
Skipping probe: too short (len=1604, chunk_size=2300)
Skipping probe: too short (len=2058, chunk_size=2300)
Skipping probe: too short (len=1924, chunk_size=2300)
Skipping probe: too short (len=2216, chunk_size=2300)
Skipping probe: too short (len=834, chunk_size=2300)
Skipping probe: too short (len=1506, chunk_size=2300)
Skipping probe: too short (len=982, chunk_size=2300)
Skipping probe: too short (len=1880, chunk_size=2300)
Skipping probe: too short (len=632, chunk_size=2300)
Skipping probe: too short (len=1871, chunk_size=2300)
Skipping probe: too short (len=1021, chunk_size=2300)
Skipping probe: too short (len=2176, chunk_size=2300)
Skipping probe: too short (len=559, chunk_size=2300)
Skipping probe: too short (len=1906, chunk_size=2300)
Skipping probe: too short (len=1563, chunk_size=2300)
Skipping probe: too short (len=1335, chunk_size=2300)
Skipping probe: too short (len=906, chunk_size=2300)
Skipping probe: too short (len=1763, chunk_size=2300)
Skipping probe: too short (len=1349, chunk_size=2300)
Skipping probe: too short (len=1454, chunk_size=2300)
Skipping probe: too short (len=1604, chunk_size=2300)
Skipping probe: too short (len=1266, chunk_size=2300)
Skipping probe: too short (len=982, chunk_size=2300)
Skipping probe: too short (len=2058, chunk_size=2300)
Skipping probe: too short (len=1619, chunk_size=2300)
Skipping probe: too short (len=2176, chunk_size=2300)
Skipping probe: too short (len=559, chunk_size=2300)
Skipping probe: too short (len=1906, chunk_size=2300)
Skipping probe: too short (len=1563, chunk_size=2300)
Skipping probe: too short (len=1335, chunk_size=2300)
Skipping probe: too short (len=906, chunk_size=2300)
Skipping probe: too short (len=1871, chunk_size=2300)
Skipping probe: too short (len=1021, chunk_size=2300)
Skipping probe: too short (len=1880, chunk_size=2300)
Skipping probe: too short (len=1995, chunk_size=2300)
Skipping probe: too short (len=2252, chunk_size=2300)
Skipping probe: too short (len=632, chunk_size=2300)
Skipping probe: too short (len=1958, chunk_size=2300)
Skipping probe: too short (len=1450, chunk_size=2300)
Skipping probe: too short (len=1023, chunk_size=2300)
Skipping probe: too short (len=2171, chunk_size=2300)
Skipping probe: too short (len=1924, chunk_size=2300)
Skipping probe: too short (len=2216, chunk_size=2300)
Skipping probe: too short (len=834, chunk_size=2300)
Skipping probe: too short (len=1506, chunk_size=2300)
Skipping probe: too short (len=670, chunk_size=2300)
Skipping probe: too short (len=886, chunk_size=2300)
Trial 41 F1s - Weighted: 0.7781 | Macro: 0.3647 | Micro: 0.7978

[I 2026-03-29 16:47:06,278] Trial 41 finished with value: 0.7781468259600777 and parameters: {'chunk_seconds': 23, 'num_freqs': 9, 'num_estimators': 128, 'max_depth': 32, 'max_features': 0.26109263938974, 'overlap': 0.7092966379551398, 'max_lag': 16}. Best is trial 24 with value: 0.7806868661009101.
Skipping probe: too short (len=1924, chunk_size=2200)
Skipping probe: too short (len=834, chunk_size=2200)
Skipping probe: too short (len=1506, chunk_size=2200)
Skipping probe: too short (len=559, chunk_size=2200)
Skipping probe: too short (len=1906, chunk_size=2200)
Skipping probe: too short (len=1563, chunk_size=2200)
Skipping probe: too short (len=1335, chunk_size=2200)
Skipping probe: too short (len=906, chunk_size=2200)
Skipping probe: too short (len=1349, chunk_size=2200)
Skipping probe: too short (len=1023, chunk_size=2200)
Skipping probe: too short (len=2171, chunk_size=2200)
Skipping probe: too short (len=1454, chunk_size=2200)
Skipping probe: too short (len=1450, chunk_size=2200)
Skipping probe: too short (len=1266, chunk_size=2200)
Skipping probe: too short (len=1763, chunk_size=2200)
Skipping probe: too short (len=2058, chunk_size=2200)
Skipping probe: too short (len=2176, chunk_size=2200)
Skipping probe: too short (len=1604, chunk_size=2200)
Skipping probe: too short (len=1958, chunk_size=2200)
Skipping probe: too short (len=982, chunk_size=2200)
Skipping probe: too short (len=670, chunk_size=2200)
Skipping probe: too short (len=886, chunk_size=2200)
Skipping probe: too short (len=632, chunk_size=2200)
Skipping probe: too short (len=1619, chunk_size=2200)
Skipping probe: too short (len=1880, chunk_size=2200)
Skipping probe: too short (len=1995, chunk_size=2200)
Skipping probe: too short (len=1871, chunk_size=2200)
Skipping probe: too short (len=1021, chunk_size=2200)
Skipping probe: too short (len=2176, chunk_size=2200)
Skipping probe: too short (len=1958, chunk_size=2200)
Skipping probe: too short (len=1023, chunk_size=2200)
Skipping probe: too short (len=2171, chunk_size=2200)
Skipping probe: too short (len=1349, chunk_size=2200)
Skipping probe: too short (len=1604, chunk_size=2200)
Skipping probe: too short (len=1619, chunk_size=2200)
Skipping probe: too short (len=1454, chunk_size=2200)
Skipping probe: too short (len=1450, chunk_size=2200)
Skipping probe: too short (len=559, chunk_size=2200)
Skipping probe: too short (len=1906, chunk_size=2200)
Skipping probe: too short (len=1563, chunk_size=2200)
Skipping probe: too short (len=1335, chunk_size=2200)
Skipping probe: too short (len=906, chunk_size=2200)
Skipping probe: too short (len=982, chunk_size=2200)
Skipping probe: too short (len=1924, chunk_size=2200)
Skipping probe: too short (len=834, chunk_size=2200)
Skipping probe: too short (len=1506, chunk_size=2200)
Skipping probe: too short (len=1763, chunk_size=2200)
Skipping probe: too short (len=1871, chunk_size=2200)
Skipping probe: too short (len=1021, chunk_size=2200)
Skipping probe: too short (len=670, chunk_size=2200)
Skipping probe: too short (len=886, chunk_size=2200)
Skipping probe: too short (len=1880, chunk_size=2200)
Skipping probe: too short (len=1995, chunk_size=2200)
Skipping probe: too short (len=2058, chunk_size=2200)
Skipping probe: too short (len=1266, chunk_size=2200)
Skipping probe: too short (len=632, chunk_size=2200)
[I 2026-03-29 17:02:58,570] Trial 42 pruned. 
Skipping probe: too short (len=1958, chunk_size=2000)
Skipping probe: too short (len=1604, chunk_size=2000)
Skipping probe: too short (len=1454, chunk_size=2000)
Skipping probe: too short (len=1450, chunk_size=2000)
Skipping probe: too short (len=1924, chunk_size=2000)
Skipping probe: too short (len=834, chunk_size=2000)
Skipping probe: too short (len=1506, chunk_size=2000)
Skipping probe: too short (len=982, chunk_size=2000)
Skipping probe: too short (len=1023, chunk_size=2000)
Skipping probe: too short (len=1349, chunk_size=2000)
Skipping probe: too short (len=559, chunk_size=2000)
Skipping probe: too short (len=1906, chunk_size=2000)
Skipping probe: too short (len=1563, chunk_size=2000)
Skipping probe: too short (len=1335, chunk_size=2000)
Skipping probe: too short (len=906, chunk_size=2000)
Skipping probe: too short (len=1763, chunk_size=2000)
Skipping probe: too short (len=1266, chunk_size=2000)
Skipping probe: too short (len=670, chunk_size=2000)
Skipping probe: too short (len=886, chunk_size=2000)
Skipping probe: too short (len=632, chunk_size=2000)
Skipping probe: too short (len=1619, chunk_size=2000)
Skipping probe: too short (len=1995, chunk_size=2000)
Skipping probe: too short (len=1880, chunk_size=2000)
Skipping probe: too short (len=1871, chunk_size=2000)
Skipping probe: too short (len=1021, chunk_size=2000)
Skipping probe: too short (len=1454, chunk_size=2000)
Skipping probe: too short (len=1604, chunk_size=2000)
Skipping probe: too short (len=1958, chunk_size=2000)
Skipping probe: too short (len=982, chunk_size=2000)
Skipping probe: too short (len=1023, chunk_size=2000)
Skipping probe: too short (len=1924, chunk_size=2000)
Skipping probe: too short (len=834, chunk_size=2000)
Skipping probe: too short (len=1506, chunk_size=2000)
Skipping probe: too short (len=559, chunk_size=2000)
Skipping probe: too short (len=1906, chunk_size=2000)
Skipping probe: too short (len=1563, chunk_size=2000)
Skipping probe: too short (len=1335, chunk_size=2000)
Skipping probe: too short (len=906, chunk_size=2000)
Skipping probe: too short (len=1619, chunk_size=2000)
Skipping probe: too short (len=1349, chunk_size=2000)
Skipping probe: too short (len=1880, chunk_size=2000)
Skipping probe: too short (len=670, chunk_size=2000)
Skipping probe: too short (len=886, chunk_size=2000)
Skipping probe: too short (len=1450, chunk_size=2000)
Skipping probe: too short (len=1763, chunk_size=2000)
Skipping probe: too short (len=1995, chunk_size=2000)
Skipping probe: too short (len=1871, chunk_size=2000)
Skipping probe: too short (len=1021, chunk_size=2000)
Skipping probe: too short (len=1266, chunk_size=2000)
Skipping probe: too short (len=632, chunk_size=2000)
[I 2026-03-29 17:15:33,717] Trial 43 pruned. 
Skipping probe: too short (len=2176, chunk_size=2400)
Skipping probe: too short (len=1023, chunk_size=2400)
Skipping probe: too short (len=2171, chunk_size=2400)
Skipping probe: too short (len=1924, chunk_size=2400)
Skipping probe: too short (len=2341, chunk_size=2400)
Skipping probe: too short (len=2216, chunk_size=2400)
Skipping probe: too short (len=834, chunk_size=2400)
Skipping probe: too short (len=1506, chunk_size=2400)
Skipping probe: too short (len=1958, chunk_size=2400)
Skipping probe: too short (len=2058, chunk_size=2400)
Skipping probe: too short (len=1604, chunk_size=2400)
Skipping probe: too short (len=1454, chunk_size=2400)
Skipping probe: too short (len=1349, chunk_size=2400)
Skipping probe: too short (len=1266, chunk_size=2400)
Skipping probe: too short (len=559, chunk_size=2400)
Skipping probe: too short (len=1906, chunk_size=2400)
Skipping probe: too short (len=1563, chunk_size=2400)
Skipping probe: too short (len=1335, chunk_size=2400)
Skipping probe: too short (len=906, chunk_size=2400)
Skipping probe: too short (len=1450, chunk_size=2400)
Skipping probe: too short (len=1763, chunk_size=2400)
Skipping probe: too short (len=982, chunk_size=2400)
Skipping probe: too short (len=632, chunk_size=2400)
Skipping probe: too short (len=670, chunk_size=2400)
Skipping probe: too short (len=886, chunk_size=2400)
Skipping probe: too short (len=2340, chunk_size=2400)
Skipping probe: too short (len=1619, chunk_size=2400)
Skipping probe: too short (len=1995, chunk_size=2400)
Skipping probe: too short (len=2252, chunk_size=2400)
Skipping probe: too short (len=1880, chunk_size=2400)
Skipping probe: too short (len=1871, chunk_size=2400)
Skipping probe: too short (len=1021, chunk_size=2400)
Skipping probe: too short (len=982, chunk_size=2400)
Skipping probe: too short (len=1958, chunk_size=2400)
Skipping probe: too short (len=1604, chunk_size=2400)
Skipping probe: too short (len=559, chunk_size=2400)
Skipping probe: too short (len=1906, chunk_size=2400)
Skipping probe: too short (len=1563, chunk_size=2400)
Skipping probe: too short (len=1335, chunk_size=2400)
Skipping probe: too short (len=906, chunk_size=2400)
Skipping probe: too short (len=1924, chunk_size=2400)
Skipping probe: too short (len=2341, chunk_size=2400)
Skipping probe: too short (len=2216, chunk_size=2400)
Skipping probe: too short (len=834, chunk_size=2400)
Skipping probe: too short (len=1506, chunk_size=2400)
Skipping probe: too short (len=1023, chunk_size=2400)
Skipping probe: too short (len=2171, chunk_size=2400)
Skipping probe: too short (len=2176, chunk_size=2400)
Skipping probe: too short (len=1450, chunk_size=2400)
Skipping probe: too short (len=1349, chunk_size=2400)
Skipping probe: too short (len=1454, chunk_size=2400)
Skipping probe: too short (len=1995, chunk_size=2400)
Skipping probe: too short (len=2252, chunk_size=2400)
Skipping probe: too short (len=1763, chunk_size=2400)
Skipping probe: too short (len=1619, chunk_size=2400)
Skipping probe: too short (len=1880, chunk_size=2400)
Skipping probe: too short (len=1871, chunk_size=2400)
Skipping probe: too short (len=1021, chunk_size=2400)
Skipping probe: too short (len=670, chunk_size=2400)
Skipping probe: too short (len=886, chunk_size=2400)
Skipping probe: too short (len=2340, chunk_size=2400)
Skipping probe: too short (len=1266, chunk_size=2400)
Skipping probe: too short (len=2058, chunk_size=2400)
Skipping probe: too short (len=632, chunk_size=2400)
Skipping probe: too short (len=559, chunk_size=2400)
Skipping probe: too short (len=1906, chunk_size=2400)
Skipping probe: too short (len=1563, chunk_size=2400)
Skipping probe: too short (len=1335, chunk_size=2400)
Skipping probe: too short (len=906, chunk_size=2400)
Skipping probe: too short (len=1450, chunk_size=2400)
Skipping probe: too short (len=2176, chunk_size=2400)
Skipping probe: too short (len=1023, chunk_size=2400)
Skipping probe: too short (len=2171, chunk_size=2400)
Skipping probe: too short (len=2058, chunk_size=2400)
Skipping probe: too short (len=1958, chunk_size=2400)
Skipping probe: too short (len=1266, chunk_size=2400)
Skipping probe: too short (len=1880, chunk_size=2400)
Skipping probe: too short (len=1619, chunk_size=2400)
Skipping probe: too short (len=1924, chunk_size=2400)
Skipping probe: too short (len=2341, chunk_size=2400)
Skipping probe: too short (len=2216, chunk_size=2400)
Skipping probe: too short (len=834, chunk_size=2400)
Skipping probe: too short (len=1506, chunk_size=2400)
Skipping probe: too short (len=670, chunk_size=2400)
Skipping probe: too short (len=886, chunk_size=2400)
Skipping probe: too short (len=632, chunk_size=2400)
Skipping probe: too short (len=1871, chunk_size=2400)
Skipping probe: too short (len=1021, chunk_size=2400)
Skipping probe: too short (len=1995, chunk_size=2400)
Skipping probe: too short (len=2252, chunk_size=2400)
Skipping probe: too short (len=1454, chunk_size=2400)
Skipping probe: too short (len=1349, chunk_size=2400)
Skipping probe: too short (len=1604, chunk_size=2400)
Skipping probe: too short (len=1763, chunk_size=2400)
Skipping probe: too short (len=982, chunk_size=2400)
Skipping probe: too short (len=2340, chunk_size=2400)
Skipping probe: too short (len=1619, chunk_size=2400)
Skipping probe: too short (len=2058, chunk_size=2400)
Skipping probe: too short (len=1604, chunk_size=2400)
Skipping probe: too short (len=1924, chunk_size=2400)
Skipping probe: too short (len=2341, chunk_size=2400)
Skipping probe: too short (len=2216, chunk_size=2400)
Skipping probe: too short (len=834, chunk_size=2400)
Skipping probe: too short (len=1506, chunk_size=2400)
Skipping probe: too short (len=1450, chunk_size=2400)
Skipping probe: too short (len=1454, chunk_size=2400)
Skipping probe: too short (len=1349, chunk_size=2400)
Skipping probe: too short (len=1880, chunk_size=2400)
Skipping probe: too short (len=670, chunk_size=2400)
Skipping probe: too short (len=886, chunk_size=2400)
Skipping probe: too short (len=1958, chunk_size=2400)
Skipping probe: too short (len=1023, chunk_size=2400)
Skipping probe: too short (len=2171, chunk_size=2400)
Skipping probe: too short (len=1266, chunk_size=2400)
Skipping probe: too short (len=1995, chunk_size=2400)
Skipping probe: too short (len=2252, chunk_size=2400)
Skipping probe: too short (len=982, chunk_size=2400)
Skipping probe: too short (len=1763, chunk_size=2400)
Skipping probe: too short (len=2340, chunk_size=2400)
Skipping probe: too short (len=632, chunk_size=2400)
Skipping probe: too short (len=1871, chunk_size=2400)
Skipping probe: too short (len=1021, chunk_size=2400)
Skipping probe: too short (len=2176, chunk_size=2400)
Skipping probe: too short (len=559, chunk_size=2400)
Skipping probe: too short (len=1906, chunk_size=2400)
Skipping probe: too short (len=1563, chunk_size=2400)
Skipping probe: too short (len=1335, chunk_size=2400)
Skipping probe: too short (len=906, chunk_size=2400)
Skipping probe: too short (len=1266, chunk_size=2400)
Skipping probe: too short (len=1454, chunk_size=2400)
Skipping probe: too short (len=1349, chunk_size=2400)
Skipping probe: too short (len=2058, chunk_size=2400)
Skipping probe: too short (len=982, chunk_size=2400)
Skipping probe: too short (len=1604, chunk_size=2400)
Skipping probe: too short (len=2176, chunk_size=2400)
Skipping probe: too short (len=1619, chunk_size=2400)
Skipping probe: too short (len=1763, chunk_size=2400)
Skipping probe: too short (len=559, chunk_size=2400)
Skipping probe: too short (len=1906, chunk_size=2400)
Skipping probe: too short (len=1563, chunk_size=2400)
Skipping probe: too short (len=1335, chunk_size=2400)
Skipping probe: too short (len=906, chunk_size=2400)
Skipping probe: too short (len=1880, chunk_size=2400)
Skipping probe: too short (len=2340, chunk_size=2400)
Skipping probe: too short (len=632, chunk_size=2400)
Skipping probe: too short (len=1995, chunk_size=2400)
Skipping probe: too short (len=2252, chunk_size=2400)
Skipping probe: too short (len=1871, chunk_size=2400)
Skipping probe: too short (len=1021, chunk_size=2400)
Skipping probe: too short (len=1023, chunk_size=2400)
Skipping probe: too short (len=2171, chunk_size=2400)
Skipping probe: too short (len=1958, chunk_size=2400)
Skipping probe: too short (len=1450, chunk_size=2400)
Skipping probe: too short (len=1924, chunk_size=2400)
Skipping probe: too short (len=2341, chunk_size=2400)
Skipping probe: too short (len=2216, chunk_size=2400)
Skipping probe: too short (len=834, chunk_size=2400)
Skipping probe: too short (len=1506, chunk_size=2400)
Skipping probe: too short (len=670, chunk_size=2400)
Skipping probe: too short (len=886, chunk_size=2400)
Trial 44 F1s - Weighted: 0.7824 | Macro: 0.3636 | Micro: 0.8029

[I 2026-03-29 18:07:45,750] Trial 44 finished with value: 0.78243092533598 and parameters: {'chunk_seconds': 24, 'num_freqs': 12, 'num_estimators': 1024, 'max_depth': 32, 'max_features': 0.24358671837840873, 'overlap': 0.5824759882844492, 'max_lag': 16}. Best is trial 44 with value: 0.78243092533598.
Skipping probe: too short (len=1604, chunk_size=2500)
Skipping probe: too short (len=1924, chunk_size=2500)
Skipping probe: too short (len=2341, chunk_size=2500)
Skipping probe: too short (len=2216, chunk_size=2500)
Skipping probe: too short (len=2445, chunk_size=2500)
Skipping probe: too short (len=2409, chunk_size=2500)
Skipping probe: too short (len=834, chunk_size=2500)
Skipping probe: too short (len=1506, chunk_size=2500)
Skipping probe: too short (len=1958, chunk_size=2500)
Skipping probe: too short (len=1266, chunk_size=2500)
Skipping probe: too short (len=2176, chunk_size=2500)
Skipping probe: too short (len=1023, chunk_size=2500)
Skipping probe: too short (len=2171, chunk_size=2500)
Skipping probe: too short (len=1349, chunk_size=2500)
Skipping probe: too short (len=2058, chunk_size=2500)
Skipping probe: too short (len=1450, chunk_size=2500)
Skipping probe: too short (len=1454, chunk_size=2500)
Skipping probe: too short (len=559, chunk_size=2500)
Skipping probe: too short (len=1906, chunk_size=2500)
Skipping probe: too short (len=1563, chunk_size=2500)
Skipping probe: too short (len=1335, chunk_size=2500)
Skipping probe: too short (len=906, chunk_size=2500)
Skipping probe: too short (len=1763, chunk_size=2500)
Skipping probe: too short (len=982, chunk_size=2500)
Skipping probe: too short (len=670, chunk_size=2500)
Skipping probe: too short (len=886, chunk_size=2500)
Skipping probe: too short (len=2340, chunk_size=2500)
Skipping probe: too short (len=632, chunk_size=2500)
Skipping probe: too short (len=1880, chunk_size=2500)
Skipping probe: too short (len=1619, chunk_size=2500)
Skipping probe: too short (len=2436, chunk_size=2500)
Skipping probe: too short (len=1871, chunk_size=2500)
Skipping probe: too short (len=1021, chunk_size=2500)
Skipping probe: too short (len=1995, chunk_size=2500)
Skipping probe: too short (len=2252, chunk_size=2500)
Skipping probe: too short (len=1023, chunk_size=2500)
Skipping probe: too short (len=2171, chunk_size=2500)
Skipping probe: too short (len=1454, chunk_size=2500)
Skipping probe: too short (len=1450, chunk_size=2500)
Skipping probe: too short (len=1349, chunk_size=2500)
Skipping probe: too short (len=559, chunk_size=2500)
Skipping probe: too short (len=1906, chunk_size=2500)
Skipping probe: too short (len=1563, chunk_size=2500)
Skipping probe: too short (len=1335, chunk_size=2500)
Skipping probe: too short (len=906, chunk_size=2500)
Skipping probe: too short (len=1958, chunk_size=2500)
Skipping probe: too short (len=2436, chunk_size=2500)
Skipping probe: too short (len=1924, chunk_size=2500)
Skipping probe: too short (len=2341, chunk_size=2500)
Skipping probe: too short (len=2216, chunk_size=2500)
Skipping probe: too short (len=2445, chunk_size=2500)
Skipping probe: too short (len=2409, chunk_size=2500)
Skipping probe: too short (len=834, chunk_size=2500)
Skipping probe: too short (len=1506, chunk_size=2500)
Skipping probe: too short (len=1880, chunk_size=2500)
Skipping probe: too short (len=1619, chunk_size=2500)
Skipping probe: too short (len=2176, chunk_size=2500)
Skipping probe: too short (len=982, chunk_size=2500)
Skipping probe: too short (len=1763, chunk_size=2500)
Skipping probe: too short (len=1604, chunk_size=2500)
Skipping probe: too short (len=2340, chunk_size=2500)
Skipping probe: too short (len=670, chunk_size=2500)
Skipping probe: too short (len=886, chunk_size=2500)
Skipping probe: too short (len=1995, chunk_size=2500)
Skipping probe: too short (len=2252, chunk_size=2500)
Skipping probe: too short (len=1871, chunk_size=2500)
Skipping probe: too short (len=1021, chunk_size=2500)
Skipping probe: too short (len=2058, chunk_size=2500)
Skipping probe: too short (len=1266, chunk_size=2500)
Skipping probe: too short (len=632, chunk_size=2500)
Skipping probe: too short (len=559, chunk_size=2500)
Skipping probe: too short (len=1906, chunk_size=2500)
Skipping probe: too short (len=1563, chunk_size=2500)
Skipping probe: too short (len=1335, chunk_size=2500)
Skipping probe: too short (len=906, chunk_size=2500)
Skipping probe: too short (len=2176, chunk_size=2500)
Skipping probe: too short (len=2436, chunk_size=2500)
Skipping probe: too short (len=1924, chunk_size=2500)
Skipping probe: too short (len=2341, chunk_size=2500)
Skipping probe: too short (len=2216, chunk_size=2500)
Skipping probe: too short (len=2445, chunk_size=2500)
Skipping probe: too short (len=2409, chunk_size=2500)
Skipping probe: too short (len=834, chunk_size=2500)
Skipping probe: too short (len=1506, chunk_size=2500)
Skipping probe: too short (len=1450, chunk_size=2500)
Skipping probe: too short (len=1958, chunk_size=2500)
Skipping probe: too short (len=2058, chunk_size=2500)
Skipping probe: too short (len=1023, chunk_size=2500)
Skipping probe: too short (len=2171, chunk_size=2500)
Skipping probe: too short (len=1266, chunk_size=2500)
Skipping probe: too short (len=1880, chunk_size=2500)
Skipping probe: too short (len=1619, chunk_size=2500)
Skipping probe: too short (len=1995, chunk_size=2500)
Skipping probe: too short (len=2252, chunk_size=2500)
Skipping probe: too short (len=670, chunk_size=2500)
Skipping probe: too short (len=886, chunk_size=2500)
Skipping probe: too short (len=632, chunk_size=2500)
Skipping probe: too short (len=1871, chunk_size=2500)
Skipping probe: too short (len=1021, chunk_size=2500)
Skipping probe: too short (len=1454, chunk_size=2500)
Skipping probe: too short (len=1349, chunk_size=2500)
Skipping probe: too short (len=1604, chunk_size=2500)
Skipping probe: too short (len=1763, chunk_size=2500)
Skipping probe: too short (len=982, chunk_size=2500)
Skipping probe: too short (len=2340, chunk_size=2500)
Skipping probe: too short (len=1880, chunk_size=2500)
Skipping probe: too short (len=1924, chunk_size=2500)
Skipping probe: too short (len=2341, chunk_size=2500)
Skipping probe: too short (len=2216, chunk_size=2500)
Skipping probe: too short (len=2445, chunk_size=2500)
Skipping probe: too short (len=2409, chunk_size=2500)
Skipping probe: too short (len=834, chunk_size=2500)
Skipping probe: too short (len=1506, chunk_size=2500)
Skipping probe: too short (len=1349, chunk_size=2500)
Skipping probe: too short (len=1763, chunk_size=2500)
Skipping probe: too short (len=1619, chunk_size=2500)
Skipping probe: too short (len=1958, chunk_size=2500)
Skipping probe: too short (len=1023, chunk_size=2500)
Skipping probe: too short (len=2171, chunk_size=2500)
Skipping probe: too short (len=1450, chunk_size=2500)
Skipping probe: too short (len=2436, chunk_size=2500)
Skipping probe: too short (len=1454, chunk_size=2500)
Skipping probe: too short (len=1266, chunk_size=2500)
Skipping probe: too short (len=2058, chunk_size=2500)
Skipping probe: too short (len=1995, chunk_size=2500)
Skipping probe: too short (len=2252, chunk_size=2500)
Skipping probe: too short (len=1604, chunk_size=2500)
Skipping probe: too short (len=982, chunk_size=2500)
Skipping probe: too short (len=670, chunk_size=2500)
Skipping probe: too short (len=886, chunk_size=2500)
Skipping probe: too short (len=632, chunk_size=2500)
Skipping probe: too short (len=1871, chunk_size=2500)
Skipping probe: too short (len=1021, chunk_size=2500)
Skipping probe: too short (len=2340, chunk_size=2500)
Skipping probe: too short (len=559, chunk_size=2500)
Skipping probe: too short (len=1906, chunk_size=2500)
Skipping probe: too short (len=1563, chunk_size=2500)
Skipping probe: too short (len=1335, chunk_size=2500)
Skipping probe: too short (len=906, chunk_size=2500)
Skipping probe: too short (len=2176, chunk_size=2500)
Skipping probe: too short (len=982, chunk_size=2500)
Skipping probe: too short (len=559, chunk_size=2500)
Skipping probe: too short (len=1906, chunk_size=2500)
Skipping probe: too short (len=1563, chunk_size=2500)
Skipping probe: too short (len=1335, chunk_size=2500)
Skipping probe: too short (len=906, chunk_size=2500)
Skipping probe: too short (len=2058, chunk_size=2500)
Skipping probe: too short (len=1619, chunk_size=2500)
Skipping probe: too short (len=1604, chunk_size=2500)
Skipping probe: too short (len=2176, chunk_size=2500)
Skipping probe: too short (len=1349, chunk_size=2500)
Skipping probe: too short (len=2436, chunk_size=2500)
Skipping probe: too short (len=1454, chunk_size=2500)
Skipping probe: too short (len=1266, chunk_size=2500)
Skipping probe: too short (len=1763, chunk_size=2500)
Skipping probe: too short (len=1880, chunk_size=2500)
Skipping probe: too short (len=1995, chunk_size=2500)
Skipping probe: too short (len=2252, chunk_size=2500)
Skipping probe: too short (len=2340, chunk_size=2500)
Skipping probe: too short (len=1871, chunk_size=2500)
Skipping probe: too short (len=1021, chunk_size=2500)
Skipping probe: too short (len=632, chunk_size=2500)
Skipping probe: too short (len=1958, chunk_size=2500)
Skipping probe: too short (len=1450, chunk_size=2500)
Skipping probe: too short (len=1924, chunk_size=2500)
Skipping probe: too short (len=2341, chunk_size=2500)
Skipping probe: too short (len=2216, chunk_size=2500)
Skipping probe: too short (len=2445, chunk_size=2500)
Skipping probe: too short (len=2409, chunk_size=2500)
Skipping probe: too short (len=834, chunk_size=2500)
Skipping probe: too short (len=1506, chunk_size=2500)
Skipping probe: too short (len=1023, chunk_size=2500)
Skipping probe: too short (len=2171, chunk_size=2500)
Skipping probe: too short (len=670, chunk_size=2500)
Skipping probe: too short (len=886, chunk_size=2500)
Trial 45 F1s - Weighted: 0.7799 | Macro: 0.3591 | Micro: 0.8013

[I 2026-03-29 18:54:10,414] Trial 45 finished with value: 0.7799496384827634 and parameters: {'chunk_seconds': 25, 'num_freqs': 13, 'num_estimators': 1024, 'max_depth': 128, 'max_features': 0.2379763117353659, 'overlap': 0.5844775484482816, 'max_lag': 12}. Best is trial 44 with value: 0.78243092533598.
Skipping probe: too short (len=1924, chunk_size=2500)
Skipping probe: too short (len=2341, chunk_size=2500)
Skipping probe: too short (len=2216, chunk_size=2500)
Skipping probe: too short (len=2445, chunk_size=2500)
Skipping probe: too short (len=2409, chunk_size=2500)
Skipping probe: too short (len=834, chunk_size=2500)
Skipping probe: too short (len=1506, chunk_size=2500)
Skipping probe: too short (len=1450, chunk_size=2500)
Skipping probe: too short (len=2058, chunk_size=2500)
Skipping probe: too short (len=1266, chunk_size=2500)
Skipping probe: too short (len=2176, chunk_size=2500)
Skipping probe: too short (len=1958, chunk_size=2500)
Skipping probe: too short (len=1604, chunk_size=2500)
Skipping probe: too short (len=1023, chunk_size=2500)
Skipping probe: too short (len=2171, chunk_size=2500)
Skipping probe: too short (len=1454, chunk_size=2500)
Skipping probe: too short (len=1349, chunk_size=2500)
Skipping probe: too short (len=982, chunk_size=2500)
Skipping probe: too short (len=1763, chunk_size=2500)
Skipping probe: too short (len=559, chunk_size=2500)
Skipping probe: too short (len=1906, chunk_size=2500)
Skipping probe: too short (len=1563, chunk_size=2500)
Skipping probe: too short (len=1335, chunk_size=2500)
Skipping probe: too short (len=906, chunk_size=2500)
Skipping probe: too short (len=670, chunk_size=2500)
Skipping probe: too short (len=886, chunk_size=2500)
Skipping probe: too short (len=2340, chunk_size=2500)
Skipping probe: too short (len=632, chunk_size=2500)
Skipping probe: too short (len=2436, chunk_size=2500)
Skipping probe: too short (len=1619, chunk_size=2500)
Skipping probe: too short (len=1880, chunk_size=2500)
Skipping probe: too short (len=1871, chunk_size=2500)
Skipping probe: too short (len=1021, chunk_size=2500)
Skipping probe: too short (len=1995, chunk_size=2500)
Skipping probe: too short (len=2252, chunk_size=2500)
Skipping probe: too short (len=1454, chunk_size=2500)
Skipping probe: too short (len=1349, chunk_size=2500)
Skipping probe: too short (len=2176, chunk_size=2500)
Skipping probe: too short (len=1924, chunk_size=2500)
Skipping probe: too short (len=2341, chunk_size=2500)
Skipping probe: too short (len=2216, chunk_size=2500)
Skipping probe: too short (len=2445, chunk_size=2500)
Skipping probe: too short (len=2409, chunk_size=2500)
Skipping probe: too short (len=834, chunk_size=2500)
Skipping probe: too short (len=1506, chunk_size=2500)
Skipping probe: too short (len=1023, chunk_size=2500)
Skipping probe: too short (len=2171, chunk_size=2500)
Skipping probe: too short (len=1604, chunk_size=2500)
Skipping probe: too short (len=1958, chunk_size=2500)
Skipping probe: too short (len=2436, chunk_size=2500)
Skipping probe: too short (len=1450, chunk_size=2500)
Skipping probe: too short (len=559, chunk_size=2500)
Skipping probe: too short (len=1906, chunk_size=2500)
Skipping probe: too short (len=1563, chunk_size=2500)
Skipping probe: too short (len=1335, chunk_size=2500)
Skipping probe: too short (len=906, chunk_size=2500)
Skipping probe: too short (len=1619, chunk_size=2500)
Skipping probe: too short (len=1763, chunk_size=2500)
Skipping probe: too short (len=982, chunk_size=2500)
Skipping probe: too short (len=670, chunk_size=2500)
Skipping probe: too short (len=886, chunk_size=2500)
Skipping probe: too short (len=1880, chunk_size=2500)
Skipping probe: too short (len=1995, chunk_size=2500)
Skipping probe: too short (len=2252, chunk_size=2500)
Skipping probe: too short (len=1871, chunk_size=2500)
Skipping probe: too short (len=1021, chunk_size=2500)
Skipping probe: too short (len=2340, chunk_size=2500)
Skipping probe: too short (len=2058, chunk_size=2500)
Skipping probe: too short (len=1266, chunk_size=2500)
Skipping probe: too short (len=632, chunk_size=2500)
Skipping probe: too short (len=2058, chunk_size=2500)
Skipping probe: too short (len=1880, chunk_size=2500)
Skipping probe: too short (len=559, chunk_size=2500)
Skipping probe: too short (len=1906, chunk_size=2500)
Skipping probe: too short (len=1563, chunk_size=2500)
Skipping probe: too short (len=1335, chunk_size=2500)
Skipping probe: too short (len=906, chunk_size=2500)
Skipping probe: too short (len=2436, chunk_size=2500)
Skipping probe: too short (len=1619, chunk_size=2500)
Skipping probe: too short (len=1450, chunk_size=2500)
Skipping probe: too short (len=2176, chunk_size=2500)
Skipping probe: too short (len=1023, chunk_size=2500)
Skipping probe: too short (len=2171, chunk_size=2500)
Skipping probe: too short (len=1266, chunk_size=2500)
Skipping probe: too short (len=1958, chunk_size=2500)
Skipping probe: too short (len=1995, chunk_size=2500)
Skipping probe: too short (len=2252, chunk_size=2500)
Skipping probe: too short (len=1871, chunk_size=2500)
Skipping probe: too short (len=1021, chunk_size=2500)
Skipping probe: too short (len=1924, chunk_size=2500)
Skipping probe: too short (len=2341, chunk_size=2500)
Skipping probe: too short (len=2216, chunk_size=2500)
Skipping probe: too short (len=2445, chunk_size=2500)
Skipping probe: too short (len=2409, chunk_size=2500)
Skipping probe: too short (len=834, chunk_size=2500)
Skipping probe: too short (len=1506, chunk_size=2500)
Skipping probe: too short (len=632, chunk_size=2500)
Skipping probe: too short (len=670, chunk_size=2500)
Skipping probe: too short (len=886, chunk_size=2500)
Skipping probe: too short (len=1454, chunk_size=2500)
Skipping probe: too short (len=2340, chunk_size=2500)
Skipping probe: too short (len=982, chunk_size=2500)
Skipping probe: too short (len=1763, chunk_size=2500)
Skipping probe: too short (len=1349, chunk_size=2500)
Skipping probe: too short (len=1604, chunk_size=2500)
Skipping probe: too short (len=1349, chunk_size=2500)
Skipping probe: too short (len=1924, chunk_size=2500)
Skipping probe: too short (len=2341, chunk_size=2500)
Skipping probe: too short (len=2216, chunk_size=2500)
Skipping probe: too short (len=2445, chunk_size=2500)
Skipping probe: too short (len=2409, chunk_size=2500)
Skipping probe: too short (len=834, chunk_size=2500)
Skipping probe: too short (len=1506, chunk_size=2500)
Skipping probe: too short (len=1454, chunk_size=2500)
Skipping probe: too short (len=2058, chunk_size=2500)
Skipping probe: too short (len=1604, chunk_size=2500)
Skipping probe: too short (len=1958, chunk_size=2500)
Skipping probe: too short (len=1450, chunk_size=2500)
Skipping probe: too short (len=2436, chunk_size=2500)
Skipping probe: too short (len=1619, chunk_size=2500)
Skipping probe: too short (len=982, chunk_size=2500)
Skipping probe: too short (len=1763, chunk_size=2500)
Skipping probe: too short (len=2340, chunk_size=2500)
Skipping probe: too short (len=1266, chunk_size=2500)
Skipping probe: too short (len=1880, chunk_size=2500)
Skipping probe: too short (len=1871, chunk_size=2500)
Skipping probe: too short (len=1021, chunk_size=2500)
Skipping probe: too short (len=670, chunk_size=2500)
Skipping probe: too short (len=886, chunk_size=2500)
Skipping probe: too short (len=1023, chunk_size=2500)
Skipping probe: too short (len=2171, chunk_size=2500)
Skipping probe: too short (len=1995, chunk_size=2500)
Skipping probe: too short (len=2252, chunk_size=2500)
Skipping probe: too short (len=632, chunk_size=2500)
Skipping probe: too short (len=2176, chunk_size=2500)
Skipping probe: too short (len=559, chunk_size=2500)
Skipping probe: too short (len=1906, chunk_size=2500)
Skipping probe: too short (len=1563, chunk_size=2500)
Skipping probe: too short (len=1335, chunk_size=2500)
Skipping probe: too short (len=906, chunk_size=2500)
Skipping probe: too short (len=1619, chunk_size=2500)
Skipping probe: too short (len=2058, chunk_size=2500)
Skipping probe: too short (len=2176, chunk_size=2500)
Skipping probe: too short (len=2436, chunk_size=2500)
Skipping probe: too short (len=1349, chunk_size=2500)
Skipping probe: too short (len=1880, chunk_size=2500)
Skipping probe: too short (len=1604, chunk_size=2500)
Skipping probe: too short (len=1454, chunk_size=2500)
Skipping probe: too short (len=1763, chunk_size=2500)
Skipping probe: too short (len=1266, chunk_size=2500)
Skipping probe: too short (len=559, chunk_size=2500)
Skipping probe: too short (len=1906, chunk_size=2500)
Skipping probe: too short (len=1563, chunk_size=2500)
Skipping probe: too short (len=1335, chunk_size=2500)
Skipping probe: too short (len=906, chunk_size=2500)
Skipping probe: too short (len=982, chunk_size=2500)
Skipping probe: too short (len=1995, chunk_size=2500)
Skipping probe: too short (len=2252, chunk_size=2500)
Skipping probe: too short (len=1871, chunk_size=2500)
Skipping probe: too short (len=1021, chunk_size=2500)
Skipping probe: too short (len=632, chunk_size=2500)
Skipping probe: too short (len=2340, chunk_size=2500)
Skipping probe: too short (len=1924, chunk_size=2500)
Skipping probe: too short (len=2341, chunk_size=2500)
Skipping probe: too short (len=2216, chunk_size=2500)
Skipping probe: too short (len=2445, chunk_size=2500)
Skipping probe: too short (len=2409, chunk_size=2500)
Skipping probe: too short (len=834, chunk_size=2500)
Skipping probe: too short (len=1506, chunk_size=2500)
Skipping probe: too short (len=1023, chunk_size=2500)
Skipping probe: too short (len=2171, chunk_size=2500)
Skipping probe: too short (len=1450, chunk_size=2500)
Skipping probe: too short (len=1958, chunk_size=2500)
Skipping probe: too short (len=670, chunk_size=2500)
Skipping probe: too short (len=886, chunk_size=2500)
Trial 46 F1s - Weighted: 0.7823 | Macro: 0.3595 | Micro: 0.8045

[I 2026-03-29 19:33:46,849] Trial 46 finished with value: 0.7822864611829111 and parameters: {'chunk_seconds': 25, 'num_freqs': 14, 'num_estimators': 1024, 'max_depth': 128, 'max_features': 0.20135244406742392, 'overlap': 0.578044094036962, 'max_lag': 11}. Best is trial 44 with value: 0.78243092533598.
Skipping probe: too short (len=1604, chunk_size=2500)
Skipping probe: too short (len=1266, chunk_size=2500)
Skipping probe: too short (len=2058, chunk_size=2500)
Skipping probe: too short (len=1023, chunk_size=2500)
Skipping probe: too short (len=2171, chunk_size=2500)
Skipping probe: too short (len=559, chunk_size=2500)
Skipping probe: too short (len=1906, chunk_size=2500)
Skipping probe: too short (len=1563, chunk_size=2500)
Skipping probe: too short (len=1335, chunk_size=2500)
Skipping probe: too short (len=906, chunk_size=2500)
Skipping probe: too short (len=982, chunk_size=2500)
Skipping probe: too short (len=1958, chunk_size=2500)
Skipping probe: too short (len=1454, chunk_size=2500)
Skipping probe: too short (len=1763, chunk_size=2500)
Skipping probe: too short (len=1450, chunk_size=2500)
Skipping probe: too short (len=1349, chunk_size=2500)
Skipping probe: too short (len=1924, chunk_size=2500)
Skipping probe: too short (len=2341, chunk_size=2500)
Skipping probe: too short (len=2216, chunk_size=2500)
Skipping probe: too short (len=2445, chunk_size=2500)
Skipping probe: too short (len=2409, chunk_size=2500)
Skipping probe: too short (len=834, chunk_size=2500)
Skipping probe: too short (len=1506, chunk_size=2500)
Skipping probe: too short (len=2176, chunk_size=2500)
Skipping probe: too short (len=670, chunk_size=2500)
Skipping probe: too short (len=886, chunk_size=2500)
Skipping probe: too short (len=2340, chunk_size=2500)
Skipping probe: too short (len=632, chunk_size=2500)
Skipping probe: too short (len=1619, chunk_size=2500)
Skipping probe: too short (len=1880, chunk_size=2500)
Skipping probe: too short (len=2436, chunk_size=2500)
Skipping probe: too short (len=1995, chunk_size=2500)
Skipping probe: too short (len=2252, chunk_size=2500)
Skipping probe: too short (len=1871, chunk_size=2500)
Skipping probe: too short (len=1021, chunk_size=2500)
Skipping probe: too short (len=1454, chunk_size=2500)
Skipping probe: too short (len=2176, chunk_size=2500)
Skipping probe: too short (len=2436, chunk_size=2500)
Skipping probe: too short (len=1924, chunk_size=2500)
Skipping probe: too short (len=2341, chunk_size=2500)
Skipping probe: too short (len=2216, chunk_size=2500)
Skipping probe: too short (len=2445, chunk_size=2500)
Skipping probe: too short (len=2409, chunk_size=2500)
Skipping probe: too short (len=834, chunk_size=2500)
Skipping probe: too short (len=1506, chunk_size=2500)
Skipping probe: too short (len=1023, chunk_size=2500)
Skipping probe: too short (len=2171, chunk_size=2500)
Skipping probe: too short (len=1604, chunk_size=2500)
Skipping probe: too short (len=1450, chunk_size=2500)
Skipping probe: too short (len=1349, chunk_size=2500)
Skipping probe: too short (len=1958, chunk_size=2500)
Skipping probe: too short (len=559, chunk_size=2500)
Skipping probe: too short (len=1906, chunk_size=2500)
Skipping probe: too short (len=1563, chunk_size=2500)
Skipping probe: too short (len=1335, chunk_size=2500)
Skipping probe: too short (len=906, chunk_size=2500)
Skipping probe: too short (len=1880, chunk_size=2500)
Skipping probe: too short (len=982, chunk_size=2500)
Skipping probe: too short (len=1619, chunk_size=2500)
Skipping probe: too short (len=1763, chunk_size=2500)
Skipping probe: too short (len=670, chunk_size=2500)
Skipping probe: too short (len=886, chunk_size=2500)
Skipping probe: too short (len=1871, chunk_size=2500)
Skipping probe: too short (len=1021, chunk_size=2500)
Skipping probe: too short (len=2340, chunk_size=2500)
Skipping probe: too short (len=1995, chunk_size=2500)
Skipping probe: too short (len=2252, chunk_size=2500)
Skipping probe: too short (len=1266, chunk_size=2500)
Skipping probe: too short (len=2058, chunk_size=2500)
Skipping probe: too short (len=632, chunk_size=2500)
[I 2026-03-29 19:57:47,262] Trial 47 pruned. 
Skipping probe: too short (len=1958, chunk_size=2400)
Skipping probe: too short (len=1450, chunk_size=2400)
Skipping probe: too short (len=1604, chunk_size=2400)
Skipping probe: too short (len=1454, chunk_size=2400)
Skipping probe: too short (len=2058, chunk_size=2400)
Skipping probe: too short (len=2176, chunk_size=2400)
Skipping probe: too short (len=1349, chunk_size=2400)
Skipping probe: too short (len=1266, chunk_size=2400)
Skipping probe: too short (len=1924, chunk_size=2400)
Skipping probe: too short (len=2341, chunk_size=2400)
Skipping probe: too short (len=2216, chunk_size=2400)
Skipping probe: too short (len=834, chunk_size=2400)
Skipping probe: too short (len=1506, chunk_size=2400)
Skipping probe: too short (len=982, chunk_size=2400)
Skipping probe: too short (len=1023, chunk_size=2400)
Skipping probe: too short (len=2171, chunk_size=2400)
Skipping probe: too short (len=559, chunk_size=2400)
Skipping probe: too short (len=1906, chunk_size=2400)
Skipping probe: too short (len=1563, chunk_size=2400)
Skipping probe: too short (len=1335, chunk_size=2400)
Skipping probe: too short (len=906, chunk_size=2400)
Skipping probe: too short (len=670, chunk_size=2400)
Skipping probe: too short (len=886, chunk_size=2400)
Skipping probe: too short (len=1763, chunk_size=2400)
Skipping probe: too short (len=632, chunk_size=2400)
Skipping probe: too short (len=2340, chunk_size=2400)
Skipping probe: too short (len=1619, chunk_size=2400)
Skipping probe: too short (len=1880, chunk_size=2400)
Skipping probe: too short (len=1995, chunk_size=2400)
Skipping probe: too short (len=2252, chunk_size=2400)
Skipping probe: too short (len=1871, chunk_size=2400)
Skipping probe: too short (len=1021, chunk_size=2400)
Skipping probe: too short (len=2176, chunk_size=2400)
Skipping probe: too short (len=1958, chunk_size=2400)
Skipping probe: too short (len=1450, chunk_size=2400)
Skipping probe: too short (len=1454, chunk_size=2400)
Skipping probe: too short (len=1619, chunk_size=2400)
Skipping probe: too short (len=1349, chunk_size=2400)
Skipping probe: too short (len=1763, chunk_size=2400)
Skipping probe: too short (len=1924, chunk_size=2400)
Skipping probe: too short (len=2341, chunk_size=2400)
Skipping probe: too short (len=2216, chunk_size=2400)
Skipping probe: too short (len=834, chunk_size=2400)
Skipping probe: too short (len=1506, chunk_size=2400)
Skipping probe: too short (len=1604, chunk_size=2400)
Skipping probe: too short (len=1023, chunk_size=2400)
Skipping probe: too short (len=2171, chunk_size=2400)
Skipping probe: too short (len=559, chunk_size=2400)
Skipping probe: too short (len=1906, chunk_size=2400)
Skipping probe: too short (len=1563, chunk_size=2400)
Skipping probe: too short (len=1335, chunk_size=2400)
Skipping probe: too short (len=906, chunk_size=2400)
Skipping probe: too short (len=982, chunk_size=2400)
Skipping probe: too short (len=2340, chunk_size=2400)
Skipping probe: too short (len=1880, chunk_size=2400)
Skipping probe: too short (len=1995, chunk_size=2400)
Skipping probe: too short (len=2252, chunk_size=2400)
Skipping probe: too short (len=670, chunk_size=2400)
Skipping probe: too short (len=886, chunk_size=2400)
Skipping probe: too short (len=1871, chunk_size=2400)
Skipping probe: too short (len=1021, chunk_size=2400)
Skipping probe: too short (len=2058, chunk_size=2400)
Skipping probe: too short (len=1266, chunk_size=2400)
Skipping probe: too short (len=632, chunk_size=2400)
Skipping probe: too short (len=1450, chunk_size=2400)
Skipping probe: too short (len=1924, chunk_size=2400)
Skipping probe: too short (len=2341, chunk_size=2400)
Skipping probe: too short (len=2216, chunk_size=2400)
Skipping probe: too short (len=834, chunk_size=2400)
Skipping probe: too short (len=1506, chunk_size=2400)
Skipping probe: too short (len=2058, chunk_size=2400)
Skipping probe: too short (len=1023, chunk_size=2400)
Skipping probe: too short (len=2171, chunk_size=2400)
Skipping probe: too short (len=559, chunk_size=2400)
Skipping probe: too short (len=1906, chunk_size=2400)
Skipping probe: too short (len=1563, chunk_size=2400)
Skipping probe: too short (len=1335, chunk_size=2400)
Skipping probe: too short (len=906, chunk_size=2400)
Skipping probe: too short (len=1958, chunk_size=2400)
Skipping probe: too short (len=2176, chunk_size=2400)
Skipping probe: too short (len=1266, chunk_size=2400)
Skipping probe: too short (len=670, chunk_size=2400)
Skipping probe: too short (len=886, chunk_size=2400)
Skipping probe: too short (len=1880, chunk_size=2400)
Skipping probe: too short (len=1619, chunk_size=2400)
Skipping probe: too short (len=632, chunk_size=2400)
Skipping probe: too short (len=1995, chunk_size=2400)
Skipping probe: too short (len=2252, chunk_size=2400)
Skipping probe: too short (len=1871, chunk_size=2400)
Skipping probe: too short (len=1021, chunk_size=2400)
Skipping probe: too short (len=1454, chunk_size=2400)
Skipping probe: too short (len=1763, chunk_size=2400)
Skipping probe: too short (len=1349, chunk_size=2400)
Skipping probe: too short (len=982, chunk_size=2400)
Skipping probe: too short (len=2340, chunk_size=2400)
Skipping probe: too short (len=1604, chunk_size=2400)
[I 2026-03-29 20:19:01,797] Trial 48 pruned. 
Skipping probe: too short (len=1958, chunk_size=2500)
Skipping probe: too short (len=559, chunk_size=2500)
Skipping probe: too short (len=1906, chunk_size=2500)
Skipping probe: too short (len=1563, chunk_size=2500)
Skipping probe: too short (len=1335, chunk_size=2500)
Skipping probe: too short (len=906, chunk_size=2500)
Skipping probe: too short (len=1450, chunk_size=2500)
Skipping probe: too short (len=2176, chunk_size=2500)
Skipping probe: too short (len=1604, chunk_size=2500)
Skipping probe: too short (len=1924, chunk_size=2500)
Skipping probe: too short (len=2341, chunk_size=2500)
Skipping probe: too short (len=2216, chunk_size=2500)
Skipping probe: too short (len=2445, chunk_size=2500)
Skipping probe: too short (len=2409, chunk_size=2500)
Skipping probe: too short (len=834, chunk_size=2500)
Skipping probe: too short (len=1506, chunk_size=2500)
Skipping probe: too short (len=982, chunk_size=2500)
Skipping probe: too short (len=1454, chunk_size=2500)
Skipping probe: too short (len=1349, chunk_size=2500)
Skipping probe: too short (len=1023, chunk_size=2500)
Skipping probe: too short (len=2171, chunk_size=2500)
Skipping probe: too short (len=2058, chunk_size=2500)
Skipping probe: too short (len=1266, chunk_size=2500)
Skipping probe: too short (len=1763, chunk_size=2500)
Skipping probe: too short (len=632, chunk_size=2500)
Skipping probe: too short (len=670, chunk_size=2500)
Skipping probe: too short (len=886, chunk_size=2500)
Skipping probe: too short (len=2340, chunk_size=2500)
Skipping probe: too short (len=1880, chunk_size=2500)
Skipping probe: too short (len=2436, chunk_size=2500)
Skipping probe: too short (len=1619, chunk_size=2500)
Skipping probe: too short (len=1995, chunk_size=2500)
Skipping probe: too short (len=2252, chunk_size=2500)
Skipping probe: too short (len=1871, chunk_size=2500)
Skipping probe: too short (len=1021, chunk_size=2500)
Skipping probe: too short (len=559, chunk_size=2500)
Skipping probe: too short (len=1906, chunk_size=2500)
Skipping probe: too short (len=1563, chunk_size=2500)
Skipping probe: too short (len=1335, chunk_size=2500)
Skipping probe: too short (len=906, chunk_size=2500)
Skipping probe: too short (len=1604, chunk_size=2500)
Skipping probe: too short (len=1454, chunk_size=2500)
Skipping probe: too short (len=1958, chunk_size=2500)
Skipping probe: too short (len=1763, chunk_size=2500)
Skipping probe: too short (len=1450, chunk_size=2500)
Skipping probe: too short (len=1023, chunk_size=2500)
Skipping probe: too short (len=2171, chunk_size=2500)
Skipping probe: too short (len=2436, chunk_size=2500)
Skipping probe: too short (len=1924, chunk_size=2500)
Skipping probe: too short (len=2341, chunk_size=2500)
Skipping probe: too short (len=2216, chunk_size=2500)
Skipping probe: too short (len=2445, chunk_size=2500)
Skipping probe: too short (len=2409, chunk_size=2500)
Skipping probe: too short (len=834, chunk_size=2500)
Skipping probe: too short (len=1506, chunk_size=2500)
Skipping probe: too short (len=1349, chunk_size=2500)
Skipping probe: too short (len=982, chunk_size=2500)
Skipping probe: too short (len=2176, chunk_size=2500)
Skipping probe: too short (len=1619, chunk_size=2500)
Skipping probe: too short (len=1880, chunk_size=2500)
Skipping probe: too short (len=1995, chunk_size=2500)
Skipping probe: too short (len=2252, chunk_size=2500)
Skipping probe: too short (len=670, chunk_size=2500)
Skipping probe: too short (len=886, chunk_size=2500)
Skipping probe: too short (len=1871, chunk_size=2500)
Skipping probe: too short (len=1021, chunk_size=2500)
Skipping probe: too short (len=2340, chunk_size=2500)
Skipping probe: too short (len=2058, chunk_size=2500)
Skipping probe: too short (len=1266, chunk_size=2500)
Skipping probe: too short (len=632, chunk_size=2500)
[I 2026-03-29 20:52:33,437] Trial 49 pruned. 
Skipping probe: too short (len=1454, chunk_size=2400)
Skipping probe: too short (len=1023, chunk_size=2400)
Skipping probe: too short (len=2171, chunk_size=2400)
Skipping probe: too short (len=1604, chunk_size=2400)
Skipping probe: too short (len=1958, chunk_size=2400)
Skipping probe: too short (len=559, chunk_size=2400)
Skipping probe: too short (len=1906, chunk_size=2400)
Skipping probe: too short (len=1563, chunk_size=2400)
Skipping probe: too short (len=1335, chunk_size=2400)
Skipping probe: too short (len=906, chunk_size=2400)
Skipping probe: too short (len=670, chunk_size=2400)
Skipping probe: too short (len=886, chunk_size=2400)
Skipping probe: too short (len=1349, chunk_size=2400)
Skipping probe: too short (len=1763, chunk_size=2400)
Skipping probe: too short (len=2176, chunk_size=2400)
Skipping probe: too short (len=1450, chunk_size=2400)
Skipping probe: too short (len=1924, chunk_size=2400)
Skipping probe: too short (len=2341, chunk_size=2400)
Skipping probe: too short (len=2216, chunk_size=2400)
Skipping probe: too short (len=834, chunk_size=2400)
Skipping probe: too short (len=1506, chunk_size=2400)
Skipping probe: too short (len=2058, chunk_size=2400)
Skipping probe: too short (len=1266, chunk_size=2400)
Skipping probe: too short (len=982, chunk_size=2400)
Skipping probe: too short (len=2340, chunk_size=2400)
Skipping probe: too short (len=632, chunk_size=2400)
Skipping probe: too short (len=1619, chunk_size=2400)
Skipping probe: too short (len=1880, chunk_size=2400)
Skipping probe: too short (len=1995, chunk_size=2400)
Skipping probe: too short (len=2252, chunk_size=2400)
Skipping probe: too short (len=1871, chunk_size=2400)
Skipping probe: too short (len=1021, chunk_size=2400)
Skipping probe: too short (len=1763, chunk_size=2400)
Skipping probe: too short (len=1619, chunk_size=2400)
Skipping probe: too short (len=1454, chunk_size=2400)
Skipping probe: too short (len=1958, chunk_size=2400)
Skipping probe: too short (len=2176, chunk_size=2400)
Skipping probe: too short (len=1023, chunk_size=2400)
Skipping probe: too short (len=2171, chunk_size=2400)
Skipping probe: too short (len=1349, chunk_size=2400)
Skipping probe: too short (len=559, chunk_size=2400)
Skipping probe: too short (len=1906, chunk_size=2400)
Skipping probe: too short (len=1563, chunk_size=2400)
Skipping probe: too short (len=1335, chunk_size=2400)
Skipping probe: too short (len=906, chunk_size=2400)
Skipping probe: too short (len=1450, chunk_size=2400)
Skipping probe: too short (len=1924, chunk_size=2400)
Skipping probe: too short (len=2341, chunk_size=2400)
Skipping probe: too short (len=2216, chunk_size=2400)
Skipping probe: too short (len=834, chunk_size=2400)
Skipping probe: too short (len=1506, chunk_size=2400)
Skipping probe: too short (len=1604, chunk_size=2400)
Skipping probe: too short (len=1880, chunk_size=2400)
Skipping probe: too short (len=982, chunk_size=2400)
Skipping probe: too short (len=1995, chunk_size=2400)
Skipping probe: too short (len=2252, chunk_size=2400)
Skipping probe: too short (len=670, chunk_size=2400)
Skipping probe: too short (len=886, chunk_size=2400)
Skipping probe: too short (len=2340, chunk_size=2400)
Skipping probe: too short (len=1871, chunk_size=2400)
Skipping probe: too short (len=1021, chunk_size=2400)
Skipping probe: too short (len=1266, chunk_size=2400)
Skipping probe: too short (len=2058, chunk_size=2400)
Skipping probe: too short (len=632, chunk_size=2400)
[I 2026-03-29 21:18:26,879] Trial 50 pruned. 
Skipping probe: too short (len=559, chunk_size=2200)
Skipping probe: too short (len=1906, chunk_size=2200)
Skipping probe: too short (len=1563, chunk_size=2200)
Skipping probe: too short (len=1335, chunk_size=2200)
Skipping probe: too short (len=906, chunk_size=2200)
Skipping probe: too short (len=1266, chunk_size=2200)
Skipping probe: too short (len=1349, chunk_size=2200)
Skipping probe: too short (len=1604, chunk_size=2200)
Skipping probe: too short (len=1958, chunk_size=2200)
Skipping probe: too short (len=2176, chunk_size=2200)
Skipping probe: too short (len=1023, chunk_size=2200)
Skipping probe: too short (len=2171, chunk_size=2200)
Skipping probe: too short (len=1450, chunk_size=2200)
Skipping probe: too short (len=1924, chunk_size=2200)
Skipping probe: too short (len=834, chunk_size=2200)
Skipping probe: too short (len=1506, chunk_size=2200)
Skipping probe: too short (len=2058, chunk_size=2200)
Skipping probe: too short (len=1454, chunk_size=2200)
Skipping probe: too short (len=982, chunk_size=2200)
Skipping probe: too short (len=670, chunk_size=2200)
Skipping probe: too short (len=886, chunk_size=2200)
Skipping probe: too short (len=1763, chunk_size=2200)
Skipping probe: too short (len=632, chunk_size=2200)
Skipping probe: too short (len=1619, chunk_size=2200)
Skipping probe: too short (len=1880, chunk_size=2200)
Skipping probe: too short (len=1995, chunk_size=2200)
Skipping probe: too short (len=1871, chunk_size=2200)
Skipping probe: too short (len=1021, chunk_size=2200)
Skipping probe: too short (len=1450, chunk_size=2200)
Skipping probe: too short (len=1958, chunk_size=2200)
Skipping probe: too short (len=1454, chunk_size=2200)
Skipping probe: too short (len=1349, chunk_size=2200)
Skipping probe: too short (len=1604, chunk_size=2200)
Skipping probe: too short (len=982, chunk_size=2200)
Skipping probe: too short (len=1023, chunk_size=2200)
Skipping probe: too short (len=2171, chunk_size=2200)
Skipping probe: too short (len=2176, chunk_size=2200)
Skipping probe: too short (len=559, chunk_size=2200)
Skipping probe: too short (len=1906, chunk_size=2200)
Skipping probe: too short (len=1563, chunk_size=2200)
Skipping probe: too short (len=1335, chunk_size=2200)
Skipping probe: too short (len=906, chunk_size=2200)
Skipping probe: too short (len=1880, chunk_size=2200)
Skipping probe: too short (len=1924, chunk_size=2200)
Skipping probe: too short (len=834, chunk_size=2200)
Skipping probe: too short (len=1506, chunk_size=2200)
Skipping probe: too short (len=1619, chunk_size=2200)
Skipping probe: too short (len=670, chunk_size=2200)
Skipping probe: too short (len=886, chunk_size=2200)
Skipping probe: too short (len=1995, chunk_size=2200)
Skipping probe: too short (len=1763, chunk_size=2200)
Skipping probe: too short (len=1871, chunk_size=2200)
Skipping probe: too short (len=1021, chunk_size=2200)
Skipping probe: too short (len=1266, chunk_size=2200)
Skipping probe: too short (len=2058, chunk_size=2200)
Skipping probe: too short (len=632, chunk_size=2200)
Skipping probe: too short (len=1958, chunk_size=2200)
Skipping probe: too short (len=2176, chunk_size=2200)
Skipping probe: too short (len=1023, chunk_size=2200)
Skipping probe: too short (len=2171, chunk_size=2200)
Skipping probe: too short (len=2058, chunk_size=2200)
Skipping probe: too short (len=1619, chunk_size=2200)
Skipping probe: too short (len=1450, chunk_size=2200)
Skipping probe: too short (len=559, chunk_size=2200)
Skipping probe: too short (len=1906, chunk_size=2200)
Skipping probe: too short (len=1563, chunk_size=2200)
Skipping probe: too short (len=1335, chunk_size=2200)
Skipping probe: too short (len=906, chunk_size=2200)
Skipping probe: too short (len=1266, chunk_size=2200)
Skipping probe: too short (len=1924, chunk_size=2200)
Skipping probe: too short (len=834, chunk_size=2200)
Skipping probe: too short (len=1506, chunk_size=2200)
Skipping probe: too short (len=1880, chunk_size=2200)
Skipping probe: too short (len=1995, chunk_size=2200)
Skipping probe: too short (len=670, chunk_size=2200)
Skipping probe: too short (len=886, chunk_size=2200)
Skipping probe: too short (len=632, chunk_size=2200)
Skipping probe: too short (len=1871, chunk_size=2200)
Skipping probe: too short (len=1021, chunk_size=2200)
Skipping probe: too short (len=1454, chunk_size=2200)
Skipping probe: too short (len=982, chunk_size=2200)
Skipping probe: too short (len=1349, chunk_size=2200)
Skipping probe: too short (len=1763, chunk_size=2200)
Skipping probe: too short (len=1604, chunk_size=2200)
Skipping probe: too short (len=1619, chunk_size=2200)
Skipping probe: too short (len=1349, chunk_size=2200)
Skipping probe: too short (len=1023, chunk_size=2200)
Skipping probe: too short (len=2171, chunk_size=2200)
Skipping probe: too short (len=1454, chunk_size=2200)
Skipping probe: too short (len=2058, chunk_size=2200)
Skipping probe: too short (len=1604, chunk_size=2200)
Skipping probe: too short (len=1924, chunk_size=2200)
Skipping probe: too short (len=834, chunk_size=2200)
Skipping probe: too short (len=1506, chunk_size=2200)
Skipping probe: too short (len=1450, chunk_size=2200)
Skipping probe: too short (len=982, chunk_size=2200)
Skipping probe: too short (len=1266, chunk_size=2200)
Skipping probe: too short (len=1763, chunk_size=2200)
Skipping probe: too short (len=1958, chunk_size=2200)
Skipping probe: too short (len=632, chunk_size=2200)
Skipping probe: too short (len=1871, chunk_size=2200)
Skipping probe: too short (len=1021, chunk_size=2200)
Skipping probe: too short (len=1995, chunk_size=2200)
Skipping probe: too short (len=1880, chunk_size=2200)
Skipping probe: too short (len=670, chunk_size=2200)
Skipping probe: too short (len=886, chunk_size=2200)
Skipping probe: too short (len=2176, chunk_size=2200)
Skipping probe: too short (len=559, chunk_size=2200)
Skipping probe: too short (len=1906, chunk_size=2200)
Skipping probe: too short (len=1563, chunk_size=2200)
Skipping probe: too short (len=1335, chunk_size=2200)
Skipping probe: too short (len=906, chunk_size=2200)
Skipping probe: too short (len=1619, chunk_size=2200)
Skipping probe: too short (len=2176, chunk_size=2200)
Skipping probe: too short (len=1604, chunk_size=2200)
Skipping probe: too short (len=1454, chunk_size=2200)
Skipping probe: too short (len=1349, chunk_size=2200)
Skipping probe: too short (len=2058, chunk_size=2200)
Skipping probe: too short (len=982, chunk_size=2200)
Skipping probe: too short (len=559, chunk_size=2200)
Skipping probe: too short (len=1906, chunk_size=2200)
Skipping probe: too short (len=1563, chunk_size=2200)
Skipping probe: too short (len=1335, chunk_size=2200)
Skipping probe: too short (len=906, chunk_size=2200)
Skipping probe: too short (len=1880, chunk_size=2200)
Skipping probe: too short (len=1763, chunk_size=2200)
Skipping probe: too short (len=1995, chunk_size=2200)
Skipping probe: too short (len=1266, chunk_size=2200)
Skipping probe: too short (len=632, chunk_size=2200)
Skipping probe: too short (len=1871, chunk_size=2200)
Skipping probe: too short (len=1021, chunk_size=2200)
Skipping probe: too short (len=1023, chunk_size=2200)
Skipping probe: too short (len=2171, chunk_size=2200)
Skipping probe: too short (len=1450, chunk_size=2200)
Skipping probe: too short (len=1958, chunk_size=2200)
Skipping probe: too short (len=1924, chunk_size=2200)
Skipping probe: too short (len=834, chunk_size=2200)
Skipping probe: too short (len=1506, chunk_size=2200)
Skipping probe: too short (len=670, chunk_size=2200)
Skipping probe: too short (len=886, chunk_size=2200)
Trial 51 F1s - Weighted: 0.7828 | Macro: 0.3599 | Micro: 0.8051

[I 2026-03-29 21:59:51,065] Trial 51 finished with value: 0.782835590673279 and parameters: {'chunk_seconds': 22, 'num_freqs': 17, 'num_estimators': 1024, 'max_depth': 128, 'max_features': 0.20419334287353752, 'overlap': 0.516039619026533, 'max_lag': 9}. Best is trial 51 with value: 0.782835590673279.
Skipping probe: too short (len=1604, chunk_size=2400)
Skipping probe: too short (len=1924, chunk_size=2400)
Skipping probe: too short (len=2341, chunk_size=2400)
Skipping probe: too short (len=2216, chunk_size=2400)
Skipping probe: too short (len=834, chunk_size=2400)
Skipping probe: too short (len=1506, chunk_size=2400)
Skipping probe: too short (len=982, chunk_size=2400)
Skipping probe: too short (len=2176, chunk_size=2400)
Skipping probe: too short (len=1958, chunk_size=2400)
Skipping probe: too short (len=1023, chunk_size=2400)
Skipping probe: too short (len=2171, chunk_size=2400)
Skipping probe: too short (len=1454, chunk_size=2400)
Skipping probe: too short (len=2058, chunk_size=2400)
Skipping probe: too short (len=1450, chunk_size=2400)
Skipping probe: too short (len=559, chunk_size=2400)
Skipping probe: too short (len=1906, chunk_size=2400)
Skipping probe: too short (len=1563, chunk_size=2400)
Skipping probe: too short (len=1335, chunk_size=2400)
Skipping probe: too short (len=906, chunk_size=2400)
Skipping probe: too short (len=1349, chunk_size=2400)
Skipping probe: too short (len=1266, chunk_size=2400)
Skipping probe: too short (len=1763, chunk_size=2400)
Skipping probe: too short (len=670, chunk_size=2400)
Skipping probe: too short (len=886, chunk_size=2400)
Skipping probe: too short (len=2340, chunk_size=2400)
Skipping probe: too short (len=632, chunk_size=2400)
Skipping probe: too short (len=1619, chunk_size=2400)
Skipping probe: too short (len=1880, chunk_size=2400)
Skipping probe: too short (len=1995, chunk_size=2400)
Skipping probe: too short (len=2252, chunk_size=2400)
Skipping probe: too short (len=1871, chunk_size=2400)
Skipping probe: too short (len=1021, chunk_size=2400)
Skipping probe: too short (len=559, chunk_size=2400)
Skipping probe: too short (len=1906, chunk_size=2400)
Skipping probe: too short (len=1563, chunk_size=2400)
Skipping probe: too short (len=1335, chunk_size=2400)
Skipping probe: too short (len=906, chunk_size=2400)
Skipping probe: too short (len=1454, chunk_size=2400)
Skipping probe: too short (len=1349, chunk_size=2400)
Skipping probe: too short (len=2176, chunk_size=2400)
Skipping probe: too short (len=982, chunk_size=2400)
Skipping probe: too short (len=1958, chunk_size=2400)
Skipping probe: too short (len=1023, chunk_size=2400)
Skipping probe: too short (len=2171, chunk_size=2400)
Skipping probe: too short (len=1924, chunk_size=2400)
Skipping probe: too short (len=2341, chunk_size=2400)
Skipping probe: too short (len=2216, chunk_size=2400)
Skipping probe: too short (len=834, chunk_size=2400)
Skipping probe: too short (len=1506, chunk_size=2400)
Skipping probe: too short (len=1604, chunk_size=2400)
Skipping probe: too short (len=1450, chunk_size=2400)
Skipping probe: too short (len=1619, chunk_size=2400)
Skipping probe: too short (len=1763, chunk_size=2400)
Skipping probe: too short (len=2340, chunk_size=2400)
Skipping probe: too short (len=1995, chunk_size=2400)
Skipping probe: too short (len=2252, chunk_size=2400)
Skipping probe: too short (len=670, chunk_size=2400)
Skipping probe: too short (len=886, chunk_size=2400)
Skipping probe: too short (len=1880, chunk_size=2400)
Skipping probe: too short (len=1871, chunk_size=2400)
Skipping probe: too short (len=1021, chunk_size=2400)
Skipping probe: too short (len=2058, chunk_size=2400)
Skipping probe: too short (len=1266, chunk_size=2400)
Skipping probe: too short (len=632, chunk_size=2400)
Skipping probe: too short (len=2176, chunk_size=2400)
Skipping probe: too short (len=1023, chunk_size=2400)
Skipping probe: too short (len=2171, chunk_size=2400)
Skipping probe: too short (len=2058, chunk_size=2400)
Skipping probe: too short (len=1450, chunk_size=2400)
Skipping probe: too short (len=1266, chunk_size=2400)
Skipping probe: too short (len=1958, chunk_size=2400)
Skipping probe: too short (len=1619, chunk_size=2400)
Skipping probe: too short (len=559, chunk_size=2400)
Skipping probe: too short (len=1906, chunk_size=2400)
Skipping probe: too short (len=1563, chunk_size=2400)
Skipping probe: too short (len=1335, chunk_size=2400)
Skipping probe: too short (len=906, chunk_size=2400)
Skipping probe: too short (len=1924, chunk_size=2400)
Skipping probe: too short (len=2341, chunk_size=2400)
Skipping probe: too short (len=2216, chunk_size=2400)
Skipping probe: too short (len=834, chunk_size=2400)
Skipping probe: too short (len=1506, chunk_size=2400)
Skipping probe: too short (len=632, chunk_size=2400)
Skipping probe: too short (len=1880, chunk_size=2400)
Skipping probe: too short (len=1871, chunk_size=2400)
Skipping probe: too short (len=1021, chunk_size=2400)
Skipping probe: too short (len=670, chunk_size=2400)
Skipping probe: too short (len=886, chunk_size=2400)
Skipping probe: too short (len=1995, chunk_size=2400)
Skipping probe: too short (len=2252, chunk_size=2400)
Skipping probe: too short (len=1604, chunk_size=2400)
Skipping probe: too short (len=1349, chunk_size=2400)
Skipping probe: too short (len=1454, chunk_size=2400)
Skipping probe: too short (len=982, chunk_size=2400)
Skipping probe: too short (len=1763, chunk_size=2400)
Skipping probe: too short (len=2340, chunk_size=2400)
Skipping probe: too short (len=1763, chunk_size=2400)
Skipping probe: too short (len=1266, chunk_size=2400)
Skipping probe: too short (len=1454, chunk_size=2400)
Skipping probe: too short (len=982, chunk_size=2400)
Skipping probe: too short (len=1023, chunk_size=2400)
Skipping probe: too short (len=2171, chunk_size=2400)
Skipping probe: too short (len=1450, chunk_size=2400)
Skipping probe: too short (len=1604, chunk_size=2400)
Skipping probe: too short (len=1958, chunk_size=2400)
Skipping probe: too short (len=1619, chunk_size=2400)
Skipping probe: too short (len=1349, chunk_size=2400)
Skipping probe: too short (len=2058, chunk_size=2400)
Skipping probe: too short (len=1924, chunk_size=2400)
Skipping probe: too short (len=2341, chunk_size=2400)
Skipping probe: too short (len=2216, chunk_size=2400)
Skipping probe: too short (len=834, chunk_size=2400)
Skipping probe: too short (len=1506, chunk_size=2400)
Skipping probe: too short (len=1880, chunk_size=2400)
Skipping probe: too short (len=1995, chunk_size=2400)
Skipping probe: too short (len=2252, chunk_size=2400)
Skipping probe: too short (len=670, chunk_size=2400)
Skipping probe: too short (len=886, chunk_size=2400)
Skipping probe: too short (len=1871, chunk_size=2400)
Skipping probe: too short (len=1021, chunk_size=2400)
Skipping probe: too short (len=632, chunk_size=2400)
Skipping probe: too short (len=2340, chunk_size=2400)
Skipping probe: too short (len=2176, chunk_size=2400)
Skipping probe: too short (len=559, chunk_size=2400)
Skipping probe: too short (len=1906, chunk_size=2400)
Skipping probe: too short (len=1563, chunk_size=2400)
Skipping probe: too short (len=1335, chunk_size=2400)
Skipping probe: too short (len=906, chunk_size=2400)
Skipping probe: too short (len=559, chunk_size=2400)
Skipping probe: too short (len=1906, chunk_size=2400)
Skipping probe: too short (len=1563, chunk_size=2400)
Skipping probe: too short (len=1335, chunk_size=2400)
Skipping probe: too short (len=906, chunk_size=2400)
Skipping probe: too short (len=1604, chunk_size=2400)
Skipping probe: too short (len=1349, chunk_size=2400)
Skipping probe: too short (len=1454, chunk_size=2400)
Skipping probe: too short (len=2058, chunk_size=2400)
Skipping probe: too short (len=1619, chunk_size=2400)
Skipping probe: too short (len=982, chunk_size=2400)
Skipping probe: too short (len=1266, chunk_size=2400)
Skipping probe: too short (len=2176, chunk_size=2400)
Skipping probe: too short (len=1763, chunk_size=2400)
Skipping probe: too short (len=1880, chunk_size=2400)
Skipping probe: too short (len=1995, chunk_size=2400)
Skipping probe: too short (len=2252, chunk_size=2400)
Skipping probe: too short (len=1871, chunk_size=2400)
Skipping probe: too short (len=1021, chunk_size=2400)
Skipping probe: too short (len=2340, chunk_size=2400)
Skipping probe: too short (len=632, chunk_size=2400)
Skipping probe: too short (len=1958, chunk_size=2400)
Skipping probe: too short (len=1924, chunk_size=2400)
Skipping probe: too short (len=2341, chunk_size=2400)
Skipping probe: too short (len=2216, chunk_size=2400)
Skipping probe: too short (len=834, chunk_size=2400)
Skipping probe: too short (len=1506, chunk_size=2400)
Skipping probe: too short (len=1023, chunk_size=2400)
Skipping probe: too short (len=2171, chunk_size=2400)
Skipping probe: too short (len=1450, chunk_size=2400)
Skipping probe: too short (len=670, chunk_size=2400)
Skipping probe: too short (len=886, chunk_size=2400)
Trial 52 F1s - Weighted: 0.7828 | Macro: 0.3620 | Micro: 0.8047

[I 2026-03-29 22:38:59,842] Trial 52 finished with value: 0.7827871499231963 and parameters: {'chunk_seconds': 24, 'num_freqs': 17, 'num_estimators': 1024, 'max_depth': 128, 'max_features': 0.2265566454779465, 'overlap': 0.4964408982040068, 'max_lag': 8}. Best is trial 51 with value: 0.782835590673279.
Skipping probe: too short (len=1023, chunk_size=2200)
Skipping probe: too short (len=2171, chunk_size=2200)
Skipping probe: too short (len=2058, chunk_size=2200)
Skipping probe: too short (len=1349, chunk_size=2200)
Skipping probe: too short (len=2176, chunk_size=2200)
Skipping probe: too short (len=1763, chunk_size=2200)
Skipping probe: too short (len=559, chunk_size=2200)
Skipping probe: too short (len=1906, chunk_size=2200)
Skipping probe: too short (len=1563, chunk_size=2200)
Skipping probe: too short (len=1335, chunk_size=2200)
Skipping probe: too short (len=906, chunk_size=2200)
Skipping probe: too short (len=982, chunk_size=2200)
Skipping probe: too short (len=1958, chunk_size=2200)
Skipping probe: too short (len=1604, chunk_size=2200)
Skipping probe: too short (len=1450, chunk_size=2200)
Skipping probe: too short (len=1454, chunk_size=2200)
Skipping probe: too short (len=1924, chunk_size=2200)
Skipping probe: too short (len=834, chunk_size=2200)
Skipping probe: too short (len=1506, chunk_size=2200)
Skipping probe: too short (len=1266, chunk_size=2200)
Skipping probe: too short (len=632, chunk_size=2200)
Skipping probe: too short (len=670, chunk_size=2200)
Skipping probe: too short (len=886, chunk_size=2200)
Skipping probe: too short (len=1619, chunk_size=2200)
Skipping probe: too short (len=1995, chunk_size=2200)
Skipping probe: too short (len=1880, chunk_size=2200)
Skipping probe: too short (len=1871, chunk_size=2200)
Skipping probe: too short (len=1021, chunk_size=2200)
Skipping probe: too short (len=1454, chunk_size=2200)
Skipping probe: too short (len=1023, chunk_size=2200)
Skipping probe: too short (len=2171, chunk_size=2200)
Skipping probe: too short (len=1349, chunk_size=2200)
Skipping probe: too short (len=1924, chunk_size=2200)
Skipping probe: too short (len=834, chunk_size=2200)
Skipping probe: too short (len=1506, chunk_size=2200)
Skipping probe: too short (len=1450, chunk_size=2200)
Skipping probe: too short (len=1604, chunk_size=2200)
Skipping probe: too short (len=559, chunk_size=2200)
Skipping probe: too short (len=1906, chunk_size=2200)
Skipping probe: too short (len=1563, chunk_size=2200)
Skipping probe: too short (len=1335, chunk_size=2200)
Skipping probe: too short (len=906, chunk_size=2200)
Skipping probe: too short (len=1619, chunk_size=2200)
Skipping probe: too short (len=670, chunk_size=2200)
Skipping probe: too short (len=886, chunk_size=2200)
Skipping probe: too short (len=982, chunk_size=2200)
Skipping probe: too short (len=1958, chunk_size=2200)
Skipping probe: too short (len=2176, chunk_size=2200)
Skipping probe: too short (len=1763, chunk_size=2200)
Skipping probe: too short (len=1871, chunk_size=2200)
Skipping probe: too short (len=1021, chunk_size=2200)
Skipping probe: too short (len=1880, chunk_size=2200)
Skipping probe: too short (len=1995, chunk_size=2200)
Skipping probe: too short (len=2058, chunk_size=2200)
Skipping probe: too short (len=1266, chunk_size=2200)
Skipping probe: too short (len=632, chunk_size=2200)
Skipping probe: too short (len=2176, chunk_size=2200)
Skipping probe: too short (len=1023, chunk_size=2200)
Skipping probe: too short (len=2171, chunk_size=2200)
Skipping probe: too short (len=2058, chunk_size=2200)
Skipping probe: too short (len=1880, chunk_size=2200)
Skipping probe: too short (len=1266, chunk_size=2200)
Skipping probe: too short (len=1450, chunk_size=2200)
Skipping probe: too short (len=1958, chunk_size=2200)
Skipping probe: too short (len=559, chunk_size=2200)
Skipping probe: too short (len=1906, chunk_size=2200)
Skipping probe: too short (len=1563, chunk_size=2200)
Skipping probe: too short (len=1335, chunk_size=2200)
Skipping probe: too short (len=906, chunk_size=2200)
Skipping probe: too short (len=1619, chunk_size=2200)
Skipping probe: too short (len=1924, chunk_size=2200)
Skipping probe: too short (len=834, chunk_size=2200)
Skipping probe: too short (len=1506, chunk_size=2200)
Skipping probe: too short (len=670, chunk_size=2200)
Skipping probe: too short (len=886, chunk_size=2200)
Skipping probe: too short (len=632, chunk_size=2200)
Skipping probe: too short (len=1995, chunk_size=2200)
Skipping probe: too short (len=1871, chunk_size=2200)
Skipping probe: too short (len=1021, chunk_size=2200)
Skipping probe: too short (len=1454, chunk_size=2200)
Skipping probe: too short (len=1349, chunk_size=2200)
Skipping probe: too short (len=1763, chunk_size=2200)
Skipping probe: too short (len=982, chunk_size=2200)
Skipping probe: too short (len=1604, chunk_size=2200)
Skipping probe: too short (len=1023, chunk_size=2200)
Skipping probe: too short (len=2171, chunk_size=2200)
Skipping probe: too short (len=1958, chunk_size=2200)
Skipping probe: too short (len=1454, chunk_size=2200)
Skipping probe: too short (len=2058, chunk_size=2200)
Skipping probe: too short (len=1349, chunk_size=2200)
Skipping probe: too short (len=1763, chunk_size=2200)
Skipping probe: too short (len=1604, chunk_size=2200)
Skipping probe: too short (len=1450, chunk_size=2200)
Skipping probe: too short (len=1619, chunk_size=2200)
Skipping probe: too short (len=1266, chunk_size=2200)
Skipping probe: too short (len=1924, chunk_size=2200)
Skipping probe: too short (len=834, chunk_size=2200)
Skipping probe: too short (len=1506, chunk_size=2200)
Skipping probe: too short (len=1871, chunk_size=2200)
Skipping probe: too short (len=1021, chunk_size=2200)
Skipping probe: too short (len=982, chunk_size=2200)
Skipping probe: too short (len=632, chunk_size=2200)
Skipping probe: too short (len=670, chunk_size=2200)
Skipping probe: too short (len=886, chunk_size=2200)
Skipping probe: too short (len=1995, chunk_size=2200)
Skipping probe: too short (len=1880, chunk_size=2200)
Skipping probe: too short (len=2176, chunk_size=2200)
Skipping probe: too short (len=559, chunk_size=2200)
Skipping probe: too short (len=1906, chunk_size=2200)
Skipping probe: too short (len=1563, chunk_size=2200)
Skipping probe: too short (len=1335, chunk_size=2200)
Skipping probe: too short (len=906, chunk_size=2200)
Skipping probe: too short (len=559, chunk_size=2200)
Skipping probe: too short (len=1906, chunk_size=2200)
Skipping probe: too short (len=1563, chunk_size=2200)
Skipping probe: too short (len=1335, chunk_size=2200)
Skipping probe: too short (len=906, chunk_size=2200)
Skipping probe: too short (len=1454, chunk_size=2200)
Skipping probe: too short (len=1619, chunk_size=2200)
Skipping probe: too short (len=2176, chunk_size=2200)
Skipping probe: too short (len=1763, chunk_size=2200)
Skipping probe: too short (len=2058, chunk_size=2200)
Skipping probe: too short (len=1349, chunk_size=2200)
Skipping probe: too short (len=1880, chunk_size=2200)
Skipping probe: too short (len=1604, chunk_size=2200)
Skipping probe: too short (len=1266, chunk_size=2200)
Skipping probe: too short (len=1871, chunk_size=2200)
Skipping probe: too short (len=1021, chunk_size=2200)
Skipping probe: too short (len=982, chunk_size=2200)
Skipping probe: too short (len=1995, chunk_size=2200)
Skipping probe: too short (len=632, chunk_size=2200)
Skipping probe: too short (len=1924, chunk_size=2200)
Skipping probe: too short (len=834, chunk_size=2200)
Skipping probe: too short (len=1506, chunk_size=2200)
Skipping probe: too short (len=1450, chunk_size=2200)
Skipping probe: too short (len=1958, chunk_size=2200)
Skipping probe: too short (len=1023, chunk_size=2200)
Skipping probe: too short (len=2171, chunk_size=2200)
Skipping probe: too short (len=670, chunk_size=2200)
Skipping probe: too short (len=886, chunk_size=2200)
Trial 53 F1s - Weighted: 0.7810 | Macro: 0.3586 | Micro: 0.8028

[I 2026-03-29 23:21:23,556] Trial 53 finished with value: 0.7809584173977897 and parameters: {'chunk_seconds': 22, 'num_freqs': 17, 'num_estimators': 1024, 'max_depth': 128, 'max_features': 0.2273567643317616, 'overlap': 0.49869171133596796, 'max_lag': 8}. Best is trial 51 with value: 0.782835590673279.
Skipping probe: too short (len=2058, chunk_size=2400)
Skipping probe: too short (len=1454, chunk_size=2400)
Skipping probe: too short (len=2176, chunk_size=2400)
Skipping probe: too short (len=1023, chunk_size=2400)
Skipping probe: too short (len=2171, chunk_size=2400)
Skipping probe: too short (len=1450, chunk_size=2400)
Skipping probe: too short (len=1349, chunk_size=2400)
Skipping probe: too short (len=1924, chunk_size=2400)
Skipping probe: too short (len=2341, chunk_size=2400)
Skipping probe: too short (len=2216, chunk_size=2400)
Skipping probe: too short (len=834, chunk_size=2400)
Skipping probe: too short (len=1506, chunk_size=2400)
Skipping probe: too short (len=1958, chunk_size=2400)
Skipping probe: too short (len=1604, chunk_size=2400)
Skipping probe: too short (len=559, chunk_size=2400)
Skipping probe: too short (len=1906, chunk_size=2400)
Skipping probe: too short (len=1563, chunk_size=2400)
Skipping probe: too short (len=1335, chunk_size=2400)
Skipping probe: too short (len=906, chunk_size=2400)
Skipping probe: too short (len=1763, chunk_size=2400)
Skipping probe: too short (len=1266, chunk_size=2400)
Skipping probe: too short (len=982, chunk_size=2400)
Skipping probe: too short (len=2340, chunk_size=2400)
Skipping probe: too short (len=632, chunk_size=2400)
Skipping probe: too short (len=670, chunk_size=2400)
Skipping probe: too short (len=886, chunk_size=2400)
Skipping probe: too short (len=1880, chunk_size=2400)
Skipping probe: too short (len=1995, chunk_size=2400)
Skipping probe: too short (len=2252, chunk_size=2400)
Skipping probe: too short (len=1619, chunk_size=2400)
Skipping probe: too short (len=1871, chunk_size=2400)
Skipping probe: too short (len=1021, chunk_size=2400)
Skipping probe: too short (len=1958, chunk_size=2400)
Skipping probe: too short (len=1619, chunk_size=2400)
Skipping probe: too short (len=1924, chunk_size=2400)
Skipping probe: too short (len=2341, chunk_size=2400)
Skipping probe: too short (len=2216, chunk_size=2400)
Skipping probe: too short (len=834, chunk_size=2400)
Skipping probe: too short (len=1506, chunk_size=2400)
Skipping probe: too short (len=1450, chunk_size=2400)
Skipping probe: too short (len=1349, chunk_size=2400)
Skipping probe: too short (len=559, chunk_size=2400)
Skipping probe: too short (len=1906, chunk_size=2400)
Skipping probe: too short (len=1563, chunk_size=2400)
Skipping probe: too short (len=1335, chunk_size=2400)
Skipping probe: too short (len=906, chunk_size=2400)
Skipping probe: too short (len=1763, chunk_size=2400)
Skipping probe: too short (len=1604, chunk_size=2400)
Skipping probe: too short (len=1454, chunk_size=2400)
Skipping probe: too short (len=2176, chunk_size=2400)
Skipping probe: too short (len=982, chunk_size=2400)
Skipping probe: too short (len=670, chunk_size=2400)
Skipping probe: too short (len=886, chunk_size=2400)
Skipping probe: too short (len=1023, chunk_size=2400)
Skipping probe: too short (len=2171, chunk_size=2400)
Skipping probe: too short (len=1880, chunk_size=2400)
Skipping probe: too short (len=1995, chunk_size=2400)
Skipping probe: too short (len=2252, chunk_size=2400)
Skipping probe: too short (len=2340, chunk_size=2400)
Skipping probe: too short (len=1871, chunk_size=2400)
Skipping probe: too short (len=1021, chunk_size=2400)
Skipping probe: too short (len=1266, chunk_size=2400)
Skipping probe: too short (len=2058, chunk_size=2400)
Skipping probe: too short (len=632, chunk_size=2400)
Skipping probe: too short (len=559, chunk_size=2400)
Skipping probe: too short (len=1906, chunk_size=2400)
Skipping probe: too short (len=1563, chunk_size=2400)
Skipping probe: too short (len=1335, chunk_size=2400)
Skipping probe: too short (len=906, chunk_size=2400)
Skipping probe: too short (len=1450, chunk_size=2400)
Skipping probe: too short (len=1023, chunk_size=2400)
Skipping probe: too short (len=2171, chunk_size=2400)
Skipping probe: too short (len=1924, chunk_size=2400)
Skipping probe: too short (len=2341, chunk_size=2400)
Skipping probe: too short (len=2216, chunk_size=2400)
Skipping probe: too short (len=834, chunk_size=2400)
Skipping probe: too short (len=1506, chunk_size=2400)
Skipping probe: too short (len=2058, chunk_size=2400)
Skipping probe: too short (len=2176, chunk_size=2400)
Skipping probe: too short (len=1619, chunk_size=2400)
Skipping probe: too short (len=1958, chunk_size=2400)
Skipping probe: too short (len=1266, chunk_size=2400)
Skipping probe: too short (len=1880, chunk_size=2400)
Skipping probe: too short (len=670, chunk_size=2400)
Skipping probe: too short (len=886, chunk_size=2400)
Skipping probe: too short (len=1995, chunk_size=2400)
Skipping probe: too short (len=2252, chunk_size=2400)
Skipping probe: too short (len=632, chunk_size=2400)
Skipping probe: too short (len=1871, chunk_size=2400)
Skipping probe: too short (len=1021, chunk_size=2400)
Skipping probe: too short (len=1454, chunk_size=2400)
Skipping probe: too short (len=1349, chunk_size=2400)
Skipping probe: too short (len=1763, chunk_size=2400)
Skipping probe: too short (len=982, chunk_size=2400)
Skipping probe: too short (len=2340, chunk_size=2400)
Skipping probe: too short (len=1604, chunk_size=2400)
Skipping probe: too short (len=1349, chunk_size=2400)
Skipping probe: too short (len=1604, chunk_size=2400)
Skipping probe: too short (len=1454, chunk_size=2400)
Skipping probe: too short (len=1023, chunk_size=2400)
Skipping probe: too short (len=2171, chunk_size=2400)
Skipping probe: too short (len=1450, chunk_size=2400)
Skipping probe: too short (len=1266, chunk_size=2400)
Skipping probe: too short (len=1958, chunk_size=2400)
Skipping probe: too short (len=2058, chunk_size=2400)
Skipping probe: too short (len=1924, chunk_size=2400)
Skipping probe: too short (len=2341, chunk_size=2400)
Skipping probe: too short (len=2216, chunk_size=2400)
Skipping probe: too short (len=834, chunk_size=2400)
Skipping probe: too short (len=1506, chunk_size=2400)
Skipping probe: too short (len=982, chunk_size=2400)
Skipping probe: too short (len=1763, chunk_size=2400)
Skipping probe: too short (len=1619, chunk_size=2400)
Skipping probe: too short (len=1880, chunk_size=2400)
Skipping probe: too short (len=1871, chunk_size=2400)
Skipping probe: too short (len=1021, chunk_size=2400)
Skipping probe: too short (len=632, chunk_size=2400)
Skipping probe: too short (len=670, chunk_size=2400)
Skipping probe: too short (len=886, chunk_size=2400)
Skipping probe: too short (len=1995, chunk_size=2400)
Skipping probe: too short (len=2252, chunk_size=2400)
Skipping probe: too short (len=2340, chunk_size=2400)
Skipping probe: too short (len=2176, chunk_size=2400)
Skipping probe: too short (len=559, chunk_size=2400)
Skipping probe: too short (len=1906, chunk_size=2400)
Skipping probe: too short (len=1563, chunk_size=2400)
Skipping probe: too short (len=1335, chunk_size=2400)
Skipping probe: too short (len=906, chunk_size=2400)
Skipping probe: too short (len=1763, chunk_size=2400)
Skipping probe: too short (len=559, chunk_size=2400)
Skipping probe: too short (len=1906, chunk_size=2400)
Skipping probe: too short (len=1563, chunk_size=2400)
Skipping probe: too short (len=1335, chunk_size=2400)
Skipping probe: too short (len=906, chunk_size=2400)
Skipping probe: too short (len=1266, chunk_size=2400)
Skipping probe: too short (len=1619, chunk_size=2400)
Skipping probe: too short (len=1454, chunk_size=2400)
Skipping probe: too short (len=2176, chunk_size=2400)
Skipping probe: too short (len=1604, chunk_size=2400)
Skipping probe: too short (len=982, chunk_size=2400)
Skipping probe: too short (len=2058, chunk_size=2400)
Skipping probe: too short (len=1880, chunk_size=2400)
Skipping probe: too short (len=1349, chunk_size=2400)
Skipping probe: too short (len=1871, chunk_size=2400)
Skipping probe: too short (len=1021, chunk_size=2400)
Skipping probe: too short (len=1995, chunk_size=2400)
Skipping probe: too short (len=2252, chunk_size=2400)
Skipping probe: too short (len=2340, chunk_size=2400)
Skipping probe: too short (len=632, chunk_size=2400)
Skipping probe: too short (len=1924, chunk_size=2400)
Skipping probe: too short (len=2341, chunk_size=2400)
Skipping probe: too short (len=2216, chunk_size=2400)
Skipping probe: too short (len=834, chunk_size=2400)
Skipping probe: too short (len=1506, chunk_size=2400)
Skipping probe: too short (len=1023, chunk_size=2400)
Skipping probe: too short (len=2171, chunk_size=2400)
Skipping probe: too short (len=1450, chunk_size=2400)
Skipping probe: too short (len=1958, chunk_size=2400)
Skipping probe: too short (len=670, chunk_size=2400)
Skipping probe: too short (len=886, chunk_size=2400)
Trial 54 F1s - Weighted: 0.7813 | Macro: 0.3614 | Micro: 0.8031

[I 2026-03-30 00:00:36,544] Trial 54 finished with value: 0.7812910444697135 and parameters: {'chunk_seconds': 24, 'num_freqs': 17, 'num_estimators': 1024, 'max_depth': 128, 'max_features': 0.2363896923295947, 'overlap': 0.5025313437941331, 'max_lag': 6}. Best is trial 51 with value: 0.782835590673279.
Skipping probe: too short (len=1023, chunk_size=2400)
Skipping probe: too short (len=2171, chunk_size=2400)
Skipping probe: too short (len=1450, chunk_size=2400)
Skipping probe: too short (len=1349, chunk_size=2400)
Skipping probe: too short (len=1266, chunk_size=2400)
Skipping probe: too short (len=1604, chunk_size=2400)
Skipping probe: too short (len=1454, chunk_size=2400)
Skipping probe: too short (len=1924, chunk_size=2400)
Skipping probe: too short (len=2341, chunk_size=2400)
Skipping probe: too short (len=2216, chunk_size=2400)
Skipping probe: too short (len=834, chunk_size=2400)
Skipping probe: too short (len=1506, chunk_size=2400)
Skipping probe: too short (len=1958, chunk_size=2400)
Skipping probe: too short (len=2058, chunk_size=2400)
Skipping probe: too short (len=2176, chunk_size=2400)
Skipping probe: too short (len=670, chunk_size=2400)
Skipping probe: too short (len=886, chunk_size=2400)
Skipping probe: too short (len=559, chunk_size=2400)
Skipping probe: too short (len=1906, chunk_size=2400)
Skipping probe: too short (len=1563, chunk_size=2400)
Skipping probe: too short (len=1335, chunk_size=2400)
Skipping probe: too short (len=906, chunk_size=2400)
Skipping probe: too short (len=982, chunk_size=2400)
Skipping probe: too short (len=1763, chunk_size=2400)
Skipping probe: too short (len=632, chunk_size=2400)
Skipping probe: too short (len=2340, chunk_size=2400)
Skipping probe: too short (len=1619, chunk_size=2400)
Skipping probe: too short (len=1880, chunk_size=2400)
Skipping probe: too short (len=1995, chunk_size=2400)
Skipping probe: too short (len=2252, chunk_size=2400)
Skipping probe: too short (len=1871, chunk_size=2400)
Skipping probe: too short (len=1021, chunk_size=2400)
Skipping probe: too short (len=1450, chunk_size=2400)
Skipping probe: too short (len=1023, chunk_size=2400)
Skipping probe: too short (len=2171, chunk_size=2400)
Skipping probe: too short (len=1619, chunk_size=2400)
Skipping probe: too short (len=1958, chunk_size=2400)
Skipping probe: too short (len=559, chunk_size=2400)
Skipping probe: too short (len=1906, chunk_size=2400)
Skipping probe: too short (len=1563, chunk_size=2400)
Skipping probe: too short (len=1335, chunk_size=2400)
Skipping probe: too short (len=906, chunk_size=2400)
Skipping probe: too short (len=1604, chunk_size=2400)
Skipping probe: too short (len=2176, chunk_size=2400)
Skipping probe: too short (len=1454, chunk_size=2400)
Skipping probe: too short (len=1349, chunk_size=2400)
Skipping probe: too short (len=1924, chunk_size=2400)
Skipping probe: too short (len=2341, chunk_size=2400)
Skipping probe: too short (len=2216, chunk_size=2400)
Skipping probe: too short (len=834, chunk_size=2400)
Skipping probe: too short (len=1506, chunk_size=2400)
Skipping probe: too short (len=982, chunk_size=2400)
Skipping probe: too short (len=1763, chunk_size=2400)
Skipping probe: too short (len=1880, chunk_size=2400)
Skipping probe: too short (len=670, chunk_size=2400)
Skipping probe: too short (len=886, chunk_size=2400)
Skipping probe: too short (len=1995, chunk_size=2400)
Skipping probe: too short (len=2252, chunk_size=2400)
Skipping probe: too short (len=1871, chunk_size=2400)
Skipping probe: too short (len=1021, chunk_size=2400)
Skipping probe: too short (len=2340, chunk_size=2400)
Skipping probe: too short (len=1266, chunk_size=2400)
Skipping probe: too short (len=2058, chunk_size=2400)
Skipping probe: too short (len=632, chunk_size=2400)
[I 2026-03-30 00:28:29,934] Trial 55 pruned. 
Skipping probe: too short (len=982, chunk_size=2200)
Skipping probe: too short (len=2176, chunk_size=2200)
Skipping probe: too short (len=1349, chunk_size=2200)
Skipping probe: too short (len=2058, chunk_size=2200)
Skipping probe: too short (len=1604, chunk_size=2200)
Skipping probe: too short (len=1924, chunk_size=2200)
Skipping probe: too short (len=834, chunk_size=2200)
Skipping probe: too short (len=1506, chunk_size=2200)
Skipping probe: too short (len=1958, chunk_size=2200)
Skipping probe: too short (len=1454, chunk_size=2200)
Skipping probe: too short (len=1450, chunk_size=2200)
Skipping probe: too short (len=559, chunk_size=2200)
Skipping probe: too short (len=1906, chunk_size=2200)
Skipping probe: too short (len=1563, chunk_size=2200)
Skipping probe: too short (len=1335, chunk_size=2200)
Skipping probe: too short (len=906, chunk_size=2200)
Skipping probe: too short (len=1023, chunk_size=2200)
Skipping probe: too short (len=2171, chunk_size=2200)
Skipping probe: too short (len=1266, chunk_size=2200)
Skipping probe: too short (len=1763, chunk_size=2200)
Skipping probe: too short (len=632, chunk_size=2200)
Skipping probe: too short (len=670, chunk_size=2200)
Skipping probe: too short (len=886, chunk_size=2200)
Skipping probe: too short (len=1880, chunk_size=2200)
Skipping probe: too short (len=1619, chunk_size=2200)
Skipping probe: too short (len=1995, chunk_size=2200)
Skipping probe: too short (len=1871, chunk_size=2200)
Skipping probe: too short (len=1021, chunk_size=2200)
Skipping probe: too short (len=1958, chunk_size=2200)
Skipping probe: too short (len=1454, chunk_size=2200)
Skipping probe: too short (len=982, chunk_size=2200)
Skipping probe: too short (len=1349, chunk_size=2200)
Skipping probe: too short (len=2176, chunk_size=2200)
Skipping probe: too short (len=1023, chunk_size=2200)
Skipping probe: too short (len=2171, chunk_size=2200)
Skipping probe: too short (len=1450, chunk_size=2200)
Skipping probe: too short (len=1924, chunk_size=2200)
Skipping probe: too short (len=834, chunk_size=2200)
Skipping probe: too short (len=1506, chunk_size=2200)
Skipping probe: too short (len=559, chunk_size=2200)
Skipping probe: too short (len=1906, chunk_size=2200)
Skipping probe: too short (len=1563, chunk_size=2200)
Skipping probe: too short (len=1335, chunk_size=2200)
Skipping probe: too short (len=906, chunk_size=2200)
Skipping probe: too short (len=1619, chunk_size=2200)
Skipping probe: too short (len=670, chunk_size=2200)
Skipping probe: too short (len=886, chunk_size=2200)
Skipping probe: too short (len=1880, chunk_size=2200)
Skipping probe: too short (len=1604, chunk_size=2200)
Skipping probe: too short (len=1763, chunk_size=2200)
Skipping probe: too short (len=1871, chunk_size=2200)
Skipping probe: too short (len=1021, chunk_size=2200)
Skipping probe: too short (len=1995, chunk_size=2200)
Skipping probe: too short (len=2058, chunk_size=2200)
Skipping probe: too short (len=1266, chunk_size=2200)
Skipping probe: too short (len=632, chunk_size=2200)
[I 2026-03-30 00:50:45,353] Trial 56 pruned. 
Skipping probe: too short (len=1349, chunk_size=2300)
Skipping probe: too short (len=2058, chunk_size=2300)
Skipping probe: too short (len=1023, chunk_size=2300)
Skipping probe: too short (len=2171, chunk_size=2300)
Skipping probe: too short (len=559, chunk_size=2300)
Skipping probe: too short (len=1906, chunk_size=2300)
Skipping probe: too short (len=1563, chunk_size=2300)
Skipping probe: too short (len=1335, chunk_size=2300)
Skipping probe: too short (len=906, chunk_size=2300)
Skipping probe: too short (len=1924, chunk_size=2300)
Skipping probe: too short (len=2216, chunk_size=2300)
Skipping probe: too short (len=834, chunk_size=2300)
Skipping probe: too short (len=1506, chunk_size=2300)
Skipping probe: too short (len=1958, chunk_size=2300)
Skipping probe: too short (len=1604, chunk_size=2300)
Skipping probe: too short (len=2176, chunk_size=2300)
Skipping probe: too short (len=1454, chunk_size=2300)
Skipping probe: too short (len=1450, chunk_size=2300)
Skipping probe: too short (len=982, chunk_size=2300)
Skipping probe: too short (len=1266, chunk_size=2300)
Skipping probe: too short (len=632, chunk_size=2300)
Skipping probe: too short (len=1763, chunk_size=2300)
Skipping probe: too short (len=670, chunk_size=2300)
Skipping probe: too short (len=886, chunk_size=2300)
Skipping probe: too short (len=1619, chunk_size=2300)
Skipping probe: too short (len=1995, chunk_size=2300)
Skipping probe: too short (len=2252, chunk_size=2300)
Skipping probe: too short (len=1880, chunk_size=2300)
Skipping probe: too short (len=1871, chunk_size=2300)
Skipping probe: too short (len=1021, chunk_size=2300)
Skipping probe: too short (len=1763, chunk_size=2300)
Skipping probe: too short (len=1619, chunk_size=2300)
Skipping probe: too short (len=1958, chunk_size=2300)
Skipping probe: too short (len=2176, chunk_size=2300)
Skipping probe: too short (len=1023, chunk_size=2300)
Skipping probe: too short (len=2171, chunk_size=2300)
Skipping probe: too short (len=1450, chunk_size=2300)
Skipping probe: too short (len=559, chunk_size=2300)
Skipping probe: too short (len=1906, chunk_size=2300)
Skipping probe: too short (len=1563, chunk_size=2300)
Skipping probe: too short (len=1335, chunk_size=2300)
Skipping probe: too short (len=906, chunk_size=2300)
Skipping probe: too short (len=1349, chunk_size=2300)
Skipping probe: too short (len=982, chunk_size=2300)
Skipping probe: too short (len=1924, chunk_size=2300)
Skipping probe: too short (len=2216, chunk_size=2300)
Skipping probe: too short (len=834, chunk_size=2300)
Skipping probe: too short (len=1506, chunk_size=2300)
Skipping probe: too short (len=1454, chunk_size=2300)
Skipping probe: too short (len=1604, chunk_size=2300)
Skipping probe: too short (len=670, chunk_size=2300)
Skipping probe: too short (len=886, chunk_size=2300)
Skipping probe: too short (len=1880, chunk_size=2300)
Skipping probe: too short (len=1995, chunk_size=2300)
Skipping probe: too short (len=2252, chunk_size=2300)
Skipping probe: too short (len=1871, chunk_size=2300)
Skipping probe: too short (len=1021, chunk_size=2300)
Skipping probe: too short (len=2058, chunk_size=2300)
Skipping probe: too short (len=1266, chunk_size=2300)
Skipping probe: too short (len=632, chunk_size=2300)
[I 2026-03-30 01:41:29,934] Trial 57 pruned. 
[I 2026-03-30 12:31:22,411] Trial 58 pruned. 
Skipping probe: too short (len=1266, chunk_size=2400)
Skipping probe: too short (len=2058, chunk_size=2400)
Skipping probe: too short (len=1604, chunk_size=2400)
Skipping probe: too short (len=1958, chunk_size=2400)
Skipping probe: too short (len=559, chunk_size=2400)
Skipping probe: too short (len=1906, chunk_size=2400)
Skipping probe: too short (len=1563, chunk_size=2400)
Skipping probe: too short (len=1335, chunk_size=2400)
Skipping probe: too short (len=906, chunk_size=2400)
Skipping probe: too short (len=1349, chunk_size=2400)
Skipping probe: too short (len=1454, chunk_size=2400)
Skipping probe: too short (len=1450, chunk_size=2400)
Skipping probe: too short (len=2176, chunk_size=2400)
Skipping probe: too short (len=1924, chunk_size=2400)
Skipping probe: too short (len=2341, chunk_size=2400)
Skipping probe: too short (len=2216, chunk_size=2400)
Skipping probe: too short (len=834, chunk_size=2400)
Skipping probe: too short (len=1506, chunk_size=2400)
Skipping probe: too short (len=1023, chunk_size=2400)
Skipping probe: too short (len=2171, chunk_size=2400)
Skipping probe: too short (len=982, chunk_size=2400)
Skipping probe: too short (len=670, chunk_size=2400)
Skipping probe: too short (len=886, chunk_size=2400)
Skipping probe: too short (len=632, chunk_size=2400)
Skipping probe: too short (len=1763, chunk_size=2400)
Skipping probe: too short (len=2340, chunk_size=2400)
Skipping probe: too short (len=1619, chunk_size=2400)
Skipping probe: too short (len=1995, chunk_size=2400)
Skipping probe: too short (len=2252, chunk_size=2400)
Skipping probe: too short (len=1880, chunk_size=2400)
Skipping probe: too short (len=1871, chunk_size=2400)
Skipping probe: too short (len=1021, chunk_size=2400)
Skipping probe: too short (len=1958, chunk_size=2400)
Skipping probe: too short (len=1454, chunk_size=2400)
Skipping probe: too short (len=1450, chunk_size=2400)
Skipping probe: too short (len=1763, chunk_size=2400)
Skipping probe: too short (len=982, chunk_size=2400)
Skipping probe: too short (len=1924, chunk_size=2400)
Skipping probe: too short (len=2341, chunk_size=2400)
Skipping probe: too short (len=2216, chunk_size=2400)
Skipping probe: too short (len=834, chunk_size=2400)
Skipping probe: too short (len=1506, chunk_size=2400)
Skipping probe: too short (len=1023, chunk_size=2400)
Skipping probe: too short (len=2171, chunk_size=2400)
Skipping probe: too short (len=2176, chunk_size=2400)
Skipping probe: too short (len=1349, chunk_size=2400)
Skipping probe: too short (len=1604, chunk_size=2400)
Skipping probe: too short (len=1619, chunk_size=2400)
Skipping probe: too short (len=1880, chunk_size=2400)
Skipping probe: too short (len=1995, chunk_size=2400)
Skipping probe: too short (len=2252, chunk_size=2400)
Skipping probe: too short (len=670, chunk_size=2400)
Skipping probe: too short (len=886, chunk_size=2400)
Skipping probe: too short (len=559, chunk_size=2400)
Skipping probe: too short (len=1906, chunk_size=2400)
Skipping probe: too short (len=1563, chunk_size=2400)
Skipping probe: too short (len=1335, chunk_size=2400)
Skipping probe: too short (len=906, chunk_size=2400)
Skipping probe: too short (len=2340, chunk_size=2400)
Skipping probe: too short (len=1871, chunk_size=2400)
Skipping probe: too short (len=1021, chunk_size=2400)
Skipping probe: too short (len=1266, chunk_size=2400)
Skipping probe: too short (len=2058, chunk_size=2400)
Skipping probe: too short (len=632, chunk_size=2400)
[I 2026-03-30 12:48:56,262] Trial 59 pruned. 
Skipping probe: too short (len=1266, chunk_size=2200)
Skipping probe: too short (len=1349, chunk_size=2200)
Skipping probe: too short (len=1604, chunk_size=2200)
Skipping probe: too short (len=2058, chunk_size=2200)
Skipping probe: too short (len=559, chunk_size=2200)
Skipping probe: too short (len=1906, chunk_size=2200)
Skipping probe: too short (len=1563, chunk_size=2200)
Skipping probe: too short (len=1335, chunk_size=2200)
Skipping probe: too short (len=906, chunk_size=2200)
Skipping probe: too short (len=1450, chunk_size=2200)
Skipping probe: too short (len=1958, chunk_size=2200)
Skipping probe: too short (len=1454, chunk_size=2200)
Skipping probe: too short (len=1023, chunk_size=2200)
Skipping probe: too short (len=2171, chunk_size=2200)
Skipping probe: too short (len=1924, chunk_size=2200)
Skipping probe: too short (len=834, chunk_size=2200)
Skipping probe: too short (len=1506, chunk_size=2200)
Skipping probe: too short (len=982, chunk_size=2200)
Skipping probe: too short (len=670, chunk_size=2200)
Skipping probe: too short (len=886, chunk_size=2200)
Skipping probe: too short (len=2176, chunk_size=2200)
Skipping probe: too short (len=1763, chunk_size=2200)
Skipping probe: too short (len=632, chunk_size=2200)
Skipping probe: too short (len=1619, chunk_size=2200)
Skipping probe: too short (len=1880, chunk_size=2200)
Skipping probe: too short (len=1995, chunk_size=2200)
Skipping probe: too short (len=1871, chunk_size=2200)
Skipping probe: too short (len=1021, chunk_size=2200)
Skipping probe: too short (len=1958, chunk_size=2200)
Skipping probe: too short (len=1450, chunk_size=2200)
Skipping probe: too short (len=1349, chunk_size=2200)
Skipping probe: too short (len=2176, chunk_size=2200)
Skipping probe: too short (len=1454, chunk_size=2200)
Skipping probe: too short (len=1023, chunk_size=2200)
Skipping probe: too short (len=2171, chunk_size=2200)
Skipping probe: too short (len=982, chunk_size=2200)
Skipping probe: too short (len=1924, chunk_size=2200)
Skipping probe: too short (len=834, chunk_size=2200)
Skipping probe: too short (len=1506, chunk_size=2200)
Skipping probe: too short (len=1619, chunk_size=2200)
Skipping probe: too short (len=1880, chunk_size=2200)
Skipping probe: too short (len=670, chunk_size=2200)
Skipping probe: too short (len=886, chunk_size=2200)
Skipping probe: too short (len=559, chunk_size=2200)
Skipping probe: too short (len=1906, chunk_size=2200)
Skipping probe: too short (len=1563, chunk_size=2200)
Skipping probe: too short (len=1335, chunk_size=2200)
Skipping probe: too short (len=906, chunk_size=2200)
Skipping probe: too short (len=1995, chunk_size=2200)
Skipping probe: too short (len=1763, chunk_size=2200)
Skipping probe: too short (len=1604, chunk_size=2200)
Skipping probe: too short (len=1871, chunk_size=2200)
Skipping probe: too short (len=1021, chunk_size=2200)
Skipping probe: too short (len=2058, chunk_size=2200)
Skipping probe: too short (len=1266, chunk_size=2200)
Skipping probe: too short (len=632, chunk_size=2200)
[I 2026-03-30 13:29:17,417] Trial 60 pruned. 
Skipping probe: too short (len=1924, chunk_size=2400)
Skipping probe: too short (len=2341, chunk_size=2400)
Skipping probe: too short (len=2216, chunk_size=2400)
Skipping probe: too short (len=834, chunk_size=2400)
Skipping probe: too short (len=1506, chunk_size=2400)
Skipping probe: too short (len=1604, chunk_size=2400)
Skipping probe: too short (len=559, chunk_size=2400)
Skipping probe: too short (len=1906, chunk_size=2400)
Skipping probe: too short (len=1563, chunk_size=2400)
Skipping probe: too short (len=1335, chunk_size=2400)
Skipping probe: too short (len=906, chunk_size=2400)
Skipping probe: too short (len=1450, chunk_size=2400)
Skipping probe: too short (len=1958, chunk_size=2400)
Skipping probe: too short (len=1349, chunk_size=2400)
Skipping probe: too short (len=2058, chunk_size=2400)
Skipping probe: too short (len=1023, chunk_size=2400)
Skipping probe: too short (len=2171, chunk_size=2400)
Skipping probe: too short (len=2176, chunk_size=2400)
Skipping probe: too short (len=1454, chunk_size=2400)
Skipping probe: too short (len=1763, chunk_size=2400)
Skipping probe: too short (len=670, chunk_size=2400)
Skipping probe: too short (len=886, chunk_size=2400)
Skipping probe: too short (len=982, chunk_size=2400)
Skipping probe: too short (len=2340, chunk_size=2400)
Skipping probe: too short (len=1266, chunk_size=2400)
Skipping probe: too short (len=632, chunk_size=2400)
Skipping probe: too short (len=1619, chunk_size=2400)
Skipping probe: too short (len=1880, chunk_size=2400)
Skipping probe: too short (len=1871, chunk_size=2400)
Skipping probe: too short (len=1021, chunk_size=2400)
Skipping probe: too short (len=1995, chunk_size=2400)
Skipping probe: too short (len=2252, chunk_size=2400)
Skipping probe: too short (len=1450, chunk_size=2400)
Skipping probe: too short (len=1454, chunk_size=2400)
Skipping probe: too short (len=1349, chunk_size=2400)
Skipping probe: too short (len=1958, chunk_size=2400)
Skipping probe: too short (len=1924, chunk_size=2400)
Skipping probe: too short (len=2341, chunk_size=2400)
Skipping probe: too short (len=2216, chunk_size=2400)
Skipping probe: too short (len=834, chunk_size=2400)
Skipping probe: too short (len=1506, chunk_size=2400)
Skipping probe: too short (len=1604, chunk_size=2400)
Skipping probe: too short (len=559, chunk_size=2400)
Skipping probe: too short (len=1906, chunk_size=2400)
Skipping probe: too short (len=1563, chunk_size=2400)
Skipping probe: too short (len=1335, chunk_size=2400)
Skipping probe: too short (len=906, chunk_size=2400)
Skipping probe: too short (len=1023, chunk_size=2400)
Skipping probe: too short (len=2171, chunk_size=2400)
Skipping probe: too short (len=2176, chunk_size=2400)
Skipping probe: too short (len=1619, chunk_size=2400)
Skipping probe: too short (len=982, chunk_size=2400)
Skipping probe: too short (len=1880, chunk_size=2400)
Skipping probe: too short (len=1763, chunk_size=2400)
Skipping probe: too short (len=2340, chunk_size=2400)
Skipping probe: too short (len=1995, chunk_size=2400)
Skipping probe: too short (len=2252, chunk_size=2400)
Skipping probe: too short (len=670, chunk_size=2400)
Skipping probe: too short (len=886, chunk_size=2400)
Skipping probe: too short (len=1871, chunk_size=2400)
Skipping probe: too short (len=1021, chunk_size=2400)
Skipping probe: too short (len=1266, chunk_size=2400)
Skipping probe: too short (len=2058, chunk_size=2400)
Skipping probe: too short (len=632, chunk_size=2400)
Skipping probe: too short (len=2058, chunk_size=2400)
Skipping probe: too short (len=1450, chunk_size=2400)
Skipping probe: too short (len=1880, chunk_size=2400)
Skipping probe: too short (len=2176, chunk_size=2400)
Skipping probe: too short (len=1924, chunk_size=2400)
Skipping probe: too short (len=2341, chunk_size=2400)
Skipping probe: too short (len=2216, chunk_size=2400)
Skipping probe: too short (len=834, chunk_size=2400)
Skipping probe: too short (len=1506, chunk_size=2400)
Skipping probe: too short (len=1266, chunk_size=2400)
Skipping probe: too short (len=1958, chunk_size=2400)
Skipping probe: too short (len=559, chunk_size=2400)
Skipping probe: too short (len=1906, chunk_size=2400)
Skipping probe: too short (len=1563, chunk_size=2400)
Skipping probe: too short (len=1335, chunk_size=2400)
Skipping probe: too short (len=906, chunk_size=2400)
Skipping probe: too short (len=1023, chunk_size=2400)
Skipping probe: too short (len=2171, chunk_size=2400)
Skipping probe: too short (len=1619, chunk_size=2400)
Skipping probe: too short (len=670, chunk_size=2400)
Skipping probe: too short (len=886, chunk_size=2400)
Skipping probe: too short (len=1871, chunk_size=2400)
Skipping probe: too short (len=1021, chunk_size=2400)
Skipping probe: too short (len=1995, chunk_size=2400)
Skipping probe: too short (len=2252, chunk_size=2400)
Skipping probe: too short (len=632, chunk_size=2400)
Skipping probe: too short (len=1604, chunk_size=2400)
Skipping probe: too short (len=1454, chunk_size=2400)
Skipping probe: too short (len=1349, chunk_size=2400)
Skipping probe: too short (len=1763, chunk_size=2400)
Skipping probe: too short (len=982, chunk_size=2400)
Skipping probe: too short (len=2340, chunk_size=2400)
Skipping probe: too short (len=1604, chunk_size=2400)
Skipping probe: too short (len=1924, chunk_size=2400)
Skipping probe: too short (len=2341, chunk_size=2400)
Skipping probe: too short (len=2216, chunk_size=2400)
Skipping probe: too short (len=834, chunk_size=2400)
Skipping probe: too short (len=1506, chunk_size=2400)
Skipping probe: too short (len=1454, chunk_size=2400)
Skipping probe: too short (len=1023, chunk_size=2400)
Skipping probe: too short (len=2171, chunk_size=2400)
Skipping probe: too short (len=2058, chunk_size=2400)
Skipping probe: too short (len=1266, chunk_size=2400)
Skipping probe: too short (len=1349, chunk_size=2400)
Skipping probe: too short (len=1450, chunk_size=2400)
Skipping probe: too short (len=982, chunk_size=2400)
Skipping probe: too short (len=1880, chunk_size=2400)
Skipping probe: too short (len=1958, chunk_size=2400)
Skipping probe: too short (len=1763, chunk_size=2400)
Skipping probe: too short (len=1619, chunk_size=2400)
Skipping probe: too short (len=670, chunk_size=2400)
Skipping probe: too short (len=886, chunk_size=2400)
Skipping probe: too short (len=1995, chunk_size=2400)
Skipping probe: too short (len=2252, chunk_size=2400)
Skipping probe: too short (len=2340, chunk_size=2400)
Skipping probe: too short (len=1871, chunk_size=2400)
Skipping probe: too short (len=1021, chunk_size=2400)
Skipping probe: too short (len=632, chunk_size=2400)
Skipping probe: too short (len=559, chunk_size=2400)
Skipping probe: too short (len=1906, chunk_size=2400)
Skipping probe: too short (len=1563, chunk_size=2400)
Skipping probe: too short (len=1335, chunk_size=2400)
Skipping probe: too short (len=906, chunk_size=2400)
Skipping probe: too short (len=2176, chunk_size=2400)
[I 2026-03-30 13:59:37,204] Trial 61 pruned. 
Skipping probe: too short (len=1604, chunk_size=2100)
Skipping probe: too short (len=2058, chunk_size=2100)
Skipping probe: too short (len=1454, chunk_size=2100)
Skipping probe: too short (len=1450, chunk_size=2100)
Skipping probe: too short (len=559, chunk_size=2100)
Skipping probe: too short (len=1906, chunk_size=2100)
Skipping probe: too short (len=1563, chunk_size=2100)
Skipping probe: too short (len=1335, chunk_size=2100)
Skipping probe: too short (len=906, chunk_size=2100)
Skipping probe: too short (len=1349, chunk_size=2100)
Skipping probe: too short (len=1023, chunk_size=2100)
Skipping probe: too short (len=1958, chunk_size=2100)
Skipping probe: too short (len=1924, chunk_size=2100)
Skipping probe: too short (len=834, chunk_size=2100)
Skipping probe: too short (len=1506, chunk_size=2100)
Skipping probe: too short (len=1266, chunk_size=2100)
Skipping probe: too short (len=982, chunk_size=2100)
Skipping probe: too short (len=670, chunk_size=2100)
Skipping probe: too short (len=886, chunk_size=2100)
Skipping probe: too short (len=1763, chunk_size=2100)
Skipping probe: too short (len=632, chunk_size=2100)
Skipping probe: too short (len=1619, chunk_size=2100)
Skipping probe: too short (len=1880, chunk_size=2100)
Skipping probe: too short (len=1995, chunk_size=2100)
Skipping probe: too short (len=1871, chunk_size=2100)
Skipping probe: too short (len=1021, chunk_size=2100)
Skipping probe: too short (len=1454, chunk_size=2100)
Skipping probe: too short (len=1924, chunk_size=2100)
Skipping probe: too short (len=834, chunk_size=2100)
Skipping probe: too short (len=1506, chunk_size=2100)
Skipping probe: too short (len=1958, chunk_size=2100)
Skipping probe: too short (len=1023, chunk_size=2100)
Skipping probe: too short (len=1450, chunk_size=2100)
Skipping probe: too short (len=1349, chunk_size=2100)
Skipping probe: too short (len=982, chunk_size=2100)
Skipping probe: too short (len=1763, chunk_size=2100)
Skipping probe: too short (len=1604, chunk_size=2100)
Skipping probe: too short (len=559, chunk_size=2100)
Skipping probe: too short (len=1906, chunk_size=2100)
Skipping probe: too short (len=1563, chunk_size=2100)
Skipping probe: too short (len=1335, chunk_size=2100)
Skipping probe: too short (len=906, chunk_size=2100)
Skipping probe: too short (len=1619, chunk_size=2100)
Skipping probe: too short (len=670, chunk_size=2100)
Skipping probe: too short (len=886, chunk_size=2100)
Skipping probe: too short (len=1880, chunk_size=2100)
Skipping probe: too short (len=1995, chunk_size=2100)
Skipping probe: too short (len=1871, chunk_size=2100)
Skipping probe: too short (len=1021, chunk_size=2100)
Skipping probe: too short (len=1266, chunk_size=2100)
Skipping probe: too short (len=2058, chunk_size=2100)
Skipping probe: too short (len=632, chunk_size=2100)
Skipping probe: too short (len=1958, chunk_size=2100)
Skipping probe: too short (len=2058, chunk_size=2100)
Skipping probe: too short (len=1924, chunk_size=2100)
Skipping probe: too short (len=834, chunk_size=2100)
Skipping probe: too short (len=1506, chunk_size=2100)
Skipping probe: too short (len=1266, chunk_size=2100)
Skipping probe: too short (len=1450, chunk_size=2100)
Skipping probe: too short (len=559, chunk_size=2100)
Skipping probe: too short (len=1906, chunk_size=2100)
Skipping probe: too short (len=1563, chunk_size=2100)
Skipping probe: too short (len=1335, chunk_size=2100)
Skipping probe: too short (len=906, chunk_size=2100)
Skipping probe: too short (len=1619, chunk_size=2100)
Skipping probe: too short (len=1880, chunk_size=2100)
Skipping probe: too short (len=1023, chunk_size=2100)
Skipping probe: too short (len=670, chunk_size=2100)
Skipping probe: too short (len=886, chunk_size=2100)
Skipping probe: too short (len=1995, chunk_size=2100)
Skipping probe: too short (len=1871, chunk_size=2100)
Skipping probe: too short (len=1021, chunk_size=2100)
Skipping probe: too short (len=632, chunk_size=2100)
Skipping probe: too short (len=1349, chunk_size=2100)
Skipping probe: too short (len=1454, chunk_size=2100)
Skipping probe: too short (len=1763, chunk_size=2100)
Skipping probe: too short (len=982, chunk_size=2100)
Skipping probe: too short (len=1604, chunk_size=2100)
[I 2026-03-30 14:23:08,625] Trial 62 pruned. 
Skipping probe: too short (len=559, chunk_size=2200)
Skipping probe: too short (len=1906, chunk_size=2200)
Skipping probe: too short (len=1563, chunk_size=2200)
Skipping probe: too short (len=1335, chunk_size=2200)
Skipping probe: too short (len=906, chunk_size=2200)
Skipping probe: too short (len=1958, chunk_size=2200)
Skipping probe: too short (len=2176, chunk_size=2200)
Skipping probe: too short (len=2058, chunk_size=2200)
Skipping probe: too short (len=1023, chunk_size=2200)
Skipping probe: too short (len=2171, chunk_size=2200)
Skipping probe: too short (len=1604, chunk_size=2200)
Skipping probe: too short (len=1454, chunk_size=2200)
Skipping probe: too short (len=1924, chunk_size=2200)
Skipping probe: too short (len=834, chunk_size=2200)
Skipping probe: too short (len=1506, chunk_size=2200)
Skipping probe: too short (len=1450, chunk_size=2200)
Skipping probe: too short (len=1349, chunk_size=2200)
Skipping probe: too short (len=982, chunk_size=2200)
Skipping probe: too short (len=1266, chunk_size=2200)
Skipping probe: too short (len=670, chunk_size=2200)
Skipping probe: too short (len=886, chunk_size=2200)
Skipping probe: too short (len=1763, chunk_size=2200)
Skipping probe: too short (len=632, chunk_size=2200)
Skipping probe: too short (len=1880, chunk_size=2200)
Skipping probe: too short (len=1619, chunk_size=2200)
Skipping probe: too short (len=1995, chunk_size=2200)
Skipping probe: too short (len=1871, chunk_size=2200)
Skipping probe: too short (len=1021, chunk_size=2200)
Skipping probe: too short (len=982, chunk_size=2200)
Skipping probe: too short (len=1619, chunk_size=2200)
Skipping probe: too short (len=1349, chunk_size=2200)
Skipping probe: too short (len=1450, chunk_size=2200)
Skipping probe: too short (len=2176, chunk_size=2200)
Skipping probe: too short (len=1924, chunk_size=2200)
Skipping probe: too short (len=834, chunk_size=2200)
Skipping probe: too short (len=1506, chunk_size=2200)
Skipping probe: too short (len=1880, chunk_size=2200)
Skipping probe: too short (len=559, chunk_size=2200)
Skipping probe: too short (len=1906, chunk_size=2200)
Skipping probe: too short (len=1563, chunk_size=2200)
Skipping probe: too short (len=1335, chunk_size=2200)
Skipping probe: too short (len=906, chunk_size=2200)
Skipping probe: too short (len=1604, chunk_size=2200)
Skipping probe: too short (len=1454, chunk_size=2200)
Skipping probe: too short (len=1958, chunk_size=2200)
Skipping probe: too short (len=1023, chunk_size=2200)
Skipping probe: too short (len=2171, chunk_size=2200)
Skipping probe: too short (len=670, chunk_size=2200)
Skipping probe: too short (len=886, chunk_size=2200)
Skipping probe: too short (len=1763, chunk_size=2200)
Skipping probe: too short (len=1995, chunk_size=2200)
Skipping probe: too short (len=1871, chunk_size=2200)
Skipping probe: too short (len=1021, chunk_size=2200)
Skipping probe: too short (len=2058, chunk_size=2200)
Skipping probe: too short (len=1266, chunk_size=2200)
Skipping probe: too short (len=632, chunk_size=2200)
Skipping probe: too short (len=559, chunk_size=2200)
Skipping probe: too short (len=1906, chunk_size=2200)
Skipping probe: too short (len=1563, chunk_size=2200)
Skipping probe: too short (len=1335, chunk_size=2200)
Skipping probe: too short (len=906, chunk_size=2200)
Skipping probe: too short (len=2058, chunk_size=2200)
Skipping probe: too short (len=1450, chunk_size=2200)
Skipping probe: too short (len=2176, chunk_size=2200)
Skipping probe: too short (len=1958, chunk_size=2200)
Skipping probe: too short (len=1023, chunk_size=2200)
Skipping probe: too short (len=2171, chunk_size=2200)
Skipping probe: too short (len=1924, chunk_size=2200)
Skipping probe: too short (len=834, chunk_size=2200)
Skipping probe: too short (len=1506, chunk_size=2200)
Skipping probe: too short (len=1266, chunk_size=2200)
Skipping probe: too short (len=1619, chunk_size=2200)
Skipping probe: too short (len=1880, chunk_size=2200)
Skipping probe: too short (len=1871, chunk_size=2200)
Skipping probe: too short (len=1021, chunk_size=2200)
Skipping probe: too short (len=1995, chunk_size=2200)
Skipping probe: too short (len=632, chunk_size=2200)
Skipping probe: too short (len=670, chunk_size=2200)
Skipping probe: too short (len=886, chunk_size=2200)
Skipping probe: too short (len=1454, chunk_size=2200)
Skipping probe: too short (len=1349, chunk_size=2200)
Skipping probe: too short (len=1763, chunk_size=2200)
Skipping probe: too short (len=982, chunk_size=2200)
Skipping probe: too short (len=1604, chunk_size=2200)
Skipping probe: too short (len=1454, chunk_size=2200)
Skipping probe: too short (len=1880, chunk_size=2200)
Skipping probe: too short (len=1619, chunk_size=2200)
Skipping probe: too short (len=1349, chunk_size=2200)
Skipping probe: too short (len=1266, chunk_size=2200)
Skipping probe: too short (len=1958, chunk_size=2200)
Skipping probe: too short (len=1604, chunk_size=2200)
Skipping probe: too short (len=1023, chunk_size=2200)
Skipping probe: too short (len=2171, chunk_size=2200)
Skipping probe: too short (len=1924, chunk_size=2200)
Skipping probe: too short (len=834, chunk_size=2200)
Skipping probe: too short (len=1506, chunk_size=2200)
Skipping probe: too short (len=2058, chunk_size=2200)
Skipping probe: too short (len=1450, chunk_size=2200)
Skipping probe: too short (len=1763, chunk_size=2200)
Skipping probe: too short (len=982, chunk_size=2200)
Skipping probe: too short (len=1995, chunk_size=2200)
Skipping probe: too short (len=632, chunk_size=2200)
Skipping probe: too short (len=670, chunk_size=2200)
Skipping probe: too short (len=886, chunk_size=2200)
Skipping probe: too short (len=1871, chunk_size=2200)
Skipping probe: too short (len=1021, chunk_size=2200)
Skipping probe: too short (len=2176, chunk_size=2200)
Skipping probe: too short (len=559, chunk_size=2200)
Skipping probe: too short (len=1906, chunk_size=2200)
Skipping probe: too short (len=1563, chunk_size=2200)
Skipping probe: too short (len=1335, chunk_size=2200)
Skipping probe: too short (len=906, chunk_size=2200)
Skipping probe: too short (len=1454, chunk_size=2200)
Skipping probe: too short (len=2058, chunk_size=2200)
Skipping probe: too short (len=559, chunk_size=2200)
Skipping probe: too short (len=1906, chunk_size=2200)
Skipping probe: too short (len=1563, chunk_size=2200)
Skipping probe: too short (len=1335, chunk_size=2200)
Skipping probe: too short (len=906, chunk_size=2200)
Skipping probe: too short (len=2176, chunk_size=2200)
Skipping probe: too short (len=982, chunk_size=2200)
Skipping probe: too short (len=1604, chunk_size=2200)
Skipping probe: too short (len=1266, chunk_size=2200)
Skipping probe: too short (len=1349, chunk_size=2200)
Skipping probe: too short (len=1619, chunk_size=2200)
Skipping probe: too short (len=1763, chunk_size=2200)
Skipping probe: too short (len=632, chunk_size=2200)
Skipping probe: too short (len=1995, chunk_size=2200)
Skipping probe: too short (len=1880, chunk_size=2200)
Skipping probe: too short (len=1871, chunk_size=2200)
Skipping probe: too short (len=1021, chunk_size=2200)
Skipping probe: too short (len=1023, chunk_size=2200)
Skipping probe: too short (len=2171, chunk_size=2200)
Skipping probe: too short (len=1450, chunk_size=2200)
Skipping probe: too short (len=1958, chunk_size=2200)
Skipping probe: too short (len=1924, chunk_size=2200)
Skipping probe: too short (len=834, chunk_size=2200)
Skipping probe: too short (len=1506, chunk_size=2200)
Skipping probe: too short (len=670, chunk_size=2200)
Skipping probe: too short (len=886, chunk_size=2200)
Trial 63 F1s - Weighted: 0.7812 | Macro: 0.3593 | Micro: 0.8029

[I 2026-03-30 15:21:48,126] Trial 63 finished with value: 0.7812085172625258 and parameters: {'chunk_seconds': 22, 'num_freqs': 19, 'num_estimators': 1024, 'max_depth': 128, 'max_features': 0.25407442734661767, 'overlap': 0.5656063052511011, 'max_lag': 10}. Best is trial 51 with value: 0.782835590673279.
Skipping probe: too short (len=559, chunk_size=2300)
Skipping probe: too short (len=1906, chunk_size=2300)
Skipping probe: too short (len=1563, chunk_size=2300)
Skipping probe: too short (len=1335, chunk_size=2300)
Skipping probe: too short (len=906, chunk_size=2300)
Skipping probe: too short (len=2176, chunk_size=2300)
Skipping probe: too short (len=2058, chunk_size=2300)
Skipping probe: too short (len=1023, chunk_size=2300)
Skipping probe: too short (len=2171, chunk_size=2300)
Skipping probe: too short (len=1450, chunk_size=2300)
Skipping probe: too short (len=1604, chunk_size=2300)
Skipping probe: too short (len=1958, chunk_size=2300)
Skipping probe: too short (len=1454, chunk_size=2300)
Skipping probe: too short (len=1349, chunk_size=2300)
Skipping probe: too short (len=982, chunk_size=2300)
Skipping probe: too short (len=1924, chunk_size=2300)
Skipping probe: too short (len=2216, chunk_size=2300)
Skipping probe: too short (len=834, chunk_size=2300)
Skipping probe: too short (len=1506, chunk_size=2300)
Skipping probe: too short (len=670, chunk_size=2300)
Skipping probe: too short (len=886, chunk_size=2300)
Skipping probe: too short (len=1266, chunk_size=2300)
Skipping probe: too short (len=1763, chunk_size=2300)
Skipping probe: too short (len=632, chunk_size=2300)
Skipping probe: too short (len=1619, chunk_size=2300)
Skipping probe: too short (len=1880, chunk_size=2300)
Skipping probe: too short (len=1995, chunk_size=2300)
Skipping probe: too short (len=2252, chunk_size=2300)
Skipping probe: too short (len=1871, chunk_size=2300)
Skipping probe: too short (len=1021, chunk_size=2300)
Skipping probe: too short (len=1349, chunk_size=2300)
Skipping probe: too short (len=1619, chunk_size=2300)
Skipping probe: too short (len=1454, chunk_size=2300)
Skipping probe: too short (len=1924, chunk_size=2300)
Skipping probe: too short (len=2216, chunk_size=2300)
Skipping probe: too short (len=834, chunk_size=2300)
Skipping probe: too short (len=1506, chunk_size=2300)
Skipping probe: too short (len=559, chunk_size=2300)
Skipping probe: too short (len=1906, chunk_size=2300)
Skipping probe: too short (len=1563, chunk_size=2300)
Skipping probe: too short (len=1335, chunk_size=2300)
Skipping probe: too short (len=906, chunk_size=2300)
Skipping probe: too short (len=2176, chunk_size=2300)
Skipping probe: too short (len=1023, chunk_size=2300)
Skipping probe: too short (len=2171, chunk_size=2300)
Skipping probe: too short (len=1604, chunk_size=2300)
Skipping probe: too short (len=1450, chunk_size=2300)
Skipping probe: too short (len=1958, chunk_size=2300)
Skipping probe: too short (len=982, chunk_size=2300)
Skipping probe: too short (len=1763, chunk_size=2300)
Skipping probe: too short (len=1880, chunk_size=2300)
Skipping probe: too short (len=670, chunk_size=2300)
Skipping probe: too short (len=886, chunk_size=2300)
Skipping probe: too short (len=1871, chunk_size=2300)
Skipping probe: too short (len=1021, chunk_size=2300)
Skipping probe: too short (len=1995, chunk_size=2300)
Skipping probe: too short (len=2252, chunk_size=2300)
Skipping probe: too short (len=1266, chunk_size=2300)
Skipping probe: too short (len=2058, chunk_size=2300)
Skipping probe: too short (len=632, chunk_size=2300)
Skipping probe: too short (len=1023, chunk_size=2300)
Skipping probe: too short (len=2171, chunk_size=2300)
Skipping probe: too short (len=1619, chunk_size=2300)
Skipping probe: too short (len=1266, chunk_size=2300)
Skipping probe: too short (len=2058, chunk_size=2300)
Skipping probe: too short (len=2176, chunk_size=2300)
Skipping probe: too short (len=559, chunk_size=2300)
Skipping probe: too short (len=1906, chunk_size=2300)
Skipping probe: too short (len=1563, chunk_size=2300)
Skipping probe: too short (len=1335, chunk_size=2300)
Skipping probe: too short (len=906, chunk_size=2300)
Skipping probe: too short (len=1924, chunk_size=2300)
Skipping probe: too short (len=2216, chunk_size=2300)
Skipping probe: too short (len=834, chunk_size=2300)
Skipping probe: too short (len=1506, chunk_size=2300)
Skipping probe: too short (len=1880, chunk_size=2300)
Skipping probe: too short (len=1958, chunk_size=2300)
Skipping probe: too short (len=670, chunk_size=2300)
Skipping probe: too short (len=886, chunk_size=2300)
Skipping probe: too short (len=1450, chunk_size=2300)
Skipping probe: too short (len=1995, chunk_size=2300)
Skipping probe: too short (len=2252, chunk_size=2300)
Skipping probe: too short (len=632, chunk_size=2300)
Skipping probe: too short (len=1871, chunk_size=2300)
Skipping probe: too short (len=1021, chunk_size=2300)
Skipping probe: too short (len=1454, chunk_size=2300)
Skipping probe: too short (len=1349, chunk_size=2300)
Skipping probe: too short (len=982, chunk_size=2300)
Skipping probe: too short (len=1604, chunk_size=2300)
Skipping probe: too short (len=1763, chunk_size=2300)
Skipping probe: too short (len=982, chunk_size=2300)
Skipping probe: too short (len=1604, chunk_size=2300)
Skipping probe: too short (len=1266, chunk_size=2300)
Skipping probe: too short (len=1958, chunk_size=2300)
Skipping probe: too short (len=1454, chunk_size=2300)
Skipping probe: too short (len=1450, chunk_size=2300)
Skipping probe: too short (len=1023, chunk_size=2300)
Skipping probe: too short (len=2171, chunk_size=2300)
Skipping probe: too short (len=1924, chunk_size=2300)
Skipping probe: too short (len=2216, chunk_size=2300)
Skipping probe: too short (len=834, chunk_size=2300)
Skipping probe: too short (len=1506, chunk_size=2300)
Skipping probe: too short (len=1349, chunk_size=2300)
Skipping probe: too short (len=2058, chunk_size=2300)
Skipping probe: too short (len=1619, chunk_size=2300)
Skipping probe: too short (len=1763, chunk_size=2300)
Skipping probe: too short (len=670, chunk_size=2300)
Skipping probe: too short (len=886, chunk_size=2300)
Skipping probe: too short (len=1871, chunk_size=2300)
Skipping probe: too short (len=1021, chunk_size=2300)
Skipping probe: too short (len=1880, chunk_size=2300)
Skipping probe: too short (len=1995, chunk_size=2300)
Skipping probe: too short (len=2252, chunk_size=2300)
Skipping probe: too short (len=632, chunk_size=2300)
Skipping probe: too short (len=559, chunk_size=2300)
Skipping probe: too short (len=1906, chunk_size=2300)
Skipping probe: too short (len=1563, chunk_size=2300)
Skipping probe: too short (len=1335, chunk_size=2300)
Skipping probe: too short (len=906, chunk_size=2300)
Skipping probe: too short (len=2176, chunk_size=2300)
Skipping probe: too short (len=2176, chunk_size=2300)
Skipping probe: too short (len=982, chunk_size=2300)
Skipping probe: too short (len=1349, chunk_size=2300)
Skipping probe: too short (len=1454, chunk_size=2300)
Skipping probe: too short (len=1880, chunk_size=2300)
Skipping probe: too short (len=1619, chunk_size=2300)
Skipping probe: too short (len=2058, chunk_size=2300)
Skipping probe: too short (len=559, chunk_size=2300)
Skipping probe: too short (len=1906, chunk_size=2300)
Skipping probe: too short (len=1563, chunk_size=2300)
Skipping probe: too short (len=1335, chunk_size=2300)
Skipping probe: too short (len=906, chunk_size=2300)
Skipping probe: too short (len=1604, chunk_size=2300)
Skipping probe: too short (len=1763, chunk_size=2300)
Skipping probe: too short (len=1266, chunk_size=2300)
Skipping probe: too short (len=1871, chunk_size=2300)
Skipping probe: too short (len=1021, chunk_size=2300)
Skipping probe: too short (len=632, chunk_size=2300)
Skipping probe: too short (len=1995, chunk_size=2300)
Skipping probe: too short (len=2252, chunk_size=2300)
Skipping probe: too short (len=1958, chunk_size=2300)
Skipping probe: too short (len=1023, chunk_size=2300)
Skipping probe: too short (len=2171, chunk_size=2300)
Skipping probe: too short (len=1450, chunk_size=2300)
Skipping probe: too short (len=1924, chunk_size=2300)
Skipping probe: too short (len=2216, chunk_size=2300)
Skipping probe: too short (len=834, chunk_size=2300)
Skipping probe: too short (len=1506, chunk_size=2300)
Skipping probe: too short (len=670, chunk_size=2300)
Skipping probe: too short (len=886, chunk_size=2300)
Trial 64 F1s - Weighted: 0.7795 | Macro: 0.3589 | Micro: 0.8009

[I 2026-03-30 16:17:52,608] Trial 64 finished with value: 0.779482247732607 and parameters: {'chunk_seconds': 23, 'num_freqs': 19, 'num_estimators': 1024, 'max_depth': 128, 'max_features': 0.25067592974730185, 'overlap': 0.563165036261456, 'max_lag': 10}. Best is trial 51 with value: 0.782835590673279.
Skipping probe: too short (len=1266, chunk_size=2200)
Skipping probe: too short (len=1454, chunk_size=2200)
Skipping probe: too short (len=1924, chunk_size=2200)
Skipping probe: too short (len=834, chunk_size=2200)
Skipping probe: too short (len=1506, chunk_size=2200)
Skipping probe: too short (len=1023, chunk_size=2200)
Skipping probe: too short (len=2171, chunk_size=2200)
Skipping probe: too short (len=2058, chunk_size=2200)
Skipping probe: too short (len=1450, chunk_size=2200)
Skipping probe: too short (len=1604, chunk_size=2200)
Skipping probe: too short (len=559, chunk_size=2200)
Skipping probe: too short (len=1906, chunk_size=2200)
Skipping probe: too short (len=1563, chunk_size=2200)
Skipping probe: too short (len=1335, chunk_size=2200)
Skipping probe: too short (len=906, chunk_size=2200)
Skipping probe: too short (len=1349, chunk_size=2200)
Skipping probe: too short (len=2176, chunk_size=2200)
Skipping probe: too short (len=1958, chunk_size=2200)
Skipping probe: too short (len=1763, chunk_size=2200)
Skipping probe: too short (len=982, chunk_size=2200)
Skipping probe: too short (len=670, chunk_size=2200)
Skipping probe: too short (len=886, chunk_size=2200)
Skipping probe: too short (len=632, chunk_size=2200)
Skipping probe: too short (len=1880, chunk_size=2200)
Skipping probe: too short (len=1619, chunk_size=2200)
Skipping probe: too short (len=1995, chunk_size=2200)
Skipping probe: too short (len=1871, chunk_size=2200)
Skipping probe: too short (len=1021, chunk_size=2200)
Skipping probe: too short (len=1958, chunk_size=2200)
Skipping probe: too short (len=1619, chunk_size=2200)
Skipping probe: too short (len=1924, chunk_size=2200)
Skipping probe: too short (len=834, chunk_size=2200)
Skipping probe: too short (len=1506, chunk_size=2200)
Skipping probe: too short (len=2176, chunk_size=2200)
Skipping probe: too short (len=982, chunk_size=2200)
Skipping probe: too short (len=1023, chunk_size=2200)
Skipping probe: too short (len=2171, chunk_size=2200)
Skipping probe: too short (len=1604, chunk_size=2200)
Skipping probe: too short (len=1880, chunk_size=2200)
Skipping probe: too short (len=1454, chunk_size=2200)
Skipping probe: too short (len=559, chunk_size=2200)
Skipping probe: too short (len=1906, chunk_size=2200)
Skipping probe: too short (len=1563, chunk_size=2200)
Skipping probe: too short (len=1335, chunk_size=2200)
Skipping probe: too short (len=906, chunk_size=2200)
Skipping probe: too short (len=1349, chunk_size=2200)
Skipping probe: too short (len=1450, chunk_size=2200)
Skipping probe: too short (len=1763, chunk_size=2200)
Skipping probe: too short (len=1995, chunk_size=2200)
Skipping probe: too short (len=1871, chunk_size=2200)
Skipping probe: too short (len=1021, chunk_size=2200)
Skipping probe: too short (len=670, chunk_size=2200)
Skipping probe: too short (len=886, chunk_size=2200)
Skipping probe: too short (len=2058, chunk_size=2200)
Skipping probe: too short (len=1266, chunk_size=2200)
Skipping probe: too short (len=632, chunk_size=2200)
[I 2026-03-30 16:45:17,367] Trial 65 pruned. 
Skipping probe: too short (len=559, chunk_size=1200)
Skipping probe: too short (len=906, chunk_size=1200)
Skipping probe: too short (len=982, chunk_size=1200)
Skipping probe: too short (len=834, chunk_size=1200)
Skipping probe: too short (len=1023, chunk_size=1200)
Skipping probe: too short (len=670, chunk_size=1200)
Skipping probe: too short (len=886, chunk_size=1200)
Skipping probe: too short (len=632, chunk_size=1200)
Skipping probe: too short (len=1021, chunk_size=1200)
Skipping probe: too short (len=1023, chunk_size=1200)
Skipping probe: too short (len=834, chunk_size=1200)
Skipping probe: too short (len=559, chunk_size=1200)
Skipping probe: too short (len=906, chunk_size=1200)
Skipping probe: too short (len=982, chunk_size=1200)
Skipping probe: too short (len=670, chunk_size=1200)
Skipping probe: too short (len=886, chunk_size=1200)
Skipping probe: too short (len=1021, chunk_size=1200)
Skipping probe: too short (len=632, chunk_size=1200)
Skipping probe: too short (len=559, chunk_size=1200)
Skipping probe: too short (len=906, chunk_size=1200)
Skipping probe: too short (len=1023, chunk_size=1200)
Skipping probe: too short (len=834, chunk_size=1200)
Skipping probe: too short (len=670, chunk_size=1200)
Skipping probe: too short (len=886, chunk_size=1200)
Skipping probe: too short (len=632, chunk_size=1200)
Skipping probe: too short (len=1021, chunk_size=1200)
Skipping probe: too short (len=982, chunk_size=1200)
[I 2026-03-30 17:43:50,555] Trial 66 pruned. 
Skipping probe: too short (len=1924, chunk_size=2400)
Skipping probe: too short (len=2341, chunk_size=2400)
Skipping probe: too short (len=2216, chunk_size=2400)
Skipping probe: too short (len=834, chunk_size=2400)
Skipping probe: too short (len=1506, chunk_size=2400)
Skipping probe: too short (len=1763, chunk_size=2400)
Skipping probe: too short (len=982, chunk_size=2400)
Skipping probe: too short (len=1604, chunk_size=2400)
Skipping probe: too short (len=1450, chunk_size=2400)
Skipping probe: too short (len=1266, chunk_size=2400)
Skipping probe: too short (len=1454, chunk_size=2400)
Skipping probe: too short (len=1958, chunk_size=2400)
Skipping probe: too short (len=2176, chunk_size=2400)
Skipping probe: too short (len=1023, chunk_size=2400)
Skipping probe: too short (len=2171, chunk_size=2400)
Skipping probe: too short (len=2058, chunk_size=2400)
Skipping probe: too short (len=1349, chunk_size=2400)
Skipping probe: too short (len=559, chunk_size=2400)
Skipping probe: too short (len=1906, chunk_size=2400)
Skipping probe: too short (len=1563, chunk_size=2400)
Skipping probe: too short (len=1335, chunk_size=2400)
Skipping probe: too short (len=906, chunk_size=2400)
Skipping probe: too short (len=670, chunk_size=2400)
Skipping probe: too short (len=886, chunk_size=2400)
Skipping probe: too short (len=632, chunk_size=2400)
Skipping probe: too short (len=2340, chunk_size=2400)
Skipping probe: too short (len=1880, chunk_size=2400)
Skipping probe: too short (len=1619, chunk_size=2400)
Skipping probe: too short (len=1871, chunk_size=2400)
Skipping probe: too short (len=1021, chunk_size=2400)
Skipping probe: too short (len=1995, chunk_size=2400)
Skipping probe: too short (len=2252, chunk_size=2400)
Skipping probe: too short (len=2176, chunk_size=2400)
Skipping probe: too short (len=1604, chunk_size=2400)
Skipping probe: too short (len=1450, chunk_size=2400)
Skipping probe: too short (len=1349, chunk_size=2400)
Skipping probe: too short (len=1958, chunk_size=2400)
Skipping probe: too short (len=1454, chunk_size=2400)
Skipping probe: too short (len=982, chunk_size=2400)
Skipping probe: too short (len=1924, chunk_size=2400)
Skipping probe: too short (len=2341, chunk_size=2400)
Skipping probe: too short (len=2216, chunk_size=2400)
Skipping probe: too short (len=834, chunk_size=2400)
Skipping probe: too short (len=1506, chunk_size=2400)
Skipping probe: too short (len=1619, chunk_size=2400)
Skipping probe: too short (len=1023, chunk_size=2400)
Skipping probe: too short (len=2171, chunk_size=2400)
Skipping probe: too short (len=1880, chunk_size=2400)
Skipping probe: too short (len=670, chunk_size=2400)
Skipping probe: too short (len=886, chunk_size=2400)
Skipping probe: too short (len=1763, chunk_size=2400)
Skipping probe: too short (len=559, chunk_size=2400)
Skipping probe: too short (len=1906, chunk_size=2400)
Skipping probe: too short (len=1563, chunk_size=2400)
Skipping probe: too short (len=1335, chunk_size=2400)
Skipping probe: too short (len=906, chunk_size=2400)
Skipping probe: too short (len=2340, chunk_size=2400)
Skipping probe: too short (len=1871, chunk_size=2400)
Skipping probe: too short (len=1021, chunk_size=2400)
Skipping probe: too short (len=1995, chunk_size=2400)
Skipping probe: too short (len=2252, chunk_size=2400)
Skipping probe: too short (len=2058, chunk_size=2400)
Skipping probe: too short (len=1266, chunk_size=2400)
Skipping probe: too short (len=632, chunk_size=2400)
[I 2026-03-30 17:47:04,531] Trial 67 pruned. 
Skipping probe: too short (len=1454, chunk_size=2300)
Skipping probe: too short (len=2058, chunk_size=2300)
Skipping probe: too short (len=982, chunk_size=2300)
Skipping probe: too short (len=1023, chunk_size=2300)
Skipping probe: too short (len=2171, chunk_size=2300)
Skipping probe: too short (len=1450, chunk_size=2300)
Skipping probe: too short (len=1924, chunk_size=2300)
Skipping probe: too short (len=2216, chunk_size=2300)
Skipping probe: too short (len=834, chunk_size=2300)
Skipping probe: too short (len=1506, chunk_size=2300)
Skipping probe: too short (len=1349, chunk_size=2300)
Skipping probe: too short (len=2176, chunk_size=2300)
Skipping probe: too short (len=1958, chunk_size=2300)
Skipping probe: too short (len=1604, chunk_size=2300)
Skipping probe: too short (len=1266, chunk_size=2300)
Skipping probe: too short (len=1763, chunk_size=2300)
Skipping probe: too short (len=559, chunk_size=2300)
Skipping probe: too short (len=1906, chunk_size=2300)
Skipping probe: too short (len=1563, chunk_size=2300)
Skipping probe: too short (len=1335, chunk_size=2300)
Skipping probe: too short (len=906, chunk_size=2300)
Skipping probe: too short (len=632, chunk_size=2300)
Skipping probe: too short (len=670, chunk_size=2300)
Skipping probe: too short (len=886, chunk_size=2300)
Skipping probe: too short (len=1619, chunk_size=2300)
Skipping probe: too short (len=1995, chunk_size=2300)
Skipping probe: too short (len=2252, chunk_size=2300)
Skipping probe: too short (len=1880, chunk_size=2300)
Skipping probe: too short (len=1871, chunk_size=2300)
Skipping probe: too short (len=1021, chunk_size=2300)
Skipping probe: too short (len=1450, chunk_size=2300)
Skipping probe: too short (len=1958, chunk_size=2300)
Skipping probe: too short (len=1454, chunk_size=2300)
Skipping probe: too short (len=1349, chunk_size=2300)
Skipping probe: too short (len=1924, chunk_size=2300)
Skipping probe: too short (len=2216, chunk_size=2300)
Skipping probe: too short (len=834, chunk_size=2300)
Skipping probe: too short (len=1506, chunk_size=2300)
Skipping probe: too short (len=1023, chunk_size=2300)
Skipping probe: too short (len=2171, chunk_size=2300)
Skipping probe: too short (len=2176, chunk_size=2300)
Skipping probe: too short (len=559, chunk_size=2300)
Skipping probe: too short (len=1906, chunk_size=2300)
Skipping probe: too short (len=1563, chunk_size=2300)
Skipping probe: too short (len=1335, chunk_size=2300)
Skipping probe: too short (len=906, chunk_size=2300)
Skipping probe: too short (len=982, chunk_size=2300)
Skipping probe: too short (len=1763, chunk_size=2300)
Skipping probe: too short (len=1604, chunk_size=2300)
Skipping probe: too short (len=1619, chunk_size=2300)
Skipping probe: too short (len=670, chunk_size=2300)
Skipping probe: too short (len=886, chunk_size=2300)
Skipping probe: too short (len=1880, chunk_size=2300)
Skipping probe: too short (len=1871, chunk_size=2300)
Skipping probe: too short (len=1021, chunk_size=2300)
Skipping probe: too short (len=1995, chunk_size=2300)
Skipping probe: too short (len=2252, chunk_size=2300)
Skipping probe: too short (len=1266, chunk_size=2300)
Skipping probe: too short (len=2058, chunk_size=2300)
Skipping probe: too short (len=632, chunk_size=2300)
[I 2026-03-30 17:50:40,000] Trial 68 pruned. 
Skipping probe: too short (len=559, chunk_size=2500)
Skipping probe: too short (len=1906, chunk_size=2500)
Skipping probe: too short (len=1563, chunk_size=2500)
Skipping probe: too short (len=1335, chunk_size=2500)
Skipping probe: too short (len=906, chunk_size=2500)
Skipping probe: too short (len=1604, chunk_size=2500)
Skipping probe: too short (len=2176, chunk_size=2500)
Skipping probe: too short (len=1349, chunk_size=2500)
Skipping probe: too short (len=1023, chunk_size=2500)
Skipping probe: too short (len=2171, chunk_size=2500)
Skipping probe: too short (len=1958, chunk_size=2500)
Skipping probe: too short (len=1450, chunk_size=2500)
Skipping probe: too short (len=2058, chunk_size=2500)
Skipping probe: too short (len=1454, chunk_size=2500)
Skipping probe: too short (len=1924, chunk_size=2500)
Skipping probe: too short (len=2341, chunk_size=2500)
Skipping probe: too short (len=2216, chunk_size=2500)
Skipping probe: too short (len=2445, chunk_size=2500)
Skipping probe: too short (len=2409, chunk_size=2500)
Skipping probe: too short (len=834, chunk_size=2500)
Skipping probe: too short (len=1506, chunk_size=2500)
Skipping probe: too short (len=1266, chunk_size=2500)
Skipping probe: too short (len=670, chunk_size=2500)
Skipping probe: too short (len=886, chunk_size=2500)
Skipping probe: too short (len=1763, chunk_size=2500)
Skipping probe: too short (len=982, chunk_size=2500)
Skipping probe: too short (len=2340, chunk_size=2500)
Skipping probe: too short (len=632, chunk_size=2500)
Skipping probe: too short (len=2436, chunk_size=2500)
Skipping probe: too short (len=1880, chunk_size=2500)
Skipping probe: too short (len=1619, chunk_size=2500)
Skipping probe: too short (len=1995, chunk_size=2500)
Skipping probe: too short (len=2252, chunk_size=2500)
Skipping probe: too short (len=1871, chunk_size=2500)
Skipping probe: too short (len=1021, chunk_size=2500)
Skipping probe: too short (len=559, chunk_size=2500)
Skipping probe: too short (len=1906, chunk_size=2500)
Skipping probe: too short (len=1563, chunk_size=2500)
Skipping probe: too short (len=1335, chunk_size=2500)
Skipping probe: too short (len=906, chunk_size=2500)
Skipping probe: too short (len=1924, chunk_size=2500)
Skipping probe: too short (len=2341, chunk_size=2500)
Skipping probe: too short (len=2216, chunk_size=2500)
Skipping probe: too short (len=2445, chunk_size=2500)
Skipping probe: too short (len=2409, chunk_size=2500)
Skipping probe: too short (len=834, chunk_size=2500)
Skipping probe: too short (len=1506, chunk_size=2500)
Skipping probe: too short (len=1349, chunk_size=2500)
Skipping probe: too short (len=1450, chunk_size=2500)
Skipping probe: too short (len=2436, chunk_size=2500)
Skipping probe: too short (len=1619, chunk_size=2500)
Skipping probe: too short (len=1880, chunk_size=2500)
Skipping probe: too short (len=982, chunk_size=2500)
Skipping probe: too short (len=1023, chunk_size=2500)
Skipping probe: too short (len=2171, chunk_size=2500)
Skipping probe: too short (len=1454, chunk_size=2500)
Skipping probe: too short (len=2176, chunk_size=2500)
Skipping probe: too short (len=1958, chunk_size=2500)
Skipping probe: too short (len=1604, chunk_size=2500)
Skipping probe: too short (len=1763, chunk_size=2500)
Skipping probe: too short (len=2340, chunk_size=2500)
Skipping probe: too short (len=670, chunk_size=2500)
Skipping probe: too short (len=886, chunk_size=2500)
Skipping probe: too short (len=1871, chunk_size=2500)
Skipping probe: too short (len=1021, chunk_size=2500)
Skipping probe: too short (len=1995, chunk_size=2500)
Skipping probe: too short (len=2252, chunk_size=2500)
Skipping probe: too short (len=2058, chunk_size=2500)
Skipping probe: too short (len=1266, chunk_size=2500)
Skipping probe: too short (len=632, chunk_size=2500)
Skipping probe: too short (len=2176, chunk_size=2500)
Skipping probe: too short (len=1266, chunk_size=2500)
Skipping probe: too short (len=1958, chunk_size=2500)
Skipping probe: too short (len=1023, chunk_size=2500)
Skipping probe: too short (len=2171, chunk_size=2500)
Skipping probe: too short (len=1924, chunk_size=2500)
Skipping probe: too short (len=2341, chunk_size=2500)
Skipping probe: too short (len=2216, chunk_size=2500)
Skipping probe: too short (len=2445, chunk_size=2500)
Skipping probe: too short (len=2409, chunk_size=2500)
Skipping probe: too short (len=834, chunk_size=2500)
Skipping probe: too short (len=1506, chunk_size=2500)
Skipping probe: too short (len=1450, chunk_size=2500)
Skipping probe: too short (len=2436, chunk_size=2500)
Skipping probe: too short (len=2058, chunk_size=2500)
Skipping probe: too short (len=559, chunk_size=2500)
Skipping probe: too short (len=1906, chunk_size=2500)
Skipping probe: too short (len=1563, chunk_size=2500)
Skipping probe: too short (len=1335, chunk_size=2500)
Skipping probe: too short (len=906, chunk_size=2500)
Skipping probe: too short (len=1880, chunk_size=2500)
Skipping probe: too short (len=1995, chunk_size=2500)
Skipping probe: too short (len=2252, chunk_size=2500)
Skipping probe: too short (len=670, chunk_size=2500)
Skipping probe: too short (len=886, chunk_size=2500)
Skipping probe: too short (len=1871, chunk_size=2500)
Skipping probe: too short (len=1021, chunk_size=2500)
Skipping probe: too short (len=1619, chunk_size=2500)
Skipping probe: too short (len=632, chunk_size=2500)
Skipping probe: too short (len=1349, chunk_size=2500)
Skipping probe: too short (len=982, chunk_size=2500)
Skipping probe: too short (len=1454, chunk_size=2500)
Skipping probe: too short (len=1604, chunk_size=2500)
Skipping probe: too short (len=1763, chunk_size=2500)
Skipping probe: too short (len=2340, chunk_size=2500)
[I 2026-03-30 17:57:53,772] Trial 69 pruned. 
Skipping probe: too short (len=1023, chunk_size=2100)
Skipping probe: too short (len=1958, chunk_size=2100)
Skipping probe: too short (len=1349, chunk_size=2100)
Skipping probe: too short (len=982, chunk_size=2100)
Skipping probe: too short (len=1924, chunk_size=2100)
Skipping probe: too short (len=834, chunk_size=2100)
Skipping probe: too short (len=1506, chunk_size=2100)
Skipping probe: too short (len=1454, chunk_size=2100)
Skipping probe: too short (len=559, chunk_size=2100)
Skipping probe: too short (len=1906, chunk_size=2100)
Skipping probe: too short (len=1563, chunk_size=2100)
Skipping probe: too short (len=1335, chunk_size=2100)
Skipping probe: too short (len=906, chunk_size=2100)
Skipping probe: too short (len=1450, chunk_size=2100)
Skipping probe: too short (len=1604, chunk_size=2100)
Skipping probe: too short (len=2058, chunk_size=2100)
Skipping probe: too short (len=1266, chunk_size=2100)
Skipping probe: too short (len=1763, chunk_size=2100)
Skipping probe: too short (len=670, chunk_size=2100)
Skipping probe: too short (len=886, chunk_size=2100)
Skipping probe: too short (len=632, chunk_size=2100)
Skipping probe: too short (len=1880, chunk_size=2100)
Skipping probe: too short (len=1619, chunk_size=2100)
Skipping probe: too short (len=1995, chunk_size=2100)
Skipping probe: too short (len=1871, chunk_size=2100)
Skipping probe: too short (len=1021, chunk_size=2100)
Skipping probe: too short (len=1450, chunk_size=2100)
Skipping probe: too short (len=1349, chunk_size=2100)
Skipping probe: too short (len=1619, chunk_size=2100)
Skipping probe: too short (len=1924, chunk_size=2100)
Skipping probe: too short (len=834, chunk_size=2100)
Skipping probe: too short (len=1506, chunk_size=2100)
Skipping probe: too short (len=1454, chunk_size=2100)
Skipping probe: too short (len=1958, chunk_size=2100)
Skipping probe: too short (len=1604, chunk_size=2100)
Skipping probe: too short (len=1023, chunk_size=2100)
Skipping probe: too short (len=982, chunk_size=2100)
Skipping probe: too short (len=559, chunk_size=2100)
Skipping probe: too short (len=1906, chunk_size=2100)
Skipping probe: too short (len=1563, chunk_size=2100)
Skipping probe: too short (len=1335, chunk_size=2100)
Skipping probe: too short (len=906, chunk_size=2100)
Skipping probe: too short (len=1763, chunk_size=2100)
Skipping probe: too short (len=670, chunk_size=2100)
Skipping probe: too short (len=886, chunk_size=2100)
Skipping probe: too short (len=1880, chunk_size=2100)
Skipping probe: too short (len=1995, chunk_size=2100)
Skipping probe: too short (len=1871, chunk_size=2100)
Skipping probe: too short (len=1021, chunk_size=2100)
Skipping probe: too short (len=2058, chunk_size=2100)
Skipping probe: too short (len=1266, chunk_size=2100)
Skipping probe: too short (len=632, chunk_size=2100)
[I 2026-03-30 18:19:54,715] Trial 70 pruned. 
Skipping probe: too short (len=559, chunk_size=2000)
Skipping probe: too short (len=1906, chunk_size=2000)
Skipping probe: too short (len=1563, chunk_size=2000)
Skipping probe: too short (len=1335, chunk_size=2000)
Skipping probe: too short (len=906, chunk_size=2000)
Skipping probe: too short (len=1604, chunk_size=2000)
Skipping probe: too short (len=1349, chunk_size=2000)
Skipping probe: too short (len=1958, chunk_size=2000)
Skipping probe: too short (len=982, chunk_size=2000)
Skipping probe: too short (len=1023, chunk_size=2000)
Skipping probe: too short (len=1454, chunk_size=2000)
Skipping probe: too short (len=1266, chunk_size=2000)
Skipping probe: too short (len=1450, chunk_size=2000)
Skipping probe: too short (len=1924, chunk_size=2000)
Skipping probe: too short (len=834, chunk_size=2000)
Skipping probe: too short (len=1506, chunk_size=2000)
Skipping probe: too short (len=670, chunk_size=2000)
Skipping probe: too short (len=886, chunk_size=2000)
Skipping probe: too short (len=632, chunk_size=2000)
Skipping probe: too short (len=1763, chunk_size=2000)
Skipping probe: too short (len=1880, chunk_size=2000)
Skipping probe: too short (len=1619, chunk_size=2000)
Skipping probe: too short (len=1995, chunk_size=2000)
Skipping probe: too short (len=1871, chunk_size=2000)
Skipping probe: too short (len=1021, chunk_size=2000)
Skipping probe: too short (len=1454, chunk_size=2000)
Skipping probe: too short (len=1924, chunk_size=2000)
Skipping probe: too short (len=834, chunk_size=2000)
Skipping probe: too short (len=1506, chunk_size=2000)
Skipping probe: too short (len=1450, chunk_size=2000)
Skipping probe: too short (len=1604, chunk_size=2000)
Skipping probe: too short (len=1958, chunk_size=2000)
Skipping probe: too short (len=1349, chunk_size=2000)
Skipping probe: too short (len=1619, chunk_size=2000)
Skipping probe: too short (len=1763, chunk_size=2000)
Skipping probe: too short (len=1023, chunk_size=2000)
Skipping probe: too short (len=982, chunk_size=2000)
Skipping probe: too short (len=559, chunk_size=2000)
Skipping probe: too short (len=1906, chunk_size=2000)
Skipping probe: too short (len=1563, chunk_size=2000)
Skipping probe: too short (len=1335, chunk_size=2000)
Skipping probe: too short (len=906, chunk_size=2000)
Skipping probe: too short (len=1880, chunk_size=2000)
Skipping probe: too short (len=1871, chunk_size=2000)
Skipping probe: too short (len=1021, chunk_size=2000)
Skipping probe: too short (len=1995, chunk_size=2000)
Skipping probe: too short (len=670, chunk_size=2000)
Skipping probe: too short (len=886, chunk_size=2000)
Skipping probe: too short (len=1266, chunk_size=2000)
Skipping probe: too short (len=632, chunk_size=2000)
Skipping probe: too short (len=1924, chunk_size=2000)
Skipping probe: too short (len=834, chunk_size=2000)
Skipping probe: too short (len=1506, chunk_size=2000)
Skipping probe: too short (len=1958, chunk_size=2000)
Skipping probe: too short (len=1023, chunk_size=2000)
Skipping probe: too short (len=1450, chunk_size=2000)
Skipping probe: too short (len=1266, chunk_size=2000)
Skipping probe: too short (len=559, chunk_size=2000)
Skipping probe: too short (len=1906, chunk_size=2000)
Skipping probe: too short (len=1563, chunk_size=2000)
Skipping probe: too short (len=1335, chunk_size=2000)
Skipping probe: too short (len=906, chunk_size=2000)
Skipping probe: too short (len=1995, chunk_size=2000)
Skipping probe: too short (len=1619, chunk_size=2000)
Skipping probe: too short (len=670, chunk_size=2000)
Skipping probe: too short (len=886, chunk_size=2000)
Skipping probe: too short (len=1871, chunk_size=2000)
Skipping probe: too short (len=1021, chunk_size=2000)
Skipping probe: too short (len=1880, chunk_size=2000)
Skipping probe: too short (len=632, chunk_size=2000)
Skipping probe: too short (len=1454, chunk_size=2000)
Skipping probe: too short (len=1349, chunk_size=2000)
Skipping probe: too short (len=982, chunk_size=2000)
Skipping probe: too short (len=1763, chunk_size=2000)
Skipping probe: too short (len=1604, chunk_size=2000)
[I 2026-03-30 18:38:16,596] Trial 71 pruned. 
Skipping probe: too short (len=1349, chunk_size=2200)
Skipping probe: too short (len=1924, chunk_size=2200)
Skipping probe: too short (len=834, chunk_size=2200)
Skipping probe: too short (len=1506, chunk_size=2200)
Skipping probe: too short (len=1604, chunk_size=2200)
Skipping probe: too short (len=1450, chunk_size=2200)
Skipping probe: too short (len=2176, chunk_size=2200)
Skipping probe: too short (len=982, chunk_size=2200)
Skipping probe: too short (len=1454, chunk_size=2200)
Skipping probe: too short (len=1958, chunk_size=2200)
Skipping probe: too short (len=2058, chunk_size=2200)
Skipping probe: too short (len=559, chunk_size=2200)
Skipping probe: too short (len=1906, chunk_size=2200)
Skipping probe: too short (len=1563, chunk_size=2200)
Skipping probe: too short (len=1335, chunk_size=2200)
Skipping probe: too short (len=906, chunk_size=2200)
Skipping probe: too short (len=1266, chunk_size=2200)
Skipping probe: too short (len=670, chunk_size=2200)
Skipping probe: too short (len=886, chunk_size=2200)
Skipping probe: too short (len=1023, chunk_size=2200)
Skipping probe: too short (len=2171, chunk_size=2200)
Skipping probe: too short (len=1763, chunk_size=2200)
Skipping probe: too short (len=632, chunk_size=2200)
Skipping probe: too short (len=1619, chunk_size=2200)
Skipping probe: too short (len=1995, chunk_size=2200)
Skipping probe: too short (len=1871, chunk_size=2200)
Skipping probe: too short (len=1021, chunk_size=2200)
Skipping probe: too short (len=1880, chunk_size=2200)
Skipping probe: too short (len=2176, chunk_size=2200)
Skipping probe: too short (len=1450, chunk_size=2200)
Skipping probe: too short (len=1349, chunk_size=2200)
Skipping probe: too short (len=1958, chunk_size=2200)
Skipping probe: too short (len=559, chunk_size=2200)
Skipping probe: too short (len=1906, chunk_size=2200)
Skipping probe: too short (len=1563, chunk_size=2200)
Skipping probe: too short (len=1335, chunk_size=2200)
Skipping probe: too short (len=906, chunk_size=2200)
Skipping probe: too short (len=1454, chunk_size=2200)
Skipping probe: too short (len=1023, chunk_size=2200)
Skipping probe: too short (len=2171, chunk_size=2200)
Skipping probe: too short (len=1924, chunk_size=2200)
Skipping probe: too short (len=834, chunk_size=2200)
Skipping probe: too short (len=1506, chunk_size=2200)
Skipping probe: too short (len=1604, chunk_size=2200)
Skipping probe: too short (len=1763, chunk_size=2200)
Skipping probe: too short (len=1619, chunk_size=2200)
Skipping probe: too short (len=1880, chunk_size=2200)
Skipping probe: too short (len=982, chunk_size=2200)
Skipping probe: too short (len=1995, chunk_size=2200)
Skipping probe: too short (len=1871, chunk_size=2200)
Skipping probe: too short (len=1021, chunk_size=2200)
Skipping probe: too short (len=670, chunk_size=2200)
Skipping probe: too short (len=886, chunk_size=2200)
Skipping probe: too short (len=1266, chunk_size=2200)
Skipping probe: too short (len=2058, chunk_size=2200)
Skipping probe: too short (len=632, chunk_size=2200)
Skipping probe: too short (len=1266, chunk_size=2200)
Skipping probe: too short (len=1958, chunk_size=2200)
Skipping probe: too short (len=2058, chunk_size=2200)
Skipping probe: too short (len=1023, chunk_size=2200)
Skipping probe: too short (len=2171, chunk_size=2200)
Skipping probe: too short (len=1450, chunk_size=2200)
Skipping probe: too short (len=1880, chunk_size=2200)
Skipping probe: too short (len=559, chunk_size=2200)
Skipping probe: too short (len=1906, chunk_size=2200)
Skipping probe: too short (len=1563, chunk_size=2200)
Skipping probe: too short (len=1335, chunk_size=2200)
Skipping probe: too short (len=906, chunk_size=2200)
Skipping probe: too short (len=2176, chunk_size=2200)
Skipping probe: too short (len=632, chunk_size=2200)
Skipping probe: too short (len=1924, chunk_size=2200)
Skipping probe: too short (len=834, chunk_size=2200)
Skipping probe: too short (len=1506, chunk_size=2200)
Skipping probe: too short (len=1619, chunk_size=2200)
Skipping probe: too short (len=1995, chunk_size=2200)
Skipping probe: too short (len=1871, chunk_size=2200)
Skipping probe: too short (len=1021, chunk_size=2200)
Skipping probe: too short (len=670, chunk_size=2200)
Skipping probe: too short (len=886, chunk_size=2200)
Skipping probe: too short (len=982, chunk_size=2200)
Skipping probe: too short (len=1454, chunk_size=2200)
Skipping probe: too short (len=1349, chunk_size=2200)
Skipping probe: too short (len=1604, chunk_size=2200)
Skipping probe: too short (len=1763, chunk_size=2200)
[I 2026-03-30 18:56:42,369] Trial 72 pruned. 
Skipping probe: too short (len=1604, chunk_size=2400)
Skipping probe: too short (len=1450, chunk_size=2400)
Skipping probe: too short (len=1349, chunk_size=2400)
Skipping probe: too short (len=1266, chunk_size=2400)
Skipping probe: too short (len=1023, chunk_size=2400)
Skipping probe: too short (len=2171, chunk_size=2400)
Skipping probe: too short (len=1924, chunk_size=2400)
Skipping probe: too short (len=2341, chunk_size=2400)
Skipping probe: too short (len=2216, chunk_size=2400)
Skipping probe: too short (len=834, chunk_size=2400)
Skipping probe: too short (len=1506, chunk_size=2400)
Skipping probe: too short (len=2176, chunk_size=2400)
Skipping probe: too short (len=1958, chunk_size=2400)
Skipping probe: too short (len=1454, chunk_size=2400)
Skipping probe: too short (len=2058, chunk_size=2400)
Skipping probe: too short (len=559, chunk_size=2400)
Skipping probe: too short (len=1906, chunk_size=2400)
Skipping probe: too short (len=1563, chunk_size=2400)
Skipping probe: too short (len=1335, chunk_size=2400)
Skipping probe: too short (len=906, chunk_size=2400)
Skipping probe: too short (len=982, chunk_size=2400)
Skipping probe: too short (len=670, chunk_size=2400)
Skipping probe: too short (len=886, chunk_size=2400)
Skipping probe: too short (len=1763, chunk_size=2400)
Skipping probe: too short (len=2340, chunk_size=2400)
Skipping probe: too short (len=632, chunk_size=2400)
Skipping probe: too short (len=1880, chunk_size=2400)
Skipping probe: too short (len=1619, chunk_size=2400)
Skipping probe: too short (len=1995, chunk_size=2400)
Skipping probe: too short (len=2252, chunk_size=2400)
Skipping probe: too short (len=1871, chunk_size=2400)
Skipping probe: too short (len=1021, chunk_size=2400)
Skipping probe: too short (len=1619, chunk_size=2400)
Skipping probe: too short (len=1958, chunk_size=2400)
Skipping probe: too short (len=1450, chunk_size=2400)
Skipping probe: too short (len=2176, chunk_size=2400)
Skipping probe: too short (len=1880, chunk_size=2400)
Skipping probe: too short (len=1349, chunk_size=2400)
Skipping probe: too short (len=559, chunk_size=2400)
Skipping probe: too short (len=1906, chunk_size=2400)
Skipping probe: too short (len=1563, chunk_size=2400)
Skipping probe: too short (len=1335, chunk_size=2400)
Skipping probe: too short (len=906, chunk_size=2400)
Skipping probe: too short (len=982, chunk_size=2400)
Skipping probe: too short (len=1023, chunk_size=2400)
Skipping probe: too short (len=2171, chunk_size=2400)
Skipping probe: too short (len=1454, chunk_size=2400)
Skipping probe: too short (len=1924, chunk_size=2400)
Skipping probe: too short (len=2341, chunk_size=2400)
Skipping probe: too short (len=2216, chunk_size=2400)
Skipping probe: too short (len=834, chunk_size=2400)
Skipping probe: too short (len=1506, chunk_size=2400)
Skipping probe: too short (len=1604, chunk_size=2400)
Skipping probe: too short (len=1763, chunk_size=2400)
Skipping probe: too short (len=670, chunk_size=2400)
Skipping probe: too short (len=886, chunk_size=2400)
Skipping probe: too short (len=1995, chunk_size=2400)
Skipping probe: too short (len=2252, chunk_size=2400)
Skipping probe: too short (len=2340, chunk_size=2400)
Skipping probe: too short (len=1871, chunk_size=2400)
Skipping probe: too short (len=1021, chunk_size=2400)
Skipping probe: too short (len=2058, chunk_size=2400)
Skipping probe: too short (len=1266, chunk_size=2400)
Skipping probe: too short (len=632, chunk_size=2400)
Skipping probe: too short (len=1958, chunk_size=2400)
Skipping probe: too short (len=1266, chunk_size=2400)
Skipping probe: too short (len=1619, chunk_size=2400)
Skipping probe: too short (len=1450, chunk_size=2400)
Skipping probe: too short (len=2176, chunk_size=2400)
Skipping probe: too short (len=1924, chunk_size=2400)
Skipping probe: too short (len=2341, chunk_size=2400)
Skipping probe: too short (len=2216, chunk_size=2400)
Skipping probe: too short (len=834, chunk_size=2400)
Skipping probe: too short (len=1506, chunk_size=2400)
Skipping probe: too short (len=1023, chunk_size=2400)
Skipping probe: too short (len=2171, chunk_size=2400)
Skipping probe: too short (len=2058, chunk_size=2400)
Skipping probe: too short (len=559, chunk_size=2400)
Skipping probe: too short (len=1906, chunk_size=2400)
Skipping probe: too short (len=1563, chunk_size=2400)
Skipping probe: too short (len=1335, chunk_size=2400)
Skipping probe: too short (len=906, chunk_size=2400)
Skipping probe: too short (len=1880, chunk_size=2400)
Skipping probe: too short (len=670, chunk_size=2400)
Skipping probe: too short (len=886, chunk_size=2400)
Skipping probe: too short (len=632, chunk_size=2400)
Skipping probe: too short (len=1871, chunk_size=2400)
Skipping probe: too short (len=1021, chunk_size=2400)
Skipping probe: too short (len=1995, chunk_size=2400)
Skipping probe: too short (len=2252, chunk_size=2400)
Skipping probe: too short (len=1763, chunk_size=2400)
Skipping probe: too short (len=1454, chunk_size=2400)
Skipping probe: too short (len=1349, chunk_size=2400)
Skipping probe: too short (len=1604, chunk_size=2400)
Skipping probe: too short (len=982, chunk_size=2400)
Skipping probe: too short (len=2340, chunk_size=2400)
Skipping probe: too short (len=1924, chunk_size=2400)
Skipping probe: too short (len=2341, chunk_size=2400)
Skipping probe: too short (len=2216, chunk_size=2400)
Skipping probe: too short (len=834, chunk_size=2400)
Skipping probe: too short (len=1506, chunk_size=2400)
Skipping probe: too short (len=1450, chunk_size=2400)
Skipping probe: too short (len=2058, chunk_size=2400)
Skipping probe: too short (len=1958, chunk_size=2400)
Skipping probe: too short (len=1349, chunk_size=2400)
Skipping probe: too short (len=1266, chunk_size=2400)
Skipping probe: too short (len=982, chunk_size=2400)
Skipping probe: too short (len=1454, chunk_size=2400)
Skipping probe: too short (len=1604, chunk_size=2400)
Skipping probe: too short (len=1619, chunk_size=2400)
Skipping probe: too short (len=1763, chunk_size=2400)
Skipping probe: too short (len=1023, chunk_size=2400)
Skipping probe: too short (len=2171, chunk_size=2400)
Skipping probe: too short (len=670, chunk_size=2400)
Skipping probe: too short (len=886, chunk_size=2400)
Skipping probe: too short (len=1880, chunk_size=2400)
Skipping probe: too short (len=1995, chunk_size=2400)
Skipping probe: too short (len=2252, chunk_size=2400)
Skipping probe: too short (len=1871, chunk_size=2400)
Skipping probe: too short (len=1021, chunk_size=2400)
Skipping probe: too short (len=632, chunk_size=2400)
Skipping probe: too short (len=2340, chunk_size=2400)
Skipping probe: too short (len=2176, chunk_size=2400)
Skipping probe: too short (len=559, chunk_size=2400)
Skipping probe: too short (len=1906, chunk_size=2400)
Skipping probe: too short (len=1563, chunk_size=2400)
Skipping probe: too short (len=1335, chunk_size=2400)
Skipping probe: too short (len=906, chunk_size=2400)
[I 2026-03-30 19:29:41,034] Trial 73 pruned. 
Skipping probe: too short (len=2176, chunk_size=2500)
Skipping probe: too short (len=1604, chunk_size=2500)
Skipping probe: too short (len=1924, chunk_size=2500)
Skipping probe: too short (len=2341, chunk_size=2500)
Skipping probe: too short (len=2216, chunk_size=2500)
Skipping probe: too short (len=2445, chunk_size=2500)
Skipping probe: too short (len=2409, chunk_size=2500)
Skipping probe: too short (len=834, chunk_size=2500)
Skipping probe: too short (len=1506, chunk_size=2500)
Skipping probe: too short (len=1450, chunk_size=2500)
Skipping probe: too short (len=2058, chunk_size=2500)
Skipping probe: too short (len=1454, chunk_size=2500)
Skipping probe: too short (len=1023, chunk_size=2500)
Skipping probe: too short (len=2171, chunk_size=2500)
Skipping probe: too short (len=1958, chunk_size=2500)
Skipping probe: too short (len=1349, chunk_size=2500)
Skipping probe: too short (len=559, chunk_size=2500)
Skipping probe: too short (len=1906, chunk_size=2500)
Skipping probe: too short (len=1563, chunk_size=2500)
Skipping probe: too short (len=1335, chunk_size=2500)
Skipping probe: too short (len=906, chunk_size=2500)
Skipping probe: too short (len=1266, chunk_size=2500)
Skipping probe: too short (len=982, chunk_size=2500)
Skipping probe: too short (len=1763, chunk_size=2500)
Skipping probe: too short (len=670, chunk_size=2500)
Skipping probe: too short (len=886, chunk_size=2500)
Skipping probe: too short (len=2340, chunk_size=2500)
Skipping probe: too short (len=632, chunk_size=2500)
Skipping probe: too short (len=2436, chunk_size=2500)
Skipping probe: too short (len=1880, chunk_size=2500)
Skipping probe: too short (len=1995, chunk_size=2500)
Skipping probe: too short (len=2252, chunk_size=2500)
Skipping probe: too short (len=1619, chunk_size=2500)
Skipping probe: too short (len=1871, chunk_size=2500)
Skipping probe: too short (len=1021, chunk_size=2500)
Skipping probe: too short (len=982, chunk_size=2500)
Skipping probe: too short (len=2436, chunk_size=2500)
Skipping probe: too short (len=1349, chunk_size=2500)
Skipping probe: too short (len=559, chunk_size=2500)
Skipping probe: too short (len=1906, chunk_size=2500)
Skipping probe: too short (len=1563, chunk_size=2500)
Skipping probe: too short (len=1335, chunk_size=2500)
Skipping probe: too short (len=906, chunk_size=2500)
Skipping probe: too short (len=2176, chunk_size=2500)
Skipping probe: too short (len=1450, chunk_size=2500)
Skipping probe: too short (len=1604, chunk_size=2500)
Skipping probe: too short (len=1454, chunk_size=2500)
Skipping probe: too short (len=1023, chunk_size=2500)
Skipping probe: too short (len=2171, chunk_size=2500)
Skipping probe: too short (len=1924, chunk_size=2500)
Skipping probe: too short (len=2341, chunk_size=2500)
Skipping probe: too short (len=2216, chunk_size=2500)
Skipping probe: too short (len=2445, chunk_size=2500)
Skipping probe: too short (len=2409, chunk_size=2500)
Skipping probe: too short (len=834, chunk_size=2500)
Skipping probe: too short (len=1506, chunk_size=2500)
Skipping probe: too short (len=1619, chunk_size=2500)
Skipping probe: too short (len=1958, chunk_size=2500)
Skipping probe: too short (len=670, chunk_size=2500)
Skipping probe: too short (len=886, chunk_size=2500)
Skipping probe: too short (len=1763, chunk_size=2500)
Skipping probe: too short (len=1880, chunk_size=2500)
Skipping probe: too short (len=1995, chunk_size=2500)
Skipping probe: too short (len=2252, chunk_size=2500)
Skipping probe: too short (len=2340, chunk_size=2500)
Skipping probe: too short (len=1871, chunk_size=2500)
Skipping probe: too short (len=1021, chunk_size=2500)
Skipping probe: too short (len=2058, chunk_size=2500)
Skipping probe: too short (len=1266, chunk_size=2500)
Skipping probe: too short (len=632, chunk_size=2500)
Skipping probe: too short (len=1958, chunk_size=2500)
Skipping probe: too short (len=2058, chunk_size=2500)
Skipping probe: too short (len=1619, chunk_size=2500)
Skipping probe: too short (len=1450, chunk_size=2500)
Skipping probe: too short (len=2436, chunk_size=2500)
Skipping probe: too short (len=1023, chunk_size=2500)
Skipping probe: too short (len=2171, chunk_size=2500)
Skipping probe: too short (len=2176, chunk_size=2500)
Skipping probe: too short (len=1266, chunk_size=2500)
Skipping probe: too short (len=670, chunk_size=2500)
Skipping probe: too short (len=886, chunk_size=2500)
Skipping probe: too short (len=1880, chunk_size=2500)
Skipping probe: too short (len=559, chunk_size=2500)
Skipping probe: too short (len=1906, chunk_size=2500)
Skipping probe: too short (len=1563, chunk_size=2500)
Skipping probe: too short (len=1335, chunk_size=2500)
Skipping probe: too short (len=906, chunk_size=2500)
Skipping probe: too short (len=1924, chunk_size=2500)
Skipping probe: too short (len=2341, chunk_size=2500)
Skipping probe: too short (len=2216, chunk_size=2500)
Skipping probe: too short (len=2445, chunk_size=2500)
Skipping probe: too short (len=2409, chunk_size=2500)
Skipping probe: too short (len=834, chunk_size=2500)
Skipping probe: too short (len=1506, chunk_size=2500)
Skipping probe: too short (len=1871, chunk_size=2500)
Skipping probe: too short (len=1021, chunk_size=2500)
Skipping probe: too short (len=1995, chunk_size=2500)
Skipping probe: too short (len=2252, chunk_size=2500)
Skipping probe: too short (len=632, chunk_size=2500)
Skipping probe: too short (len=1454, chunk_size=2500)
Skipping probe: too short (len=1349, chunk_size=2500)
Skipping probe: too short (len=1763, chunk_size=2500)
Skipping probe: too short (len=1604, chunk_size=2500)
Skipping probe: too short (len=2340, chunk_size=2500)
Skipping probe: too short (len=982, chunk_size=2500)
Skipping probe: too short (len=1454, chunk_size=2500)
Skipping probe: too short (len=2058, chunk_size=2500)
Skipping probe: too short (len=1349, chunk_size=2500)
Skipping probe: too short (len=2436, chunk_size=2500)
Skipping probe: too short (len=1619, chunk_size=2500)
Skipping probe: too short (len=1958, chunk_size=2500)
Skipping probe: too short (len=1450, chunk_size=2500)
Skipping probe: too short (len=1924, chunk_size=2500)
Skipping probe: too short (len=2341, chunk_size=2500)
Skipping probe: too short (len=2216, chunk_size=2500)
Skipping probe: too short (len=2445, chunk_size=2500)
Skipping probe: too short (len=2409, chunk_size=2500)
Skipping probe: too short (len=834, chunk_size=2500)
Skipping probe: too short (len=1506, chunk_size=2500)
Skipping probe: too short (len=1266, chunk_size=2500)
Skipping probe: too short (len=1604, chunk_size=2500)
Skipping probe: too short (len=1880, chunk_size=2500)
Skipping probe: too short (len=1023, chunk_size=2500)
Skipping probe: too short (len=2171, chunk_size=2500)
Skipping probe: too short (len=1763, chunk_size=2500)
Skipping probe: too short (len=982, chunk_size=2500)
Skipping probe: too short (len=1995, chunk_size=2500)
Skipping probe: too short (len=2252, chunk_size=2500)
Skipping probe: too short (len=670, chunk_size=2500)
Skipping probe: too short (len=886, chunk_size=2500)
Skipping probe: too short (len=2340, chunk_size=2500)
Skipping probe: too short (len=632, chunk_size=2500)
Skipping probe: too short (len=1871, chunk_size=2500)
Skipping probe: too short (len=1021, chunk_size=2500)
Skipping probe: too short (len=2176, chunk_size=2500)
Skipping probe: too short (len=559, chunk_size=2500)
Skipping probe: too short (len=1906, chunk_size=2500)
Skipping probe: too short (len=1563, chunk_size=2500)
Skipping probe: too short (len=1335, chunk_size=2500)
Skipping probe: too short (len=906, chunk_size=2500)
Skipping probe: too short (len=2058, chunk_size=2500)
Skipping probe: too short (len=559, chunk_size=2500)
Skipping probe: too short (len=1906, chunk_size=2500)
Skipping probe: too short (len=1563, chunk_size=2500)
Skipping probe: too short (len=1335, chunk_size=2500)
Skipping probe: too short (len=906, chunk_size=2500)
Skipping probe: too short (len=1454, chunk_size=2500)
Skipping probe: too short (len=982, chunk_size=2500)
Skipping probe: too short (len=1604, chunk_size=2500)
Skipping probe: too short (len=2436, chunk_size=2500)
Skipping probe: too short (len=1349, chunk_size=2500)
Skipping probe: too short (len=2176, chunk_size=2500)
Skipping probe: too short (len=1763, chunk_size=2500)
Skipping probe: too short (len=1266, chunk_size=2500)
Skipping probe: too short (len=1619, chunk_size=2500)
Skipping probe: too short (len=1880, chunk_size=2500)
Skipping probe: too short (len=1871, chunk_size=2500)
Skipping probe: too short (len=1021, chunk_size=2500)
Skipping probe: too short (len=632, chunk_size=2500)
Skipping probe: too short (len=1995, chunk_size=2500)
Skipping probe: too short (len=2252, chunk_size=2500)
Skipping probe: too short (len=2340, chunk_size=2500)
Skipping probe: too short (len=1450, chunk_size=2500)
Skipping probe: too short (len=1023, chunk_size=2500)
Skipping probe: too short (len=2171, chunk_size=2500)
Skipping probe: too short (len=1958, chunk_size=2500)
Skipping probe: too short (len=1924, chunk_size=2500)
Skipping probe: too short (len=2341, chunk_size=2500)
Skipping probe: too short (len=2216, chunk_size=2500)
Skipping probe: too short (len=2445, chunk_size=2500)
Skipping probe: too short (len=2409, chunk_size=2500)
Skipping probe: too short (len=834, chunk_size=2500)
Skipping probe: too short (len=1506, chunk_size=2500)
Skipping probe: too short (len=670, chunk_size=2500)
Skipping probe: too short (len=886, chunk_size=2500)
Trial 74 F1s - Weighted: 0.7836 | Macro: 0.3589 | Micro: 0.8059

[I 2026-03-30 19:48:40,888] Trial 74 finished with value: 0.7836131451264734 and parameters: {'chunk_seconds': 25, 'num_freqs': 14, 'num_estimators': 256, 'max_depth': 64, 'max_features': 0.20312872091725787, 'overlap': 0.6091468064754031, 'max_lag': 13}. Best is trial 74 with value: 0.7836131451264734.
Skipping probe: too short (len=1958, chunk_size=2500)
Skipping probe: too short (len=1023, chunk_size=2500)
Skipping probe: too short (len=2171, chunk_size=2500)
Skipping probe: too short (len=1454, chunk_size=2500)
Skipping probe: too short (len=1450, chunk_size=2500)
Skipping probe: too short (len=2176, chunk_size=2500)
Skipping probe: too short (len=1604, chunk_size=2500)
Skipping probe: too short (len=2058, chunk_size=2500)
Skipping probe: too short (len=982, chunk_size=2500)
Skipping probe: too short (len=1924, chunk_size=2500)
Skipping probe: too short (len=2341, chunk_size=2500)
Skipping probe: too short (len=2216, chunk_size=2500)
Skipping probe: too short (len=2445, chunk_size=2500)
Skipping probe: too short (len=2409, chunk_size=2500)
Skipping probe: too short (len=834, chunk_size=2500)
Skipping probe: too short (len=1506, chunk_size=2500)
Skipping probe: too short (len=1349, chunk_size=2500)
Skipping probe: too short (len=559, chunk_size=2500)
Skipping probe: too short (len=1906, chunk_size=2500)
Skipping probe: too short (len=1563, chunk_size=2500)
Skipping probe: too short (len=1335, chunk_size=2500)
Skipping probe: too short (len=906, chunk_size=2500)
Skipping probe: too short (len=1266, chunk_size=2500)
Skipping probe: too short (len=1763, chunk_size=2500)
Skipping probe: too short (len=2340, chunk_size=2500)
Skipping probe: too short (len=632, chunk_size=2500)
Skipping probe: too short (len=670, chunk_size=2500)
Skipping probe: too short (len=886, chunk_size=2500)
Skipping probe: too short (len=2436, chunk_size=2500)
Skipping probe: too short (len=1880, chunk_size=2500)
Skipping probe: too short (len=1619, chunk_size=2500)
Skipping probe: too short (len=1995, chunk_size=2500)
Skipping probe: too short (len=2252, chunk_size=2500)
Skipping probe: too short (len=1871, chunk_size=2500)
Skipping probe: too short (len=1021, chunk_size=2500)
Skipping probe: too short (len=559, chunk_size=2500)
Skipping probe: too short (len=1906, chunk_size=2500)
Skipping probe: too short (len=1563, chunk_size=2500)
Skipping probe: too short (len=1335, chunk_size=2500)
Skipping probe: too short (len=906, chunk_size=2500)
Skipping probe: too short (len=1924, chunk_size=2500)
Skipping probe: too short (len=2341, chunk_size=2500)
Skipping probe: too short (len=2216, chunk_size=2500)
Skipping probe: too short (len=2445, chunk_size=2500)
Skipping probe: too short (len=2409, chunk_size=2500)
Skipping probe: too short (len=834, chunk_size=2500)
Skipping probe: too short (len=1506, chunk_size=2500)
Skipping probe: too short (len=1023, chunk_size=2500)
Skipping probe: too short (len=2171, chunk_size=2500)
Skipping probe: too short (len=1604, chunk_size=2500)
Skipping probe: too short (len=2436, chunk_size=2500)
Skipping probe: too short (len=2176, chunk_size=2500)
Skipping probe: too short (len=1454, chunk_size=2500)
Skipping probe: too short (len=1349, chunk_size=2500)
Skipping probe: too short (len=1450, chunk_size=2500)
Skipping probe: too short (len=1619, chunk_size=2500)
Skipping probe: too short (len=1958, chunk_size=2500)
Skipping probe: too short (len=1871, chunk_size=2500)
Skipping probe: too short (len=1021, chunk_size=2500)
Skipping probe: too short (len=982, chunk_size=2500)
Skipping probe: too short (len=1763, chunk_size=2500)
Skipping probe: too short (len=1880, chunk_size=2500)
Skipping probe: too short (len=1995, chunk_size=2500)
Skipping probe: too short (len=2252, chunk_size=2500)
Skipping probe: too short (len=2340, chunk_size=2500)
Skipping probe: too short (len=670, chunk_size=2500)
Skipping probe: too short (len=886, chunk_size=2500)
Skipping probe: too short (len=2058, chunk_size=2500)
Skipping probe: too short (len=1266, chunk_size=2500)
Skipping probe: too short (len=632, chunk_size=2500)
Skipping probe: too short (len=1266, chunk_size=2500)
Skipping probe: too short (len=1924, chunk_size=2500)
Skipping probe: too short (len=2341, chunk_size=2500)
Skipping probe: too short (len=2216, chunk_size=2500)
Skipping probe: too short (len=2445, chunk_size=2500)
Skipping probe: too short (len=2409, chunk_size=2500)
Skipping probe: too short (len=834, chunk_size=2500)
Skipping probe: too short (len=1506, chunk_size=2500)
Skipping probe: too short (len=1450, chunk_size=2500)
Skipping probe: too short (len=559, chunk_size=2500)
Skipping probe: too short (len=1906, chunk_size=2500)
Skipping probe: too short (len=1563, chunk_size=2500)
Skipping probe: too short (len=1335, chunk_size=2500)
Skipping probe: too short (len=906, chunk_size=2500)
Skipping probe: too short (len=1023, chunk_size=2500)
Skipping probe: too short (len=2171, chunk_size=2500)
Skipping probe: too short (len=2176, chunk_size=2500)
Skipping probe: too short (len=1619, chunk_size=2500)
Skipping probe: too short (len=1958, chunk_size=2500)
Skipping probe: too short (len=2436, chunk_size=2500)
Skipping probe: too short (len=2058, chunk_size=2500)
Skipping probe: too short (len=1880, chunk_size=2500)
Skipping probe: too short (len=670, chunk_size=2500)
Skipping probe: too short (len=886, chunk_size=2500)
Skipping probe: too short (len=1871, chunk_size=2500)
Skipping probe: too short (len=1021, chunk_size=2500)
Skipping probe: too short (len=632, chunk_size=2500)
Skipping probe: too short (len=1995, chunk_size=2500)
Skipping probe: too short (len=2252, chunk_size=2500)
Skipping probe: too short (len=1454, chunk_size=2500)
Skipping probe: too short (len=2340, chunk_size=2500)
Skipping probe: too short (len=1763, chunk_size=2500)
Skipping probe: too short (len=982, chunk_size=2500)
Skipping probe: too short (len=1349, chunk_size=2500)
Skipping probe: too short (len=1604, chunk_size=2500)
Skipping probe: too short (len=1266, chunk_size=2500)
Skipping probe: too short (len=1958, chunk_size=2500)
Skipping probe: too short (len=1924, chunk_size=2500)
Skipping probe: too short (len=2341, chunk_size=2500)
Skipping probe: too short (len=2216, chunk_size=2500)
Skipping probe: too short (len=2445, chunk_size=2500)
Skipping probe: too short (len=2409, chunk_size=2500)
Skipping probe: too short (len=834, chunk_size=2500)
Skipping probe: too short (len=1506, chunk_size=2500)
Skipping probe: too short (len=1454, chunk_size=2500)
Skipping probe: too short (len=2058, chunk_size=2500)
Skipping probe: too short (len=2436, chunk_size=2500)
Skipping probe: too short (len=1450, chunk_size=2500)
Skipping probe: too short (len=1604, chunk_size=2500)
Skipping probe: too short (len=1619, chunk_size=2500)
Skipping probe: too short (len=1349, chunk_size=2500)
Skipping probe: too short (len=982, chunk_size=2500)
Skipping probe: too short (len=1023, chunk_size=2500)
Skipping probe: too short (len=2171, chunk_size=2500)
Skipping probe: too short (len=1763, chunk_size=2500)
Skipping probe: too short (len=1880, chunk_size=2500)
Skipping probe: too short (len=1995, chunk_size=2500)
Skipping probe: too short (len=2252, chunk_size=2500)
Skipping probe: too short (len=2340, chunk_size=2500)
Skipping probe: too short (len=1871, chunk_size=2500)
Skipping probe: too short (len=1021, chunk_size=2500)
Skipping probe: too short (len=670, chunk_size=2500)
Skipping probe: too short (len=886, chunk_size=2500)
Skipping probe: too short (len=632, chunk_size=2500)
Skipping probe: too short (len=2176, chunk_size=2500)
Skipping probe: too short (len=559, chunk_size=2500)
Skipping probe: too short (len=1906, chunk_size=2500)
Skipping probe: too short (len=1563, chunk_size=2500)
Skipping probe: too short (len=1335, chunk_size=2500)
Skipping probe: too short (len=906, chunk_size=2500)
[I 2026-03-30 20:02:34,305] Trial 75 pruned. 
Skipping probe: too short (len=1924, chunk_size=2300)
Skipping probe: too short (len=2216, chunk_size=2300)
Skipping probe: too short (len=834, chunk_size=2300)
Skipping probe: too short (len=1506, chunk_size=2300)
Skipping probe: too short (len=1604, chunk_size=2300)
Skipping probe: too short (len=2176, chunk_size=2300)
Skipping probe: too short (len=1450, chunk_size=2300)
Skipping probe: too short (len=1454, chunk_size=2300)
Skipping probe: too short (len=982, chunk_size=2300)
Skipping probe: too short (len=559, chunk_size=2300)
Skipping probe: too short (len=1906, chunk_size=2300)
Skipping probe: too short (len=1563, chunk_size=2300)
Skipping probe: too short (len=1335, chunk_size=2300)
Skipping probe: too short (len=906, chunk_size=2300)
Skipping probe: too short (len=1023, chunk_size=2300)
Skipping probe: too short (len=2171, chunk_size=2300)
Skipping probe: too short (len=2058, chunk_size=2300)
Skipping probe: too short (len=1349, chunk_size=2300)
Skipping probe: too short (len=1266, chunk_size=2300)
Skipping probe: too short (len=1958, chunk_size=2300)
Skipping probe: too short (len=1763, chunk_size=2300)
Skipping probe: too short (len=670, chunk_size=2300)
Skipping probe: too short (len=886, chunk_size=2300)
Skipping probe: too short (len=632, chunk_size=2300)
Skipping probe: too short (len=1619, chunk_size=2300)
Skipping probe: too short (len=1995, chunk_size=2300)
Skipping probe: too short (len=2252, chunk_size=2300)
Skipping probe: too short (len=1880, chunk_size=2300)
Skipping probe: too short (len=1871, chunk_size=2300)
Skipping probe: too short (len=1021, chunk_size=2300)
Skipping probe: too short (len=982, chunk_size=2300)
Skipping probe: too short (len=1619, chunk_size=2300)
Skipping probe: too short (len=2176, chunk_size=2300)
Skipping probe: too short (len=1924, chunk_size=2300)
Skipping probe: too short (len=2216, chunk_size=2300)
Skipping probe: too short (len=834, chunk_size=2300)
Skipping probe: too short (len=1506, chunk_size=2300)
Skipping probe: too short (len=670, chunk_size=2300)
Skipping probe: too short (len=886, chunk_size=2300)
Skipping probe: too short (len=1450, chunk_size=2300)
Skipping probe: too short (len=1604, chunk_size=2300)
Skipping probe: too short (len=1958, chunk_size=2300)
Skipping probe: too short (len=1023, chunk_size=2300)
Skipping probe: too short (len=2171, chunk_size=2300)
Skipping probe: too short (len=1454, chunk_size=2300)
Skipping probe: too short (len=1349, chunk_size=2300)
Skipping probe: too short (len=559, chunk_size=2300)
Skipping probe: too short (len=1906, chunk_size=2300)
Skipping probe: too short (len=1563, chunk_size=2300)
Skipping probe: too short (len=1335, chunk_size=2300)
Skipping probe: too short (len=906, chunk_size=2300)
Skipping probe: too short (len=1763, chunk_size=2300)
Skipping probe: too short (len=1880, chunk_size=2300)
Skipping probe: too short (len=1871, chunk_size=2300)
Skipping probe: too short (len=1021, chunk_size=2300)
Skipping probe: too short (len=1995, chunk_size=2300)
Skipping probe: too short (len=2252, chunk_size=2300)
Skipping probe: too short (len=2058, chunk_size=2300)
Skipping probe: too short (len=1266, chunk_size=2300)
Skipping probe: too short (len=632, chunk_size=2300)
[I 2026-03-30 20:11:44,865] Trial 76 pruned. 
Skipping probe: too short (len=1023, chunk_size=2500)
Skipping probe: too short (len=2171, chunk_size=2500)
Skipping probe: too short (len=2058, chunk_size=2500)
Skipping probe: too short (len=2176, chunk_size=2500)
Skipping probe: too short (len=1349, chunk_size=2500)
Skipping probe: too short (len=1958, chunk_size=2500)
Skipping probe: too short (len=1454, chunk_size=2500)
Skipping probe: too short (len=559, chunk_size=2500)
Skipping probe: too short (len=1906, chunk_size=2500)
Skipping probe: too short (len=1563, chunk_size=2500)
Skipping probe: too short (len=1335, chunk_size=2500)
Skipping probe: too short (len=906, chunk_size=2500)
Skipping probe: too short (len=982, chunk_size=2500)
Skipping probe: too short (len=1604, chunk_size=2500)
Skipping probe: too short (len=1924, chunk_size=2500)
Skipping probe: too short (len=2341, chunk_size=2500)
Skipping probe: too short (len=2216, chunk_size=2500)
Skipping probe: too short (len=2445, chunk_size=2500)
Skipping probe: too short (len=2409, chunk_size=2500)
Skipping probe: too short (len=834, chunk_size=2500)
Skipping probe: too short (len=1506, chunk_size=2500)
Skipping probe: too short (len=1266, chunk_size=2500)
Skipping probe: too short (len=1450, chunk_size=2500)
Skipping probe: too short (len=1763, chunk_size=2500)
Skipping probe: too short (len=670, chunk_size=2500)
Skipping probe: too short (len=886, chunk_size=2500)
Skipping probe: too short (len=2340, chunk_size=2500)
Skipping probe: too short (len=632, chunk_size=2500)
Skipping probe: too short (len=1619, chunk_size=2500)
Skipping probe: too short (len=2436, chunk_size=2500)
Skipping probe: too short (len=1880, chunk_size=2500)
Skipping probe: too short (len=1871, chunk_size=2500)
Skipping probe: too short (len=1021, chunk_size=2500)
Skipping probe: too short (len=1995, chunk_size=2500)
Skipping probe: too short (len=2252, chunk_size=2500)
Skipping probe: too short (len=1454, chunk_size=2500)
Skipping probe: too short (len=559, chunk_size=2500)
Skipping probe: too short (len=1906, chunk_size=2500)
Skipping probe: too short (len=1563, chunk_size=2500)
Skipping probe: too short (len=1335, chunk_size=2500)
Skipping probe: too short (len=906, chunk_size=2500)
Skipping probe: too short (len=1958, chunk_size=2500)
Skipping probe: too short (len=2176, chunk_size=2500)
Skipping probe: too short (len=2436, chunk_size=2500)
Skipping probe: too short (len=1450, chunk_size=2500)
Skipping probe: too short (len=1604, chunk_size=2500)
Skipping probe: too short (len=1023, chunk_size=2500)
Skipping probe: too short (len=2171, chunk_size=2500)
Skipping probe: too short (len=1924, chunk_size=2500)
Skipping probe: too short (len=2341, chunk_size=2500)
Skipping probe: too short (len=2216, chunk_size=2500)
Skipping probe: too short (len=2445, chunk_size=2500)
Skipping probe: too short (len=2409, chunk_size=2500)
Skipping probe: too short (len=834, chunk_size=2500)
Skipping probe: too short (len=1506, chunk_size=2500)
Skipping probe: too short (len=1349, chunk_size=2500)
Skipping probe: too short (len=1619, chunk_size=2500)
Skipping probe: too short (len=1763, chunk_size=2500)
Skipping probe: too short (len=1880, chunk_size=2500)
Skipping probe: too short (len=982, chunk_size=2500)
Skipping probe: too short (len=670, chunk_size=2500)
Skipping probe: too short (len=886, chunk_size=2500)
Skipping probe: too short (len=2340, chunk_size=2500)
Skipping probe: too short (len=1871, chunk_size=2500)
Skipping probe: too short (len=1021, chunk_size=2500)
Skipping probe: too short (len=1995, chunk_size=2500)
Skipping probe: too short (len=2252, chunk_size=2500)
Skipping probe: too short (len=1266, chunk_size=2500)
Skipping probe: too short (len=2058, chunk_size=2500)
Skipping probe: too short (len=632, chunk_size=2500)
Skipping probe: too short (len=1958, chunk_size=2500)
Skipping probe: too short (len=1924, chunk_size=2500)
Skipping probe: too short (len=2341, chunk_size=2500)
Skipping probe: too short (len=2216, chunk_size=2500)
Skipping probe: too short (len=2445, chunk_size=2500)
Skipping probe: too short (len=2409, chunk_size=2500)
Skipping probe: too short (len=834, chunk_size=2500)
Skipping probe: too short (len=1506, chunk_size=2500)
Skipping probe: too short (len=2058, chunk_size=2500)
Skipping probe: too short (len=559, chunk_size=2500)
Skipping probe: too short (len=1906, chunk_size=2500)
Skipping probe: too short (len=1563, chunk_size=2500)
Skipping probe: too short (len=1335, chunk_size=2500)
Skipping probe: too short (len=906, chunk_size=2500)
Skipping probe: too short (len=1023, chunk_size=2500)
Skipping probe: too short (len=2171, chunk_size=2500)
Skipping probe: too short (len=2436, chunk_size=2500)
Skipping probe: too short (len=1450, chunk_size=2500)
Skipping probe: too short (len=1619, chunk_size=2500)
Skipping probe: too short (len=1266, chunk_size=2500)
Skipping probe: too short (len=2176, chunk_size=2500)
Skipping probe: too short (len=1995, chunk_size=2500)
Skipping probe: too short (len=2252, chunk_size=2500)
Skipping probe: too short (len=670, chunk_size=2500)
Skipping probe: too short (len=886, chunk_size=2500)
Skipping probe: too short (len=1880, chunk_size=2500)
Skipping probe: too short (len=1871, chunk_size=2500)
Skipping probe: too short (len=1021, chunk_size=2500)
Skipping probe: too short (len=632, chunk_size=2500)
Skipping probe: too short (len=1454, chunk_size=2500)
Skipping probe: too short (len=1604, chunk_size=2500)
Skipping probe: too short (len=1349, chunk_size=2500)
Skipping probe: too short (len=1763, chunk_size=2500)
Skipping probe: too short (len=982, chunk_size=2500)
Skipping probe: too short (len=2340, chunk_size=2500)
[I 2026-03-30 20:25:24,320] Trial 77 pruned. 
Skipping probe: too short (len=2058, chunk_size=2100)
Skipping probe: too short (len=1023, chunk_size=2100)
Skipping probe: too short (len=1450, chunk_size=2100)
Skipping probe: too short (len=1454, chunk_size=2100)
Skipping probe: too short (len=1604, chunk_size=2100)
Skipping probe: too short (len=1349, chunk_size=2100)
Skipping probe: too short (len=1924, chunk_size=2100)
Skipping probe: too short (len=834, chunk_size=2100)
Skipping probe: too short (len=1506, chunk_size=2100)
Skipping probe: too short (len=1266, chunk_size=2100)
Skipping probe: too short (len=982, chunk_size=2100)
Skipping probe: too short (len=559, chunk_size=2100)
Skipping probe: too short (len=1906, chunk_size=2100)
Skipping probe: too short (len=1563, chunk_size=2100)
Skipping probe: too short (len=1335, chunk_size=2100)
Skipping probe: too short (len=906, chunk_size=2100)
Skipping probe: too short (len=1958, chunk_size=2100)
Skipping probe: too short (len=670, chunk_size=2100)
Skipping probe: too short (len=886, chunk_size=2100)
Skipping probe: too short (len=632, chunk_size=2100)
Skipping probe: too short (len=1763, chunk_size=2100)
Skipping probe: too short (len=1619, chunk_size=2100)
Skipping probe: too short (len=1995, chunk_size=2100)
Skipping probe: too short (len=1880, chunk_size=2100)
Skipping probe: too short (len=1871, chunk_size=2100)
Skipping probe: too short (len=1021, chunk_size=2100)
Skipping probe: too short (len=1924, chunk_size=2100)
Skipping probe: too short (len=834, chunk_size=2100)
Skipping probe: too short (len=1506, chunk_size=2100)
Skipping probe: too short (len=1619, chunk_size=2100)
Skipping probe: too short (len=1450, chunk_size=2100)
Skipping probe: too short (len=982, chunk_size=2100)
Skipping probe: too short (len=1604, chunk_size=2100)
Skipping probe: too short (len=1023, chunk_size=2100)
Skipping probe: too short (len=1349, chunk_size=2100)
Skipping probe: too short (len=1880, chunk_size=2100)
Skipping probe: too short (len=1763, chunk_size=2100)
Skipping probe: too short (len=1454, chunk_size=2100)
Skipping probe: too short (len=559, chunk_size=2100)
Skipping probe: too short (len=1906, chunk_size=2100)
Skipping probe: too short (len=1563, chunk_size=2100)
Skipping probe: too short (len=1335, chunk_size=2100)
Skipping probe: too short (len=906, chunk_size=2100)
Skipping probe: too short (len=1958, chunk_size=2100)
Skipping probe: too short (len=670, chunk_size=2100)
Skipping probe: too short (len=886, chunk_size=2100)
Skipping probe: too short (len=1995, chunk_size=2100)
Skipping probe: too short (len=1871, chunk_size=2100)
Skipping probe: too short (len=1021, chunk_size=2100)
Skipping probe: too short (len=2058, chunk_size=2100)
Skipping probe: too short (len=1266, chunk_size=2100)
Skipping probe: too short (len=632, chunk_size=2100)
Skipping probe: too short (len=1619, chunk_size=2100)
Skipping probe: too short (len=1450, chunk_size=2100)
Skipping probe: too short (len=2058, chunk_size=2100)
Skipping probe: too short (len=1023, chunk_size=2100)
Skipping probe: too short (len=1266, chunk_size=2100)
Skipping probe: too short (len=1924, chunk_size=2100)
Skipping probe: too short (len=834, chunk_size=2100)
Skipping probe: too short (len=1506, chunk_size=2100)
Skipping probe: too short (len=1958, chunk_size=2100)
Skipping probe: too short (len=559, chunk_size=2100)
Skipping probe: too short (len=1906, chunk_size=2100)
Skipping probe: too short (len=1563, chunk_size=2100)
Skipping probe: too short (len=1335, chunk_size=2100)
Skipping probe: too short (len=906, chunk_size=2100)
Skipping probe: too short (len=1880, chunk_size=2100)
Skipping probe: too short (len=670, chunk_size=2100)
Skipping probe: too short (len=886, chunk_size=2100)
Skipping probe: too short (len=632, chunk_size=2100)
Skipping probe: too short (len=1871, chunk_size=2100)
Skipping probe: too short (len=1021, chunk_size=2100)
Skipping probe: too short (len=1995, chunk_size=2100)
Skipping probe: too short (len=1454, chunk_size=2100)
Skipping probe: too short (len=982, chunk_size=2100)
Skipping probe: too short (len=1349, chunk_size=2100)
Skipping probe: too short (len=1763, chunk_size=2100)
Skipping probe: too short (len=1604, chunk_size=2100)
[I 2026-03-30 20:55:46,335] Trial 78 pruned. 
Skipping probe: too short (len=559, chunk_size=2200)
Skipping probe: too short (len=1906, chunk_size=2200)
Skipping probe: too short (len=1563, chunk_size=2200)
Skipping probe: too short (len=1335, chunk_size=2200)
Skipping probe: too short (len=906, chunk_size=2200)
Skipping probe: too short (len=1023, chunk_size=2200)
Skipping probe: too short (len=2171, chunk_size=2200)
Skipping probe: too short (len=1924, chunk_size=2200)
Skipping probe: too short (len=834, chunk_size=2200)
Skipping probe: too short (len=1506, chunk_size=2200)
Skipping probe: too short (len=1958, chunk_size=2200)
Skipping probe: too short (len=1604, chunk_size=2200)
Skipping probe: too short (len=1454, chunk_size=2200)
Skipping probe: too short (len=1349, chunk_size=2200)
Skipping probe: too short (len=1266, chunk_size=2200)
Skipping probe: too short (len=2058, chunk_size=2200)
Skipping probe: too short (len=1450, chunk_size=2200)
Skipping probe: too short (len=2176, chunk_size=2200)
Skipping probe: too short (len=982, chunk_size=2200)
Skipping probe: too short (len=1763, chunk_size=2200)
Skipping probe: too short (len=670, chunk_size=2200)
Skipping probe: too short (len=886, chunk_size=2200)
Skipping probe: too short (len=632, chunk_size=2200)
Skipping probe: too short (len=1619, chunk_size=2200)
Skipping probe: too short (len=1880, chunk_size=2200)
Skipping probe: too short (len=1995, chunk_size=2200)
Skipping probe: too short (len=1871, chunk_size=2200)
Skipping probe: too short (len=1021, chunk_size=2200)
Skipping probe: too short (len=1023, chunk_size=2200)
Skipping probe: too short (len=2171, chunk_size=2200)
Skipping probe: too short (len=1450, chunk_size=2200)
Skipping probe: too short (len=2176, chunk_size=2200)
Skipping probe: too short (len=1454, chunk_size=2200)
Skipping probe: too short (len=1958, chunk_size=2200)
Skipping probe: too short (len=982, chunk_size=2200)
Skipping probe: too short (len=559, chunk_size=2200)
Skipping probe: too short (len=1906, chunk_size=2200)
Skipping probe: too short (len=1563, chunk_size=2200)
Skipping probe: too short (len=1335, chunk_size=2200)
Skipping probe: too short (len=906, chunk_size=2200)
Skipping probe: too short (len=1349, chunk_size=2200)
Skipping probe: too short (len=1604, chunk_size=2200)
Skipping probe: too short (len=1924, chunk_size=2200)
Skipping probe: too short (len=834, chunk_size=2200)
Skipping probe: too short (len=1506, chunk_size=2200)
Skipping probe: too short (len=1619, chunk_size=2200)
Skipping probe: too short (len=1763, chunk_size=2200)
Skipping probe: too short (len=1880, chunk_size=2200)
Skipping probe: too short (len=1995, chunk_size=2200)
Skipping probe: too short (len=670, chunk_size=2200)
Skipping probe: too short (len=886, chunk_size=2200)
Skipping probe: too short (len=1871, chunk_size=2200)
Skipping probe: too short (len=1021, chunk_size=2200)
Skipping probe: too short (len=2058, chunk_size=2200)
Skipping probe: too short (len=1266, chunk_size=2200)
Skipping probe: too short (len=632, chunk_size=2200)
[I 2026-03-30 20:59:21,078] Trial 79 pruned. 
Skipping probe: too short (len=1604, chunk_size=2400)
Skipping probe: too short (len=1924, chunk_size=2400)
Skipping probe: too short (len=2341, chunk_size=2400)
Skipping probe: too short (len=2216, chunk_size=2400)
Skipping probe: too short (len=834, chunk_size=2400)
Skipping probe: too short (len=1506, chunk_size=2400)
Skipping probe: too short (len=1958, chunk_size=2400)
Skipping probe: too short (len=2176, chunk_size=2400)
Skipping probe: too short (len=1454, chunk_size=2400)
Skipping probe: too short (len=1763, chunk_size=2400)
Skipping probe: too short (len=1349, chunk_size=2400)
Skipping probe: too short (len=1023, chunk_size=2400)
Skipping probe: too short (len=2171, chunk_size=2400)
Skipping probe: too short (len=2058, chunk_size=2400)
Skipping probe: too short (len=982, chunk_size=2400)
Skipping probe: too short (len=1450, chunk_size=2400)
Skipping probe: too short (len=1266, chunk_size=2400)
Skipping probe: too short (len=559, chunk_size=2400)
Skipping probe: too short (len=1906, chunk_size=2400)
Skipping probe: too short (len=1563, chunk_size=2400)
Skipping probe: too short (len=1335, chunk_size=2400)
Skipping probe: too short (len=906, chunk_size=2400)
Skipping probe: too short (len=670, chunk_size=2400)
Skipping probe: too short (len=886, chunk_size=2400)
Skipping probe: too short (len=632, chunk_size=2400)
Skipping probe: too short (len=2340, chunk_size=2400)
Skipping probe: too short (len=1619, chunk_size=2400)
Skipping probe: too short (len=1880, chunk_size=2400)
Skipping probe: too short (len=1995, chunk_size=2400)
Skipping probe: too short (len=2252, chunk_size=2400)
Skipping probe: too short (len=1871, chunk_size=2400)
Skipping probe: too short (len=1021, chunk_size=2400)
Skipping probe: too short (len=1604, chunk_size=2400)
Skipping probe: too short (len=1924, chunk_size=2400)
Skipping probe: too short (len=2341, chunk_size=2400)
Skipping probe: too short (len=2216, chunk_size=2400)
Skipping probe: too short (len=834, chunk_size=2400)
Skipping probe: too short (len=1506, chunk_size=2400)
Skipping probe: too short (len=1454, chunk_size=2400)
Skipping probe: too short (len=1023, chunk_size=2400)
Skipping probe: too short (len=2171, chunk_size=2400)
Skipping probe: too short (len=1763, chunk_size=2400)
Skipping probe: too short (len=1450, chunk_size=2400)
Skipping probe: too short (len=1619, chunk_size=2400)
Skipping probe: too short (len=1349, chunk_size=2400)
Skipping probe: too short (len=1958, chunk_size=2400)
Skipping probe: too short (len=559, chunk_size=2400)
Skipping probe: too short (len=1906, chunk_size=2400)
Skipping probe: too short (len=1563, chunk_size=2400)
Skipping probe: too short (len=1335, chunk_size=2400)
Skipping probe: too short (len=906, chunk_size=2400)
Skipping probe: too short (len=1880, chunk_size=2400)
Skipping probe: too short (len=982, chunk_size=2400)
Skipping probe: too short (len=1995, chunk_size=2400)
Skipping probe: too short (len=2252, chunk_size=2400)
Skipping probe: too short (len=2176, chunk_size=2400)
Skipping probe: too short (len=670, chunk_size=2400)
Skipping probe: too short (len=886, chunk_size=2400)
Skipping probe: too short (len=2340, chunk_size=2400)
Skipping probe: too short (len=1871, chunk_size=2400)
Skipping probe: too short (len=1021, chunk_size=2400)
Skipping probe: too short (len=2058, chunk_size=2400)
Skipping probe: too short (len=1266, chunk_size=2400)
Skipping probe: too short (len=632, chunk_size=2400)
Skipping probe: too short (len=1924, chunk_size=2400)
Skipping probe: too short (len=2341, chunk_size=2400)
Skipping probe: too short (len=2216, chunk_size=2400)
Skipping probe: too short (len=834, chunk_size=2400)
Skipping probe: too short (len=1506, chunk_size=2400)
Skipping probe: too short (len=1450, chunk_size=2400)
Skipping probe: too short (len=1958, chunk_size=2400)
Skipping probe: too short (len=1023, chunk_size=2400)
Skipping probe: too short (len=2171, chunk_size=2400)
Skipping probe: too short (len=559, chunk_size=2400)
Skipping probe: too short (len=1906, chunk_size=2400)
Skipping probe: too short (len=1563, chunk_size=2400)
Skipping probe: too short (len=1335, chunk_size=2400)
Skipping probe: too short (len=906, chunk_size=2400)
Skipping probe: too short (len=2058, chunk_size=2400)
Skipping probe: too short (len=1266, chunk_size=2400)
Skipping probe: too short (len=2176, chunk_size=2400)
Skipping probe: too short (len=1619, chunk_size=2400)
Skipping probe: too short (len=1880, chunk_size=2400)
Skipping probe: too short (len=1995, chunk_size=2400)
Skipping probe: too short (len=2252, chunk_size=2400)
Skipping probe: too short (len=632, chunk_size=2400)
Skipping probe: too short (len=1871, chunk_size=2400)
Skipping probe: too short (len=1021, chunk_size=2400)
Skipping probe: too short (len=670, chunk_size=2400)
Skipping probe: too short (len=886, chunk_size=2400)
Skipping probe: too short (len=1454, chunk_size=2400)
Skipping probe: too short (len=1763, chunk_size=2400)
Skipping probe: too short (len=2340, chunk_size=2400)
Skipping probe: too short (len=982, chunk_size=2400)
Skipping probe: too short (len=1349, chunk_size=2400)
Skipping probe: too short (len=1604, chunk_size=2400)
[I 2026-03-30 21:08:42,445] Trial 80 pruned. 
Skipping probe: too short (len=1266, chunk_size=2300)
Skipping probe: too short (len=2058, chunk_size=2300)
Skipping probe: too short (len=1958, chunk_size=2300)
Skipping probe: too short (len=559, chunk_size=2300)
Skipping probe: too short (len=1906, chunk_size=2300)
Skipping probe: too short (len=1563, chunk_size=2300)
Skipping probe: too short (len=1335, chunk_size=2300)
Skipping probe: too short (len=906, chunk_size=2300)
Skipping probe: too short (len=1924, chunk_size=2300)
Skipping probe: too short (len=2216, chunk_size=2300)
Skipping probe: too short (len=834, chunk_size=2300)
Skipping probe: too short (len=1506, chunk_size=2300)
Skipping probe: too short (len=982, chunk_size=2300)
Skipping probe: too short (len=1349, chunk_size=2300)
Skipping probe: too short (len=1763, chunk_size=2300)
Skipping probe: too short (len=1454, chunk_size=2300)
Skipping probe: too short (len=1604, chunk_size=2300)
Skipping probe: too short (len=1023, chunk_size=2300)
Skipping probe: too short (len=2171, chunk_size=2300)
Skipping probe: too short (len=1450, chunk_size=2300)
Skipping probe: too short (len=632, chunk_size=2300)
Skipping probe: too short (len=2176, chunk_size=2300)
Skipping probe: too short (len=670, chunk_size=2300)
Skipping probe: too short (len=886, chunk_size=2300)
Skipping probe: too short (len=1619, chunk_size=2300)
Skipping probe: too short (len=1880, chunk_size=2300)
Skipping probe: too short (len=1995, chunk_size=2300)
Skipping probe: too short (len=2252, chunk_size=2300)
Skipping probe: too short (len=1871, chunk_size=2300)
Skipping probe: too short (len=1021, chunk_size=2300)
Skipping probe: too short (len=1450, chunk_size=2300)
Skipping probe: too short (len=1349, chunk_size=2300)
Skipping probe: too short (len=1924, chunk_size=2300)
Skipping probe: too short (len=2216, chunk_size=2300)
Skipping probe: too short (len=834, chunk_size=2300)
Skipping probe: too short (len=1506, chunk_size=2300)
Skipping probe: too short (len=1958, chunk_size=2300)
Skipping probe: too short (len=1023, chunk_size=2300)
Skipping probe: too short (len=2171, chunk_size=2300)
Skipping probe: too short (len=1454, chunk_size=2300)
Skipping probe: too short (len=1604, chunk_size=2300)
Skipping probe: too short (len=1763, chunk_size=2300)
Skipping probe: too short (len=559, chunk_size=2300)
Skipping probe: too short (len=1906, chunk_size=2300)
Skipping probe: too short (len=1563, chunk_size=2300)
Skipping probe: too short (len=1335, chunk_size=2300)
Skipping probe: too short (len=906, chunk_size=2300)
Skipping probe: too short (len=2176, chunk_size=2300)
Skipping probe: too short (len=982, chunk_size=2300)
Skipping probe: too short (len=670, chunk_size=2300)
Skipping probe: too short (len=886, chunk_size=2300)
Skipping probe: too short (len=1880, chunk_size=2300)
Skipping probe: too short (len=1619, chunk_size=2300)
Skipping probe: too short (len=1995, chunk_size=2300)
Skipping probe: too short (len=2252, chunk_size=2300)
Skipping probe: too short (len=1871, chunk_size=2300)
Skipping probe: too short (len=1021, chunk_size=2300)
Skipping probe: too short (len=1266, chunk_size=2300)
Skipping probe: too short (len=2058, chunk_size=2300)
Skipping probe: too short (len=632, chunk_size=2300)
[I 2026-03-30 21:12:14,808] Trial 81 pruned. 
Skipping probe: too short (len=1924, chunk_size=2500)
Skipping probe: too short (len=2341, chunk_size=2500)
Skipping probe: too short (len=2216, chunk_size=2500)
Skipping probe: too short (len=2445, chunk_size=2500)
Skipping probe: too short (len=2409, chunk_size=2500)
Skipping probe: too short (len=834, chunk_size=2500)
Skipping probe: too short (len=1506, chunk_size=2500)
Skipping probe: too short (len=982, chunk_size=2500)
Skipping probe: too short (len=2176, chunk_size=2500)
Skipping probe: too short (len=1958, chunk_size=2500)
Skipping probe: too short (len=1023, chunk_size=2500)
Skipping probe: too short (len=2171, chunk_size=2500)
Skipping probe: too short (len=2058, chunk_size=2500)
Skipping probe: too short (len=1454, chunk_size=2500)
Skipping probe: too short (len=1450, chunk_size=2500)
Skipping probe: too short (len=1349, chunk_size=2500)
Skipping probe: too short (len=1604, chunk_size=2500)
Skipping probe: too short (len=559, chunk_size=2500)
Skipping probe: too short (len=1906, chunk_size=2500)
Skipping probe: too short (len=1563, chunk_size=2500)
Skipping probe: too short (len=1335, chunk_size=2500)
Skipping probe: too short (len=906, chunk_size=2500)
Skipping probe: too short (len=1266, chunk_size=2500)
Skipping probe: too short (len=1763, chunk_size=2500)
Skipping probe: too short (len=670, chunk_size=2500)
Skipping probe: too short (len=886, chunk_size=2500)
Skipping probe: too short (len=2340, chunk_size=2500)
Skipping probe: too short (len=632, chunk_size=2500)
Skipping probe: too short (len=2436, chunk_size=2500)
Skipping probe: too short (len=1619, chunk_size=2500)
Skipping probe: too short (len=1995, chunk_size=2500)
Skipping probe: too short (len=2252, chunk_size=2500)
Skipping probe: too short (len=1880, chunk_size=2500)
Skipping probe: too short (len=1871, chunk_size=2500)
Skipping probe: too short (len=1021, chunk_size=2500)
Skipping probe: too short (len=1924, chunk_size=2500)
Skipping probe: too short (len=2341, chunk_size=2500)
Skipping probe: too short (len=2216, chunk_size=2500)
Skipping probe: too short (len=2445, chunk_size=2500)
Skipping probe: too short (len=2409, chunk_size=2500)
Skipping probe: too short (len=834, chunk_size=2500)
Skipping probe: too short (len=1506, chunk_size=2500)
Skipping probe: too short (len=1349, chunk_size=2500)
Skipping probe: too short (len=1619, chunk_size=2500)
Skipping probe: too short (len=1958, chunk_size=2500)
Skipping probe: too short (len=1023, chunk_size=2500)
Skipping probe: too short (len=2171, chunk_size=2500)
Skipping probe: too short (len=1604, chunk_size=2500)
Skipping probe: too short (len=2176, chunk_size=2500)
Skipping probe: too short (len=1450, chunk_size=2500)
Skipping probe: too short (len=1454, chunk_size=2500)
Skipping probe: too short (len=2436, chunk_size=2500)
Skipping probe: too short (len=559, chunk_size=2500)
Skipping probe: too short (len=1906, chunk_size=2500)
Skipping probe: too short (len=1563, chunk_size=2500)
Skipping probe: too short (len=1335, chunk_size=2500)
Skipping probe: too short (len=906, chunk_size=2500)
Skipping probe: too short (len=982, chunk_size=2500)
Skipping probe: too short (len=1995, chunk_size=2500)
Skipping probe: too short (len=2252, chunk_size=2500)
Skipping probe: too short (len=1880, chunk_size=2500)
Skipping probe: too short (len=1871, chunk_size=2500)
Skipping probe: too short (len=1021, chunk_size=2500)
Skipping probe: too short (len=670, chunk_size=2500)
Skipping probe: too short (len=886, chunk_size=2500)
Skipping probe: too short (len=1763, chunk_size=2500)
Skipping probe: too short (len=2340, chunk_size=2500)
Skipping probe: too short (len=2058, chunk_size=2500)
Skipping probe: too short (len=1266, chunk_size=2500)
Skipping probe: too short (len=632, chunk_size=2500)
Skipping probe: too short (len=1023, chunk_size=2500)
Skipping probe: too short (len=2171, chunk_size=2500)
Skipping probe: too short (len=1266, chunk_size=2500)
Skipping probe: too short (len=1924, chunk_size=2500)
Skipping probe: too short (len=2341, chunk_size=2500)
Skipping probe: too short (len=2216, chunk_size=2500)
Skipping probe: too short (len=2445, chunk_size=2500)
Skipping probe: too short (len=2409, chunk_size=2500)
Skipping probe: too short (len=834, chunk_size=2500)
Skipping probe: too short (len=1506, chunk_size=2500)
Skipping probe: too short (len=2058, chunk_size=2500)
Skipping probe: too short (len=1880, chunk_size=2500)
Skipping probe: too short (len=2176, chunk_size=2500)
Skipping probe: too short (len=2436, chunk_size=2500)
Skipping probe: too short (len=1958, chunk_size=2500)
Skipping probe: too short (len=1450, chunk_size=2500)
Skipping probe: too short (len=559, chunk_size=2500)
Skipping probe: too short (len=1906, chunk_size=2500)
Skipping probe: too short (len=1563, chunk_size=2500)
Skipping probe: too short (len=1335, chunk_size=2500)
Skipping probe: too short (len=906, chunk_size=2500)
Skipping probe: too short (len=1619, chunk_size=2500)
Skipping probe: too short (len=1871, chunk_size=2500)
Skipping probe: too short (len=1021, chunk_size=2500)
Skipping probe: too short (len=670, chunk_size=2500)
Skipping probe: too short (len=886, chunk_size=2500)
Skipping probe: too short (len=632, chunk_size=2500)
Skipping probe: too short (len=1995, chunk_size=2500)
Skipping probe: too short (len=2252, chunk_size=2500)
Skipping probe: too short (len=1454, chunk_size=2500)
Skipping probe: too short (len=1763, chunk_size=2500)
Skipping probe: too short (len=982, chunk_size=2500)
Skipping probe: too short (len=1349, chunk_size=2500)
Skipping probe: too short (len=2340, chunk_size=2500)
Skipping probe: too short (len=1604, chunk_size=2500)
[I 2026-03-30 21:44:42,931] Trial 82 pruned. 
Skipping probe: too short (len=1450, chunk_size=1800)
Skipping probe: too short (len=1023, chunk_size=1800)
Skipping probe: too short (len=1349, chunk_size=1800)
Skipping probe: too short (len=559, chunk_size=1800)
Skipping probe: too short (len=1563, chunk_size=1800)
Skipping probe: too short (len=1335, chunk_size=1800)
Skipping probe: too short (len=906, chunk_size=1800)
Skipping probe: too short (len=834, chunk_size=1800)
Skipping probe: too short (len=1506, chunk_size=1800)
Skipping probe: too short (len=1454, chunk_size=1800)
Skipping probe: too short (len=1604, chunk_size=1800)
Skipping probe: too short (len=982, chunk_size=1800)
Skipping probe: too short (len=670, chunk_size=1800)
Skipping probe: too short (len=886, chunk_size=1800)
Skipping probe: too short (len=1266, chunk_size=1800)
Skipping probe: too short (len=1763, chunk_size=1800)
Skipping probe: too short (len=632, chunk_size=1800)
Skipping probe: too short (len=1619, chunk_size=1800)
Skipping probe: too short (len=1021, chunk_size=1800)
Skipping probe: too short (len=834, chunk_size=1800)
Skipping probe: too short (len=1506, chunk_size=1800)
Skipping probe: too short (len=982, chunk_size=1800)
Skipping probe: too short (len=1349, chunk_size=1800)
Skipping probe: too short (len=559, chunk_size=1800)
Skipping probe: too short (len=1563, chunk_size=1800)
Skipping probe: too short (len=1335, chunk_size=1800)
Skipping probe: too short (len=906, chunk_size=1800)
Skipping probe: too short (len=1619, chunk_size=1800)
Skipping probe: too short (len=1023, chunk_size=1800)
Skipping probe: too short (len=1604, chunk_size=1800)
Skipping probe: too short (len=1454, chunk_size=1800)
Skipping probe: too short (len=1450, chunk_size=1800)
Skipping probe: too short (len=1763, chunk_size=1800)
Skipping probe: too short (len=670, chunk_size=1800)
Skipping probe: too short (len=886, chunk_size=1800)
Skipping probe: too short (len=1021, chunk_size=1800)
Skipping probe: too short (len=1266, chunk_size=1800)
Skipping probe: too short (len=632, chunk_size=1800)
[I 2026-03-30 21:49:10,750] Trial 83 pruned. 
Skipping probe: too short (len=1266, chunk_size=2400)
Skipping probe: too short (len=982, chunk_size=2400)
Skipping probe: too short (len=2176, chunk_size=2400)
Skipping probe: too short (len=1349, chunk_size=2400)
Skipping probe: too short (len=1023, chunk_size=2400)
Skipping probe: too short (len=2171, chunk_size=2400)
Skipping probe: too short (len=1454, chunk_size=2400)
Skipping probe: too short (len=2058, chunk_size=2400)
Skipping probe: too short (len=1958, chunk_size=2400)
Skipping probe: too short (len=1924, chunk_size=2400)
Skipping probe: too short (len=2341, chunk_size=2400)
Skipping probe: too short (len=2216, chunk_size=2400)
Skipping probe: too short (len=834, chunk_size=2400)
Skipping probe: too short (len=1506, chunk_size=2400)
Skipping probe: too short (len=1604, chunk_size=2400)
Skipping probe: too short (len=1450, chunk_size=2400)
Skipping probe: too short (len=559, chunk_size=2400)
Skipping probe: too short (len=1906, chunk_size=2400)
Skipping probe: too short (len=1563, chunk_size=2400)
Skipping probe: too short (len=1335, chunk_size=2400)
Skipping probe: too short (len=906, chunk_size=2400)
Skipping probe: too short (len=670, chunk_size=2400)
Skipping probe: too short (len=886, chunk_size=2400)
Skipping probe: too short (len=1763, chunk_size=2400)
Skipping probe: too short (len=2340, chunk_size=2400)
Skipping probe: too short (len=632, chunk_size=2400)
Skipping probe: too short (len=1619, chunk_size=2400)
Skipping probe: too short (len=1995, chunk_size=2400)
Skipping probe: too short (len=2252, chunk_size=2400)
Skipping probe: too short (len=1880, chunk_size=2400)
Skipping probe: too short (len=1871, chunk_size=2400)
Skipping probe: too short (len=1021, chunk_size=2400)
Skipping probe: too short (len=1023, chunk_size=2400)
Skipping probe: too short (len=2171, chunk_size=2400)
Skipping probe: too short (len=559, chunk_size=2400)
Skipping probe: too short (len=1906, chunk_size=2400)
Skipping probe: too short (len=1563, chunk_size=2400)
Skipping probe: too short (len=1335, chunk_size=2400)
Skipping probe: too short (len=906, chunk_size=2400)
Skipping probe: too short (len=1450, chunk_size=2400)
Skipping probe: too short (len=1924, chunk_size=2400)
Skipping probe: too short (len=2341, chunk_size=2400)
Skipping probe: too short (len=2216, chunk_size=2400)
Skipping probe: too short (len=834, chunk_size=2400)
Skipping probe: too short (len=1506, chunk_size=2400)
Skipping probe: too short (len=1604, chunk_size=2400)
Skipping probe: too short (len=1349, chunk_size=2400)
Skipping probe: too short (len=2176, chunk_size=2400)
Skipping probe: too short (len=982, chunk_size=2400)
Skipping probe: too short (len=1454, chunk_size=2400)
Skipping probe: too short (len=1958, chunk_size=2400)
Skipping probe: too short (len=1619, chunk_size=2400)
Skipping probe: too short (len=670, chunk_size=2400)
Skipping probe: too short (len=886, chunk_size=2400)
Skipping probe: too short (len=1880, chunk_size=2400)
Skipping probe: too short (len=1763, chunk_size=2400)
Skipping probe: too short (len=2340, chunk_size=2400)
Skipping probe: too short (len=1995, chunk_size=2400)
Skipping probe: too short (len=2252, chunk_size=2400)
Skipping probe: too short (len=1871, chunk_size=2400)
Skipping probe: too short (len=1021, chunk_size=2400)
Skipping probe: too short (len=2058, chunk_size=2400)
Skipping probe: too short (len=1266, chunk_size=2400)
Skipping probe: too short (len=632, chunk_size=2400)
[I 2026-03-30 21:54:00,976] Trial 84 pruned. 
Skipping probe: too short (len=2176, chunk_size=2200)
Skipping probe: too short (len=559, chunk_size=2200)
Skipping probe: too short (len=1906, chunk_size=2200)
Skipping probe: too short (len=1563, chunk_size=2200)
Skipping probe: too short (len=1335, chunk_size=2200)
Skipping probe: too short (len=906, chunk_size=2200)
Skipping probe: too short (len=1763, chunk_size=2200)
Skipping probe: too short (len=1924, chunk_size=2200)
Skipping probe: too short (len=834, chunk_size=2200)
Skipping probe: too short (len=1506, chunk_size=2200)
Skipping probe: too short (len=1349, chunk_size=2200)
Skipping probe: too short (len=982, chunk_size=2200)
Skipping probe: too short (len=1604, chunk_size=2200)
Skipping probe: too short (len=1023, chunk_size=2200)
Skipping probe: too short (len=2171, chunk_size=2200)
Skipping probe: too short (len=1266, chunk_size=2200)
Skipping probe: too short (len=2058, chunk_size=2200)
Skipping probe: too short (len=1454, chunk_size=2200)
Skipping probe: too short (len=1450, chunk_size=2200)
Skipping probe: too short (len=1958, chunk_size=2200)
Skipping probe: too short (len=670, chunk_size=2200)
Skipping probe: too short (len=886, chunk_size=2200)
Skipping probe: too short (len=632, chunk_size=2200)
Skipping probe: too short (len=1619, chunk_size=2200)
Skipping probe: too short (len=1880, chunk_size=2200)
Skipping probe: too short (len=1995, chunk_size=2200)
Skipping probe: too short (len=1871, chunk_size=2200)
Skipping probe: too short (len=1021, chunk_size=2200)
Skipping probe: too short (len=1454, chunk_size=2200)
Skipping probe: too short (len=1349, chunk_size=2200)
Skipping probe: too short (len=1619, chunk_size=2200)
Skipping probe: too short (len=982, chunk_size=2200)
Skipping probe: too short (len=2176, chunk_size=2200)
Skipping probe: too short (len=1450, chunk_size=2200)
Skipping probe: too short (len=1958, chunk_size=2200)
Skipping probe: too short (len=559, chunk_size=2200)
Skipping probe: too short (len=1906, chunk_size=2200)
Skipping probe: too short (len=1563, chunk_size=2200)
Skipping probe: too short (len=1335, chunk_size=2200)
Skipping probe: too short (len=906, chunk_size=2200)
Skipping probe: too short (len=1023, chunk_size=2200)
Skipping probe: too short (len=2171, chunk_size=2200)
Skipping probe: too short (len=1924, chunk_size=2200)
Skipping probe: too short (len=834, chunk_size=2200)
Skipping probe: too short (len=1506, chunk_size=2200)
Skipping probe: too short (len=1604, chunk_size=2200)
Skipping probe: too short (len=1763, chunk_size=2200)
Skipping probe: too short (len=670, chunk_size=2200)
Skipping probe: too short (len=886, chunk_size=2200)
Skipping probe: too short (len=1995, chunk_size=2200)
Skipping probe: too short (len=1880, chunk_size=2200)
Skipping probe: too short (len=1871, chunk_size=2200)
Skipping probe: too short (len=1021, chunk_size=2200)
Skipping probe: too short (len=2058, chunk_size=2200)
Skipping probe: too short (len=1266, chunk_size=2200)
Skipping probe: too short (len=632, chunk_size=2200)
Skipping probe: too short (len=1958, chunk_size=2200)
Skipping probe: too short (len=1619, chunk_size=2200)
Skipping probe: too short (len=1023, chunk_size=2200)
Skipping probe: too short (len=2171, chunk_size=2200)
Skipping probe: too short (len=1450, chunk_size=2200)
Skipping probe: too short (len=2058, chunk_size=2200)
Skipping probe: too short (len=2176, chunk_size=2200)
Skipping probe: too short (len=1924, chunk_size=2200)
Skipping probe: too short (len=834, chunk_size=2200)
Skipping probe: too short (len=1506, chunk_size=2200)
Skipping probe: too short (len=559, chunk_size=2200)
Skipping probe: too short (len=1906, chunk_size=2200)
Skipping probe: too short (len=1563, chunk_size=2200)
Skipping probe: too short (len=1335, chunk_size=2200)
Skipping probe: too short (len=906, chunk_size=2200)
Skipping probe: too short (len=1266, chunk_size=2200)
Skipping probe: too short (len=1880, chunk_size=2200)
Skipping probe: too short (len=632, chunk_size=2200)
Skipping probe: too short (len=670, chunk_size=2200)
Skipping probe: too short (len=886, chunk_size=2200)
Skipping probe: too short (len=1995, chunk_size=2200)
Skipping probe: too short (len=1871, chunk_size=2200)
Skipping probe: too short (len=1021, chunk_size=2200)
Skipping probe: too short (len=1454, chunk_size=2200)
Skipping probe: too short (len=1604, chunk_size=2200)
Skipping probe: too short (len=1763, chunk_size=2200)
Skipping probe: too short (len=1349, chunk_size=2200)
Skipping probe: too short (len=982, chunk_size=2200)
Skipping probe: too short (len=2058, chunk_size=2200)
Skipping probe: too short (len=1349, chunk_size=2200)
Skipping probe: too short (len=1023, chunk_size=2200)
Skipping probe: too short (len=2171, chunk_size=2200)
Skipping probe: too short (len=1450, chunk_size=2200)
Skipping probe: too short (len=1604, chunk_size=2200)
Skipping probe: too short (len=1958, chunk_size=2200)
Skipping probe: too short (len=1924, chunk_size=2200)
Skipping probe: too short (len=834, chunk_size=2200)
Skipping probe: too short (len=1506, chunk_size=2200)
Skipping probe: too short (len=1454, chunk_size=2200)
Skipping probe: too short (len=1763, chunk_size=2200)
Skipping probe: too short (len=1619, chunk_size=2200)
Skipping probe: too short (len=1995, chunk_size=2200)
Skipping probe: too short (len=1266, chunk_size=2200)
Skipping probe: too short (len=982, chunk_size=2200)
Skipping probe: too short (len=670, chunk_size=2200)
Skipping probe: too short (len=886, chunk_size=2200)
Skipping probe: too short (len=1871, chunk_size=2200)
Skipping probe: too short (len=1021, chunk_size=2200)
Skipping probe: too short (len=1880, chunk_size=2200)
Skipping probe: too short (len=632, chunk_size=2200)
Skipping probe: too short (len=2176, chunk_size=2200)
Skipping probe: too short (len=559, chunk_size=2200)
Skipping probe: too short (len=1906, chunk_size=2200)
Skipping probe: too short (len=1563, chunk_size=2200)
Skipping probe: too short (len=1335, chunk_size=2200)
Skipping probe: too short (len=906, chunk_size=2200)
Skipping probe: too short (len=1604, chunk_size=2200)
Skipping probe: too short (len=2058, chunk_size=2200)
Skipping probe: too short (len=2176, chunk_size=2200)
Skipping probe: too short (len=1454, chunk_size=2200)
Skipping probe: too short (len=1266, chunk_size=2200)
Skipping probe: too short (len=1349, chunk_size=2200)
Skipping probe: too short (len=559, chunk_size=2200)
Skipping probe: too short (len=1906, chunk_size=2200)
Skipping probe: too short (len=1563, chunk_size=2200)
Skipping probe: too short (len=1335, chunk_size=2200)
Skipping probe: too short (len=906, chunk_size=2200)
Skipping probe: too short (len=982, chunk_size=2200)
Skipping probe: too short (len=1880, chunk_size=2200)
Skipping probe: too short (len=1619, chunk_size=2200)
Skipping probe: too short (len=1763, chunk_size=2200)
Skipping probe: too short (len=1995, chunk_size=2200)
Skipping probe: too short (len=632, chunk_size=2200)
Skipping probe: too short (len=1871, chunk_size=2200)
Skipping probe: too short (len=1021, chunk_size=2200)
Skipping probe: too short (len=1924, chunk_size=2200)
Skipping probe: too short (len=834, chunk_size=2200)
Skipping probe: too short (len=1506, chunk_size=2200)
Skipping probe: too short (len=1958, chunk_size=2200)
Skipping probe: too short (len=1450, chunk_size=2200)
Skipping probe: too short (len=1023, chunk_size=2200)
Skipping probe: too short (len=2171, chunk_size=2200)
Skipping probe: too short (len=670, chunk_size=2200)
Skipping probe: too short (len=886, chunk_size=2200)
Trial 85 F1s - Weighted: 0.7790 | Macro: 0.3582 | Micro: 0.8006

[I 2026-03-30 22:25:10,967] Trial 85 finished with value: 0.7790455775660794 and parameters: {'chunk_seconds': 22, 'num_freqs': 18, 'num_estimators': 512, 'max_depth': 128, 'max_features': 0.25047627578497106, 'overlap': 0.548355969187965, 'max_lag': 8}. Best is trial 74 with value: 0.7836131451264734.
Skipping probe: too short (len=1266, chunk_size=1900)
Skipping probe: too short (len=1349, chunk_size=1900)
Skipping probe: too short (len=1023, chunk_size=1900)
Skipping probe: too short (len=1450, chunk_size=1900)
Skipping probe: too short (len=1604, chunk_size=1900)
Skipping probe: too short (len=1454, chunk_size=1900)
Skipping probe: too short (len=559, chunk_size=1900)
Skipping probe: too short (len=1563, chunk_size=1900)
Skipping probe: too short (len=1335, chunk_size=1900)
Skipping probe: too short (len=906, chunk_size=1900)
Skipping probe: too short (len=834, chunk_size=1900)
Skipping probe: too short (len=1506, chunk_size=1900)
Skipping probe: too short (len=982, chunk_size=1900)
Skipping probe: too short (len=1763, chunk_size=1900)
Skipping probe: too short (len=670, chunk_size=1900)
Skipping probe: too short (len=886, chunk_size=1900)
Skipping probe: too short (len=632, chunk_size=1900)
Skipping probe: too short (len=1880, chunk_size=1900)
Skipping probe: too short (len=1619, chunk_size=1900)
Skipping probe: too short (len=1871, chunk_size=1900)
Skipping probe: too short (len=1021, chunk_size=1900)
Skipping probe: too short (len=1450, chunk_size=1900)
Skipping probe: too short (len=834, chunk_size=1900)
Skipping probe: too short (len=1506, chunk_size=1900)
Skipping probe: too short (len=1604, chunk_size=1900)
Skipping probe: too short (len=1454, chunk_size=1900)
Skipping probe: too short (len=1619, chunk_size=1900)
Skipping probe: too short (len=559, chunk_size=1900)
Skipping probe: too short (len=1563, chunk_size=1900)
Skipping probe: too short (len=1335, chunk_size=1900)
Skipping probe: too short (len=906, chunk_size=1900)
Skipping probe: too short (len=1349, chunk_size=1900)
Skipping probe: too short (len=1023, chunk_size=1900)
Skipping probe: too short (len=982, chunk_size=1900)
Skipping probe: too short (len=1763, chunk_size=1900)
Skipping probe: too short (len=1880, chunk_size=1900)
Skipping probe: too short (len=670, chunk_size=1900)
Skipping probe: too short (len=886, chunk_size=1900)
Skipping probe: too short (len=1871, chunk_size=1900)
Skipping probe: too short (len=1021, chunk_size=1900)
Skipping probe: too short (len=1266, chunk_size=1900)
Skipping probe: too short (len=632, chunk_size=1900)
[I 2026-03-30 23:06:55,667] Trial 86 pruned. 
Skipping probe: too short (len=559, chunk_size=2100)
Skipping probe: too short (len=1906, chunk_size=2100)
Skipping probe: too short (len=1563, chunk_size=2100)
Skipping probe: too short (len=1335, chunk_size=2100)
Skipping probe: too short (len=906, chunk_size=2100)
Skipping probe: too short (len=1450, chunk_size=2100)
Skipping probe: too short (len=1454, chunk_size=2100)
Skipping probe: too short (len=1604, chunk_size=2100)
Skipping probe: too short (len=1349, chunk_size=2100)
Skipping probe: too short (len=1958, chunk_size=2100)
Skipping probe: too short (len=1924, chunk_size=2100)
Skipping probe: too short (len=834, chunk_size=2100)
Skipping probe: too short (len=1506, chunk_size=2100)
Skipping probe: too short (len=2058, chunk_size=2100)
Skipping probe: too short (len=1023, chunk_size=2100)
Skipping probe: too short (len=1266, chunk_size=2100)
Skipping probe: too short (len=982, chunk_size=2100)
Skipping probe: too short (len=670, chunk_size=2100)
Skipping probe: too short (len=886, chunk_size=2100)
Skipping probe: too short (len=1763, chunk_size=2100)
Skipping probe: too short (len=632, chunk_size=2100)
Skipping probe: too short (len=1619, chunk_size=2100)
Skipping probe: too short (len=1995, chunk_size=2100)
Skipping probe: too short (len=1880, chunk_size=2100)
Skipping probe: too short (len=1871, chunk_size=2100)
Skipping probe: too short (len=1021, chunk_size=2100)
Skipping probe: too short (len=559, chunk_size=2100)
Skipping probe: too short (len=1906, chunk_size=2100)
Skipping probe: too short (len=1563, chunk_size=2100)
Skipping probe: too short (len=1335, chunk_size=2100)
Skipping probe: too short (len=906, chunk_size=2100)
Skipping probe: too short (len=1454, chunk_size=2100)
Skipping probe: too short (len=1924, chunk_size=2100)
Skipping probe: too short (len=834, chunk_size=2100)
Skipping probe: too short (len=1506, chunk_size=2100)
Skipping probe: too short (len=1450, chunk_size=2100)
Skipping probe: too short (len=1023, chunk_size=2100)
Skipping probe: too short (len=1349, chunk_size=2100)
Skipping probe: too short (len=1958, chunk_size=2100)
Skipping probe: too short (len=1604, chunk_size=2100)
Skipping probe: too short (len=1880, chunk_size=2100)
Skipping probe: too short (len=982, chunk_size=2100)
Skipping probe: too short (len=1763, chunk_size=2100)
Skipping probe: too short (len=1619, chunk_size=2100)
Skipping probe: too short (len=1995, chunk_size=2100)
Skipping probe: too short (len=670, chunk_size=2100)
Skipping probe: too short (len=886, chunk_size=2100)
Skipping probe: too short (len=1871, chunk_size=2100)
Skipping probe: too short (len=1021, chunk_size=2100)
Skipping probe: too short (len=2058, chunk_size=2100)
Skipping probe: too short (len=1266, chunk_size=2100)
Skipping probe: too short (len=632, chunk_size=2100)
Skipping probe: too short (len=1023, chunk_size=2100)
Skipping probe: too short (len=559, chunk_size=2100)
Skipping probe: too short (len=1906, chunk_size=2100)
Skipping probe: too short (len=1563, chunk_size=2100)
Skipping probe: too short (len=1335, chunk_size=2100)
Skipping probe: too short (len=906, chunk_size=2100)
Skipping probe: too short (len=1450, chunk_size=2100)
Skipping probe: too short (len=1266, chunk_size=2100)
Skipping probe: too short (len=1924, chunk_size=2100)
Skipping probe: too short (len=834, chunk_size=2100)
Skipping probe: too short (len=1506, chunk_size=2100)
Skipping probe: too short (len=2058, chunk_size=2100)
Skipping probe: too short (len=1958, chunk_size=2100)
Skipping probe: too short (len=670, chunk_size=2100)
Skipping probe: too short (len=886, chunk_size=2100)
Skipping probe: too short (len=1880, chunk_size=2100)
Skipping probe: too short (len=1871, chunk_size=2100)
Skipping probe: too short (len=1021, chunk_size=2100)
Skipping probe: too short (len=1995, chunk_size=2100)
Skipping probe: too short (len=1619, chunk_size=2100)
Skipping probe: too short (len=632, chunk_size=2100)
Skipping probe: too short (len=1454, chunk_size=2100)
Skipping probe: too short (len=1349, chunk_size=2100)
Skipping probe: too short (len=1763, chunk_size=2100)
Skipping probe: too short (len=982, chunk_size=2100)
Skipping probe: too short (len=1604, chunk_size=2100)
[I 2026-03-30 23:34:24,399] Trial 87 pruned. 
Skipping probe: too short (len=1349, chunk_size=2300)
Skipping probe: too short (len=1958, chunk_size=2300)
Skipping probe: too short (len=1454, chunk_size=2300)
Skipping probe: too short (len=2058, chunk_size=2300)
Skipping probe: too short (len=559, chunk_size=2300)
Skipping probe: too short (len=1906, chunk_size=2300)
Skipping probe: too short (len=1563, chunk_size=2300)
Skipping probe: too short (len=1335, chunk_size=2300)
Skipping probe: too short (len=906, chunk_size=2300)
Skipping probe: too short (len=982, chunk_size=2300)
Skipping probe: too short (len=1450, chunk_size=2300)
Skipping probe: too short (len=1924, chunk_size=2300)
Skipping probe: too short (len=2216, chunk_size=2300)
Skipping probe: too short (len=834, chunk_size=2300)
Skipping probe: too short (len=1506, chunk_size=2300)
Skipping probe: too short (len=1023, chunk_size=2300)
Skipping probe: too short (len=2171, chunk_size=2300)
Skipping probe: too short (len=2176, chunk_size=2300)
Skipping probe: too short (len=1266, chunk_size=2300)
Skipping probe: too short (len=1763, chunk_size=2300)
Skipping probe: too short (len=1604, chunk_size=2300)
Skipping probe: too short (len=670, chunk_size=2300)
Skipping probe: too short (len=886, chunk_size=2300)
Skipping probe: too short (len=632, chunk_size=2300)
Skipping probe: too short (len=1619, chunk_size=2300)
Skipping probe: too short (len=1880, chunk_size=2300)
Skipping probe: too short (len=1995, chunk_size=2300)
Skipping probe: too short (len=2252, chunk_size=2300)
Skipping probe: too short (len=1871, chunk_size=2300)
Skipping probe: too short (len=1021, chunk_size=2300)
Skipping probe: too short (len=2176, chunk_size=2300)
Skipping probe: too short (len=1604, chunk_size=2300)
Skipping probe: too short (len=982, chunk_size=2300)
Skipping probe: too short (len=1958, chunk_size=2300)
Skipping probe: too short (len=1454, chunk_size=2300)
Skipping probe: too short (len=1924, chunk_size=2300)
Skipping probe: too short (len=2216, chunk_size=2300)
Skipping probe: too short (len=834, chunk_size=2300)
Skipping probe: too short (len=1506, chunk_size=2300)
Skipping probe: too short (len=1023, chunk_size=2300)
Skipping probe: too short (len=2171, chunk_size=2300)
Skipping probe: too short (len=1619, chunk_size=2300)
Skipping probe: too short (len=559, chunk_size=2300)
Skipping probe: too short (len=1906, chunk_size=2300)
Skipping probe: too short (len=1563, chunk_size=2300)
Skipping probe: too short (len=1335, chunk_size=2300)
Skipping probe: too short (len=906, chunk_size=2300)
Skipping probe: too short (len=1349, chunk_size=2300)
Skipping probe: too short (len=1450, chunk_size=2300)
Skipping probe: too short (len=1763, chunk_size=2300)
Skipping probe: too short (len=1880, chunk_size=2300)
Skipping probe: too short (len=670, chunk_size=2300)
Skipping probe: too short (len=886, chunk_size=2300)
Skipping probe: too short (len=1995, chunk_size=2300)
Skipping probe: too short (len=2252, chunk_size=2300)
Skipping probe: too short (len=1871, chunk_size=2300)
Skipping probe: too short (len=1021, chunk_size=2300)
Skipping probe: too short (len=1266, chunk_size=2300)
Skipping probe: too short (len=2058, chunk_size=2300)
Skipping probe: too short (len=632, chunk_size=2300)
[I 2026-03-30 23:49:00,061] Trial 88 pruned. 
[I 2026-03-31 02:57:08,452] Trial 89 pruned. 
Skipping probe: too short (len=1604, chunk_size=2000)
Skipping probe: too short (len=1763, chunk_size=2000)
Skipping probe: too short (len=1450, chunk_size=2000)
Skipping probe: too short (len=1958, chunk_size=2000)
Skipping probe: too short (len=1924, chunk_size=2000)
Skipping probe: too short (len=834, chunk_size=2000)
Skipping probe: too short (len=1506, chunk_size=2000)
Skipping probe: too short (len=559, chunk_size=2000)
Skipping probe: too short (len=1906, chunk_size=2000)
Skipping probe: too short (len=1563, chunk_size=2000)
Skipping probe: too short (len=1335, chunk_size=2000)
Skipping probe: too short (len=906, chunk_size=2000)
Skipping probe: too short (len=1266, chunk_size=2000)
Skipping probe: too short (len=1454, chunk_size=2000)
Skipping probe: too short (len=1349, chunk_size=2000)
Skipping probe: too short (len=1023, chunk_size=2000)
Skipping probe: too short (len=670, chunk_size=2000)
Skipping probe: too short (len=886, chunk_size=2000)
Skipping probe: too short (len=982, chunk_size=2000)
Skipping probe: too short (len=632, chunk_size=2000)
Skipping probe: too short (len=1880, chunk_size=2000)
Skipping probe: too short (len=1619, chunk_size=2000)
Skipping probe: too short (len=1995, chunk_size=2000)
Skipping probe: too short (len=1871, chunk_size=2000)
Skipping probe: too short (len=1021, chunk_size=2000)
Skipping probe: too short (len=1454, chunk_size=2000)
Skipping probe: too short (len=1958, chunk_size=2000)
Skipping probe: too short (len=1924, chunk_size=2000)
Skipping probe: too short (len=834, chunk_size=2000)
Skipping probe: too short (len=1506, chunk_size=2000)
Skipping probe: too short (len=1619, chunk_size=2000)
Skipping probe: too short (len=559, chunk_size=2000)
Skipping probe: too short (len=1906, chunk_size=2000)
Skipping probe: too short (len=1563, chunk_size=2000)
Skipping probe: too short (len=1335, chunk_size=2000)
Skipping probe: too short (len=906, chunk_size=2000)
Skipping probe: too short (len=1023, chunk_size=2000)
Skipping probe: too short (len=1604, chunk_size=2000)
Skipping probe: too short (len=1349, chunk_size=2000)
Skipping probe: too short (len=1450, chunk_size=2000)
Skipping probe: too short (len=982, chunk_size=2000)
Skipping probe: too short (len=1880, chunk_size=2000)
Skipping probe: too short (len=670, chunk_size=2000)
Skipping probe: too short (len=886, chunk_size=2000)
Skipping probe: too short (len=1763, chunk_size=2000)
Skipping probe: too short (len=1995, chunk_size=2000)
Skipping probe: too short (len=1871, chunk_size=2000)
Skipping probe: too short (len=1021, chunk_size=2000)
Skipping probe: too short (len=1266, chunk_size=2000)
Skipping probe: too short (len=632, chunk_size=2000)
[I 2026-03-31 03:01:30,672] Trial 90 pruned. 
Skipping probe: too short (len=982, chunk_size=2000)
Skipping probe: too short (len=1450, chunk_size=2000)
Skipping probe: too short (len=1924, chunk_size=2000)
Skipping probe: too short (len=834, chunk_size=2000)
Skipping probe: too short (len=1506, chunk_size=2000)
Skipping probe: too short (len=1349, chunk_size=2000)
Skipping probe: too short (len=559, chunk_size=2000)
Skipping probe: too short (len=1906, chunk_size=2000)
Skipping probe: too short (len=1563, chunk_size=2000)
Skipping probe: too short (len=1335, chunk_size=2000)
Skipping probe: too short (len=906, chunk_size=2000)
Skipping probe: too short (len=1454, chunk_size=2000)
Skipping probe: too short (len=1023, chunk_size=2000)
Skipping probe: too short (len=1604, chunk_size=2000)
Skipping probe: too short (len=1266, chunk_size=2000)
Skipping probe: too short (len=1958, chunk_size=2000)
Skipping probe: too short (len=670, chunk_size=2000)
Skipping probe: too short (len=886, chunk_size=2000)
Skipping probe: too short (len=632, chunk_size=2000)
Skipping probe: too short (len=1763, chunk_size=2000)
Skipping probe: too short (len=1619, chunk_size=2000)
Skipping probe: too short (len=1880, chunk_size=2000)
Skipping probe: too short (len=1995, chunk_size=2000)
Skipping probe: too short (len=1871, chunk_size=2000)
Skipping probe: too short (len=1021, chunk_size=2000)
Skipping probe: too short (len=1023, chunk_size=2000)
Skipping probe: too short (len=1454, chunk_size=2000)
Skipping probe: too short (len=1450, chunk_size=2000)
Skipping probe: too short (len=1958, chunk_size=2000)
Skipping probe: too short (len=1349, chunk_size=2000)
Skipping probe: too short (len=982, chunk_size=2000)
Skipping probe: too short (len=1924, chunk_size=2000)
Skipping probe: too short (len=834, chunk_size=2000)
Skipping probe: too short (len=1506, chunk_size=2000)
Skipping probe: too short (len=1604, chunk_size=2000)
Skipping probe: too short (len=559, chunk_size=2000)
Skipping probe: too short (len=1906, chunk_size=2000)
Skipping probe: too short (len=1563, chunk_size=2000)
Skipping probe: too short (len=1335, chunk_size=2000)
Skipping probe: too short (len=906, chunk_size=2000)
Skipping probe: too short (len=1880, chunk_size=2000)
Skipping probe: too short (len=1619, chunk_size=2000)
Skipping probe: too short (len=1763, chunk_size=2000)
Skipping probe: too short (len=1995, chunk_size=2000)
Skipping probe: too short (len=670, chunk_size=2000)
Skipping probe: too short (len=886, chunk_size=2000)
Skipping probe: too short (len=1871, chunk_size=2000)
Skipping probe: too short (len=1021, chunk_size=2000)
Skipping probe: too short (len=1266, chunk_size=2000)
Skipping probe: too short (len=632, chunk_size=2000)
[I 2026-03-31 04:09:36,345] Trial 91 pruned. 
Skipping probe: too short (len=559, chunk_size=2500)
Skipping probe: too short (len=1906, chunk_size=2500)
Skipping probe: too short (len=1563, chunk_size=2500)
Skipping probe: too short (len=1335, chunk_size=2500)
Skipping probe: too short (len=906, chunk_size=2500)
Skipping probe: too short (len=2176, chunk_size=2500)
Skipping probe: too short (len=1349, chunk_size=2500)
Skipping probe: too short (len=1454, chunk_size=2500)
Skipping probe: too short (len=1958, chunk_size=2500)
Skipping probe: too short (len=1604, chunk_size=2500)
Skipping probe: too short (len=1450, chunk_size=2500)
Skipping probe: too short (len=2058, chunk_size=2500)
Skipping probe: too short (len=1023, chunk_size=2500)
Skipping probe: too short (len=2171, chunk_size=2500)
Skipping probe: too short (len=1924, chunk_size=2500)
Skipping probe: too short (len=2341, chunk_size=2500)
Skipping probe: too short (len=2216, chunk_size=2500)
Skipping probe: too short (len=2445, chunk_size=2500)
Skipping probe: too short (len=2409, chunk_size=2500)
Skipping probe: too short (len=834, chunk_size=2500)
Skipping probe: too short (len=1506, chunk_size=2500)
Skipping probe: too short (len=1266, chunk_size=2500)
Skipping probe: too short (len=982, chunk_size=2500)
Skipping probe: too short (len=1763, chunk_size=2500)
Skipping probe: too short (len=2340, chunk_size=2500)
Skipping probe: too short (len=670, chunk_size=2500)
Skipping probe: too short (len=886, chunk_size=2500)
Skipping probe: too short (len=632, chunk_size=2500)
Skipping probe: too short (len=2436, chunk_size=2500)
Skipping probe: too short (len=1619, chunk_size=2500)
Skipping probe: too short (len=1880, chunk_size=2500)
Skipping probe: too short (len=1995, chunk_size=2500)
Skipping probe: too short (len=2252, chunk_size=2500)
Skipping probe: too short (len=1871, chunk_size=2500)
Skipping probe: too short (len=1021, chunk_size=2500)
Skipping probe: too short (len=1924, chunk_size=2500)
Skipping probe: too short (len=2341, chunk_size=2500)
Skipping probe: too short (len=2216, chunk_size=2500)
Skipping probe: too short (len=2445, chunk_size=2500)
Skipping probe: too short (len=2409, chunk_size=2500)
Skipping probe: too short (len=834, chunk_size=2500)
Skipping probe: too short (len=1506, chunk_size=2500)
Skipping probe: too short (len=1604, chunk_size=2500)
Skipping probe: too short (len=559, chunk_size=2500)
Skipping probe: too short (len=1906, chunk_size=2500)
Skipping probe: too short (len=1563, chunk_size=2500)
Skipping probe: too short (len=1335, chunk_size=2500)
Skipping probe: too short (len=906, chunk_size=2500)
Skipping probe: too short (len=1450, chunk_size=2500)
Skipping probe: too short (len=1958, chunk_size=2500)
Skipping probe: too short (len=1023, chunk_size=2500)
Skipping probe: too short (len=2171, chunk_size=2500)
Skipping probe: too short (len=2436, chunk_size=2500)
Skipping probe: too short (len=1619, chunk_size=2500)
Skipping probe: too short (len=1763, chunk_size=2500)
Skipping probe: too short (len=2176, chunk_size=2500)
Skipping probe: too short (len=1454, chunk_size=2500)
Skipping probe: too short (len=1349, chunk_size=2500)
Skipping probe: too short (len=1880, chunk_size=2500)
Skipping probe: too short (len=982, chunk_size=2500)
Skipping probe: too short (len=2340, chunk_size=2500)
Skipping probe: too short (len=1995, chunk_size=2500)
Skipping probe: too short (len=2252, chunk_size=2500)
Skipping probe: too short (len=670, chunk_size=2500)
Skipping probe: too short (len=886, chunk_size=2500)
Skipping probe: too short (len=1871, chunk_size=2500)
Skipping probe: too short (len=1021, chunk_size=2500)
Skipping probe: too short (len=2058, chunk_size=2500)
Skipping probe: too short (len=1266, chunk_size=2500)
Skipping probe: too short (len=632, chunk_size=2500)
Skipping probe: too short (len=559, chunk_size=2500)
Skipping probe: too short (len=1906, chunk_size=2500)
Skipping probe: too short (len=1563, chunk_size=2500)
Skipping probe: too short (len=1335, chunk_size=2500)
Skipping probe: too short (len=906, chunk_size=2500)
Skipping probe: too short (len=2176, chunk_size=2500)
Skipping probe: too short (len=2436, chunk_size=2500)
Skipping probe: too short (len=1023, chunk_size=2500)
Skipping probe: too short (len=2171, chunk_size=2500)
Skipping probe: too short (len=1266, chunk_size=2500)
Skipping probe: too short (len=1924, chunk_size=2500)
Skipping probe: too short (len=2341, chunk_size=2500)
Skipping probe: too short (len=2216, chunk_size=2500)
Skipping probe: too short (len=2445, chunk_size=2500)
Skipping probe: too short (len=2409, chunk_size=2500)
Skipping probe: too short (len=834, chunk_size=2500)
Skipping probe: too short (len=1506, chunk_size=2500)
Skipping probe: too short (len=1450, chunk_size=2500)
Skipping probe: too short (len=1958, chunk_size=2500)
Skipping probe: too short (len=2058, chunk_size=2500)
Skipping probe: too short (len=1619, chunk_size=2500)
Skipping probe: too short (len=1880, chunk_size=2500)
Skipping probe: too short (len=670, chunk_size=2500)
Skipping probe: too short (len=886, chunk_size=2500)
Skipping probe: too short (len=632, chunk_size=2500)
Skipping probe: too short (len=1995, chunk_size=2500)
Skipping probe: too short (len=2252, chunk_size=2500)
Skipping probe: too short (len=1871, chunk_size=2500)
Skipping probe: too short (len=1021, chunk_size=2500)
Skipping probe: too short (len=1349, chunk_size=2500)
Skipping probe: too short (len=2340, chunk_size=2500)
Skipping probe: too short (len=1763, chunk_size=2500)
Skipping probe: too short (len=1454, chunk_size=2500)
Skipping probe: too short (len=982, chunk_size=2500)
Skipping probe: too short (len=1604, chunk_size=2500)
Skipping probe: too short (len=2058, chunk_size=2500)
Skipping probe: too short (len=1619, chunk_size=2500)
Skipping probe: too short (len=1763, chunk_size=2500)
Skipping probe: too short (len=1349, chunk_size=2500)
Skipping probe: too short (len=1023, chunk_size=2500)
Skipping probe: too short (len=2171, chunk_size=2500)
Skipping probe: too short (len=1454, chunk_size=2500)
Skipping probe: too short (len=1450, chunk_size=2500)
Skipping probe: too short (len=2436, chunk_size=2500)
Skipping probe: too short (len=1924, chunk_size=2500)
Skipping probe: too short (len=2341, chunk_size=2500)
Skipping probe: too short (len=2216, chunk_size=2500)
Skipping probe: too short (len=2445, chunk_size=2500)
Skipping probe: too short (len=2409, chunk_size=2500)
Skipping probe: too short (len=834, chunk_size=2500)
Skipping probe: too short (len=1506, chunk_size=2500)
Skipping probe: too short (len=1266, chunk_size=2500)
Skipping probe: too short (len=982, chunk_size=2500)
Skipping probe: too short (len=1604, chunk_size=2500)
Skipping probe: too short (len=1958, chunk_size=2500)
Skipping probe: too short (len=1880, chunk_size=2500)
Skipping probe: too short (len=632, chunk_size=2500)
Skipping probe: too short (len=2340, chunk_size=2500)
Skipping probe: too short (len=670, chunk_size=2500)
Skipping probe: too short (len=886, chunk_size=2500)
Skipping probe: too short (len=1995, chunk_size=2500)
Skipping probe: too short (len=2252, chunk_size=2500)
Skipping probe: too short (len=1871, chunk_size=2500)
Skipping probe: too short (len=1021, chunk_size=2500)
Skipping probe: too short (len=2176, chunk_size=2500)
Skipping probe: too short (len=559, chunk_size=2500)
Skipping probe: too short (len=1906, chunk_size=2500)
Skipping probe: too short (len=1563, chunk_size=2500)
Skipping probe: too short (len=1335, chunk_size=2500)
Skipping probe: too short (len=906, chunk_size=2500)
Skipping probe: too short (len=2058, chunk_size=2500)
Skipping probe: too short (len=982, chunk_size=2500)
Skipping probe: too short (len=2436, chunk_size=2500)
Skipping probe: too short (len=559, chunk_size=2500)
Skipping probe: too short (len=1906, chunk_size=2500)
Skipping probe: too short (len=1563, chunk_size=2500)
Skipping probe: too short (len=1335, chunk_size=2500)
Skipping probe: too short (len=906, chunk_size=2500)
Skipping probe: too short (len=1349, chunk_size=2500)
Skipping probe: too short (len=1454, chunk_size=2500)
Skipping probe: too short (len=1604, chunk_size=2500)
Skipping probe: too short (len=2176, chunk_size=2500)
Skipping probe: too short (len=1266, chunk_size=2500)
Skipping probe: too short (len=1619, chunk_size=2500)
Skipping probe: too short (len=1763, chunk_size=2500)
Skipping probe: too short (len=1880, chunk_size=2500)
Skipping probe: too short (len=1871, chunk_size=2500)
Skipping probe: too short (len=1021, chunk_size=2500)
Skipping probe: too short (len=1995, chunk_size=2500)
Skipping probe: too short (len=2252, chunk_size=2500)
Skipping probe: too short (len=632, chunk_size=2500)
Skipping probe: too short (len=2340, chunk_size=2500)
Skipping probe: too short (len=1924, chunk_size=2500)
Skipping probe: too short (len=2341, chunk_size=2500)
Skipping probe: too short (len=2216, chunk_size=2500)
Skipping probe: too short (len=2445, chunk_size=2500)
Skipping probe: too short (len=2409, chunk_size=2500)
Skipping probe: too short (len=834, chunk_size=2500)
Skipping probe: too short (len=1506, chunk_size=2500)
Skipping probe: too short (len=1023, chunk_size=2500)
Skipping probe: too short (len=2171, chunk_size=2500)
Skipping probe: too short (len=1450, chunk_size=2500)
Skipping probe: too short (len=1958, chunk_size=2500)
Skipping probe: too short (len=670, chunk_size=2500)
Skipping probe: too short (len=886, chunk_size=2500)
Trial 92 F1s - Weighted: 0.7833 | Macro: 0.3601 | Micro: 0.8044

[I 2026-03-31 05:16:25,910] Trial 92 finished with value: 0.7832882042290858 and parameters: {'chunk_seconds': 25, 'num_freqs': 19, 'num_estimators': 1024, 'max_depth': 32, 'max_features': 0.21848465248363008, 'overlap': 0.6205640705505824, 'max_lag': 23}. Best is trial 74 with value: 0.7836131451264734.
Skipping probe: too short (len=1958, chunk_size=2500)
Skipping probe: too short (len=1604, chunk_size=2500)
Skipping probe: too short (len=1450, chunk_size=2500)
Skipping probe: too short (len=2176, chunk_size=2500)
Skipping probe: too short (len=1924, chunk_size=2500)
Skipping probe: too short (len=2341, chunk_size=2500)
Skipping probe: too short (len=2216, chunk_size=2500)
Skipping probe: too short (len=2445, chunk_size=2500)
Skipping probe: too short (len=2409, chunk_size=2500)
Skipping probe: too short (len=834, chunk_size=2500)
Skipping probe: too short (len=1506, chunk_size=2500)
Skipping probe: too short (len=1266, chunk_size=2500)
Skipping probe: too short (len=2058, chunk_size=2500)
Skipping probe: too short (len=1763, chunk_size=2500)
Skipping probe: too short (len=982, chunk_size=2500)
Skipping probe: too short (len=1454, chunk_size=2500)
Skipping probe: too short (len=1349, chunk_size=2500)
Skipping probe: too short (len=1023, chunk_size=2500)
Skipping probe: too short (len=2171, chunk_size=2500)
Skipping probe: too short (len=559, chunk_size=2500)
Skipping probe: too short (len=1906, chunk_size=2500)
Skipping probe: too short (len=1563, chunk_size=2500)
Skipping probe: too short (len=1335, chunk_size=2500)
Skipping probe: too short (len=906, chunk_size=2500)
Skipping probe: too short (len=670, chunk_size=2500)
Skipping probe: too short (len=886, chunk_size=2500)
Skipping probe: too short (len=632, chunk_size=2500)
Skipping probe: too short (len=2340, chunk_size=2500)
Skipping probe: too short (len=2436, chunk_size=2500)
Skipping probe: too short (len=1619, chunk_size=2500)
Skipping probe: too short (len=1880, chunk_size=2500)
Skipping probe: too short (len=1995, chunk_size=2500)
Skipping probe: too short (len=2252, chunk_size=2500)
Skipping probe: too short (len=1871, chunk_size=2500)
Skipping probe: too short (len=1021, chunk_size=2500)
Skipping probe: too short (len=1023, chunk_size=2500)
Skipping probe: too short (len=2171, chunk_size=2500)
Skipping probe: too short (len=2176, chunk_size=2500)
Skipping probe: too short (len=2436, chunk_size=2500)
Skipping probe: too short (len=1454, chunk_size=2500)
Skipping probe: too short (len=1349, chunk_size=2500)
Skipping probe: too short (len=1604, chunk_size=2500)
Skipping probe: too short (len=1924, chunk_size=2500)
Skipping probe: too short (len=2341, chunk_size=2500)
Skipping probe: too short (len=2216, chunk_size=2500)
Skipping probe: too short (len=2445, chunk_size=2500)
Skipping probe: too short (len=2409, chunk_size=2500)
Skipping probe: too short (len=834, chunk_size=2500)
Skipping probe: too short (len=1506, chunk_size=2500)
Skipping probe: too short (len=1450, chunk_size=2500)
Skipping probe: too short (len=1958, chunk_size=2500)
Skipping probe: too short (len=559, chunk_size=2500)
Skipping probe: too short (len=1906, chunk_size=2500)
Skipping probe: too short (len=1563, chunk_size=2500)
Skipping probe: too short (len=1335, chunk_size=2500)
Skipping probe: too short (len=906, chunk_size=2500)
Skipping probe: too short (len=1619, chunk_size=2500)
Skipping probe: too short (len=982, chunk_size=2500)
Skipping probe: too short (len=1763, chunk_size=2500)
Skipping probe: too short (len=1995, chunk_size=2500)
Skipping probe: too short (len=2252, chunk_size=2500)
Skipping probe: too short (len=1880, chunk_size=2500)
Skipping probe: too short (len=2340, chunk_size=2500)
Skipping probe: too short (len=670, chunk_size=2500)
Skipping probe: too short (len=886, chunk_size=2500)
Skipping probe: too short (len=1871, chunk_size=2500)
Skipping probe: too short (len=1021, chunk_size=2500)
Skipping probe: too short (len=1266, chunk_size=2500)
Skipping probe: too short (len=2058, chunk_size=2500)
Skipping probe: too short (len=632, chunk_size=2500)
[I 2026-03-31 05:51:57,846] Trial 93 pruned. 
Skipping probe: too short (len=559, chunk_size=2400)
Skipping probe: too short (len=1906, chunk_size=2400)
Skipping probe: too short (len=1563, chunk_size=2400)
Skipping probe: too short (len=1335, chunk_size=2400)
Skipping probe: too short (len=906, chunk_size=2400)
Skipping probe: too short (len=2176, chunk_size=2400)
Skipping probe: too short (len=1958, chunk_size=2400)
Skipping probe: too short (len=1266, chunk_size=2400)
Skipping probe: too short (len=1604, chunk_size=2400)
Skipping probe: too short (len=1023, chunk_size=2400)
Skipping probe: too short (len=2171, chunk_size=2400)
Skipping probe: too short (len=1454, chunk_size=2400)
Skipping probe: too short (len=1450, chunk_size=2400)
Skipping probe: too short (len=2058, chunk_size=2400)
Skipping probe: too short (len=1924, chunk_size=2400)
Skipping probe: too short (len=2341, chunk_size=2400)
Skipping probe: too short (len=2216, chunk_size=2400)
Skipping probe: too short (len=834, chunk_size=2400)
Skipping probe: too short (len=1506, chunk_size=2400)
Skipping probe: too short (len=1349, chunk_size=2400)
Skipping probe: too short (len=982, chunk_size=2400)
Skipping probe: too short (len=1763, chunk_size=2400)
Skipping probe: too short (len=670, chunk_size=2400)
Skipping probe: too short (len=886, chunk_size=2400)
Skipping probe: too short (len=632, chunk_size=2400)
Skipping probe: too short (len=2340, chunk_size=2400)
Skipping probe: too short (len=1619, chunk_size=2400)
Skipping probe: too short (len=1880, chunk_size=2400)
Skipping probe: too short (len=1995, chunk_size=2400)
Skipping probe: too short (len=2252, chunk_size=2400)
Skipping probe: too short (len=1871, chunk_size=2400)
Skipping probe: too short (len=1021, chunk_size=2400)
Skipping probe: too short (len=2176, chunk_size=2400)
Skipping probe: too short (len=1349, chunk_size=2400)
Skipping probe: too short (len=982, chunk_size=2400)
Skipping probe: too short (len=1619, chunk_size=2400)
Skipping probe: too short (len=1023, chunk_size=2400)
Skipping probe: too short (len=2171, chunk_size=2400)
Skipping probe: too short (len=1604, chunk_size=2400)
Skipping probe: too short (len=1763, chunk_size=2400)
Skipping probe: too short (len=559, chunk_size=2400)
Skipping probe: too short (len=1906, chunk_size=2400)
Skipping probe: too short (len=1563, chunk_size=2400)
Skipping probe: too short (len=1335, chunk_size=2400)
Skipping probe: too short (len=906, chunk_size=2400)
Skipping probe: too short (len=1924, chunk_size=2400)
Skipping probe: too short (len=2341, chunk_size=2400)
Skipping probe: too short (len=2216, chunk_size=2400)
Skipping probe: too short (len=834, chunk_size=2400)
Skipping probe: too short (len=1506, chunk_size=2400)
Skipping probe: too short (len=1958, chunk_size=2400)
Skipping probe: too short (len=1450, chunk_size=2400)
Skipping probe: too short (len=1454, chunk_size=2400)
Skipping probe: too short (len=1880, chunk_size=2400)
Skipping probe: too short (len=670, chunk_size=2400)
Skipping probe: too short (len=886, chunk_size=2400)
Skipping probe: too short (len=2340, chunk_size=2400)
Skipping probe: too short (len=1871, chunk_size=2400)
Skipping probe: too short (len=1021, chunk_size=2400)
Skipping probe: too short (len=1995, chunk_size=2400)
Skipping probe: too short (len=2252, chunk_size=2400)
Skipping probe: too short (len=2058, chunk_size=2400)
Skipping probe: too short (len=1266, chunk_size=2400)
Skipping probe: too short (len=632, chunk_size=2400)
Skipping probe: too short (len=2176, chunk_size=2400)
Skipping probe: too short (len=1023, chunk_size=2400)
Skipping probe: too short (len=2171, chunk_size=2400)
Skipping probe: too short (len=2058, chunk_size=2400)
Skipping probe: too short (len=559, chunk_size=2400)
Skipping probe: too short (len=1906, chunk_size=2400)
Skipping probe: too short (len=1563, chunk_size=2400)
Skipping probe: too short (len=1335, chunk_size=2400)
Skipping probe: too short (len=906, chunk_size=2400)
Skipping probe: too short (len=1450, chunk_size=2400)
Skipping probe: too short (len=1958, chunk_size=2400)
Skipping probe: too short (len=1266, chunk_size=2400)
Skipping probe: too short (len=1924, chunk_size=2400)
Skipping probe: too short (len=2341, chunk_size=2400)
Skipping probe: too short (len=2216, chunk_size=2400)
Skipping probe: too short (len=834, chunk_size=2400)
Skipping probe: too short (len=1506, chunk_size=2400)
Skipping probe: too short (len=1619, chunk_size=2400)
Skipping probe: too short (len=1880, chunk_size=2400)
Skipping probe: too short (len=1995, chunk_size=2400)
Skipping probe: too short (len=2252, chunk_size=2400)
Skipping probe: too short (len=670, chunk_size=2400)
Skipping probe: too short (len=886, chunk_size=2400)
Skipping probe: too short (len=1871, chunk_size=2400)
Skipping probe: too short (len=1021, chunk_size=2400)
Skipping probe: too short (len=632, chunk_size=2400)
Skipping probe: too short (len=1454, chunk_size=2400)
Skipping probe: too short (len=1349, chunk_size=2400)
Skipping probe: too short (len=1763, chunk_size=2400)
Skipping probe: too short (len=982, chunk_size=2400)
Skipping probe: too short (len=2340, chunk_size=2400)
Skipping probe: too short (len=1604, chunk_size=2400)
Skipping probe: too short (len=982, chunk_size=2400)
Skipping probe: too short (len=1604, chunk_size=2400)
Skipping probe: too short (len=1454, chunk_size=2400)
Skipping probe: too short (len=1619, chunk_size=2400)
Skipping probe: too short (len=1450, chunk_size=2400)
Skipping probe: too short (len=1023, chunk_size=2400)
Skipping probe: too short (len=2171, chunk_size=2400)
Skipping probe: too short (len=2058, chunk_size=2400)
Skipping probe: too short (len=1924, chunk_size=2400)
Skipping probe: too short (len=2341, chunk_size=2400)
Skipping probe: too short (len=2216, chunk_size=2400)
Skipping probe: too short (len=834, chunk_size=2400)
Skipping probe: too short (len=1506, chunk_size=2400)
Skipping probe: too short (len=1880, chunk_size=2400)
Skipping probe: too short (len=1349, chunk_size=2400)
Skipping probe: too short (len=1763, chunk_size=2400)
Skipping probe: too short (len=1958, chunk_size=2400)
Skipping probe: too short (len=1266, chunk_size=2400)
Skipping probe: too short (len=632, chunk_size=2400)
Skipping probe: too short (len=1995, chunk_size=2400)
Skipping probe: too short (len=2252, chunk_size=2400)
Skipping probe: too short (len=2340, chunk_size=2400)
Skipping probe: too short (len=1871, chunk_size=2400)
Skipping probe: too short (len=1021, chunk_size=2400)
Skipping probe: too short (len=670, chunk_size=2400)
Skipping probe: too short (len=886, chunk_size=2400)
Skipping probe: too short (len=2176, chunk_size=2400)
Skipping probe: too short (len=559, chunk_size=2400)
Skipping probe: too short (len=1906, chunk_size=2400)
Skipping probe: too short (len=1563, chunk_size=2400)
Skipping probe: too short (len=1335, chunk_size=2400)
Skipping probe: too short (len=906, chunk_size=2400)
[I 2026-03-31 06:57:45,942] Trial 94 pruned. 
Skipping probe: too short (len=1023, chunk_size=2300)
Skipping probe: too short (len=2171, chunk_size=2300)
Skipping probe: too short (len=559, chunk_size=2300)
Skipping probe: too short (len=1906, chunk_size=2300)
Skipping probe: too short (len=1563, chunk_size=2300)
Skipping probe: too short (len=1335, chunk_size=2300)
Skipping probe: too short (len=906, chunk_size=2300)
Skipping probe: too short (len=1924, chunk_size=2300)
Skipping probe: too short (len=2216, chunk_size=2300)
Skipping probe: too short (len=834, chunk_size=2300)
Skipping probe: too short (len=1506, chunk_size=2300)
Skipping probe: too short (len=2176, chunk_size=2300)
Skipping probe: too short (len=1454, chunk_size=2300)
Skipping probe: too short (len=1349, chunk_size=2300)
Skipping probe: too short (len=1763, chunk_size=2300)
Skipping probe: too short (len=1450, chunk_size=2300)
Skipping probe: too short (len=1958, chunk_size=2300)
Skipping probe: too short (len=1604, chunk_size=2300)
Skipping probe: too short (len=2058, chunk_size=2300)
Skipping probe: too short (len=1266, chunk_size=2300)
Skipping probe: too short (len=670, chunk_size=2300)
Skipping probe: too short (len=886, chunk_size=2300)
Skipping probe: too short (len=982, chunk_size=2300)
Skipping probe: too short (len=632, chunk_size=2300)
Skipping probe: too short (len=1619, chunk_size=2300)
Skipping probe: too short (len=1880, chunk_size=2300)
Skipping probe: too short (len=1995, chunk_size=2300)
Skipping probe: too short (len=2252, chunk_size=2300)
Skipping probe: too short (len=1871, chunk_size=2300)
Skipping probe: too short (len=1021, chunk_size=2300)
Skipping probe: too short (len=1023, chunk_size=2300)
Skipping probe: too short (len=2171, chunk_size=2300)
Skipping probe: too short (len=2176, chunk_size=2300)
Skipping probe: too short (len=1619, chunk_size=2300)
Skipping probe: too short (len=1924, chunk_size=2300)
Skipping probe: too short (len=2216, chunk_size=2300)
Skipping probe: too short (len=834, chunk_size=2300)
Skipping probe: too short (len=1506, chunk_size=2300)
Skipping probe: too short (len=1604, chunk_size=2300)
Skipping probe: too short (len=1450, chunk_size=2300)
Skipping probe: too short (len=1349, chunk_size=2300)
Skipping probe: too short (len=1454, chunk_size=2300)
Skipping probe: too short (len=1958, chunk_size=2300)
Skipping probe: too short (len=982, chunk_size=2300)
Skipping probe: too short (len=559, chunk_size=2300)
Skipping probe: too short (len=1906, chunk_size=2300)
Skipping probe: too short (len=1563, chunk_size=2300)
Skipping probe: too short (len=1335, chunk_size=2300)
Skipping probe: too short (len=906, chunk_size=2300)
Skipping probe: too short (len=1763, chunk_size=2300)
Skipping probe: too short (len=1880, chunk_size=2300)
Skipping probe: too short (len=670, chunk_size=2300)
Skipping probe: too short (len=886, chunk_size=2300)
Skipping probe: too short (len=1995, chunk_size=2300)
Skipping probe: too short (len=2252, chunk_size=2300)
Skipping probe: too short (len=1871, chunk_size=2300)
Skipping probe: too short (len=1021, chunk_size=2300)
Skipping probe: too short (len=1266, chunk_size=2300)
Skipping probe: too short (len=2058, chunk_size=2300)
Skipping probe: too short (len=632, chunk_size=2300)
[I 2026-03-31 07:30:54,119] Trial 95 pruned. 
Skipping probe: too short (len=1450, chunk_size=2400)
Skipping probe: too short (len=1023, chunk_size=2400)
Skipping probe: too short (len=2171, chunk_size=2400)
Skipping probe: too short (len=2058, chunk_size=2400)
Skipping probe: too short (len=1604, chunk_size=2400)
Skipping probe: too short (len=982, chunk_size=2400)
Skipping probe: too short (len=1763, chunk_size=2400)
Skipping probe: too short (len=559, chunk_size=2400)
Skipping probe: too short (len=1906, chunk_size=2400)
Skipping probe: too short (len=1563, chunk_size=2400)
Skipping probe: too short (len=1335, chunk_size=2400)
Skipping probe: too short (len=906, chunk_size=2400)
Skipping probe: too short (len=1454, chunk_size=2400)
Skipping probe: too short (len=2176, chunk_size=2400)
Skipping probe: too short (len=1924, chunk_size=2400)
Skipping probe: too short (len=2341, chunk_size=2400)
Skipping probe: too short (len=2216, chunk_size=2400)
Skipping probe: too short (len=834, chunk_size=2400)
Skipping probe: too short (len=1506, chunk_size=2400)
Skipping probe: too short (len=1349, chunk_size=2400)
Skipping probe: too short (len=1958, chunk_size=2400)
Skipping probe: too short (len=1266, chunk_size=2400)
Skipping probe: too short (len=670, chunk_size=2400)
Skipping probe: too short (len=886, chunk_size=2400)
Skipping probe: too short (len=632, chunk_size=2400)
Skipping probe: too short (len=2340, chunk_size=2400)
Skipping probe: too short (len=1619, chunk_size=2400)
Skipping probe: too short (len=1995, chunk_size=2400)
Skipping probe: too short (len=2252, chunk_size=2400)
Skipping probe: too short (len=1880, chunk_size=2400)
Skipping probe: too short (len=1871, chunk_size=2400)
Skipping probe: too short (len=1021, chunk_size=2400)
Skipping probe: too short (len=2176, chunk_size=2400)
Skipping probe: too short (len=1924, chunk_size=2400)
Skipping probe: too short (len=2341, chunk_size=2400)
Skipping probe: too short (len=2216, chunk_size=2400)
Skipping probe: too short (len=834, chunk_size=2400)
Skipping probe: too short (len=1506, chunk_size=2400)
Skipping probe: too short (len=1349, chunk_size=2400)
Skipping probe: too short (len=1619, chunk_size=2400)
Skipping probe: too short (len=1450, chunk_size=2400)
Skipping probe: too short (len=982, chunk_size=2400)
Skipping probe: too short (len=1604, chunk_size=2400)
Skipping probe: too short (len=1454, chunk_size=2400)
Skipping probe: too short (len=1023, chunk_size=2400)
Skipping probe: too short (len=2171, chunk_size=2400)
Skipping probe: too short (len=1958, chunk_size=2400)
Skipping probe: too short (len=559, chunk_size=2400)
Skipping probe: too short (len=1906, chunk_size=2400)
Skipping probe: too short (len=1563, chunk_size=2400)
Skipping probe: too short (len=1335, chunk_size=2400)
Skipping probe: too short (len=906, chunk_size=2400)
Skipping probe: too short (len=670, chunk_size=2400)
Skipping probe: too short (len=886, chunk_size=2400)
Skipping probe: too short (len=1763, chunk_size=2400)
Skipping probe: too short (len=1880, chunk_size=2400)
Skipping probe: too short (len=1995, chunk_size=2400)
Skipping probe: too short (len=2252, chunk_size=2400)
Skipping probe: too short (len=2340, chunk_size=2400)
Skipping probe: too short (len=1871, chunk_size=2400)
Skipping probe: too short (len=1021, chunk_size=2400)
Skipping probe: too short (len=1266, chunk_size=2400)
Skipping probe: too short (len=2058, chunk_size=2400)
Skipping probe: too short (len=632, chunk_size=2400)
Skipping probe: too short (len=1619, chunk_size=2400)
Skipping probe: too short (len=2058, chunk_size=2400)
Skipping probe: too short (len=1023, chunk_size=2400)
Skipping probe: too short (len=2171, chunk_size=2400)
Skipping probe: too short (len=1958, chunk_size=2400)
Skipping probe: too short (len=1266, chunk_size=2400)
Skipping probe: too short (len=1450, chunk_size=2400)
Skipping probe: too short (len=1924, chunk_size=2400)
Skipping probe: too short (len=2341, chunk_size=2400)
Skipping probe: too short (len=2216, chunk_size=2400)
Skipping probe: too short (len=834, chunk_size=2400)
Skipping probe: too short (len=1506, chunk_size=2400)
Skipping probe: too short (len=1880, chunk_size=2400)
Skipping probe: too short (len=2176, chunk_size=2400)
Skipping probe: too short (len=559, chunk_size=2400)
Skipping probe: too short (len=1906, chunk_size=2400)
Skipping probe: too short (len=1563, chunk_size=2400)
Skipping probe: too short (len=1335, chunk_size=2400)
Skipping probe: too short (len=906, chunk_size=2400)
Skipping probe: too short (len=670, chunk_size=2400)
Skipping probe: too short (len=886, chunk_size=2400)
Skipping probe: too short (len=1995, chunk_size=2400)
Skipping probe: too short (len=2252, chunk_size=2400)
Skipping probe: too short (len=632, chunk_size=2400)
Skipping probe: too short (len=1871, chunk_size=2400)
Skipping probe: too short (len=1021, chunk_size=2400)
Skipping probe: too short (len=1454, chunk_size=2400)
Skipping probe: too short (len=982, chunk_size=2400)
Skipping probe: too short (len=1349, chunk_size=2400)
Skipping probe: too short (len=1604, chunk_size=2400)
Skipping probe: too short (len=1763, chunk_size=2400)
Skipping probe: too short (len=2340, chunk_size=2400)
Skipping probe: too short (len=1454, chunk_size=2400)
Skipping probe: too short (len=1349, chunk_size=2400)
Skipping probe: too short (len=2058, chunk_size=2400)
Skipping probe: too short (len=1604, chunk_size=2400)
Skipping probe: too short (len=1450, chunk_size=2400)
Skipping probe: too short (len=1266, chunk_size=2400)
Skipping probe: too short (len=1958, chunk_size=2400)
Skipping probe: too short (len=1023, chunk_size=2400)
Skipping probe: too short (len=2171, chunk_size=2400)
Skipping probe: too short (len=1880, chunk_size=2400)
Skipping probe: too short (len=982, chunk_size=2400)
Skipping probe: too short (len=670, chunk_size=2400)
Skipping probe: too short (len=886, chunk_size=2400)
Skipping probe: too short (len=1924, chunk_size=2400)
Skipping probe: too short (len=2341, chunk_size=2400)
Skipping probe: too short (len=2216, chunk_size=2400)
Skipping probe: too short (len=834, chunk_size=2400)
Skipping probe: too short (len=1506, chunk_size=2400)
Skipping probe: too short (len=1763, chunk_size=2400)
Skipping probe: too short (len=1619, chunk_size=2400)
Skipping probe: too short (len=2340, chunk_size=2400)
Skipping probe: too short (len=1995, chunk_size=2400)
Skipping probe: too short (len=2252, chunk_size=2400)
Skipping probe: too short (len=1871, chunk_size=2400)
Skipping probe: too short (len=1021, chunk_size=2400)
Skipping probe: too short (len=632, chunk_size=2400)
Skipping probe: too short (len=2176, chunk_size=2400)
Skipping probe: too short (len=559, chunk_size=2400)
Skipping probe: too short (len=1906, chunk_size=2400)
Skipping probe: too short (len=1563, chunk_size=2400)
Skipping probe: too short (len=1335, chunk_size=2400)
Skipping probe: too short (len=906, chunk_size=2400)
[I 2026-03-31 08:18:28,258] Trial 96 pruned. 
Skipping probe: too short (len=1604, chunk_size=2500)
Skipping probe: too short (len=559, chunk_size=2500)
Skipping probe: too short (len=1906, chunk_size=2500)
Skipping probe: too short (len=1563, chunk_size=2500)
Skipping probe: too short (len=1335, chunk_size=2500)
Skipping probe: too short (len=906, chunk_size=2500)
Skipping probe: too short (len=1266, chunk_size=2500)
Skipping probe: too short (len=1454, chunk_size=2500)
Skipping probe: too short (len=2058, chunk_size=2500)
Skipping probe: too short (len=1023, chunk_size=2500)
Skipping probe: too short (len=2171, chunk_size=2500)
Skipping probe: too short (len=1924, chunk_size=2500)
Skipping probe: too short (len=2341, chunk_size=2500)
Skipping probe: too short (len=2216, chunk_size=2500)
Skipping probe: too short (len=2445, chunk_size=2500)
Skipping probe: too short (len=2409, chunk_size=2500)
Skipping probe: too short (len=834, chunk_size=2500)
Skipping probe: too short (len=1506, chunk_size=2500)
Skipping probe: too short (len=1349, chunk_size=2500)
Skipping probe: too short (len=1763, chunk_size=2500)
Skipping probe: too short (len=1450, chunk_size=2500)
Skipping probe: too short (len=1958, chunk_size=2500)
Skipping probe: too short (len=670, chunk_size=2500)
Skipping probe: too short (len=886, chunk_size=2500)
Skipping probe: too short (len=632, chunk_size=2500)
Skipping probe: too short (len=2340, chunk_size=2500)
Skipping probe: too short (len=2176, chunk_size=2500)
Skipping probe: too short (len=982, chunk_size=2500)
Skipping probe: too short (len=2436, chunk_size=2500)
Skipping probe: too short (len=1880, chunk_size=2500)
Skipping probe: too short (len=1619, chunk_size=2500)
Skipping probe: too short (len=1995, chunk_size=2500)
Skipping probe: too short (len=2252, chunk_size=2500)
Skipping probe: too short (len=1871, chunk_size=2500)
Skipping probe: too short (len=1021, chunk_size=2500)
Skipping probe: too short (len=1454, chunk_size=2500)
Skipping probe: too short (len=670, chunk_size=2500)
Skipping probe: too short (len=886, chunk_size=2500)
Skipping probe: too short (len=1958, chunk_size=2500)
Skipping probe: too short (len=1924, chunk_size=2500)
Skipping probe: too short (len=2341, chunk_size=2500)
Skipping probe: too short (len=2216, chunk_size=2500)
Skipping probe: too short (len=2445, chunk_size=2500)
Skipping probe: too short (len=2409, chunk_size=2500)
Skipping probe: too short (len=834, chunk_size=2500)
Skipping probe: too short (len=1506, chunk_size=2500)
Skipping probe: too short (len=1763, chunk_size=2500)
Skipping probe: too short (len=1349, chunk_size=2500)
Skipping probe: too short (len=2436, chunk_size=2500)
Skipping probe: too short (len=1450, chunk_size=2500)
Skipping probe: too short (len=2176, chunk_size=2500)
Skipping probe: too short (len=1619, chunk_size=2500)
Skipping probe: too short (len=559, chunk_size=2500)
Skipping probe: too short (len=1906, chunk_size=2500)
Skipping probe: too short (len=1563, chunk_size=2500)
Skipping probe: too short (len=1335, chunk_size=2500)
Skipping probe: too short (len=906, chunk_size=2500)
Skipping probe: too short (len=1604, chunk_size=2500)
Skipping probe: too short (len=982, chunk_size=2500)
Skipping probe: too short (len=1023, chunk_size=2500)
Skipping probe: too short (len=2171, chunk_size=2500)
Skipping probe: too short (len=1871, chunk_size=2500)
Skipping probe: too short (len=1021, chunk_size=2500)
Skipping probe: too short (len=2340, chunk_size=2500)
Skipping probe: too short (len=1995, chunk_size=2500)
Skipping probe: too short (len=2252, chunk_size=2500)
Skipping probe: too short (len=1880, chunk_size=2500)
Skipping probe: too short (len=1266, chunk_size=2500)
Skipping probe: too short (len=2058, chunk_size=2500)
Skipping probe: too short (len=632, chunk_size=2500)
Skipping probe: too short (len=2436, chunk_size=2500)
Skipping probe: too short (len=1023, chunk_size=2500)
Skipping probe: too short (len=2171, chunk_size=2500)
Skipping probe: too short (len=2176, chunk_size=2500)
Skipping probe: too short (len=1450, chunk_size=2500)
Skipping probe: too short (len=1924, chunk_size=2500)
Skipping probe: too short (len=2341, chunk_size=2500)
Skipping probe: too short (len=2216, chunk_size=2500)
Skipping probe: too short (len=2445, chunk_size=2500)
Skipping probe: too short (len=2409, chunk_size=2500)
Skipping probe: too short (len=834, chunk_size=2500)
Skipping probe: too short (len=1506, chunk_size=2500)
Skipping probe: too short (len=1958, chunk_size=2500)
Skipping probe: too short (len=1266, chunk_size=2500)
Skipping probe: too short (len=2058, chunk_size=2500)
Skipping probe: too short (len=559, chunk_size=2500)
Skipping probe: too short (len=1906, chunk_size=2500)
Skipping probe: too short (len=1563, chunk_size=2500)
Skipping probe: too short (len=1335, chunk_size=2500)
Skipping probe: too short (len=906, chunk_size=2500)
Skipping probe: too short (len=1619, chunk_size=2500)
Skipping probe: too short (len=1995, chunk_size=2500)
Skipping probe: too short (len=2252, chunk_size=2500)
Skipping probe: too short (len=1871, chunk_size=2500)
Skipping probe: too short (len=1021, chunk_size=2500)
Skipping probe: too short (len=1880, chunk_size=2500)
Skipping probe: too short (len=670, chunk_size=2500)
Skipping probe: too short (len=886, chunk_size=2500)
Skipping probe: too short (len=632, chunk_size=2500)
Skipping probe: too short (len=1454, chunk_size=2500)
Skipping probe: too short (len=1604, chunk_size=2500)
Skipping probe: too short (len=1349, chunk_size=2500)
Skipping probe: too short (len=982, chunk_size=2500)
Skipping probe: too short (len=2340, chunk_size=2500)
Skipping probe: too short (len=1763, chunk_size=2500)
Skipping probe: too short (len=1450, chunk_size=2500)
Skipping probe: too short (len=1023, chunk_size=2500)
Skipping probe: too short (len=2171, chunk_size=2500)
Skipping probe: too short (len=1454, chunk_size=2500)
Skipping probe: too short (len=2058, chunk_size=2500)
Skipping probe: too short (len=1924, chunk_size=2500)
Skipping probe: too short (len=2341, chunk_size=2500)
Skipping probe: too short (len=2216, chunk_size=2500)
Skipping probe: too short (len=2445, chunk_size=2500)
Skipping probe: too short (len=2409, chunk_size=2500)
Skipping probe: too short (len=834, chunk_size=2500)
Skipping probe: too short (len=1506, chunk_size=2500)
Skipping probe: too short (len=1266, chunk_size=2500)
Skipping probe: too short (len=2436, chunk_size=2500)
Skipping probe: too short (len=1604, chunk_size=2500)
Skipping probe: too short (len=1349, chunk_size=2500)
Skipping probe: too short (len=982, chunk_size=2500)
Skipping probe: too short (len=670, chunk_size=2500)
Skipping probe: too short (len=886, chunk_size=2500)
Skipping probe: too short (len=1619, chunk_size=2500)
Skipping probe: too short (len=1958, chunk_size=2500)
Skipping probe: too short (len=1880, chunk_size=2500)
Skipping probe: too short (len=1995, chunk_size=2500)
Skipping probe: too short (len=2252, chunk_size=2500)
Skipping probe: too short (len=1763, chunk_size=2500)
Skipping probe: too short (len=2340, chunk_size=2500)
Skipping probe: too short (len=632, chunk_size=2500)
Skipping probe: too short (len=1871, chunk_size=2500)
Skipping probe: too short (len=1021, chunk_size=2500)
Skipping probe: too short (len=559, chunk_size=2500)
Skipping probe: too short (len=1906, chunk_size=2500)
Skipping probe: too short (len=1563, chunk_size=2500)
Skipping probe: too short (len=1335, chunk_size=2500)
Skipping probe: too short (len=906, chunk_size=2500)
Skipping probe: too short (len=2176, chunk_size=2500)
Skipping probe: too short (len=2436, chunk_size=2500)
Skipping probe: too short (len=559, chunk_size=2500)
Skipping probe: too short (len=1906, chunk_size=2500)
Skipping probe: too short (len=1563, chunk_size=2500)
Skipping probe: too short (len=1335, chunk_size=2500)
Skipping probe: too short (len=906, chunk_size=2500)
Skipping probe: too short (len=1619, chunk_size=2500)
Skipping probe: too short (len=1604, chunk_size=2500)
Skipping probe: too short (len=982, chunk_size=2500)
Skipping probe: too short (len=1349, chunk_size=2500)
Skipping probe: too short (len=1454, chunk_size=2500)
Skipping probe: too short (len=2176, chunk_size=2500)
Skipping probe: too short (len=2058, chunk_size=2500)
Skipping probe: too short (len=1266, chunk_size=2500)
Skipping probe: too short (len=1880, chunk_size=2500)
Skipping probe: too short (len=1995, chunk_size=2500)
Skipping probe: too short (len=2252, chunk_size=2500)
Skipping probe: too short (len=1763, chunk_size=2500)
Skipping probe: too short (len=632, chunk_size=2500)
Skipping probe: too short (len=2340, chunk_size=2500)
Skipping probe: too short (len=1871, chunk_size=2500)
Skipping probe: too short (len=1021, chunk_size=2500)
Skipping probe: too short (len=1450, chunk_size=2500)
Skipping probe: too short (len=1023, chunk_size=2500)
Skipping probe: too short (len=2171, chunk_size=2500)
Skipping probe: too short (len=1958, chunk_size=2500)
Skipping probe: too short (len=670, chunk_size=2500)
Skipping probe: too short (len=886, chunk_size=2500)
Skipping probe: too short (len=1924, chunk_size=2500)
Skipping probe: too short (len=2341, chunk_size=2500)
Skipping probe: too short (len=2216, chunk_size=2500)
Skipping probe: too short (len=2445, chunk_size=2500)
Skipping probe: too short (len=2409, chunk_size=2500)
Skipping probe: too short (len=834, chunk_size=2500)
Skipping probe: too short (len=1506, chunk_size=2500)
Trial 97 F1s - Weighted: 0.7842 | Macro: 0.3622 | Micro: 0.8061

[I 2026-03-31 08:50:57,459] Trial 97 finished with value: 0.7841955198520629 and parameters: {'chunk_seconds': 25, 'num_freqs': 11, 'num_estimators': 1024, 'max_depth': 128, 'max_features': 0.21866050534808532, 'overlap': 0.5169282627461744, 'max_lag': 10}. Best is trial 97 with value: 0.7841955198520629.
Skipping probe: too short (len=1266, chunk_size=2500)
Skipping probe: too short (len=559, chunk_size=2500)
Skipping probe: too short (len=1906, chunk_size=2500)
Skipping probe: too short (len=1563, chunk_size=2500)
Skipping probe: too short (len=1335, chunk_size=2500)
Skipping probe: too short (len=906, chunk_size=2500)
Skipping probe: too short (len=1454, chunk_size=2500)
Skipping probe: too short (len=1604, chunk_size=2500)
Skipping probe: too short (len=2176, chunk_size=2500)
Skipping probe: too short (len=1924, chunk_size=2500)
Skipping probe: too short (len=2341, chunk_size=2500)
Skipping probe: too short (len=2216, chunk_size=2500)
Skipping probe: too short (len=2445, chunk_size=2500)
Skipping probe: too short (len=2409, chunk_size=2500)
Skipping probe: too short (len=834, chunk_size=2500)
Skipping probe: too short (len=1506, chunk_size=2500)
Skipping probe: too short (len=1349, chunk_size=2500)
Skipping probe: too short (len=1450, chunk_size=2500)
Skipping probe: too short (len=2058, chunk_size=2500)
Skipping probe: too short (len=1958, chunk_size=2500)
Skipping probe: too short (len=1023, chunk_size=2500)
Skipping probe: too short (len=2171, chunk_size=2500)
Skipping probe: too short (len=982, chunk_size=2500)
Skipping probe: too short (len=1763, chunk_size=2500)
Skipping probe: too short (len=632, chunk_size=2500)
Skipping probe: too short (len=670, chunk_size=2500)
Skipping probe: too short (len=886, chunk_size=2500)
Skipping probe: too short (len=2340, chunk_size=2500)
Skipping probe: too short (len=2436, chunk_size=2500)
Skipping probe: too short (len=1619, chunk_size=2500)
Skipping probe: too short (len=1880, chunk_size=2500)
Skipping probe: too short (len=1871, chunk_size=2500)
Skipping probe: too short (len=1021, chunk_size=2500)
Skipping probe: too short (len=1995, chunk_size=2500)
Skipping probe: too short (len=2252, chunk_size=2500)
Skipping probe: too short (len=1450, chunk_size=2500)
Skipping probe: too short (len=1023, chunk_size=2500)
Skipping probe: too short (len=2171, chunk_size=2500)
Skipping probe: too short (len=2436, chunk_size=2500)
Skipping probe: too short (len=559, chunk_size=2500)
Skipping probe: too short (len=1906, chunk_size=2500)
Skipping probe: too short (len=1563, chunk_size=2500)
Skipping probe: too short (len=1335, chunk_size=2500)
Skipping probe: too short (len=906, chunk_size=2500)
Skipping probe: too short (len=2176, chunk_size=2500)
Skipping probe: too short (len=1924, chunk_size=2500)
Skipping probe: too short (len=2341, chunk_size=2500)
Skipping probe: too short (len=2216, chunk_size=2500)
Skipping probe: too short (len=2445, chunk_size=2500)
Skipping probe: too short (len=2409, chunk_size=2500)
Skipping probe: too short (len=834, chunk_size=2500)
Skipping probe: too short (len=1506, chunk_size=2500)
Skipping probe: too short (len=982, chunk_size=2500)
Skipping probe: too short (len=1958, chunk_size=2500)
Skipping probe: too short (len=1454, chunk_size=2500)
Skipping probe: too short (len=1604, chunk_size=2500)
Skipping probe: too short (len=1349, chunk_size=2500)
Skipping probe: too short (len=1619, chunk_size=2500)
Skipping probe: too short (len=1880, chunk_size=2500)
Skipping probe: too short (len=1763, chunk_size=2500)
Skipping probe: too short (len=2340, chunk_size=2500)
Skipping probe: too short (len=1995, chunk_size=2500)
Skipping probe: too short (len=2252, chunk_size=2500)
Skipping probe: too short (len=670, chunk_size=2500)
Skipping probe: too short (len=886, chunk_size=2500)
Skipping probe: too short (len=1871, chunk_size=2500)
Skipping probe: too short (len=1021, chunk_size=2500)
Skipping probe: too short (len=1266, chunk_size=2500)
Skipping probe: too short (len=2058, chunk_size=2500)
Skipping probe: too short (len=632, chunk_size=2500)
Skipping probe: too short (len=2058, chunk_size=2500)
Skipping probe: too short (len=1450, chunk_size=2500)
Skipping probe: too short (len=1619, chunk_size=2500)
Skipping probe: too short (len=1958, chunk_size=2500)
Skipping probe: too short (len=2436, chunk_size=2500)
Skipping probe: too short (len=1266, chunk_size=2500)
Skipping probe: too short (len=1880, chunk_size=2500)
Skipping probe: too short (len=1023, chunk_size=2500)
Skipping probe: too short (len=2171, chunk_size=2500)
Skipping probe: too short (len=1924, chunk_size=2500)
Skipping probe: too short (len=2341, chunk_size=2500)
Skipping probe: too short (len=2216, chunk_size=2500)
Skipping probe: too short (len=2445, chunk_size=2500)
Skipping probe: too short (len=2409, chunk_size=2500)
Skipping probe: too short (len=834, chunk_size=2500)
Skipping probe: too short (len=1506, chunk_size=2500)
Skipping probe: too short (len=1995, chunk_size=2500)
Skipping probe: too short (len=2252, chunk_size=2500)
Skipping probe: too short (len=559, chunk_size=2500)
Skipping probe: too short (len=1906, chunk_size=2500)
Skipping probe: too short (len=1563, chunk_size=2500)
Skipping probe: too short (len=1335, chunk_size=2500)
Skipping probe: too short (len=906, chunk_size=2500)
Skipping probe: too short (len=2176, chunk_size=2500)
Skipping probe: too short (len=670, chunk_size=2500)
Skipping probe: too short (len=886, chunk_size=2500)
Skipping probe: too short (len=1871, chunk_size=2500)
Skipping probe: too short (len=1021, chunk_size=2500)
Skipping probe: too short (len=632, chunk_size=2500)
Skipping probe: too short (len=1454, chunk_size=2500)
Skipping probe: too short (len=1604, chunk_size=2500)
Skipping probe: too short (len=1349, chunk_size=2500)
Skipping probe: too short (len=982, chunk_size=2500)
Skipping probe: too short (len=1763, chunk_size=2500)
Skipping probe: too short (len=2340, chunk_size=2500)
Skipping probe: too short (len=1924, chunk_size=2500)
Skipping probe: too short (len=2341, chunk_size=2500)
Skipping probe: too short (len=2216, chunk_size=2500)
Skipping probe: too short (len=2445, chunk_size=2500)
Skipping probe: too short (len=2409, chunk_size=2500)
Skipping probe: too short (len=834, chunk_size=2500)
Skipping probe: too short (len=1506, chunk_size=2500)
Skipping probe: too short (len=2058, chunk_size=2500)
Skipping probe: too short (len=1958, chunk_size=2500)
Skipping probe: too short (len=1349, chunk_size=2500)
Skipping probe: too short (len=1454, chunk_size=2500)
Skipping probe: too short (len=1450, chunk_size=2500)
Skipping probe: too short (len=1023, chunk_size=2500)
Skipping probe: too short (len=2171, chunk_size=2500)
Skipping probe: too short (len=1604, chunk_size=2500)
Skipping probe: too short (len=982, chunk_size=2500)
Skipping probe: too short (len=2436, chunk_size=2500)
Skipping probe: too short (len=1763, chunk_size=2500)
Skipping probe: too short (len=1266, chunk_size=2500)
Skipping probe: too short (len=1619, chunk_size=2500)
Skipping probe: too short (len=1880, chunk_size=2500)
Skipping probe: too short (len=1871, chunk_size=2500)
Skipping probe: too short (len=1021, chunk_size=2500)
Skipping probe: too short (len=2340, chunk_size=2500)
Skipping probe: too short (len=670, chunk_size=2500)
Skipping probe: too short (len=886, chunk_size=2500)
Skipping probe: too short (len=632, chunk_size=2500)
Skipping probe: too short (len=1995, chunk_size=2500)
Skipping probe: too short (len=2252, chunk_size=2500)
Skipping probe: too short (len=2176, chunk_size=2500)
Skipping probe: too short (len=559, chunk_size=2500)
Skipping probe: too short (len=1906, chunk_size=2500)
Skipping probe: too short (len=1563, chunk_size=2500)
Skipping probe: too short (len=1335, chunk_size=2500)
Skipping probe: too short (len=906, chunk_size=2500)
Skipping probe: too short (len=1619, chunk_size=2500)
Skipping probe: too short (len=1763, chunk_size=2500)
Skipping probe: too short (len=1604, chunk_size=2500)
Skipping probe: too short (len=1349, chunk_size=2500)
Skipping probe: too short (len=1454, chunk_size=2500)
Skipping probe: too short (len=2436, chunk_size=2500)
Skipping probe: too short (len=1266, chunk_size=2500)
Skipping probe: too short (len=982, chunk_size=2500)
Skipping probe: too short (len=2058, chunk_size=2500)
Skipping probe: too short (len=2176, chunk_size=2500)
Skipping probe: too short (len=1871, chunk_size=2500)
Skipping probe: too short (len=1021, chunk_size=2500)
Skipping probe: too short (len=1995, chunk_size=2500)
Skipping probe: too short (len=2252, chunk_size=2500)
Skipping probe: too short (len=559, chunk_size=2500)
Skipping probe: too short (len=1906, chunk_size=2500)
Skipping probe: too short (len=1563, chunk_size=2500)
Skipping probe: too short (len=1335, chunk_size=2500)
Skipping probe: too short (len=906, chunk_size=2500)
Skipping probe: too short (len=1880, chunk_size=2500)
Skipping probe: too short (len=2340, chunk_size=2500)
Skipping probe: too short (len=632, chunk_size=2500)
Skipping probe: too short (len=1450, chunk_size=2500)
Skipping probe: too short (len=1958, chunk_size=2500)
Skipping probe: too short (len=1023, chunk_size=2500)
Skipping probe: too short (len=2171, chunk_size=2500)
Skipping probe: too short (len=670, chunk_size=2500)
Skipping probe: too short (len=886, chunk_size=2500)
Skipping probe: too short (len=1924, chunk_size=2500)
Skipping probe: too short (len=2341, chunk_size=2500)
Skipping probe: too short (len=2216, chunk_size=2500)
Skipping probe: too short (len=2445, chunk_size=2500)
Skipping probe: too short (len=2409, chunk_size=2500)
Skipping probe: too short (len=834, chunk_size=2500)
Skipping probe: too short (len=1506, chunk_size=2500)
Trial 98 F1s - Weighted: 0.7845 | Macro: 0.3636 | Micro: 0.8063

[I 2026-03-31 09:25:32,400] Trial 98 finished with value: 0.7844932760707071 and parameters: {'chunk_seconds': 25, 'num_freqs': 11, 'num_estimators': 1024, 'max_depth': 128, 'max_features': 0.2006656546810392, 'overlap': 0.5474607646696771, 'max_lag': 10}. Best is trial 98 with value: 0.7844932760707071.
Skipping probe: too short (len=559, chunk_size=2500)
Skipping probe: too short (len=1906, chunk_size=2500)
Skipping probe: too short (len=1563, chunk_size=2500)
Skipping probe: too short (len=1335, chunk_size=2500)
Skipping probe: too short (len=906, chunk_size=2500)
Skipping probe: too short (len=1604, chunk_size=2500)
Skipping probe: too short (len=2058, chunk_size=2500)
Skipping probe: too short (len=1023, chunk_size=2500)
Skipping probe: too short (len=2171, chunk_size=2500)
Skipping probe: too short (len=1349, chunk_size=2500)
Skipping probe: too short (len=1924, chunk_size=2500)
Skipping probe: too short (len=2341, chunk_size=2500)
Skipping probe: too short (len=2216, chunk_size=2500)
Skipping probe: too short (len=2445, chunk_size=2500)
Skipping probe: too short (len=2409, chunk_size=2500)
Skipping probe: too short (len=834, chunk_size=2500)
Skipping probe: too short (len=1506, chunk_size=2500)
Skipping probe: too short (len=2176, chunk_size=2500)
Skipping probe: too short (len=1450, chunk_size=2500)
Skipping probe: too short (len=1958, chunk_size=2500)
Skipping probe: too short (len=1454, chunk_size=2500)
Skipping probe: too short (len=982, chunk_size=2500)
Skipping probe: too short (len=1266, chunk_size=2500)
Skipping probe: too short (len=670, chunk_size=2500)
Skipping probe: too short (len=886, chunk_size=2500)
Skipping probe: too short (len=1763, chunk_size=2500)
Skipping probe: too short (len=2340, chunk_size=2500)
Skipping probe: too short (len=632, chunk_size=2500)
Skipping probe: too short (len=1619, chunk_size=2500)
Skipping probe: too short (len=2436, chunk_size=2500)
Skipping probe: too short (len=1880, chunk_size=2500)
Skipping probe: too short (len=1995, chunk_size=2500)
Skipping probe: too short (len=2252, chunk_size=2500)
Skipping probe: too short (len=1871, chunk_size=2500)
Skipping probe: too short (len=1021, chunk_size=2500)
Skipping probe: too short (len=1023, chunk_size=2500)
Skipping probe: too short (len=2171, chunk_size=2500)
Skipping probe: too short (len=1450, chunk_size=2500)
Skipping probe: too short (len=559, chunk_size=2500)
Skipping probe: too short (len=1906, chunk_size=2500)
Skipping probe: too short (len=1563, chunk_size=2500)
Skipping probe: too short (len=1335, chunk_size=2500)
Skipping probe: too short (len=906, chunk_size=2500)
Skipping probe: too short (len=1454, chunk_size=2500)
Skipping probe: too short (len=1924, chunk_size=2500)
Skipping probe: too short (len=2341, chunk_size=2500)
Skipping probe: too short (len=2216, chunk_size=2500)
Skipping probe: too short (len=2445, chunk_size=2500)
Skipping probe: too short (len=2409, chunk_size=2500)
Skipping probe: too short (len=834, chunk_size=2500)
Skipping probe: too short (len=1506, chunk_size=2500)
Skipping probe: too short (len=2176, chunk_size=2500)
Skipping probe: too short (len=1619, chunk_size=2500)
Skipping probe: too short (len=1349, chunk_size=2500)
Skipping probe: too short (len=2436, chunk_size=2500)
Skipping probe: too short (len=1958, chunk_size=2500)
Skipping probe: too short (len=1604, chunk_size=2500)
Skipping probe: too short (len=982, chunk_size=2500)
Skipping probe: too short (len=670, chunk_size=2500)
Skipping probe: too short (len=886, chunk_size=2500)
Skipping probe: too short (len=1880, chunk_size=2500)
Skipping probe: too short (len=1871, chunk_size=2500)
Skipping probe: too short (len=1021, chunk_size=2500)
Skipping probe: too short (len=1995, chunk_size=2500)
Skipping probe: too short (len=2252, chunk_size=2500)
Skipping probe: too short (len=1763, chunk_size=2500)
Skipping probe: too short (len=2340, chunk_size=2500)
Skipping probe: too short (len=2058, chunk_size=2500)
Skipping probe: too short (len=1266, chunk_size=2500)
Skipping probe: too short (len=632, chunk_size=2500)
Skipping probe: too short (len=1266, chunk_size=2500)
Skipping probe: too short (len=559, chunk_size=2500)
Skipping probe: too short (len=1906, chunk_size=2500)
Skipping probe: too short (len=1563, chunk_size=2500)
Skipping probe: too short (len=1335, chunk_size=2500)
Skipping probe: too short (len=906, chunk_size=2500)
Skipping probe: too short (len=1450, chunk_size=2500)
Skipping probe: too short (len=2436, chunk_size=2500)
Skipping probe: too short (len=1023, chunk_size=2500)
Skipping probe: too short (len=2171, chunk_size=2500)
Skipping probe: too short (len=2176, chunk_size=2500)
Skipping probe: too short (len=2058, chunk_size=2500)
Skipping probe: too short (len=1924, chunk_size=2500)
Skipping probe: too short (len=2341, chunk_size=2500)
Skipping probe: too short (len=2216, chunk_size=2500)
Skipping probe: too short (len=2445, chunk_size=2500)
Skipping probe: too short (len=2409, chunk_size=2500)
Skipping probe: too short (len=834, chunk_size=2500)
Skipping probe: too short (len=1506, chunk_size=2500)
Skipping probe: too short (len=1880, chunk_size=2500)
Skipping probe: too short (len=670, chunk_size=2500)
Skipping probe: too short (len=886, chunk_size=2500)
Skipping probe: too short (len=1619, chunk_size=2500)
Skipping probe: too short (len=1958, chunk_size=2500)
Skipping probe: too short (len=1995, chunk_size=2500)
Skipping probe: too short (len=2252, chunk_size=2500)
Skipping probe: too short (len=632, chunk_size=2500)
Skipping probe: too short (len=1871, chunk_size=2500)
Skipping probe: too short (len=1021, chunk_size=2500)
Skipping probe: too short (len=1454, chunk_size=2500)
Skipping probe: too short (len=982, chunk_size=2500)
Skipping probe: too short (len=1349, chunk_size=2500)
Skipping probe: too short (len=1763, chunk_size=2500)
Skipping probe: too short (len=1604, chunk_size=2500)
Skipping probe: too short (len=2340, chunk_size=2500)
Skipping probe: too short (len=2058, chunk_size=2500)
Skipping probe: too short (len=1604, chunk_size=2500)
Skipping probe: too short (len=1349, chunk_size=2500)
Skipping probe: too short (len=2436, chunk_size=2500)
Skipping probe: too short (len=982, chunk_size=2500)
Skipping probe: too short (len=1023, chunk_size=2500)
Skipping probe: too short (len=2171, chunk_size=2500)
Skipping probe: too short (len=1924, chunk_size=2500)
Skipping probe: too short (len=2341, chunk_size=2500)
Skipping probe: too short (len=2216, chunk_size=2500)
Skipping probe: too short (len=2445, chunk_size=2500)
Skipping probe: too short (len=2409, chunk_size=2500)
Skipping probe: too short (len=834, chunk_size=2500)
Skipping probe: too short (len=1506, chunk_size=2500)
Skipping probe: too short (len=1450, chunk_size=2500)
Skipping probe: too short (len=1958, chunk_size=2500)
Skipping probe: too short (len=1454, chunk_size=2500)
Skipping probe: too short (len=1266, chunk_size=2500)
Skipping probe: too short (len=1880, chunk_size=2500)
Skipping probe: too short (len=632, chunk_size=2500)
Skipping probe: too short (len=1619, chunk_size=2500)
Skipping probe: too short (len=1763, chunk_size=2500)
Skipping probe: too short (len=1995, chunk_size=2500)
Skipping probe: too short (len=2252, chunk_size=2500)
Skipping probe: too short (len=1871, chunk_size=2500)
Skipping probe: too short (len=1021, chunk_size=2500)
Skipping probe: too short (len=670, chunk_size=2500)
Skipping probe: too short (len=886, chunk_size=2500)
Skipping probe: too short (len=2340, chunk_size=2500)
Skipping probe: too short (len=2176, chunk_size=2500)
Skipping probe: too short (len=559, chunk_size=2500)
Skipping probe: too short (len=1906, chunk_size=2500)
Skipping probe: too short (len=1563, chunk_size=2500)
Skipping probe: too short (len=1335, chunk_size=2500)
Skipping probe: too short (len=906, chunk_size=2500)
Skipping probe: too short (len=982, chunk_size=2500)
Skipping probe: too short (len=1349, chunk_size=2500)
Skipping probe: too short (len=2436, chunk_size=2500)
Skipping probe: too short (len=559, chunk_size=2500)
Skipping probe: too short (len=1906, chunk_size=2500)
Skipping probe: too short (len=1563, chunk_size=2500)
Skipping probe: too short (len=1335, chunk_size=2500)
Skipping probe: too short (len=906, chunk_size=2500)
Skipping probe: too short (len=2058, chunk_size=2500)
Skipping probe: too short (len=1454, chunk_size=2500)
Skipping probe: too short (len=2176, chunk_size=2500)
Skipping probe: too short (len=1880, chunk_size=2500)
Skipping probe: too short (len=1266, chunk_size=2500)
Skipping probe: too short (len=1619, chunk_size=2500)
Skipping probe: too short (len=1763, chunk_size=2500)
Skipping probe: too short (len=1995, chunk_size=2500)
Skipping probe: too short (len=2252, chunk_size=2500)
Skipping probe: too short (len=1604, chunk_size=2500)
Skipping probe: too short (len=1871, chunk_size=2500)
Skipping probe: too short (len=1021, chunk_size=2500)
Skipping probe: too short (len=632, chunk_size=2500)
Skipping probe: too short (len=2340, chunk_size=2500)
Skipping probe: too short (len=1958, chunk_size=2500)
Skipping probe: too short (len=1450, chunk_size=2500)
Skipping probe: too short (len=1023, chunk_size=2500)
Skipping probe: too short (len=2171, chunk_size=2500)
Skipping probe: too short (len=670, chunk_size=2500)
Skipping probe: too short (len=886, chunk_size=2500)
Skipping probe: too short (len=1924, chunk_size=2500)
Skipping probe: too short (len=2341, chunk_size=2500)
Skipping probe: too short (len=2216, chunk_size=2500)
Skipping probe: too short (len=2445, chunk_size=2500)
Skipping probe: too short (len=2409, chunk_size=2500)
Skipping probe: too short (len=834, chunk_size=2500)
Skipping probe: too short (len=1506, chunk_size=2500)
Trial 99 F1s - Weighted: 0.7820 | Macro: 0.3605 | Micro: 0.8035

[I 2026-03-31 10:02:45,227] Trial 99 finished with value: 0.7820362779526057 and parameters: {'chunk_seconds': 25, 'num_freqs': 11, 'num_estimators': 1024, 'max_depth': 128, 'max_features': 0.21883246517738367, 'overlap': 0.5507863046318254, 'max_lag': 11}. Best is trial 98 with value: 0.7844932760707071.
{'chunk_seconds': 25, 'num_freqs': 11, 'num_estimators': 1024, 'max_depth': 128, 'max_features': 0.2006656546810392, 'overlap': 0.5474607646696771, 'max_lag': 10}
Job finished at: Tue Mar 31 10:02:48 EDT 2026
