uv version: uv 0.9.5
Running on host: gpu04.cluster
Job started at: Tue Feb 24 23:38:57 EST 2026
Running job ID: 728472
Loaded 58 files (2.86 GB) in 3.36 seconds.
Skipping probe: too short (len=1023, chunk_size=1100)
Skipping probe: too short (len=559, chunk_size=1100)
Skipping probe: too short (len=906, chunk_size=1100)
Skipping probe: too short (len=834, chunk_size=1100)
Skipping probe: too short (len=632, chunk_size=1100)
Skipping probe: too short (len=982, chunk_size=1100)
Skipping probe: too short (len=670, chunk_size=1100)
Skipping probe: too short (len=886, chunk_size=1100)
Skipping probe: too short (len=1021, chunk_size=1100)
Skipping probe: too short (len=559, chunk_size=1100)
Skipping probe: too short (len=906, chunk_size=1100)
Skipping probe: too short (len=1023, chunk_size=1100)
Skipping probe: too short (len=982, chunk_size=1100)
Skipping probe: too short (len=834, chunk_size=1100)
Skipping probe: too short (len=670, chunk_size=1100)
Skipping probe: too short (len=886, chunk_size=1100)
Skipping probe: too short (len=1021, chunk_size=1100)
Skipping probe: too short (len=632, chunk_size=1100)
Skipping probe: too short (len=1023, chunk_size=1100)
Skipping probe: too short (len=834, chunk_size=1100)
Skipping probe: too short (len=559, chunk_size=1100)
Skipping probe: too short (len=906, chunk_size=1100)
Skipping probe: too short (len=1021, chunk_size=1100)
Skipping probe: too short (len=670, chunk_size=1100)
Skipping probe: too short (len=886, chunk_size=1100)
Skipping probe: too short (len=632, chunk_size=1100)
Skipping probe: too short (len=982, chunk_size=1100)
Skipping probe: too short (len=982, chunk_size=1100)
Skipping probe: too short (len=1023, chunk_size=1100)
Skipping probe: too short (len=834, chunk_size=1100)
Skipping probe: too short (len=670, chunk_size=1100)
Skipping probe: too short (len=886, chunk_size=1100)
Skipping probe: too short (len=632, chunk_size=1100)
Skipping probe: too short (len=1021, chunk_size=1100)
Skipping probe: too short (len=559, chunk_size=1100)
Skipping probe: too short (len=906, chunk_size=1100)
Skipping probe: too short (len=559, chunk_size=1100)
Skipping probe: too short (len=906, chunk_size=1100)
Skipping probe: too short (len=982, chunk_size=1100)
Skipping probe: too short (len=632, chunk_size=1100)
Skipping probe: too short (len=1021, chunk_size=1100)
Skipping probe: too short (len=1023, chunk_size=1100)
Skipping probe: too short (len=834, chunk_size=1100)
Skipping probe: too short (len=670, chunk_size=1100)
Skipping probe: too short (len=886, chunk_size=1100)
Trial 0 F1s - Weighted: 0.6663 | Macro: 0.2120 | Micro: 0.6076

[I 2026-02-24 23:48:52,481] Trial 0 finished with value: 0.6662516723291451 and parameters: {'chunk_seconds': 11, 'num_freqs': 16, 'num_estimators': 16, 'max_depth': 8, 'max_features': 0.39065784094244527, 'overlap': 0.3949590379516132, 'max_lag': 8}. Best is trial 0 with value: 0.6662516723291451.
Skipping probe: too short (len=1349, chunk_size=1400)
Skipping probe: too short (len=1266, chunk_size=1400)
Skipping probe: too short (len=1023, chunk_size=1400)
Skipping probe: too short (len=834, chunk_size=1400)
Skipping probe: too short (len=982, chunk_size=1400)
Skipping probe: too short (len=559, chunk_size=1400)
Skipping probe: too short (len=1335, chunk_size=1400)
Skipping probe: too short (len=906, chunk_size=1400)
Skipping probe: too short (len=670, chunk_size=1400)
Skipping probe: too short (len=886, chunk_size=1400)
Skipping probe: too short (len=632, chunk_size=1400)
Skipping probe: too short (len=1021, chunk_size=1400)
Skipping probe: too short (len=834, chunk_size=1400)
Skipping probe: too short (len=1349, chunk_size=1400)
Skipping probe: too short (len=559, chunk_size=1400)
Skipping probe: too short (len=1335, chunk_size=1400)
Skipping probe: too short (len=906, chunk_size=1400)
Skipping probe: too short (len=1023, chunk_size=1400)
Skipping probe: too short (len=670, chunk_size=1400)
Skipping probe: too short (len=886, chunk_size=1400)
Skipping probe: too short (len=982, chunk_size=1400)
Skipping probe: too short (len=1021, chunk_size=1400)
Skipping probe: too short (len=1266, chunk_size=1400)
Skipping probe: too short (len=632, chunk_size=1400)
Skipping probe: too short (len=834, chunk_size=1400)
Skipping probe: too short (len=1266, chunk_size=1400)
Skipping probe: too short (len=1023, chunk_size=1400)
Skipping probe: too short (len=559, chunk_size=1400)
Skipping probe: too short (len=1335, chunk_size=1400)
Skipping probe: too short (len=906, chunk_size=1400)
Skipping probe: too short (len=632, chunk_size=1400)
Skipping probe: too short (len=670, chunk_size=1400)
Skipping probe: too short (len=886, chunk_size=1400)
Skipping probe: too short (len=1021, chunk_size=1400)
Skipping probe: too short (len=982, chunk_size=1400)
Skipping probe: too short (len=1349, chunk_size=1400)
Skipping probe: too short (len=982, chunk_size=1400)
Skipping probe: too short (len=1349, chunk_size=1400)
Skipping probe: too short (len=1023, chunk_size=1400)
Skipping probe: too short (len=834, chunk_size=1400)
Skipping probe: too short (len=1266, chunk_size=1400)
Skipping probe: too short (len=1021, chunk_size=1400)
Skipping probe: too short (len=632, chunk_size=1400)
Skipping probe: too short (len=670, chunk_size=1400)
Skipping probe: too short (len=886, chunk_size=1400)
Skipping probe: too short (len=559, chunk_size=1400)
Skipping probe: too short (len=1335, chunk_size=1400)
Skipping probe: too short (len=906, chunk_size=1400)
Skipping probe: too short (len=1266, chunk_size=1400)
Skipping probe: too short (len=1349, chunk_size=1400)
Skipping probe: too short (len=982, chunk_size=1400)
Skipping probe: too short (len=559, chunk_size=1400)
Skipping probe: too short (len=1335, chunk_size=1400)
Skipping probe: too short (len=906, chunk_size=1400)
Skipping probe: too short (len=632, chunk_size=1400)
Skipping probe: too short (len=1021, chunk_size=1400)
Skipping probe: too short (len=1023, chunk_size=1400)
Skipping probe: too short (len=834, chunk_size=1400)
Skipping probe: too short (len=670, chunk_size=1400)
Skipping probe: too short (len=886, chunk_size=1400)
Trial 1 F1s - Weighted: 0.6934 | Macro: 0.1894 | Micro: 0.7183

[I 2026-02-25 00:01:12,923] Trial 1 finished with value: 0.6933505713552778 and parameters: {'chunk_seconds': 14, 'num_freqs': 15, 'num_estimators': 32, 'max_depth': 128, 'max_features': 0.379198033557526, 'overlap': 0.5532120354650272, 'max_lag': 5}. Best is trial 1 with value: 0.6933505713552778.
Skipping probe: too short (len=559, chunk_size=1400)
Skipping probe: too short (len=1335, chunk_size=1400)
Skipping probe: too short (len=906, chunk_size=1400)
Skipping probe: too short (len=1349, chunk_size=1400)
Skipping probe: too short (len=982, chunk_size=1400)
Skipping probe: too short (len=1266, chunk_size=1400)
Skipping probe: too short (len=834, chunk_size=1400)
Skipping probe: too short (len=1023, chunk_size=1400)
Skipping probe: too short (len=670, chunk_size=1400)
Skipping probe: too short (len=886, chunk_size=1400)
Skipping probe: too short (len=632, chunk_size=1400)
Skipping probe: too short (len=1021, chunk_size=1400)
Skipping probe: too short (len=834, chunk_size=1400)
Skipping probe: too short (len=670, chunk_size=1400)
Skipping probe: too short (len=886, chunk_size=1400)
Skipping probe: too short (len=1349, chunk_size=1400)
Skipping probe: too short (len=1023, chunk_size=1400)
Skipping probe: too short (len=982, chunk_size=1400)
Skipping probe: too short (len=1021, chunk_size=1400)
Skipping probe: too short (len=559, chunk_size=1400)
Skipping probe: too short (len=1335, chunk_size=1400)
Skipping probe: too short (len=906, chunk_size=1400)
Skipping probe: too short (len=1266, chunk_size=1400)
Skipping probe: too short (len=632, chunk_size=1400)
Skipping probe: too short (len=1266, chunk_size=1400)
Skipping probe: too short (len=559, chunk_size=1400)
Skipping probe: too short (len=1335, chunk_size=1400)
Skipping probe: too short (len=906, chunk_size=1400)
Skipping probe: too short (len=1023, chunk_size=1400)
Skipping probe: too short (len=834, chunk_size=1400)
Skipping probe: too short (len=670, chunk_size=1400)
Skipping probe: too short (len=886, chunk_size=1400)
Skipping probe: too short (len=632, chunk_size=1400)
Skipping probe: too short (len=1021, chunk_size=1400)
Skipping probe: too short (len=982, chunk_size=1400)
Skipping probe: too short (len=1349, chunk_size=1400)
Skipping probe: too short (len=834, chunk_size=1400)
Skipping probe: too short (len=1349, chunk_size=1400)
Skipping probe: too short (len=1266, chunk_size=1400)
Skipping probe: too short (len=982, chunk_size=1400)
Skipping probe: too short (len=1023, chunk_size=1400)
Skipping probe: too short (len=670, chunk_size=1400)
Skipping probe: too short (len=886, chunk_size=1400)
Skipping probe: too short (len=1021, chunk_size=1400)
Skipping probe: too short (len=632, chunk_size=1400)
Skipping probe: too short (len=559, chunk_size=1400)
Skipping probe: too short (len=1335, chunk_size=1400)
Skipping probe: too short (len=906, chunk_size=1400)
Skipping probe: too short (len=982, chunk_size=1400)
Skipping probe: too short (len=559, chunk_size=1400)
Skipping probe: too short (len=1335, chunk_size=1400)
Skipping probe: too short (len=906, chunk_size=1400)
Skipping probe: too short (len=1266, chunk_size=1400)
Skipping probe: too short (len=1349, chunk_size=1400)
Skipping probe: too short (len=632, chunk_size=1400)
Skipping probe: too short (len=1021, chunk_size=1400)
Skipping probe: too short (len=834, chunk_size=1400)
Skipping probe: too short (len=1023, chunk_size=1400)
Skipping probe: too short (len=670, chunk_size=1400)
Skipping probe: too short (len=886, chunk_size=1400)
Trial 2 F1s - Weighted: 0.6740 | Macro: 0.2157 | Micro: 0.6248

[I 2026-02-25 00:14:33,429] Trial 2 finished with value: 0.6739771862681828 and parameters: {'chunk_seconds': 14, 'num_freqs': 5, 'num_estimators': 128, 'max_depth': 8, 'max_features': 0.3056305129801477, 'overlap': 0.4638478933584124, 'max_lag': 14}. Best is trial 1 with value: 0.6933505713552778.
Skipping probe: too short (len=1023, chunk_size=1300)
Skipping probe: too short (len=834, chunk_size=1300)
Skipping probe: too short (len=559, chunk_size=1300)
Skipping probe: too short (len=906, chunk_size=1300)
Skipping probe: too short (len=1266, chunk_size=1300)
Skipping probe: too short (len=982, chunk_size=1300)
Skipping probe: too short (len=632, chunk_size=1300)
Skipping probe: too short (len=670, chunk_size=1300)
Skipping probe: too short (len=886, chunk_size=1300)
Skipping probe: too short (len=1021, chunk_size=1300)
Skipping probe: too short (len=1023, chunk_size=1300)
Skipping probe: too short (len=982, chunk_size=1300)
Skipping probe: too short (len=559, chunk_size=1300)
Skipping probe: too short (len=906, chunk_size=1300)
Skipping probe: too short (len=834, chunk_size=1300)
Skipping probe: too short (len=670, chunk_size=1300)
Skipping probe: too short (len=886, chunk_size=1300)
Skipping probe: too short (len=1021, chunk_size=1300)
Skipping probe: too short (len=1266, chunk_size=1300)
Skipping probe: too short (len=632, chunk_size=1300)
Skipping probe: too short (len=1266, chunk_size=1300)
Skipping probe: too short (len=834, chunk_size=1300)
Skipping probe: too short (len=1023, chunk_size=1300)
Skipping probe: too short (len=559, chunk_size=1300)
Skipping probe: too short (len=906, chunk_size=1300)
Skipping probe: too short (len=632, chunk_size=1300)
Skipping probe: too short (len=1021, chunk_size=1300)
Skipping probe: too short (len=670, chunk_size=1300)
Skipping probe: too short (len=886, chunk_size=1300)
Skipping probe: too short (len=982, chunk_size=1300)
Skipping probe: too short (len=1023, chunk_size=1300)
Skipping probe: too short (len=834, chunk_size=1300)
Skipping probe: too short (len=982, chunk_size=1300)
Skipping probe: too short (len=1266, chunk_size=1300)
Skipping probe: too short (len=632, chunk_size=1300)
Skipping probe: too short (len=1021, chunk_size=1300)
Skipping probe: too short (len=670, chunk_size=1300)
Skipping probe: too short (len=886, chunk_size=1300)
Skipping probe: too short (len=559, chunk_size=1300)
Skipping probe: too short (len=906, chunk_size=1300)
Skipping probe: too short (len=559, chunk_size=1300)
Skipping probe: too short (len=906, chunk_size=1300)
Skipping probe: too short (len=982, chunk_size=1300)
Skipping probe: too short (len=1266, chunk_size=1300)
Skipping probe: too short (len=632, chunk_size=1300)
Skipping probe: too short (len=1021, chunk_size=1300)
Skipping probe: too short (len=1023, chunk_size=1300)
Skipping probe: too short (len=834, chunk_size=1300)
Skipping probe: too short (len=670, chunk_size=1300)
Skipping probe: too short (len=886, chunk_size=1300)
Trial 3 F1s - Weighted: 0.7055 | Macro: 0.2144 | Micro: 0.6980

[I 2026-02-25 00:25:33,137] Trial 3 finished with value: 0.7054815831117528 and parameters: {'chunk_seconds': 13, 'num_freqs': 19, 'num_estimators': 32, 'max_depth': 16, 'max_features': 0.47018456282906385, 'overlap': 0.424656156298055, 'max_lag': 3}. Best is trial 3 with value: 0.7054815831117528.
Skipping probe: too short (len=559, chunk_size=800)
Skipping probe: too short (len=632, chunk_size=800)
Skipping probe: too short (len=670, chunk_size=800)
Skipping probe: too short (len=559, chunk_size=800)
Skipping probe: too short (len=670, chunk_size=800)
Skipping probe: too short (len=632, chunk_size=800)
Skipping probe: too short (len=559, chunk_size=800)
Skipping probe: too short (len=670, chunk_size=800)
Skipping probe: too short (len=632, chunk_size=800)
Skipping probe: too short (len=670, chunk_size=800)
Skipping probe: too short (len=632, chunk_size=800)
Skipping probe: too short (len=559, chunk_size=800)
Skipping probe: too short (len=559, chunk_size=800)
Skipping probe: too short (len=632, chunk_size=800)
Skipping probe: too short (len=670, chunk_size=800)
Trial 4 F1s - Weighted: 0.6759 | Macro: 0.2015 | Micro: 0.6986

[I 2026-02-25 00:57:29,423] Trial 4 finished with value: 0.6759373737371653 and parameters: {'chunk_seconds': 8, 'num_freqs': 7, 'num_estimators': 16, 'max_depth': 64, 'max_features': 0.7561174958193707, 'overlap': 0.7814877205259152, 'max_lag': 11}. Best is trial 3 with value: 0.7054815831117528.
Skipping probe: too short (len=1266, chunk_size=1500)
Skipping probe: too short (len=1349, chunk_size=1500)
Skipping probe: too short (len=1023, chunk_size=1500)
Skipping probe: too short (len=1450, chunk_size=1500)
Skipping probe: too short (len=834, chunk_size=1500)
Skipping probe: too short (len=1454, chunk_size=1500)
Skipping probe: too short (len=559, chunk_size=1500)
Skipping probe: too short (len=1335, chunk_size=1500)
Skipping probe: too short (len=906, chunk_size=1500)
Skipping probe: too short (len=982, chunk_size=1500)
Skipping probe: too short (len=670, chunk_size=1500)
Skipping probe: too short (len=886, chunk_size=1500)
Skipping probe: too short (len=632, chunk_size=1500)
Skipping probe: too short (len=1021, chunk_size=1500)
Skipping probe: too short (len=834, chunk_size=1500)
Skipping probe: too short (len=1450, chunk_size=1500)
Skipping probe: too short (len=1023, chunk_size=1500)
Skipping probe: too short (len=1454, chunk_size=1500)
Skipping probe: too short (len=670, chunk_size=1500)
Skipping probe: too short (len=886, chunk_size=1500)
Skipping probe: too short (len=1349, chunk_size=1500)
Skipping probe: too short (len=559, chunk_size=1500)
Skipping probe: too short (len=1335, chunk_size=1500)
Skipping probe: too short (len=906, chunk_size=1500)
Skipping probe: too short (len=982, chunk_size=1500)
Skipping probe: too short (len=1021, chunk_size=1500)
Skipping probe: too short (len=1266, chunk_size=1500)
Skipping probe: too short (len=632, chunk_size=1500)
Skipping probe: too short (len=559, chunk_size=1500)
Skipping probe: too short (len=1335, chunk_size=1500)
Skipping probe: too short (len=906, chunk_size=1500)
Skipping probe: too short (len=1266, chunk_size=1500)
Skipping probe: too short (len=1450, chunk_size=1500)
Skipping probe: too short (len=834, chunk_size=1500)
Skipping probe: too short (len=1023, chunk_size=1500)
Skipping probe: too short (len=670, chunk_size=1500)
Skipping probe: too short (len=886, chunk_size=1500)
Skipping probe: too short (len=1021, chunk_size=1500)
Skipping probe: too short (len=632, chunk_size=1500)
Skipping probe: too short (len=1454, chunk_size=1500)
Skipping probe: too short (len=1349, chunk_size=1500)
Skipping probe: too short (len=982, chunk_size=1500)
Skipping probe: too short (len=1349, chunk_size=1500)
Skipping probe: too short (len=670, chunk_size=1500)
Skipping probe: too short (len=886, chunk_size=1500)
Skipping probe: too short (len=982, chunk_size=1500)
Skipping probe: too short (len=1450, chunk_size=1500)
Skipping probe: too short (len=1454, chunk_size=1500)
Skipping probe: too short (len=834, chunk_size=1500)
Skipping probe: too short (len=1266, chunk_size=1500)
Skipping probe: too short (len=1023, chunk_size=1500)
Skipping probe: too short (len=1021, chunk_size=1500)
Skipping probe: too short (len=632, chunk_size=1500)
Skipping probe: too short (len=559, chunk_size=1500)
Skipping probe: too short (len=1335, chunk_size=1500)
Skipping probe: too short (len=906, chunk_size=1500)
Skipping probe: too short (len=1454, chunk_size=1500)
Skipping probe: too short (len=1266, chunk_size=1500)
Skipping probe: too short (len=1349, chunk_size=1500)
Skipping probe: too short (len=982, chunk_size=1500)
Skipping probe: too short (len=559, chunk_size=1500)
Skipping probe: too short (len=1335, chunk_size=1500)
Skipping probe: too short (len=906, chunk_size=1500)
Skipping probe: too short (len=632, chunk_size=1500)
Skipping probe: too short (len=1021, chunk_size=1500)
Skipping probe: too short (len=1023, chunk_size=1500)
Skipping probe: too short (len=1450, chunk_size=1500)
Skipping probe: too short (len=834, chunk_size=1500)
Skipping probe: too short (len=670, chunk_size=1500)
Skipping probe: too short (len=886, chunk_size=1500)
Trial 5 F1s - Weighted: 0.7136 | Macro: 0.1943 | Micro: 0.7426

[I 2026-02-25 01:15:14,735] Trial 5 finished with value: 0.7135593831786711 and parameters: {'chunk_seconds': 15, 'num_freqs': 15, 'num_estimators': 128, 'max_depth': 32, 'max_features': 0.3969941963063133, 'overlap': 0.35698612889052106, 'max_lag': 10}. Best is trial 5 with value: 0.7135593831786711.
Skipping probe: too short (len=982, chunk_size=1000)
Skipping probe: too short (len=834, chunk_size=1000)
Skipping probe: too short (len=559, chunk_size=1000)
Skipping probe: too short (len=906, chunk_size=1000)
Skipping probe: too short (len=670, chunk_size=1000)
Skipping probe: too short (len=886, chunk_size=1000)
Skipping probe: too short (len=632, chunk_size=1000)
Skipping probe: too short (len=834, chunk_size=1000)
Skipping probe: too short (len=559, chunk_size=1000)
Skipping probe: too short (len=906, chunk_size=1000)
Skipping probe: too short (len=982, chunk_size=1000)
Skipping probe: too short (len=670, chunk_size=1000)
Skipping probe: too short (len=886, chunk_size=1000)
Skipping probe: too short (len=632, chunk_size=1000)
Skipping probe: too short (len=834, chunk_size=1000)
Skipping probe: too short (len=559, chunk_size=1000)
Skipping probe: too short (len=906, chunk_size=1000)
Skipping probe: too short (len=632, chunk_size=1000)
Skipping probe: too short (len=670, chunk_size=1000)
Skipping probe: too short (len=886, chunk_size=1000)
Skipping probe: too short (len=982, chunk_size=1000)
Skipping probe: too short (len=982, chunk_size=1000)
Skipping probe: too short (len=834, chunk_size=1000)
Skipping probe: too short (len=670, chunk_size=1000)
Skipping probe: too short (len=886, chunk_size=1000)
Skipping probe: too short (len=632, chunk_size=1000)
Skipping probe: too short (len=559, chunk_size=1000)
Skipping probe: too short (len=906, chunk_size=1000)
Skipping probe: too short (len=982, chunk_size=1000)
Skipping probe: too short (len=559, chunk_size=1000)
Skipping probe: too short (len=906, chunk_size=1000)
Skipping probe: too short (len=632, chunk_size=1000)
Skipping probe: too short (len=834, chunk_size=1000)
Skipping probe: too short (len=670, chunk_size=1000)
Skipping probe: too short (len=886, chunk_size=1000)
Trial 6 F1s - Weighted: 0.7024 | Macro: 0.2177 | Micro: 0.6927

[I 2026-02-25 01:27:19,040] Trial 6 finished with value: 0.7023895682658092 and parameters: {'chunk_seconds': 10, 'num_freqs': 12, 'num_estimators': 32, 'max_depth': 16, 'max_features': 0.5699159633621795, 'overlap': 0.3998327410338386, 'max_lag': 4}. Best is trial 5 with value: 0.7135593831786711.
Skipping probe: too short (len=559, chunk_size=700)
Skipping probe: too short (len=670, chunk_size=700)
Skipping probe: too short (len=632, chunk_size=700)
Skipping probe: too short (len=559, chunk_size=700)
Skipping probe: too short (len=670, chunk_size=700)
Skipping probe: too short (len=632, chunk_size=700)
Skipping probe: too short (len=559, chunk_size=700)
Skipping probe: too short (len=670, chunk_size=700)
Skipping probe: too short (len=632, chunk_size=700)
Skipping probe: too short (len=670, chunk_size=700)
Skipping probe: too short (len=632, chunk_size=700)
Skipping probe: too short (len=559, chunk_size=700)
Skipping probe: too short (len=559, chunk_size=700)
Skipping probe: too short (len=632, chunk_size=700)
Skipping probe: too short (len=670, chunk_size=700)
Trial 7 F1s - Weighted: 0.5388 | Macro: 0.1397 | Micro: 0.4425

[I 2026-02-25 01:45:50,766] Trial 7 finished with value: 0.5388075206629211 and parameters: {'chunk_seconds': 7, 'num_freqs': 3, 'num_estimators': 64, 'max_depth': 4, 'max_features': 0.8966993465802551, 'overlap': 0.4686940288294897, 'max_lag': 14}. Best is trial 5 with value: 0.7135593831786711.
Trial 8 F1s - Weighted: 0.6646 | Macro: 0.2003 | Micro: 0.6877

[I 2026-02-25 02:07:48,490] Trial 8 finished with value: 0.6646098099070067 and parameters: {'chunk_seconds': 5, 'num_freqs': 16, 'num_estimators': 8, 'max_depth': 256, 'max_features': 0.563441798304401, 'overlap': 0.5922668428932871, 'max_lag': 11}. Best is trial 5 with value: 0.7135593831786711.
Trial 9 F1s - Weighted: 0.5874 | Macro: 0.1758 | Micro: 0.5008

[I 2026-02-25 03:04:34,772] Trial 9 finished with value: 0.5874079654532327 and parameters: {'chunk_seconds': 3, 'num_freqs': 16, 'num_estimators': 64, 'max_depth': 8, 'max_features': 0.9356223483469641, 'overlap': 0.58874040889213, 'max_lag': 3}. Best is trial 5 with value: 0.7135593831786711.
Skipping probe: too short (len=834, chunk_size=1500)
Skipping probe: too short (len=1266, chunk_size=1500)
Skipping probe: too short (len=559, chunk_size=1500)
Skipping probe: too short (len=1335, chunk_size=1500)
Skipping probe: too short (len=906, chunk_size=1500)
Skipping probe: too short (len=1450, chunk_size=1500)
Skipping probe: too short (len=1349, chunk_size=1500)
Skipping probe: too short (len=1023, chunk_size=1500)
Skipping probe: too short (len=1454, chunk_size=1500)
Skipping probe: too short (len=982, chunk_size=1500)
Skipping probe: too short (len=670, chunk_size=1500)
Skipping probe: too short (len=886, chunk_size=1500)
Skipping probe: too short (len=632, chunk_size=1500)
Skipping probe: too short (len=1021, chunk_size=1500)
Skipping probe: too short (len=1023, chunk_size=1500)
Skipping probe: too short (len=982, chunk_size=1500)
Skipping probe: too short (len=834, chunk_size=1500)
Skipping probe: too short (len=559, chunk_size=1500)
Skipping probe: too short (len=1335, chunk_size=1500)
Skipping probe: too short (len=906, chunk_size=1500)
Skipping probe: too short (len=1349, chunk_size=1500)
Skipping probe: too short (len=1454, chunk_size=1500)
Skipping probe: too short (len=1450, chunk_size=1500)
Skipping probe: too short (len=670, chunk_size=1500)
Skipping probe: too short (len=886, chunk_size=1500)
Skipping probe: too short (len=1021, chunk_size=1500)
Skipping probe: too short (len=1266, chunk_size=1500)
Skipping probe: too short (len=632, chunk_size=1500)
Skipping probe: too short (len=1266, chunk_size=1500)
Skipping probe: too short (len=1450, chunk_size=1500)
Skipping probe: too short (len=1023, chunk_size=1500)
Skipping probe: too short (len=559, chunk_size=1500)
Skipping probe: too short (len=1335, chunk_size=1500)
Skipping probe: too short (len=906, chunk_size=1500)
Skipping probe: too short (len=834, chunk_size=1500)
Skipping probe: too short (len=670, chunk_size=1500)
Skipping probe: too short (len=886, chunk_size=1500)
Skipping probe: too short (len=1021, chunk_size=1500)
Skipping probe: too short (len=632, chunk_size=1500)
Skipping probe: too short (len=1349, chunk_size=1500)
Skipping probe: too short (len=1454, chunk_size=1500)
Skipping probe: too short (len=982, chunk_size=1500)
Skipping probe: too short (len=982, chunk_size=1500)
Skipping probe: too short (len=1349, chunk_size=1500)
Skipping probe: too short (len=1266, chunk_size=1500)
Skipping probe: too short (len=1454, chunk_size=1500)
Skipping probe: too short (len=834, chunk_size=1500)
Skipping probe: too short (len=1023, chunk_size=1500)
Skipping probe: too short (len=1450, chunk_size=1500)
Skipping probe: too short (len=1021, chunk_size=1500)
Skipping probe: too short (len=670, chunk_size=1500)
Skipping probe: too short (len=886, chunk_size=1500)
Skipping probe: too short (len=632, chunk_size=1500)
Skipping probe: too short (len=559, chunk_size=1500)
Skipping probe: too short (len=1335, chunk_size=1500)
Skipping probe: too short (len=906, chunk_size=1500)
Skipping probe: too short (len=1266, chunk_size=1500)
Skipping probe: too short (len=1349, chunk_size=1500)
Skipping probe: too short (len=1454, chunk_size=1500)
Skipping probe: too short (len=559, chunk_size=1500)
Skipping probe: too short (len=1335, chunk_size=1500)
Skipping probe: too short (len=906, chunk_size=1500)
Skipping probe: too short (len=982, chunk_size=1500)
Skipping probe: too short (len=632, chunk_size=1500)
Skipping probe: too short (len=1021, chunk_size=1500)
Skipping probe: too short (len=1450, chunk_size=1500)
Skipping probe: too short (len=1023, chunk_size=1500)
Skipping probe: too short (len=834, chunk_size=1500)
Skipping probe: too short (len=670, chunk_size=1500)
Skipping probe: too short (len=886, chunk_size=1500)
Trial 10 F1s - Weighted: 0.7160 | Macro: 0.2031 | Micro: 0.7438

[I 2026-02-25 03:26:01,047] Trial 10 finished with value: 0.7159846912493878 and parameters: {'chunk_seconds': 15, 'num_freqs': 10, 'num_estimators': 128, 'max_depth': 32, 'max_features': 0.7340993776139193, 'overlap': 0.3331713924315798, 'max_lag': 8}. Best is trial 10 with value: 0.7159846912493878.
Skipping probe: too short (len=1454, chunk_size=1500)
Skipping probe: too short (len=1266, chunk_size=1500)
Skipping probe: too short (len=982, chunk_size=1500)
Skipping probe: too short (len=834, chunk_size=1500)
Skipping probe: too short (len=1450, chunk_size=1500)
Skipping probe: too short (len=1349, chunk_size=1500)
Skipping probe: too short (len=1023, chunk_size=1500)
Skipping probe: too short (len=559, chunk_size=1500)
Skipping probe: too short (len=1335, chunk_size=1500)
Skipping probe: too short (len=906, chunk_size=1500)
Skipping probe: too short (len=670, chunk_size=1500)
Skipping probe: too short (len=886, chunk_size=1500)
Skipping probe: too short (len=632, chunk_size=1500)
Skipping probe: too short (len=1021, chunk_size=1500)
Skipping probe: too short (len=1450, chunk_size=1500)
Skipping probe: too short (len=559, chunk_size=1500)
Skipping probe: too short (len=1335, chunk_size=1500)
Skipping probe: too short (len=906, chunk_size=1500)
Skipping probe: too short (len=1023, chunk_size=1500)
Skipping probe: too short (len=1454, chunk_size=1500)
Skipping probe: too short (len=834, chunk_size=1500)
Skipping probe: too short (len=1349, chunk_size=1500)
Skipping probe: too short (len=982, chunk_size=1500)
Skipping probe: too short (len=1021, chunk_size=1500)
Skipping probe: too short (len=670, chunk_size=1500)
Skipping probe: too short (len=886, chunk_size=1500)
Skipping probe: too short (len=1266, chunk_size=1500)
Skipping probe: too short (len=632, chunk_size=1500)
[I 2026-02-25 03:33:39,193] Trial 11 pruned. 
Skipping probe: too short (len=834, chunk_size=1100)
Skipping probe: too short (len=559, chunk_size=1100)
Skipping probe: too short (len=906, chunk_size=1100)
Skipping probe: too short (len=1023, chunk_size=1100)
Skipping probe: too short (len=982, chunk_size=1100)
Skipping probe: too short (len=670, chunk_size=1100)
Skipping probe: too short (len=886, chunk_size=1100)
Skipping probe: too short (len=632, chunk_size=1100)
Skipping probe: too short (len=1021, chunk_size=1100)
Skipping probe: too short (len=559, chunk_size=1100)
Skipping probe: too short (len=906, chunk_size=1100)
Skipping probe: too short (len=982, chunk_size=1100)
Skipping probe: too short (len=834, chunk_size=1100)
Skipping probe: too short (len=1023, chunk_size=1100)
Skipping probe: too short (len=670, chunk_size=1100)
Skipping probe: too short (len=886, chunk_size=1100)
Skipping probe: too short (len=1021, chunk_size=1100)
Skipping probe: too short (len=632, chunk_size=1100)
Skipping probe: too short (len=559, chunk_size=1100)
Skipping probe: too short (len=906, chunk_size=1100)
Skipping probe: too short (len=834, chunk_size=1100)
Skipping probe: too short (len=1023, chunk_size=1100)
Skipping probe: too short (len=1021, chunk_size=1100)
Skipping probe: too short (len=670, chunk_size=1100)
Skipping probe: too short (len=886, chunk_size=1100)
Skipping probe: too short (len=632, chunk_size=1100)
Skipping probe: too short (len=982, chunk_size=1100)
Skipping probe: too short (len=1023, chunk_size=1100)
Skipping probe: too short (len=834, chunk_size=1100)
Skipping probe: too short (len=982, chunk_size=1100)
Skipping probe: too short (len=632, chunk_size=1100)
Skipping probe: too short (len=670, chunk_size=1100)
Skipping probe: too short (len=886, chunk_size=1100)
Skipping probe: too short (len=1021, chunk_size=1100)
Skipping probe: too short (len=559, chunk_size=1100)
Skipping probe: too short (len=906, chunk_size=1100)
Skipping probe: too short (len=982, chunk_size=1100)
Skipping probe: too short (len=559, chunk_size=1100)
Skipping probe: too short (len=906, chunk_size=1100)
Skipping probe: too short (len=632, chunk_size=1100)
Skipping probe: too short (len=1021, chunk_size=1100)
Skipping probe: too short (len=1023, chunk_size=1100)
Skipping probe: too short (len=670, chunk_size=1100)
Skipping probe: too short (len=886, chunk_size=1100)
Skipping probe: too short (len=834, chunk_size=1100)
Trial 12 F1s - Weighted: 0.7109 | Macro: 0.2031 | Micro: 0.7384

[I 2026-02-25 04:00:46,582] Trial 12 finished with value: 0.7109022071734258 and parameters: {'chunk_seconds': 11, 'num_freqs': 10, 'num_estimators': 128, 'max_depth': 32, 'max_features': 0.7223059914645675, 'overlap': 0.31303789701666973, 'max_lag': 10}. Best is trial 10 with value: 0.7159846912493878.
[I 2026-02-25 14:01:04,738] Trial 13 pruned. 
Skipping probe: too short (len=1454, chunk_size=2000)
Skipping probe: too short (len=1450, chunk_size=2000)
Skipping probe: too short (len=1604, chunk_size=2000)
Skipping probe: too short (len=1924, chunk_size=2000)
Skipping probe: too short (len=834, chunk_size=2000)
Skipping probe: too short (len=1506, chunk_size=2000)
Skipping probe: too short (len=1349, chunk_size=2000)
Skipping probe: too short (len=559, chunk_size=2000)
Skipping probe: too short (len=1906, chunk_size=2000)
Skipping probe: too short (len=1563, chunk_size=2000)
Skipping probe: too short (len=1335, chunk_size=2000)
Skipping probe: too short (len=906, chunk_size=2000)
Skipping probe: too short (len=1958, chunk_size=2000)
Skipping probe: too short (len=1023, chunk_size=2000)
Skipping probe: too short (len=982, chunk_size=2000)
Skipping probe: too short (len=1266, chunk_size=2000)
Skipping probe: too short (len=1763, chunk_size=2000)
Skipping probe: too short (len=670, chunk_size=2000)
Skipping probe: too short (len=886, chunk_size=2000)
Skipping probe: too short (len=632, chunk_size=2000)
Skipping probe: too short (len=1619, chunk_size=2000)
Skipping probe: too short (len=1880, chunk_size=2000)
Skipping probe: too short (len=1995, chunk_size=2000)
Skipping probe: too short (len=1871, chunk_size=2000)
Skipping probe: too short (len=1021, chunk_size=2000)
Skipping probe: too short (len=1450, chunk_size=2000)
Skipping probe: too short (len=1349, chunk_size=2000)
Skipping probe: too short (len=982, chunk_size=2000)
Skipping probe: too short (len=1924, chunk_size=2000)
Skipping probe: too short (len=834, chunk_size=2000)
Skipping probe: too short (len=1506, chunk_size=2000)
Skipping probe: too short (len=1023, chunk_size=2000)
Skipping probe: too short (len=1958, chunk_size=2000)
Skipping probe: too short (len=1454, chunk_size=2000)
Skipping probe: too short (len=1619, chunk_size=2000)
Skipping probe: too short (len=1880, chunk_size=2000)
Skipping probe: too short (len=1995, chunk_size=2000)
Skipping probe: too short (len=1763, chunk_size=2000)
Skipping probe: too short (len=670, chunk_size=2000)
Skipping probe: too short (len=886, chunk_size=2000)
Skipping probe: too short (len=1604, chunk_size=2000)
Skipping probe: too short (len=1871, chunk_size=2000)
Skipping probe: too short (len=1021, chunk_size=2000)
Skipping probe: too short (len=559, chunk_size=2000)
Skipping probe: too short (len=1906, chunk_size=2000)
Skipping probe: too short (len=1563, chunk_size=2000)
Skipping probe: too short (len=1335, chunk_size=2000)
Skipping probe: too short (len=906, chunk_size=2000)
Skipping probe: too short (len=1266, chunk_size=2000)
Skipping probe: too short (len=632, chunk_size=2000)
Skipping probe: too short (len=1924, chunk_size=2000)
Skipping probe: too short (len=834, chunk_size=2000)
Skipping probe: too short (len=1506, chunk_size=2000)
Skipping probe: too short (len=1619, chunk_size=2000)
Skipping probe: too short (len=1450, chunk_size=2000)
Skipping probe: too short (len=1958, chunk_size=2000)
Skipping probe: too short (len=1023, chunk_size=2000)
Skipping probe: too short (len=1880, chunk_size=2000)
Skipping probe: too short (len=1266, chunk_size=2000)
Skipping probe: too short (len=1995, chunk_size=2000)
Skipping probe: too short (len=559, chunk_size=2000)
Skipping probe: too short (len=1906, chunk_size=2000)
Skipping probe: too short (len=1563, chunk_size=2000)
Skipping probe: too short (len=1335, chunk_size=2000)
Skipping probe: too short (len=906, chunk_size=2000)
Skipping probe: too short (len=632, chunk_size=2000)
Skipping probe: too short (len=670, chunk_size=2000)
Skipping probe: too short (len=886, chunk_size=2000)
Skipping probe: too short (len=1871, chunk_size=2000)
Skipping probe: too short (len=1021, chunk_size=2000)
Skipping probe: too short (len=1349, chunk_size=2000)
Skipping probe: too short (len=1454, chunk_size=2000)
Skipping probe: too short (len=982, chunk_size=2000)
Skipping probe: too short (len=1763, chunk_size=2000)
Skipping probe: too short (len=1604, chunk_size=2000)
[I 2026-02-25 14:11:41,004] Trial 14 pruned. 
Skipping probe: too short (len=559, chunk_size=1800)
Skipping probe: too short (len=1563, chunk_size=1800)
Skipping probe: too short (len=1335, chunk_size=1800)
Skipping probe: too short (len=906, chunk_size=1800)
Skipping probe: too short (len=1023, chunk_size=1800)
Skipping probe: too short (len=1454, chunk_size=1800)
Skipping probe: too short (len=982, chunk_size=1800)
Skipping probe: too short (len=1349, chunk_size=1800)
Skipping probe: too short (len=834, chunk_size=1800)
Skipping probe: too short (len=1506, chunk_size=1800)
Skipping probe: too short (len=1450, chunk_size=1800)
Skipping probe: too short (len=1604, chunk_size=1800)
Skipping probe: too short (len=1763, chunk_size=1800)
Skipping probe: too short (len=1266, chunk_size=1800)
Skipping probe: too short (len=670, chunk_size=1800)
Skipping probe: too short (len=886, chunk_size=1800)
Skipping probe: too short (len=632, chunk_size=1800)
Skipping probe: too short (len=1619, chunk_size=1800)
Skipping probe: too short (len=1021, chunk_size=1800)
Skipping probe: too short (len=1763, chunk_size=1800)
Skipping probe: too short (len=1604, chunk_size=1800)
Skipping probe: too short (len=834, chunk_size=1800)
Skipping probe: too short (len=1506, chunk_size=1800)
Skipping probe: too short (len=1349, chunk_size=1800)
Skipping probe: too short (len=1454, chunk_size=1800)
Skipping probe: too short (len=1023, chunk_size=1800)
Skipping probe: too short (len=559, chunk_size=1800)
Skipping probe: too short (len=1563, chunk_size=1800)
Skipping probe: too short (len=1335, chunk_size=1800)
Skipping probe: too short (len=906, chunk_size=1800)
Skipping probe: too short (len=1450, chunk_size=1800)
Skipping probe: too short (len=1619, chunk_size=1800)
Skipping probe: too short (len=982, chunk_size=1800)
Skipping probe: too short (len=670, chunk_size=1800)
Skipping probe: too short (len=886, chunk_size=1800)
Skipping probe: too short (len=1021, chunk_size=1800)
Skipping probe: too short (len=1266, chunk_size=1800)
Skipping probe: too short (len=632, chunk_size=1800)
[I 2026-02-25 14:20:35,954] Trial 15 pruned. 
Skipping probe: too short (len=834, chunk_size=1700)
Skipping probe: too short (len=1506, chunk_size=1700)
Skipping probe: too short (len=1450, chunk_size=1700)
Skipping probe: too short (len=559, chunk_size=1700)
Skipping probe: too short (len=1563, chunk_size=1700)
Skipping probe: too short (len=1335, chunk_size=1700)
Skipping probe: too short (len=906, chunk_size=1700)
Skipping probe: too short (len=1349, chunk_size=1700)
Skipping probe: too short (len=1023, chunk_size=1700)
Skipping probe: too short (len=1454, chunk_size=1700)
Skipping probe: too short (len=982, chunk_size=1700)
Skipping probe: too short (len=1604, chunk_size=1700)
Skipping probe: too short (len=1266, chunk_size=1700)
Skipping probe: too short (len=670, chunk_size=1700)
Skipping probe: too short (len=886, chunk_size=1700)
Skipping probe: too short (len=632, chunk_size=1700)
Skipping probe: too short (len=1619, chunk_size=1700)
Skipping probe: too short (len=1021, chunk_size=1700)
Skipping probe: too short (len=834, chunk_size=1700)
Skipping probe: too short (len=1506, chunk_size=1700)
Skipping probe: too short (len=1023, chunk_size=1700)
Skipping probe: too short (len=559, chunk_size=1700)
Skipping probe: too short (len=1563, chunk_size=1700)
Skipping probe: too short (len=1335, chunk_size=1700)
Skipping probe: too short (len=906, chunk_size=1700)
Skipping probe: too short (len=1349, chunk_size=1700)
Skipping probe: too short (len=1450, chunk_size=1700)
Skipping probe: too short (len=982, chunk_size=1700)
Skipping probe: too short (len=1619, chunk_size=1700)
Skipping probe: too short (len=1454, chunk_size=1700)
Skipping probe: too short (len=1604, chunk_size=1700)
Skipping probe: too short (len=670, chunk_size=1700)
Skipping probe: too short (len=886, chunk_size=1700)
Skipping probe: too short (len=1021, chunk_size=1700)
Skipping probe: too short (len=1266, chunk_size=1700)
Skipping probe: too short (len=632, chunk_size=1700)
Skipping probe: too short (len=1450, chunk_size=1700)
Skipping probe: too short (len=834, chunk_size=1700)
Skipping probe: too short (len=1506, chunk_size=1700)
Skipping probe: too short (len=1023, chunk_size=1700)
Skipping probe: too short (len=1266, chunk_size=1700)
Skipping probe: too short (len=559, chunk_size=1700)
Skipping probe: too short (len=1563, chunk_size=1700)
Skipping probe: too short (len=1335, chunk_size=1700)
Skipping probe: too short (len=906, chunk_size=1700)
Skipping probe: too short (len=1619, chunk_size=1700)
Skipping probe: too short (len=670, chunk_size=1700)
Skipping probe: too short (len=886, chunk_size=1700)
Skipping probe: too short (len=632, chunk_size=1700)
Skipping probe: too short (len=1021, chunk_size=1700)
Skipping probe: too short (len=1349, chunk_size=1700)
Skipping probe: too short (len=1454, chunk_size=1700)
Skipping probe: too short (len=982, chunk_size=1700)
Skipping probe: too short (len=1604, chunk_size=1700)
Skipping probe: too short (len=1619, chunk_size=1700)
Skipping probe: too short (len=982, chunk_size=1700)
Skipping probe: too short (len=1023, chunk_size=1700)
Skipping probe: too short (len=834, chunk_size=1700)
Skipping probe: too short (len=1506, chunk_size=1700)
Skipping probe: too short (len=1266, chunk_size=1700)
Skipping probe: too short (len=1454, chunk_size=1700)
Skipping probe: too short (len=1349, chunk_size=1700)
Skipping probe: too short (len=1450, chunk_size=1700)
Skipping probe: too short (len=1604, chunk_size=1700)
Skipping probe: too short (len=670, chunk_size=1700)
Skipping probe: too short (len=886, chunk_size=1700)
Skipping probe: too short (len=1021, chunk_size=1700)
Skipping probe: too short (len=632, chunk_size=1700)
Skipping probe: too short (len=559, chunk_size=1700)
Skipping probe: too short (len=1563, chunk_size=1700)
Skipping probe: too short (len=1335, chunk_size=1700)
Skipping probe: too short (len=906, chunk_size=1700)
Skipping probe: too short (len=1454, chunk_size=1700)
Skipping probe: too short (len=982, chunk_size=1700)
Skipping probe: too short (len=559, chunk_size=1700)
Skipping probe: too short (len=1563, chunk_size=1700)
Skipping probe: too short (len=1335, chunk_size=1700)
Skipping probe: too short (len=906, chunk_size=1700)
Skipping probe: too short (len=1349, chunk_size=1700)
Skipping probe: too short (len=1604, chunk_size=1700)
Skipping probe: too short (len=1619, chunk_size=1700)
Skipping probe: too short (len=1266, chunk_size=1700)
Skipping probe: too short (len=632, chunk_size=1700)
Skipping probe: too short (len=1021, chunk_size=1700)
Skipping probe: too short (len=1450, chunk_size=1700)
Skipping probe: too short (len=834, chunk_size=1700)
Skipping probe: too short (len=1506, chunk_size=1700)
Skipping probe: too short (len=1023, chunk_size=1700)
Skipping probe: too short (len=670, chunk_size=1700)
Skipping probe: too short (len=886, chunk_size=1700)
Trial 16 F1s - Weighted: 0.7112 | Macro: 0.1931 | Micro: 0.7438

[I 2026-02-25 14:53:52,994] Trial 16 finished with value: 0.7112051267217802 and parameters: {'chunk_seconds': 17, 'num_freqs': 13, 'num_estimators': 256, 'max_depth': 256, 'max_features': 0.6382176901641374, 'overlap': 0.35953015341008177, 'max_lag': 9}. Best is trial 10 with value: 0.7159846912493878.
Skipping probe: too short (len=1450, chunk_size=1700)
Skipping probe: too short (len=1266, chunk_size=1700)
Skipping probe: too short (len=834, chunk_size=1700)
Skipping probe: too short (len=1506, chunk_size=1700)
Skipping probe: too short (len=1604, chunk_size=1700)
Skipping probe: too short (len=1454, chunk_size=1700)
Skipping probe: too short (len=1023, chunk_size=1700)
Skipping probe: too short (len=982, chunk_size=1700)
Skipping probe: too short (len=559, chunk_size=1700)
Skipping probe: too short (len=1563, chunk_size=1700)
Skipping probe: too short (len=1335, chunk_size=1700)
Skipping probe: too short (len=906, chunk_size=1700)
Skipping probe: too short (len=1349, chunk_size=1700)
Skipping probe: too short (len=632, chunk_size=1700)
Skipping probe: too short (len=670, chunk_size=1700)
Skipping probe: too short (len=886, chunk_size=1700)
Skipping probe: too short (len=1619, chunk_size=1700)
Skipping probe: too short (len=1021, chunk_size=1700)
Skipping probe: too short (len=1349, chunk_size=1700)
Skipping probe: too short (len=1604, chunk_size=1700)
Skipping probe: too short (len=1450, chunk_size=1700)
Skipping probe: too short (len=1023, chunk_size=1700)
Skipping probe: too short (len=559, chunk_size=1700)
Skipping probe: too short (len=1563, chunk_size=1700)
Skipping probe: too short (len=1335, chunk_size=1700)
Skipping probe: too short (len=906, chunk_size=1700)
Skipping probe: too short (len=1454, chunk_size=1700)
Skipping probe: too short (len=982, chunk_size=1700)
Skipping probe: too short (len=834, chunk_size=1700)
Skipping probe: too short (len=1506, chunk_size=1700)
Skipping probe: too short (len=1619, chunk_size=1700)
Skipping probe: too short (len=670, chunk_size=1700)
Skipping probe: too short (len=886, chunk_size=1700)
Skipping probe: too short (len=1021, chunk_size=1700)
Skipping probe: too short (len=1266, chunk_size=1700)
Skipping probe: too short (len=632, chunk_size=1700)
[I 2026-02-25 14:57:15,320] Trial 17 pruned. 
Skipping probe: too short (len=1604, chunk_size=2000)
Skipping probe: too short (len=559, chunk_size=2000)
Skipping probe: too short (len=1906, chunk_size=2000)
Skipping probe: too short (len=1563, chunk_size=2000)
Skipping probe: too short (len=1335, chunk_size=2000)
Skipping probe: too short (len=906, chunk_size=2000)
Skipping probe: too short (len=1450, chunk_size=2000)
Skipping probe: too short (len=1349, chunk_size=2000)
Skipping probe: too short (len=1454, chunk_size=2000)
Skipping probe: too short (len=1023, chunk_size=2000)
Skipping probe: too short (len=1924, chunk_size=2000)
Skipping probe: too short (len=834, chunk_size=2000)
Skipping probe: too short (len=1506, chunk_size=2000)
Skipping probe: too short (len=1958, chunk_size=2000)
Skipping probe: too short (len=1266, chunk_size=2000)
Skipping probe: too short (len=982, chunk_size=2000)
Skipping probe: too short (len=1763, chunk_size=2000)
Skipping probe: too short (len=670, chunk_size=2000)
Skipping probe: too short (len=886, chunk_size=2000)
Skipping probe: too short (len=632, chunk_size=2000)
Skipping probe: too short (len=1880, chunk_size=2000)
Skipping probe: too short (len=1619, chunk_size=2000)
Skipping probe: too short (len=1995, chunk_size=2000)
Skipping probe: too short (len=1871, chunk_size=2000)
Skipping probe: too short (len=1021, chunk_size=2000)
Skipping probe: too short (len=1454, chunk_size=2000)
Skipping probe: too short (len=982, chunk_size=2000)
Skipping probe: too short (len=1880, chunk_size=2000)
Skipping probe: too short (len=1349, chunk_size=2000)
Skipping probe: too short (len=1924, chunk_size=2000)
Skipping probe: too short (len=834, chunk_size=2000)
Skipping probe: too short (len=1506, chunk_size=2000)
Skipping probe: too short (len=1958, chunk_size=2000)
Skipping probe: too short (len=1619, chunk_size=2000)
Skipping probe: too short (len=1450, chunk_size=2000)
Skipping probe: too short (len=670, chunk_size=2000)
Skipping probe: too short (len=886, chunk_size=2000)
Skipping probe: too short (len=1023, chunk_size=2000)
Skipping probe: too short (len=1604, chunk_size=2000)
Skipping probe: too short (len=559, chunk_size=2000)
Skipping probe: too short (len=1906, chunk_size=2000)
Skipping probe: too short (len=1563, chunk_size=2000)
Skipping probe: too short (len=1335, chunk_size=2000)
Skipping probe: too short (len=906, chunk_size=2000)
Skipping probe: too short (len=1763, chunk_size=2000)
Skipping probe: too short (len=1995, chunk_size=2000)
Skipping probe: too short (len=1871, chunk_size=2000)
Skipping probe: too short (len=1021, chunk_size=2000)
Skipping probe: too short (len=1266, chunk_size=2000)
Skipping probe: too short (len=632, chunk_size=2000)
Skipping probe: too short (len=1924, chunk_size=2000)
Skipping probe: too short (len=834, chunk_size=2000)
Skipping probe: too short (len=1506, chunk_size=2000)
Skipping probe: too short (len=1023, chunk_size=2000)
Skipping probe: too short (len=559, chunk_size=2000)
Skipping probe: too short (len=1906, chunk_size=2000)
Skipping probe: too short (len=1563, chunk_size=2000)
Skipping probe: too short (len=1335, chunk_size=2000)
Skipping probe: too short (len=906, chunk_size=2000)
Skipping probe: too short (len=1450, chunk_size=2000)
Skipping probe: too short (len=1880, chunk_size=2000)
Skipping probe: too short (len=1619, chunk_size=2000)
Skipping probe: too short (len=1958, chunk_size=2000)
Skipping probe: too short (len=670, chunk_size=2000)
Skipping probe: too short (len=886, chunk_size=2000)
Skipping probe: too short (len=1266, chunk_size=2000)
Skipping probe: too short (len=1995, chunk_size=2000)
Skipping probe: too short (len=1871, chunk_size=2000)
Skipping probe: too short (len=1021, chunk_size=2000)
Skipping probe: too short (len=632, chunk_size=2000)
Skipping probe: too short (len=1454, chunk_size=2000)
Skipping probe: too short (len=1349, chunk_size=2000)
Skipping probe: too short (len=982, chunk_size=2000)
Skipping probe: too short (len=1604, chunk_size=2000)
Skipping probe: too short (len=1763, chunk_size=2000)
Skipping probe: too short (len=1958, chunk_size=2000)
Skipping probe: too short (len=1023, chunk_size=2000)
Skipping probe: too short (len=670, chunk_size=2000)
Skipping probe: too short (len=886, chunk_size=2000)
Skipping probe: too short (len=982, chunk_size=2000)
Skipping probe: too short (len=1349, chunk_size=2000)
Skipping probe: too short (len=1619, chunk_size=2000)
Skipping probe: too short (len=1604, chunk_size=2000)
Skipping probe: too short (len=1924, chunk_size=2000)
Skipping probe: too short (len=834, chunk_size=2000)
Skipping probe: too short (len=1506, chunk_size=2000)
Skipping probe: too short (len=1454, chunk_size=2000)
Skipping probe: too short (len=1450, chunk_size=2000)
Skipping probe: too short (len=1266, chunk_size=2000)
Skipping probe: too short (len=1880, chunk_size=2000)
Skipping probe: too short (len=1763, chunk_size=2000)
Skipping probe: too short (len=1995, chunk_size=2000)
Skipping probe: too short (len=632, chunk_size=2000)
Skipping probe: too short (len=1871, chunk_size=2000)
Skipping probe: too short (len=1021, chunk_size=2000)
Skipping probe: too short (len=559, chunk_size=2000)
Skipping probe: too short (len=1906, chunk_size=2000)
Skipping probe: too short (len=1563, chunk_size=2000)
Skipping probe: too short (len=1335, chunk_size=2000)
Skipping probe: too short (len=906, chunk_size=2000)
Skipping probe: too short (len=1266, chunk_size=2000)
Skipping probe: too short (len=1349, chunk_size=2000)
Skipping probe: too short (len=1619, chunk_size=2000)
Skipping probe: too short (len=1604, chunk_size=2000)
Skipping probe: too short (len=559, chunk_size=2000)
Skipping probe: too short (len=1906, chunk_size=2000)
Skipping probe: too short (len=1563, chunk_size=2000)
Skipping probe: too short (len=1335, chunk_size=2000)
Skipping probe: too short (len=906, chunk_size=2000)
Skipping probe: too short (len=1763, chunk_size=2000)
Skipping probe: too short (len=1454, chunk_size=2000)
Skipping probe: too short (len=982, chunk_size=2000)
Skipping probe: too short (len=1880, chunk_size=2000)
Skipping probe: too short (len=1995, chunk_size=2000)
Skipping probe: too short (len=1871, chunk_size=2000)
Skipping probe: too short (len=1021, chunk_size=2000)
Skipping probe: too short (len=632, chunk_size=2000)
Skipping probe: too short (len=1450, chunk_size=2000)
Skipping probe: too short (len=1023, chunk_size=2000)
Skipping probe: too short (len=1924, chunk_size=2000)
Skipping probe: too short (len=834, chunk_size=2000)
Skipping probe: too short (len=1506, chunk_size=2000)
Skipping probe: too short (len=670, chunk_size=2000)
Skipping probe: too short (len=886, chunk_size=2000)
Skipping probe: too short (len=1958, chunk_size=2000)
Trial 18 F1s - Weighted: 0.7152 | Macro: 0.1962 | Micro: 0.7471

[I 2026-02-25 15:10:18,372] Trial 18 finished with value: 0.715215207365997 and parameters: {'chunk_seconds': 20, 'num_freqs': 6, 'num_estimators': 128, 'max_depth': 128, 'max_features': 0.4764973527910824, 'overlap': 0.34684135077184697, 'max_lag': 9}. Best is trial 10 with value: 0.7159846912493878.
Skipping probe: too short (len=1266, chunk_size=2000)
Skipping probe: too short (len=559, chunk_size=2000)
Skipping probe: too short (len=1906, chunk_size=2000)
Skipping probe: too short (len=1563, chunk_size=2000)
Skipping probe: too short (len=1335, chunk_size=2000)
Skipping probe: too short (len=906, chunk_size=2000)
Skipping probe: too short (len=982, chunk_size=2000)
Skipping probe: too short (len=1924, chunk_size=2000)
Skipping probe: too short (len=834, chunk_size=2000)
Skipping probe: too short (len=1506, chunk_size=2000)
Skipping probe: too short (len=1604, chunk_size=2000)
Skipping probe: too short (len=1349, chunk_size=2000)
Skipping probe: too short (len=1450, chunk_size=2000)
Skipping probe: too short (len=1958, chunk_size=2000)
Skipping probe: too short (len=1454, chunk_size=2000)
Skipping probe: too short (len=1023, chunk_size=2000)
Skipping probe: too short (len=1763, chunk_size=2000)
Skipping probe: too short (len=670, chunk_size=2000)
Skipping probe: too short (len=886, chunk_size=2000)
Skipping probe: too short (len=632, chunk_size=2000)
Skipping probe: too short (len=1880, chunk_size=2000)
Skipping probe: too short (len=1619, chunk_size=2000)
Skipping probe: too short (len=1871, chunk_size=2000)
Skipping probe: too short (len=1021, chunk_size=2000)
Skipping probe: too short (len=1995, chunk_size=2000)
Skipping probe: too short (len=1619, chunk_size=2000)
Skipping probe: too short (len=1023, chunk_size=2000)
Skipping probe: too short (len=1604, chunk_size=2000)
Skipping probe: too short (len=1454, chunk_size=2000)
Skipping probe: too short (len=1450, chunk_size=2000)
Skipping probe: too short (len=1349, chunk_size=2000)
Skipping probe: too short (len=1924, chunk_size=2000)
Skipping probe: too short (len=834, chunk_size=2000)
Skipping probe: too short (len=1506, chunk_size=2000)
Skipping probe: too short (len=1958, chunk_size=2000)
Skipping probe: too short (len=559, chunk_size=2000)
Skipping probe: too short (len=1906, chunk_size=2000)
Skipping probe: too short (len=1563, chunk_size=2000)
Skipping probe: too short (len=1335, chunk_size=2000)
Skipping probe: too short (len=906, chunk_size=2000)
Skipping probe: too short (len=1763, chunk_size=2000)
Skipping probe: too short (len=1880, chunk_size=2000)
Skipping probe: too short (len=982, chunk_size=2000)
Skipping probe: too short (len=1995, chunk_size=2000)
Skipping probe: too short (len=1871, chunk_size=2000)
Skipping probe: too short (len=1021, chunk_size=2000)
Skipping probe: too short (len=670, chunk_size=2000)
Skipping probe: too short (len=886, chunk_size=2000)
Skipping probe: too short (len=1266, chunk_size=2000)
Skipping probe: too short (len=632, chunk_size=2000)
[I 2026-02-25 15:19:52,280] Trial 19 pruned. 
Skipping probe: too short (len=1023, chunk_size=1800)
Skipping probe: too short (len=1604, chunk_size=1800)
Skipping probe: too short (len=982, chunk_size=1800)
Skipping probe: too short (len=559, chunk_size=1800)
Skipping probe: too short (len=1563, chunk_size=1800)
Skipping probe: too short (len=1335, chunk_size=1800)
Skipping probe: too short (len=906, chunk_size=1800)
Skipping probe: too short (len=834, chunk_size=1800)
Skipping probe: too short (len=1506, chunk_size=1800)
Skipping probe: too short (len=1349, chunk_size=1800)
Skipping probe: too short (len=1454, chunk_size=1800)
Skipping probe: too short (len=1450, chunk_size=1800)
Skipping probe: too short (len=1266, chunk_size=1800)
Skipping probe: too short (len=1763, chunk_size=1800)
Skipping probe: too short (len=670, chunk_size=1800)
Skipping probe: too short (len=886, chunk_size=1800)
Skipping probe: too short (len=632, chunk_size=1800)
Skipping probe: too short (len=1619, chunk_size=1800)
Skipping probe: too short (len=1021, chunk_size=1800)
Skipping probe: too short (len=982, chunk_size=1800)
Skipping probe: too short (len=1454, chunk_size=1800)
Skipping probe: too short (len=1349, chunk_size=1800)
Skipping probe: too short (len=1450, chunk_size=1800)
Skipping probe: too short (len=559, chunk_size=1800)
Skipping probe: too short (len=1563, chunk_size=1800)
Skipping probe: too short (len=1335, chunk_size=1800)
Skipping probe: too short (len=906, chunk_size=1800)
Skipping probe: too short (len=1023, chunk_size=1800)
Skipping probe: too short (len=834, chunk_size=1800)
Skipping probe: too short (len=1506, chunk_size=1800)
Skipping probe: too short (len=1619, chunk_size=1800)
Skipping probe: too short (len=1604, chunk_size=1800)
Skipping probe: too short (len=670, chunk_size=1800)
Skipping probe: too short (len=886, chunk_size=1800)
Skipping probe: too short (len=1021, chunk_size=1800)
Skipping probe: too short (len=1763, chunk_size=1800)
Skipping probe: too short (len=1266, chunk_size=1800)
Skipping probe: too short (len=632, chunk_size=1800)
Skipping probe: too short (len=834, chunk_size=1800)
Skipping probe: too short (len=1506, chunk_size=1800)
Skipping probe: too short (len=1619, chunk_size=1800)
Skipping probe: too short (len=559, chunk_size=1800)
Skipping probe: too short (len=1563, chunk_size=1800)
Skipping probe: too short (len=1335, chunk_size=1800)
Skipping probe: too short (len=906, chunk_size=1800)
Skipping probe: too short (len=1450, chunk_size=1800)
Skipping probe: too short (len=1023, chunk_size=1800)
Skipping probe: too short (len=1266, chunk_size=1800)
Skipping probe: too short (len=670, chunk_size=1800)
Skipping probe: too short (len=886, chunk_size=1800)
Skipping probe: too short (len=632, chunk_size=1800)
Skipping probe: too short (len=1021, chunk_size=1800)
Skipping probe: too short (len=1454, chunk_size=1800)
Skipping probe: too short (len=982, chunk_size=1800)
Skipping probe: too short (len=1763, chunk_size=1800)
Skipping probe: too short (len=1349, chunk_size=1800)
Skipping probe: too short (len=1604, chunk_size=1800)
Skipping probe: too short (len=1454, chunk_size=1800)
Skipping probe: too short (len=1023, chunk_size=1800)
Skipping probe: too short (len=834, chunk_size=1800)
Skipping probe: too short (len=1506, chunk_size=1800)
Skipping probe: too short (len=1266, chunk_size=1800)
Skipping probe: too short (len=1349, chunk_size=1800)
Skipping probe: too short (len=1604, chunk_size=1800)
Skipping probe: too short (len=982, chunk_size=1800)
Skipping probe: too short (len=1450, chunk_size=1800)
Skipping probe: too short (len=1619, chunk_size=1800)
Skipping probe: too short (len=670, chunk_size=1800)
Skipping probe: too short (len=886, chunk_size=1800)
Skipping probe: too short (len=632, chunk_size=1800)
Skipping probe: too short (len=1763, chunk_size=1800)
Skipping probe: too short (len=1021, chunk_size=1800)
Skipping probe: too short (len=559, chunk_size=1800)
Skipping probe: too short (len=1563, chunk_size=1800)
Skipping probe: too short (len=1335, chunk_size=1800)
Skipping probe: too short (len=906, chunk_size=1800)
Skipping probe: too short (len=1454, chunk_size=1800)
Skipping probe: too short (len=1619, chunk_size=1800)
Skipping probe: too short (len=1604, chunk_size=1800)
Skipping probe: too short (len=1349, chunk_size=1800)
Skipping probe: too short (len=982, chunk_size=1800)
Skipping probe: too short (len=559, chunk_size=1800)
Skipping probe: too short (len=1563, chunk_size=1800)
Skipping probe: too short (len=1335, chunk_size=1800)
Skipping probe: too short (len=906, chunk_size=1800)
Skipping probe: too short (len=1763, chunk_size=1800)
Skipping probe: too short (len=1266, chunk_size=1800)
Skipping probe: too short (len=1021, chunk_size=1800)
Skipping probe: too short (len=632, chunk_size=1800)
Skipping probe: too short (len=1450, chunk_size=1800)
Skipping probe: too short (len=1023, chunk_size=1800)
Skipping probe: too short (len=834, chunk_size=1800)
Skipping probe: too short (len=1506, chunk_size=1800)
Skipping probe: too short (len=670, chunk_size=1800)
Skipping probe: too short (len=886, chunk_size=1800)
Trial 20 F1s - Weighted: 0.7178 | Macro: 0.1977 | Micro: 0.7483

[I 2026-02-25 15:32:16,739] Trial 20 finished with value: 0.7177773020012684 and parameters: {'chunk_seconds': 18, 'num_freqs': 4, 'num_estimators': 128, 'max_depth': 128, 'max_features': 0.47842281286387756, 'overlap': 0.3050406653495544, 'max_lag': 8}. Best is trial 20 with value: 0.7177773020012684.
Skipping probe: too short (len=1604, chunk_size=1900)
Skipping probe: too short (len=1454, chunk_size=1900)
Skipping probe: too short (len=1450, chunk_size=1900)
Skipping probe: too short (len=982, chunk_size=1900)
Skipping probe: too short (len=1349, chunk_size=1900)
Skipping probe: too short (len=1023, chunk_size=1900)
Skipping probe: too short (len=834, chunk_size=1900)
Skipping probe: too short (len=1506, chunk_size=1900)
Skipping probe: too short (len=1266, chunk_size=1900)
Skipping probe: too short (len=1763, chunk_size=1900)
Skipping probe: too short (len=559, chunk_size=1900)
Skipping probe: too short (len=1563, chunk_size=1900)
Skipping probe: too short (len=1335, chunk_size=1900)
Skipping probe: too short (len=906, chunk_size=1900)
Skipping probe: too short (len=670, chunk_size=1900)
Skipping probe: too short (len=886, chunk_size=1900)
Skipping probe: too short (len=632, chunk_size=1900)
Skipping probe: too short (len=1619, chunk_size=1900)
Skipping probe: too short (len=1880, chunk_size=1900)
Skipping probe: too short (len=1871, chunk_size=1900)
Skipping probe: too short (len=1021, chunk_size=1900)
Skipping probe: too short (len=982, chunk_size=1900)
Skipping probe: too short (len=1450, chunk_size=1900)
Skipping probe: too short (len=1349, chunk_size=1900)
Skipping probe: too short (len=559, chunk_size=1900)
Skipping probe: too short (len=1563, chunk_size=1900)
Skipping probe: too short (len=1335, chunk_size=1900)
Skipping probe: too short (len=906, chunk_size=1900)
Skipping probe: too short (len=1619, chunk_size=1900)
Skipping probe: too short (len=1454, chunk_size=1900)
Skipping probe: too short (len=1604, chunk_size=1900)
Skipping probe: too short (len=1023, chunk_size=1900)
Skipping probe: too short (len=834, chunk_size=1900)
Skipping probe: too short (len=1506, chunk_size=1900)
Skipping probe: too short (len=1880, chunk_size=1900)
Skipping probe: too short (len=670, chunk_size=1900)
Skipping probe: too short (len=886, chunk_size=1900)
Skipping probe: too short (len=1763, chunk_size=1900)
Skipping probe: too short (len=1871, chunk_size=1900)
Skipping probe: too short (len=1021, chunk_size=1900)
Skipping probe: too short (len=1266, chunk_size=1900)
Skipping probe: too short (len=632, chunk_size=1900)
[I 2026-02-25 15:36:48,380] Trial 21 pruned. 
Skipping probe: too short (len=559, chunk_size=1700)
Skipping probe: too short (len=1563, chunk_size=1700)
Skipping probe: too short (len=1335, chunk_size=1700)
Skipping probe: too short (len=906, chunk_size=1700)
Skipping probe: too short (len=1604, chunk_size=1700)
Skipping probe: too short (len=1450, chunk_size=1700)
Skipping probe: too short (len=834, chunk_size=1700)
Skipping probe: too short (len=1506, chunk_size=1700)
Skipping probe: too short (len=1349, chunk_size=1700)
Skipping probe: too short (len=1266, chunk_size=1700)
Skipping probe: too short (len=1023, chunk_size=1700)
Skipping probe: too short (len=982, chunk_size=1700)
Skipping probe: too short (len=1454, chunk_size=1700)
Skipping probe: too short (len=632, chunk_size=1700)
Skipping probe: too short (len=670, chunk_size=1700)
Skipping probe: too short (len=886, chunk_size=1700)
Skipping probe: too short (len=1619, chunk_size=1700)
Skipping probe: too short (len=1021, chunk_size=1700)
Skipping probe: too short (len=1450, chunk_size=1700)
Skipping probe: too short (len=1349, chunk_size=1700)
Skipping probe: too short (len=559, chunk_size=1700)
Skipping probe: too short (len=1563, chunk_size=1700)
Skipping probe: too short (len=1335, chunk_size=1700)
Skipping probe: too short (len=906, chunk_size=1700)
Skipping probe: too short (len=1023, chunk_size=1700)
Skipping probe: too short (len=982, chunk_size=1700)
Skipping probe: too short (len=1604, chunk_size=1700)
Skipping probe: too short (len=834, chunk_size=1700)
Skipping probe: too short (len=1506, chunk_size=1700)
Skipping probe: too short (len=1454, chunk_size=1700)
Skipping probe: too short (len=1619, chunk_size=1700)
Skipping probe: too short (len=670, chunk_size=1700)
Skipping probe: too short (len=886, chunk_size=1700)
Skipping probe: too short (len=1021, chunk_size=1700)
Skipping probe: too short (len=1266, chunk_size=1700)
Skipping probe: too short (len=632, chunk_size=1700)
[I 2026-02-25 15:42:51,785] Trial 22 pruned. 
Skipping probe: too short (len=1454, chunk_size=1600)
Skipping probe: too short (len=559, chunk_size=1600)
Skipping probe: too short (len=1563, chunk_size=1600)
Skipping probe: too short (len=1335, chunk_size=1600)
Skipping probe: too short (len=906, chunk_size=1600)
Skipping probe: too short (len=834, chunk_size=1600)
Skipping probe: too short (len=1506, chunk_size=1600)
Skipping probe: too short (len=1349, chunk_size=1600)
Skipping probe: too short (len=1266, chunk_size=1600)
Skipping probe: too short (len=1023, chunk_size=1600)
Skipping probe: too short (len=1450, chunk_size=1600)
Skipping probe: too short (len=982, chunk_size=1600)
Skipping probe: too short (len=670, chunk_size=1600)
Skipping probe: too short (len=886, chunk_size=1600)
Skipping probe: too short (len=632, chunk_size=1600)
Skipping probe: too short (len=1021, chunk_size=1600)
Skipping probe: too short (len=1349, chunk_size=1600)
Skipping probe: too short (len=559, chunk_size=1600)
Skipping probe: too short (len=1563, chunk_size=1600)
Skipping probe: too short (len=1335, chunk_size=1600)
Skipping probe: too short (len=906, chunk_size=1600)
Skipping probe: too short (len=1454, chunk_size=1600)
Skipping probe: too short (len=834, chunk_size=1600)
Skipping probe: too short (len=1506, chunk_size=1600)
Skipping probe: too short (len=1023, chunk_size=1600)
Skipping probe: too short (len=1450, chunk_size=1600)
Skipping probe: too short (len=982, chunk_size=1600)
Skipping probe: too short (len=670, chunk_size=1600)
Skipping probe: too short (len=886, chunk_size=1600)
Skipping probe: too short (len=1021, chunk_size=1600)
Skipping probe: too short (len=1266, chunk_size=1600)
Skipping probe: too short (len=632, chunk_size=1600)
[I 2026-02-25 15:48:33,604] Trial 23 pruned. 
Skipping probe: too short (len=1266, chunk_size=1900)
Skipping probe: too short (len=1450, chunk_size=1900)
Skipping probe: too short (len=1604, chunk_size=1900)
Skipping probe: too short (len=1454, chunk_size=1900)
Skipping probe: too short (len=982, chunk_size=1900)
Skipping probe: too short (len=834, chunk_size=1900)
Skipping probe: too short (len=1506, chunk_size=1900)
Skipping probe: too short (len=1023, chunk_size=1900)
Skipping probe: too short (len=559, chunk_size=1900)
Skipping probe: too short (len=1563, chunk_size=1900)
Skipping probe: too short (len=1335, chunk_size=1900)
Skipping probe: too short (len=906, chunk_size=1900)
Skipping probe: too short (len=1349, chunk_size=1900)
Skipping probe: too short (len=1763, chunk_size=1900)
Skipping probe: too short (len=670, chunk_size=1900)
Skipping probe: too short (len=886, chunk_size=1900)
Skipping probe: too short (len=632, chunk_size=1900)
Skipping probe: too short (len=1619, chunk_size=1900)
Skipping probe: too short (len=1880, chunk_size=1900)
Skipping probe: too short (len=1871, chunk_size=1900)
Skipping probe: too short (len=1021, chunk_size=1900)
Skipping probe: too short (len=1023, chunk_size=1900)
Skipping probe: too short (len=834, chunk_size=1900)
Skipping probe: too short (len=1506, chunk_size=1900)
Skipping probe: too short (len=1454, chunk_size=1900)
Skipping probe: too short (len=559, chunk_size=1900)
Skipping probe: too short (len=1563, chunk_size=1900)
Skipping probe: too short (len=1335, chunk_size=1900)
Skipping probe: too short (len=906, chunk_size=1900)
Skipping probe: too short (len=1604, chunk_size=1900)
Skipping probe: too short (len=1880, chunk_size=1900)
Skipping probe: too short (len=1349, chunk_size=1900)
Skipping probe: too short (len=982, chunk_size=1900)
Skipping probe: too short (len=1450, chunk_size=1900)
Skipping probe: too short (len=1763, chunk_size=1900)
Skipping probe: too short (len=1619, chunk_size=1900)
Skipping probe: too short (len=670, chunk_size=1900)
Skipping probe: too short (len=886, chunk_size=1900)
Skipping probe: too short (len=1871, chunk_size=1900)
Skipping probe: too short (len=1021, chunk_size=1900)
Skipping probe: too short (len=1266, chunk_size=1900)
Skipping probe: too short (len=632, chunk_size=1900)
Skipping probe: too short (len=1023, chunk_size=1900)
Skipping probe: too short (len=559, chunk_size=1900)
Skipping probe: too short (len=1563, chunk_size=1900)
Skipping probe: too short (len=1335, chunk_size=1900)
Skipping probe: too short (len=906, chunk_size=1900)
Skipping probe: too short (len=1619, chunk_size=1900)
Skipping probe: too short (len=1450, chunk_size=1900)
Skipping probe: too short (len=670, chunk_size=1900)
Skipping probe: too short (len=886, chunk_size=1900)
Skipping probe: too short (len=834, chunk_size=1900)
Skipping probe: too short (len=1506, chunk_size=1900)
Skipping probe: too short (len=1266, chunk_size=1900)
Skipping probe: too short (len=1880, chunk_size=1900)
Skipping probe: too short (len=1871, chunk_size=1900)
Skipping probe: too short (len=1021, chunk_size=1900)
Skipping probe: too short (len=632, chunk_size=1900)
Skipping probe: too short (len=1454, chunk_size=1900)
Skipping probe: too short (len=982, chunk_size=1900)
Skipping probe: too short (len=1763, chunk_size=1900)
Skipping probe: too short (len=1349, chunk_size=1900)
Skipping probe: too short (len=1604, chunk_size=1900)
Skipping probe: too short (len=1266, chunk_size=1900)
Skipping probe: too short (len=1023, chunk_size=1900)
Skipping probe: too short (len=1604, chunk_size=1900)
Skipping probe: too short (len=1880, chunk_size=1900)
Skipping probe: too short (len=1349, chunk_size=1900)
Skipping probe: too short (len=834, chunk_size=1900)
Skipping probe: too short (len=1506, chunk_size=1900)
Skipping probe: too short (len=1450, chunk_size=1900)
Skipping probe: too short (len=1619, chunk_size=1900)
Skipping probe: too short (len=1454, chunk_size=1900)
Skipping probe: too short (len=982, chunk_size=1900)
Skipping probe: too short (len=670, chunk_size=1900)
Skipping probe: too short (len=886, chunk_size=1900)
Skipping probe: too short (len=1763, chunk_size=1900)
Skipping probe: too short (len=632, chunk_size=1900)
Skipping probe: too short (len=1871, chunk_size=1900)
Skipping probe: too short (len=1021, chunk_size=1900)
Skipping probe: too short (len=559, chunk_size=1900)
Skipping probe: too short (len=1563, chunk_size=1900)
Skipping probe: too short (len=1335, chunk_size=1900)
Skipping probe: too short (len=906, chunk_size=1900)
Skipping probe: too short (len=1266, chunk_size=1900)
Skipping probe: too short (len=982, chunk_size=1900)
Skipping probe: too short (len=1454, chunk_size=1900)
Skipping probe: too short (len=559, chunk_size=1900)
Skipping probe: too short (len=1563, chunk_size=1900)
Skipping probe: too short (len=1335, chunk_size=1900)
Skipping probe: too short (len=906, chunk_size=1900)
Skipping probe: too short (len=1349, chunk_size=1900)
Skipping probe: too short (len=1880, chunk_size=1900)
Skipping probe: too short (len=1604, chunk_size=1900)
Skipping probe: too short (len=1619, chunk_size=1900)
Skipping probe: too short (len=1763, chunk_size=1900)
Skipping probe: too short (len=632, chunk_size=1900)
Skipping probe: too short (len=1871, chunk_size=1900)
Skipping probe: too short (len=1021, chunk_size=1900)
Skipping probe: too short (len=1023, chunk_size=1900)
Skipping probe: too short (len=1450, chunk_size=1900)
Skipping probe: too short (len=670, chunk_size=1900)
Skipping probe: too short (len=886, chunk_size=1900)
Skipping probe: too short (len=834, chunk_size=1900)
Skipping probe: too short (len=1506, chunk_size=1900)
Trial 24 F1s - Weighted: 0.7173 | Macro: 0.1947 | Micro: 0.7509

[I 2026-02-25 15:59:41,663] Trial 24 finished with value: 0.7173008266687828 and parameters: {'chunk_seconds': 19, 'num_freqs': 8, 'num_estimators': 128, 'max_depth': 64, 'max_features': 0.31814635886000375, 'overlap': 0.30181230445213825, 'max_lag': 7}. Best is trial 20 with value: 0.7177773020012684.
Skipping probe: too short (len=834, chunk_size=1300)
Skipping probe: too short (len=982, chunk_size=1300)
Skipping probe: too short (len=1023, chunk_size=1300)
Skipping probe: too short (len=559, chunk_size=1300)
Skipping probe: too short (len=906, chunk_size=1300)
Skipping probe: too short (len=1266, chunk_size=1300)
Skipping probe: too short (len=632, chunk_size=1300)
Skipping probe: too short (len=670, chunk_size=1300)
Skipping probe: too short (len=886, chunk_size=1300)
Skipping probe: too short (len=1021, chunk_size=1300)
Skipping probe: too short (len=559, chunk_size=1300)
Skipping probe: too short (len=906, chunk_size=1300)
Skipping probe: too short (len=834, chunk_size=1300)
Skipping probe: too short (len=1023, chunk_size=1300)
Skipping probe: too short (len=982, chunk_size=1300)
Skipping probe: too short (len=670, chunk_size=1300)
Skipping probe: too short (len=886, chunk_size=1300)
Skipping probe: too short (len=1021, chunk_size=1300)
Skipping probe: too short (len=1266, chunk_size=1300)
Skipping probe: too short (len=632, chunk_size=1300)
[I 2026-02-25 16:02:27,140] Trial 25 pruned. 
Skipping probe: too short (len=1604, chunk_size=1900)
Skipping probe: too short (len=1349, chunk_size=1900)
Skipping probe: too short (len=1023, chunk_size=1900)
Skipping probe: too short (len=1450, chunk_size=1900)
Skipping probe: too short (len=982, chunk_size=1900)
Skipping probe: too short (len=1454, chunk_size=1900)
Skipping probe: too short (len=834, chunk_size=1900)
Skipping probe: too short (len=1506, chunk_size=1900)
Skipping probe: too short (len=559, chunk_size=1900)
Skipping probe: too short (len=1563, chunk_size=1900)
Skipping probe: too short (len=1335, chunk_size=1900)
Skipping probe: too short (len=906, chunk_size=1900)
Skipping probe: too short (len=1266, chunk_size=1900)
Skipping probe: too short (len=1763, chunk_size=1900)
Skipping probe: too short (len=670, chunk_size=1900)
Skipping probe: too short (len=886, chunk_size=1900)
Skipping probe: too short (len=632, chunk_size=1900)
Skipping probe: too short (len=1619, chunk_size=1900)
Skipping probe: too short (len=1871, chunk_size=1900)
Skipping probe: too short (len=1021, chunk_size=1900)
Skipping probe: too short (len=1880, chunk_size=1900)
Skipping probe: too short (len=1619, chunk_size=1900)
Skipping probe: too short (len=834, chunk_size=1900)
Skipping probe: too short (len=1506, chunk_size=1900)
Skipping probe: too short (len=1454, chunk_size=1900)
Skipping probe: too short (len=982, chunk_size=1900)
Skipping probe: too short (len=559, chunk_size=1900)
Skipping probe: too short (len=1563, chunk_size=1900)
Skipping probe: too short (len=1335, chunk_size=1900)
Skipping probe: too short (len=906, chunk_size=1900)
Skipping probe: too short (len=1450, chunk_size=1900)
Skipping probe: too short (len=1604, chunk_size=1900)
Skipping probe: too short (len=1349, chunk_size=1900)
Skipping probe: too short (len=1023, chunk_size=1900)
Skipping probe: too short (len=1880, chunk_size=1900)
Skipping probe: too short (len=1763, chunk_size=1900)
Skipping probe: too short (len=670, chunk_size=1900)
Skipping probe: too short (len=886, chunk_size=1900)
Skipping probe: too short (len=1871, chunk_size=1900)
Skipping probe: too short (len=1021, chunk_size=1900)
Skipping probe: too short (len=1266, chunk_size=1900)
Skipping probe: too short (len=632, chunk_size=1900)
[I 2026-02-25 16:05:25,955] Trial 26 pruned. 
Skipping probe: too short (len=1266, chunk_size=1800)
Skipping probe: too short (len=1023, chunk_size=1800)
Skipping probe: too short (len=1604, chunk_size=1800)
Skipping probe: too short (len=1450, chunk_size=1800)
Skipping probe: too short (len=559, chunk_size=1800)
Skipping probe: too short (len=1563, chunk_size=1800)
Skipping probe: too short (len=1335, chunk_size=1800)
Skipping probe: too short (len=906, chunk_size=1800)
Skipping probe: too short (len=1349, chunk_size=1800)
Skipping probe: too short (len=834, chunk_size=1800)
Skipping probe: too short (len=1506, chunk_size=1800)
Skipping probe: too short (len=1454, chunk_size=1800)
Skipping probe: too short (len=670, chunk_size=1800)
Skipping probe: too short (len=886, chunk_size=1800)
Skipping probe: too short (len=982, chunk_size=1800)
Skipping probe: too short (len=1763, chunk_size=1800)
Skipping probe: too short (len=632, chunk_size=1800)
Skipping probe: too short (len=1619, chunk_size=1800)
Skipping probe: too short (len=1021, chunk_size=1800)
Skipping probe: too short (len=1619, chunk_size=1800)
Skipping probe: too short (len=834, chunk_size=1800)
Skipping probe: too short (len=1506, chunk_size=1800)
Skipping probe: too short (len=1450, chunk_size=1800)
Skipping probe: too short (len=1763, chunk_size=1800)
Skipping probe: too short (len=982, chunk_size=1800)
Skipping probe: too short (len=1349, chunk_size=1800)
Skipping probe: too short (len=1604, chunk_size=1800)
Skipping probe: too short (len=1023, chunk_size=1800)
Skipping probe: too short (len=1454, chunk_size=1800)
Skipping probe: too short (len=559, chunk_size=1800)
Skipping probe: too short (len=1563, chunk_size=1800)
Skipping probe: too short (len=1335, chunk_size=1800)
Skipping probe: too short (len=906, chunk_size=1800)
Skipping probe: too short (len=670, chunk_size=1800)
Skipping probe: too short (len=886, chunk_size=1800)
Skipping probe: too short (len=1021, chunk_size=1800)
Skipping probe: too short (len=1266, chunk_size=1800)
Skipping probe: too short (len=632, chunk_size=1800)
Skipping probe: too short (len=1023, chunk_size=1800)
Skipping probe: too short (len=1450, chunk_size=1800)
Skipping probe: too short (len=834, chunk_size=1800)
Skipping probe: too short (len=1506, chunk_size=1800)
Skipping probe: too short (len=1266, chunk_size=1800)
Skipping probe: too short (len=559, chunk_size=1800)
Skipping probe: too short (len=1563, chunk_size=1800)
Skipping probe: too short (len=1335, chunk_size=1800)
Skipping probe: too short (len=906, chunk_size=1800)
Skipping probe: too short (len=1619, chunk_size=1800)
Skipping probe: too short (len=670, chunk_size=1800)
Skipping probe: too short (len=886, chunk_size=1800)
Skipping probe: too short (len=632, chunk_size=1800)
Skipping probe: too short (len=1021, chunk_size=1800)
Skipping probe: too short (len=1454, chunk_size=1800)
Skipping probe: too short (len=1604, chunk_size=1800)
Skipping probe: too short (len=1349, chunk_size=1800)
Skipping probe: too short (len=982, chunk_size=1800)
Skipping probe: too short (len=1763, chunk_size=1800)
Skipping probe: too short (len=1266, chunk_size=1800)
Skipping probe: too short (len=1450, chunk_size=1800)
Skipping probe: too short (len=1454, chunk_size=1800)
Skipping probe: too short (len=1023, chunk_size=1800)
Skipping probe: too short (len=1619, chunk_size=1800)
Skipping probe: too short (len=982, chunk_size=1800)
Skipping probe: too short (len=834, chunk_size=1800)
Skipping probe: too short (len=1506, chunk_size=1800)
Skipping probe: too short (len=1349, chunk_size=1800)
Skipping probe: too short (len=1604, chunk_size=1800)
Skipping probe: too short (len=1763, chunk_size=1800)
Skipping probe: too short (len=1021, chunk_size=1800)
Skipping probe: too short (len=670, chunk_size=1800)
Skipping probe: too short (len=886, chunk_size=1800)
Skipping probe: too short (len=632, chunk_size=1800)
Skipping probe: too short (len=559, chunk_size=1800)
Skipping probe: too short (len=1563, chunk_size=1800)
Skipping probe: too short (len=1335, chunk_size=1800)
Skipping probe: too short (len=906, chunk_size=1800)
Skipping probe: too short (len=1266, chunk_size=1800)
Skipping probe: too short (len=1454, chunk_size=1800)
Skipping probe: too short (len=1349, chunk_size=1800)
Skipping probe: too short (len=1604, chunk_size=1800)
Skipping probe: too short (len=1619, chunk_size=1800)
Skipping probe: too short (len=559, chunk_size=1800)
Skipping probe: too short (len=1563, chunk_size=1800)
Skipping probe: too short (len=1335, chunk_size=1800)
Skipping probe: too short (len=906, chunk_size=1800)
Skipping probe: too short (len=982, chunk_size=1800)
Skipping probe: too short (len=1763, chunk_size=1800)
Skipping probe: too short (len=632, chunk_size=1800)
Skipping probe: too short (len=1021, chunk_size=1800)
Skipping probe: too short (len=834, chunk_size=1800)
Skipping probe: too short (len=1506, chunk_size=1800)
Skipping probe: too short (len=1450, chunk_size=1800)
Skipping probe: too short (len=1023, chunk_size=1800)
Skipping probe: too short (len=670, chunk_size=1800)
Skipping probe: too short (len=886, chunk_size=1800)
Trial 27 F1s - Weighted: 0.7096 | Macro: 0.1928 | Micro: 0.7423

[I 2026-02-25 16:21:51,738] Trial 27 finished with value: 0.7096131870578732 and parameters: {'chunk_seconds': 18, 'num_freqs': 4, 'num_estimators': 256, 'max_depth': 64, 'max_features': 0.42606026831811195, 'overlap': 0.39248874972804937, 'max_lag': 5}. Best is trial 20 with value: 0.7177773020012684.
Skipping probe: too short (len=1023, chunk_size=1600)
Skipping probe: too short (len=1349, chunk_size=1600)
Skipping probe: too short (len=1454, chunk_size=1600)
Skipping probe: too short (len=1266, chunk_size=1600)
Skipping probe: too short (len=1450, chunk_size=1600)
Skipping probe: too short (len=834, chunk_size=1600)
Skipping probe: too short (len=1506, chunk_size=1600)
Skipping probe: too short (len=559, chunk_size=1600)
Skipping probe: too short (len=1563, chunk_size=1600)
Skipping probe: too short (len=1335, chunk_size=1600)
Skipping probe: too short (len=906, chunk_size=1600)
Skipping probe: too short (len=982, chunk_size=1600)
Skipping probe: too short (len=670, chunk_size=1600)
Skipping probe: too short (len=886, chunk_size=1600)
Skipping probe: too short (len=632, chunk_size=1600)
Skipping probe: too short (len=1021, chunk_size=1600)
Skipping probe: too short (len=1349, chunk_size=1600)
Skipping probe: too short (len=1023, chunk_size=1600)
Skipping probe: too short (len=834, chunk_size=1600)
Skipping probe: too short (len=1506, chunk_size=1600)
Skipping probe: too short (len=1454, chunk_size=1600)
Skipping probe: too short (len=1450, chunk_size=1600)
Skipping probe: too short (len=559, chunk_size=1600)
Skipping probe: too short (len=1563, chunk_size=1600)
Skipping probe: too short (len=1335, chunk_size=1600)
Skipping probe: too short (len=906, chunk_size=1600)
Skipping probe: too short (len=982, chunk_size=1600)
Skipping probe: too short (len=670, chunk_size=1600)
Skipping probe: too short (len=886, chunk_size=1600)
Skipping probe: too short (len=1021, chunk_size=1600)
Skipping probe: too short (len=1266, chunk_size=1600)
Skipping probe: too short (len=632, chunk_size=1600)
[I 2026-02-25 16:27:01,875] Trial 28 pruned. 
Skipping probe: too short (len=1023, chunk_size=1200)
Skipping probe: too short (len=834, chunk_size=1200)
Skipping probe: too short (len=559, chunk_size=1200)
Skipping probe: too short (len=906, chunk_size=1200)
Skipping probe: too short (len=982, chunk_size=1200)
Skipping probe: too short (len=670, chunk_size=1200)
Skipping probe: too short (len=886, chunk_size=1200)
Skipping probe: too short (len=632, chunk_size=1200)
Skipping probe: too short (len=1021, chunk_size=1200)
Skipping probe: too short (len=1023, chunk_size=1200)
Skipping probe: too short (len=982, chunk_size=1200)
Skipping probe: too short (len=834, chunk_size=1200)
Skipping probe: too short (len=559, chunk_size=1200)
Skipping probe: too short (len=906, chunk_size=1200)
Skipping probe: too short (len=670, chunk_size=1200)
Skipping probe: too short (len=886, chunk_size=1200)
Skipping probe: too short (len=1021, chunk_size=1200)
Skipping probe: too short (len=632, chunk_size=1200)
[I 2026-02-25 16:33:16,713] Trial 29 pruned. 
Skipping probe: too short (len=834, chunk_size=900)
Skipping probe: too short (len=559, chunk_size=900)
Skipping probe: too short (len=632, chunk_size=900)
Skipping probe: too short (len=670, chunk_size=900)
Skipping probe: too short (len=886, chunk_size=900)
Skipping probe: too short (len=834, chunk_size=900)
Skipping probe: too short (len=559, chunk_size=900)
Skipping probe: too short (len=670, chunk_size=900)
Skipping probe: too short (len=886, chunk_size=900)
Skipping probe: too short (len=632, chunk_size=900)
[I 2026-02-25 16:36:26,844] Trial 30 pruned. 
Skipping probe: too short (len=1454, chunk_size=2000)
Skipping probe: too short (len=559, chunk_size=2000)
Skipping probe: too short (len=1906, chunk_size=2000)
Skipping probe: too short (len=1563, chunk_size=2000)
Skipping probe: too short (len=1335, chunk_size=2000)
Skipping probe: too short (len=906, chunk_size=2000)
Skipping probe: too short (len=1266, chunk_size=2000)
Skipping probe: too short (len=982, chunk_size=2000)
Skipping probe: too short (len=1958, chunk_size=2000)
Skipping probe: too short (len=1349, chunk_size=2000)
Skipping probe: too short (len=1924, chunk_size=2000)
Skipping probe: too short (len=834, chunk_size=2000)
Skipping probe: too short (len=1506, chunk_size=2000)
Skipping probe: too short (len=1450, chunk_size=2000)
Skipping probe: too short (len=1604, chunk_size=2000)
Skipping probe: too short (len=1023, chunk_size=2000)
Skipping probe: too short (len=1763, chunk_size=2000)
Skipping probe: too short (len=670, chunk_size=2000)
Skipping probe: too short (len=886, chunk_size=2000)
Skipping probe: too short (len=632, chunk_size=2000)
Skipping probe: too short (len=1880, chunk_size=2000)
Skipping probe: too short (len=1619, chunk_size=2000)
Skipping probe: too short (len=1995, chunk_size=2000)
Skipping probe: too short (len=1871, chunk_size=2000)
Skipping probe: too short (len=1021, chunk_size=2000)
Skipping probe: too short (len=1880, chunk_size=2000)
Skipping probe: too short (len=559, chunk_size=2000)
Skipping probe: too short (len=1906, chunk_size=2000)
Skipping probe: too short (len=1563, chunk_size=2000)
Skipping probe: too short (len=1335, chunk_size=2000)
Skipping probe: too short (len=906, chunk_size=2000)
Skipping probe: too short (len=1450, chunk_size=2000)
Skipping probe: too short (len=1023, chunk_size=2000)
Skipping probe: too short (len=1763, chunk_size=2000)
Skipping probe: too short (len=670, chunk_size=2000)
Skipping probe: too short (len=886, chunk_size=2000)
Skipping probe: too short (len=1619, chunk_size=2000)
Skipping probe: too short (len=1958, chunk_size=2000)
Skipping probe: too short (len=1924, chunk_size=2000)
Skipping probe: too short (len=834, chunk_size=2000)
Skipping probe: too short (len=1506, chunk_size=2000)
Skipping probe: too short (len=1349, chunk_size=2000)
Skipping probe: too short (len=1454, chunk_size=2000)
Skipping probe: too short (len=1604, chunk_size=2000)
Skipping probe: too short (len=982, chunk_size=2000)
Skipping probe: too short (len=1995, chunk_size=2000)
Skipping probe: too short (len=1871, chunk_size=2000)
Skipping probe: too short (len=1021, chunk_size=2000)
Skipping probe: too short (len=1266, chunk_size=2000)
Skipping probe: too short (len=632, chunk_size=2000)
Skipping probe: too short (len=559, chunk_size=2000)
Skipping probe: too short (len=1906, chunk_size=2000)
Skipping probe: too short (len=1563, chunk_size=2000)
Skipping probe: too short (len=1335, chunk_size=2000)
Skipping probe: too short (len=906, chunk_size=2000)
Skipping probe: too short (len=1266, chunk_size=2000)
Skipping probe: too short (len=1958, chunk_size=2000)
Skipping probe: too short (len=1924, chunk_size=2000)
Skipping probe: too short (len=834, chunk_size=2000)
Skipping probe: too short (len=1506, chunk_size=2000)
Skipping probe: too short (len=1450, chunk_size=2000)
Skipping probe: too short (len=1880, chunk_size=2000)
Skipping probe: too short (len=1023, chunk_size=2000)
Skipping probe: too short (len=1619, chunk_size=2000)
Skipping probe: too short (len=632, chunk_size=2000)
Skipping probe: too short (len=1995, chunk_size=2000)
Skipping probe: too short (len=1871, chunk_size=2000)
Skipping probe: too short (len=1021, chunk_size=2000)
Skipping probe: too short (len=670, chunk_size=2000)
Skipping probe: too short (len=886, chunk_size=2000)
Skipping probe: too short (len=1454, chunk_size=2000)
Skipping probe: too short (len=1349, chunk_size=2000)
Skipping probe: too short (len=982, chunk_size=2000)
Skipping probe: too short (len=1604, chunk_size=2000)
Skipping probe: too short (len=1763, chunk_size=2000)
Skipping probe: too short (len=982, chunk_size=2000)
Skipping probe: too short (len=1266, chunk_size=2000)
Skipping probe: too short (len=1023, chunk_size=2000)
Skipping probe: too short (len=1450, chunk_size=2000)
Skipping probe: too short (len=1604, chunk_size=2000)
Skipping probe: too short (len=1349, chunk_size=2000)
Skipping probe: too short (len=1924, chunk_size=2000)
Skipping probe: too short (len=834, chunk_size=2000)
Skipping probe: too short (len=1506, chunk_size=2000)
Skipping probe: too short (len=1454, chunk_size=2000)
Skipping probe: too short (len=1958, chunk_size=2000)
Skipping probe: too short (len=1619, chunk_size=2000)
Skipping probe: too short (len=1763, chunk_size=2000)
Skipping probe: too short (len=1880, chunk_size=2000)
Skipping probe: too short (len=632, chunk_size=2000)
Skipping probe: too short (len=1995, chunk_size=2000)
Skipping probe: too short (len=670, chunk_size=2000)
Skipping probe: too short (len=886, chunk_size=2000)
Skipping probe: too short (len=1871, chunk_size=2000)
Skipping probe: too short (len=1021, chunk_size=2000)
Skipping probe: too short (len=559, chunk_size=2000)
Skipping probe: too short (len=1906, chunk_size=2000)
Skipping probe: too short (len=1563, chunk_size=2000)
Skipping probe: too short (len=1335, chunk_size=2000)
Skipping probe: too short (len=906, chunk_size=2000)
Skipping probe: too short (len=1619, chunk_size=2000)
Skipping probe: too short (len=1266, chunk_size=2000)
Skipping probe: too short (len=559, chunk_size=2000)
Skipping probe: too short (len=1906, chunk_size=2000)
Skipping probe: too short (len=1563, chunk_size=2000)
Skipping probe: too short (len=1335, chunk_size=2000)
Skipping probe: too short (len=906, chunk_size=2000)
Skipping probe: too short (len=1604, chunk_size=2000)
Skipping probe: too short (len=982, chunk_size=2000)
Skipping probe: too short (len=1454, chunk_size=2000)
Skipping probe: too short (len=1349, chunk_size=2000)
Skipping probe: too short (len=1763, chunk_size=2000)
Skipping probe: too short (len=1880, chunk_size=2000)
Skipping probe: too short (len=1871, chunk_size=2000)
Skipping probe: too short (len=1021, chunk_size=2000)
Skipping probe: too short (len=1995, chunk_size=2000)
Skipping probe: too short (len=632, chunk_size=2000)
Skipping probe: too short (len=1958, chunk_size=2000)
Skipping probe: too short (len=1023, chunk_size=2000)
Skipping probe: too short (len=1450, chunk_size=2000)
Skipping probe: too short (len=670, chunk_size=2000)
Skipping probe: too short (len=886, chunk_size=2000)
Skipping probe: too short (len=1924, chunk_size=2000)
Skipping probe: too short (len=834, chunk_size=2000)
Skipping probe: too short (len=1506, chunk_size=2000)
Trial 31 F1s - Weighted: 0.7198 | Macro: 0.1954 | Micro: 0.7506

[I 2026-02-25 16:47:54,900] Trial 31 finished with value: 0.7198196593888753 and parameters: {'chunk_seconds': 20, 'num_freqs': 6, 'num_estimators': 128, 'max_depth': 128, 'max_features': 0.3440834882252308, 'overlap': 0.3410761700971928, 'max_lag': 9}. Best is trial 31 with value: 0.7198196593888753.
Skipping probe: too short (len=1450, chunk_size=1800)
Skipping probe: too short (len=1454, chunk_size=1800)
Skipping probe: too short (len=1604, chunk_size=1800)
Skipping probe: too short (len=1266, chunk_size=1800)
Skipping probe: too short (len=1023, chunk_size=1800)
Skipping probe: too short (len=834, chunk_size=1800)
Skipping probe: too short (len=1506, chunk_size=1800)
Skipping probe: too short (len=982, chunk_size=1800)
Skipping probe: too short (len=1349, chunk_size=1800)
Skipping probe: too short (len=559, chunk_size=1800)
Skipping probe: too short (len=1563, chunk_size=1800)
Skipping probe: too short (len=1335, chunk_size=1800)
Skipping probe: too short (len=906, chunk_size=1800)
Skipping probe: too short (len=670, chunk_size=1800)
Skipping probe: too short (len=886, chunk_size=1800)
Skipping probe: too short (len=1763, chunk_size=1800)
Skipping probe: too short (len=632, chunk_size=1800)
Skipping probe: too short (len=1619, chunk_size=1800)
Skipping probe: too short (len=1021, chunk_size=1800)
Skipping probe: too short (len=982, chunk_size=1800)
Skipping probe: too short (len=1619, chunk_size=1800)
Skipping probe: too short (len=1349, chunk_size=1800)
Skipping probe: too short (len=1023, chunk_size=1800)
Skipping probe: too short (len=1604, chunk_size=1800)
Skipping probe: too short (len=1454, chunk_size=1800)
Skipping probe: too short (len=1450, chunk_size=1800)
Skipping probe: too short (len=559, chunk_size=1800)
Skipping probe: too short (len=1563, chunk_size=1800)
Skipping probe: too short (len=1335, chunk_size=1800)
Skipping probe: too short (len=906, chunk_size=1800)
Skipping probe: too short (len=834, chunk_size=1800)
Skipping probe: too short (len=1506, chunk_size=1800)
Skipping probe: too short (len=1763, chunk_size=1800)
Skipping probe: too short (len=670, chunk_size=1800)
Skipping probe: too short (len=886, chunk_size=1800)
Skipping probe: too short (len=1021, chunk_size=1800)
Skipping probe: too short (len=1266, chunk_size=1800)
Skipping probe: too short (len=632, chunk_size=1800)
Skipping probe: too short (len=559, chunk_size=1800)
Skipping probe: too short (len=1563, chunk_size=1800)
Skipping probe: too short (len=1335, chunk_size=1800)
Skipping probe: too short (len=906, chunk_size=1800)
Skipping probe: too short (len=834, chunk_size=1800)
Skipping probe: too short (len=1506, chunk_size=1800)
Skipping probe: too short (len=1619, chunk_size=1800)
Skipping probe: too short (len=1450, chunk_size=1800)
Skipping probe: too short (len=1023, chunk_size=1800)
Skipping probe: too short (len=1266, chunk_size=1800)
Skipping probe: too short (len=670, chunk_size=1800)
Skipping probe: too short (len=886, chunk_size=1800)
Skipping probe: too short (len=632, chunk_size=1800)
Skipping probe: too short (len=1021, chunk_size=1800)
Skipping probe: too short (len=1454, chunk_size=1800)
Skipping probe: too short (len=1349, chunk_size=1800)
Skipping probe: too short (len=1763, chunk_size=1800)
Skipping probe: too short (len=982, chunk_size=1800)
Skipping probe: too short (len=1604, chunk_size=1800)
[I 2026-02-25 16:54:26,574] Trial 32 pruned. 
Skipping probe: too short (len=1454, chunk_size=1900)
Skipping probe: too short (len=1266, chunk_size=1900)
Skipping probe: too short (len=834, chunk_size=1900)
Skipping probe: too short (len=1506, chunk_size=1900)
Skipping probe: too short (len=559, chunk_size=1900)
Skipping probe: too short (len=1563, chunk_size=1900)
Skipping probe: too short (len=1335, chunk_size=1900)
Skipping probe: too short (len=906, chunk_size=1900)
Skipping probe: too short (len=1450, chunk_size=1900)
Skipping probe: too short (len=1349, chunk_size=1900)
Skipping probe: too short (len=1023, chunk_size=1900)
Skipping probe: too short (len=1604, chunk_size=1900)
Skipping probe: too short (len=1763, chunk_size=1900)
Skipping probe: too short (len=982, chunk_size=1900)
Skipping probe: too short (len=670, chunk_size=1900)
Skipping probe: too short (len=886, chunk_size=1900)
Skipping probe: too short (len=632, chunk_size=1900)
Skipping probe: too short (len=1619, chunk_size=1900)
Skipping probe: too short (len=1880, chunk_size=1900)
Skipping probe: too short (len=1871, chunk_size=1900)
Skipping probe: too short (len=1021, chunk_size=1900)
Skipping probe: too short (len=1454, chunk_size=1900)
Skipping probe: too short (len=1349, chunk_size=1900)
Skipping probe: too short (len=1604, chunk_size=1900)
Skipping probe: too short (len=559, chunk_size=1900)
Skipping probe: too short (len=1563, chunk_size=1900)
Skipping probe: too short (len=1335, chunk_size=1900)
Skipping probe: too short (len=906, chunk_size=1900)
Skipping probe: too short (len=982, chunk_size=1900)
Skipping probe: too short (len=834, chunk_size=1900)
Skipping probe: too short (len=1506, chunk_size=1900)
Skipping probe: too short (len=1023, chunk_size=1900)
Skipping probe: too short (len=1619, chunk_size=1900)
Skipping probe: too short (len=670, chunk_size=1900)
Skipping probe: too short (len=886, chunk_size=1900)
Skipping probe: too short (len=1450, chunk_size=1900)
Skipping probe: too short (len=1880, chunk_size=1900)
Skipping probe: too short (len=1871, chunk_size=1900)
Skipping probe: too short (len=1021, chunk_size=1900)
Skipping probe: too short (len=1763, chunk_size=1900)
Skipping probe: too short (len=1266, chunk_size=1900)
Skipping probe: too short (len=632, chunk_size=1900)
Skipping probe: too short (len=1023, chunk_size=1900)
Skipping probe: too short (len=559, chunk_size=1900)
Skipping probe: too short (len=1563, chunk_size=1900)
Skipping probe: too short (len=1335, chunk_size=1900)
Skipping probe: too short (len=906, chunk_size=1900)
Skipping probe: too short (len=834, chunk_size=1900)
Skipping probe: too short (len=1506, chunk_size=1900)
Skipping probe: too short (len=1450, chunk_size=1900)
Skipping probe: too short (len=1266, chunk_size=1900)
Skipping probe: too short (len=1619, chunk_size=1900)
Skipping probe: too short (len=1880, chunk_size=1900)
Skipping probe: too short (len=670, chunk_size=1900)
Skipping probe: too short (len=886, chunk_size=1900)
Skipping probe: too short (len=632, chunk_size=1900)
Skipping probe: too short (len=1871, chunk_size=1900)
Skipping probe: too short (len=1021, chunk_size=1900)
Skipping probe: too short (len=1349, chunk_size=1900)
Skipping probe: too short (len=1454, chunk_size=1900)
Skipping probe: too short (len=982, chunk_size=1900)
Skipping probe: too short (len=1763, chunk_size=1900)
Skipping probe: too short (len=1604, chunk_size=1900)
Skipping probe: too short (len=1450, chunk_size=1900)
Skipping probe: too short (len=1454, chunk_size=1900)
Skipping probe: too short (len=1349, chunk_size=1900)
Skipping probe: too short (len=1023, chunk_size=1900)
Skipping probe: too short (len=1619, chunk_size=1900)
Skipping probe: too short (len=834, chunk_size=1900)
Skipping probe: too short (len=1506, chunk_size=1900)
Skipping probe: too short (len=1880, chunk_size=1900)
Skipping probe: too short (len=1604, chunk_size=1900)
Skipping probe: too short (len=982, chunk_size=1900)
Skipping probe: too short (len=1763, chunk_size=1900)
Skipping probe: too short (len=1266, chunk_size=1900)
Skipping probe: too short (len=1871, chunk_size=1900)
Skipping probe: too short (len=1021, chunk_size=1900)
Skipping probe: too short (len=670, chunk_size=1900)
Skipping probe: too short (len=886, chunk_size=1900)
Skipping probe: too short (len=632, chunk_size=1900)
Skipping probe: too short (len=559, chunk_size=1900)
Skipping probe: too short (len=1563, chunk_size=1900)
Skipping probe: too short (len=1335, chunk_size=1900)
Skipping probe: too short (len=906, chunk_size=1900)
Skipping probe: too short (len=1349, chunk_size=1900)
Skipping probe: too short (len=1266, chunk_size=1900)
Skipping probe: too short (len=982, chunk_size=1900)
Skipping probe: too short (len=1604, chunk_size=1900)
Skipping probe: too short (len=1454, chunk_size=1900)
Skipping probe: too short (len=1763, chunk_size=1900)
Skipping probe: too short (len=1880, chunk_size=1900)
Skipping probe: too short (len=1871, chunk_size=1900)
Skipping probe: too short (len=1021, chunk_size=1900)
Skipping probe: too short (len=559, chunk_size=1900)
Skipping probe: too short (len=1563, chunk_size=1900)
Skipping probe: too short (len=1335, chunk_size=1900)
Skipping probe: too short (len=906, chunk_size=1900)
Skipping probe: too short (len=1619, chunk_size=1900)
Skipping probe: too short (len=632, chunk_size=1900)
Skipping probe: too short (len=1450, chunk_size=1900)
Skipping probe: too short (len=1023, chunk_size=1900)
Skipping probe: too short (len=834, chunk_size=1900)
Skipping probe: too short (len=1506, chunk_size=1900)
Skipping probe: too short (len=670, chunk_size=1900)
Skipping probe: too short (len=886, chunk_size=1900)
Trial 33 F1s - Weighted: 0.7197 | Macro: 0.1943 | Micro: 0.7533

[I 2026-02-25 17:05:42,819] Trial 33 finished with value: 0.7196924736567907 and parameters: {'chunk_seconds': 19, 'num_freqs': 6, 'num_estimators': 128, 'max_depth': 128, 'max_features': 0.3046525197802915, 'overlap': 0.3840315880133597, 'max_lag': 8}. Best is trial 31 with value: 0.7198196593888753.
Skipping probe: too short (len=982, chunk_size=1900)
Skipping probe: too short (len=1349, chunk_size=1900)
Skipping probe: too short (len=1266, chunk_size=1900)
Skipping probe: too short (len=1450, chunk_size=1900)
Skipping probe: too short (len=1023, chunk_size=1900)
Skipping probe: too short (len=559, chunk_size=1900)
Skipping probe: too short (len=1563, chunk_size=1900)
Skipping probe: too short (len=1335, chunk_size=1900)
Skipping probe: too short (len=906, chunk_size=1900)
Skipping probe: too short (len=1454, chunk_size=1900)
Skipping probe: too short (len=834, chunk_size=1900)
Skipping probe: too short (len=1506, chunk_size=1900)
Skipping probe: too short (len=1763, chunk_size=1900)
Skipping probe: too short (len=1604, chunk_size=1900)
Skipping probe: too short (len=670, chunk_size=1900)
Skipping probe: too short (len=886, chunk_size=1900)
Skipping probe: too short (len=632, chunk_size=1900)
Skipping probe: too short (len=1619, chunk_size=1900)
Skipping probe: too short (len=1880, chunk_size=1900)
Skipping probe: too short (len=1871, chunk_size=1900)
Skipping probe: too short (len=1021, chunk_size=1900)
Skipping probe: too short (len=1619, chunk_size=1900)
Skipping probe: too short (len=1454, chunk_size=1900)
Skipping probe: too short (len=1349, chunk_size=1900)
Skipping probe: too short (len=1763, chunk_size=1900)
Skipping probe: too short (len=1450, chunk_size=1900)
Skipping probe: too short (len=559, chunk_size=1900)
Skipping probe: too short (len=1563, chunk_size=1900)
Skipping probe: too short (len=1335, chunk_size=1900)
Skipping probe: too short (len=906, chunk_size=1900)
Skipping probe: too short (len=834, chunk_size=1900)
Skipping probe: too short (len=1506, chunk_size=1900)
Skipping probe: too short (len=1023, chunk_size=1900)
Skipping probe: too short (len=1604, chunk_size=1900)
Skipping probe: too short (len=1880, chunk_size=1900)
Skipping probe: too short (len=982, chunk_size=1900)
Skipping probe: too short (len=670, chunk_size=1900)
Skipping probe: too short (len=886, chunk_size=1900)
Skipping probe: too short (len=1871, chunk_size=1900)
Skipping probe: too short (len=1021, chunk_size=1900)
Skipping probe: too short (len=1266, chunk_size=1900)
Skipping probe: too short (len=632, chunk_size=1900)
Skipping probe: too short (len=1450, chunk_size=1900)
Skipping probe: too short (len=559, chunk_size=1900)
Skipping probe: too short (len=1563, chunk_size=1900)
Skipping probe: too short (len=1335, chunk_size=1900)
Skipping probe: too short (len=906, chunk_size=1900)
Skipping probe: too short (len=834, chunk_size=1900)
Skipping probe: too short (len=1506, chunk_size=1900)
Skipping probe: too short (len=1266, chunk_size=1900)
Skipping probe: too short (len=1023, chunk_size=1900)
Skipping probe: too short (len=1619, chunk_size=1900)
Skipping probe: too short (len=1880, chunk_size=1900)
Skipping probe: too short (len=1871, chunk_size=1900)
Skipping probe: too short (len=1021, chunk_size=1900)
Skipping probe: too short (len=632, chunk_size=1900)
Skipping probe: too short (len=670, chunk_size=1900)
Skipping probe: too short (len=886, chunk_size=1900)
Skipping probe: too short (len=1454, chunk_size=1900)
Skipping probe: too short (len=1604, chunk_size=1900)
Skipping probe: too short (len=1349, chunk_size=1900)
Skipping probe: too short (len=982, chunk_size=1900)
Skipping probe: too short (len=1763, chunk_size=1900)
Skipping probe: too short (len=1450, chunk_size=1900)
Skipping probe: too short (len=1454, chunk_size=1900)
Skipping probe: too short (len=1266, chunk_size=1900)
Skipping probe: too short (len=982, chunk_size=1900)
Skipping probe: too short (len=1604, chunk_size=1900)
Skipping probe: too short (len=834, chunk_size=1900)
Skipping probe: too short (len=1506, chunk_size=1900)
Skipping probe: too short (len=1349, chunk_size=1900)
Skipping probe: too short (len=1023, chunk_size=1900)
Skipping probe: too short (len=1880, chunk_size=1900)
Skipping probe: too short (len=1763, chunk_size=1900)
Skipping probe: too short (len=1619, chunk_size=1900)
Skipping probe: too short (len=632, chunk_size=1900)
Skipping probe: too short (len=1871, chunk_size=1900)
Skipping probe: too short (len=1021, chunk_size=1900)
Skipping probe: too short (len=670, chunk_size=1900)
Skipping probe: too short (len=886, chunk_size=1900)
Skipping probe: too short (len=559, chunk_size=1900)
Skipping probe: too short (len=1563, chunk_size=1900)
Skipping probe: too short (len=1335, chunk_size=1900)
Skipping probe: too short (len=906, chunk_size=1900)
Skipping probe: too short (len=559, chunk_size=1900)
Skipping probe: too short (len=1563, chunk_size=1900)
Skipping probe: too short (len=1335, chunk_size=1900)
Skipping probe: too short (len=906, chunk_size=1900)
Skipping probe: too short (len=1619, chunk_size=1900)
Skipping probe: too short (len=1454, chunk_size=1900)
Skipping probe: too short (len=982, chunk_size=1900)
Skipping probe: too short (len=1266, chunk_size=1900)
Skipping probe: too short (len=1604, chunk_size=1900)
Skipping probe: too short (len=1349, chunk_size=1900)
Skipping probe: too short (len=1880, chunk_size=1900)
Skipping probe: too short (len=1763, chunk_size=1900)
Skipping probe: too short (len=1871, chunk_size=1900)
Skipping probe: too short (len=1021, chunk_size=1900)
Skipping probe: too short (len=632, chunk_size=1900)
Skipping probe: too short (len=1023, chunk_size=1900)
Skipping probe: too short (len=1450, chunk_size=1900)
Skipping probe: too short (len=670, chunk_size=1900)
Skipping probe: too short (len=886, chunk_size=1900)
Skipping probe: too short (len=834, chunk_size=1900)
Skipping probe: too short (len=1506, chunk_size=1900)
Trial 34 F1s - Weighted: 0.7128 | Macro: 0.1945 | Micro: 0.7446

[I 2026-02-25 17:14:23,537] Trial 34 finished with value: 0.712799946012704 and parameters: {'chunk_seconds': 19, 'num_freqs': 3, 'num_estimators': 32, 'max_depth': 128, 'max_features': 0.3238009773491474, 'overlap': 0.3832336843570556, 'max_lag': 9}. Best is trial 31 with value: 0.7198196593888753.
Skipping probe: too short (len=559, chunk_size=2000)
Skipping probe: too short (len=1906, chunk_size=2000)
Skipping probe: too short (len=1563, chunk_size=2000)
Skipping probe: too short (len=1335, chunk_size=2000)
Skipping probe: too short (len=906, chunk_size=2000)
Skipping probe: too short (len=1454, chunk_size=2000)
Skipping probe: too short (len=1266, chunk_size=2000)
Skipping probe: too short (len=1023, chunk_size=2000)
Skipping probe: too short (len=1604, chunk_size=2000)
Skipping probe: too short (len=1958, chunk_size=2000)
Skipping probe: too short (len=1924, chunk_size=2000)
Skipping probe: too short (len=834, chunk_size=2000)
Skipping probe: too short (len=1506, chunk_size=2000)
Skipping probe: too short (len=1349, chunk_size=2000)
Skipping probe: too short (len=1450, chunk_size=2000)
Skipping probe: too short (len=1763, chunk_size=2000)
Skipping probe: too short (len=982, chunk_size=2000)
Skipping probe: too short (len=670, chunk_size=2000)
Skipping probe: too short (len=886, chunk_size=2000)
Skipping probe: too short (len=632, chunk_size=2000)
Skipping probe: too short (len=1619, chunk_size=2000)
Skipping probe: too short (len=1995, chunk_size=2000)
Skipping probe: too short (len=1880, chunk_size=2000)
Skipping probe: too short (len=1871, chunk_size=2000)
Skipping probe: too short (len=1021, chunk_size=2000)
Skipping probe: too short (len=1023, chunk_size=2000)
Skipping probe: too short (len=1349, chunk_size=2000)
Skipping probe: too short (len=1958, chunk_size=2000)
Skipping probe: too short (len=1604, chunk_size=2000)
Skipping probe: too short (len=1924, chunk_size=2000)
Skipping probe: too short (len=834, chunk_size=2000)
Skipping probe: too short (len=1506, chunk_size=2000)
Skipping probe: too short (len=1450, chunk_size=2000)
Skipping probe: too short (len=1763, chunk_size=2000)
Skipping probe: too short (len=1454, chunk_size=2000)
Skipping probe: too short (len=982, chunk_size=2000)
Skipping probe: too short (len=1619, chunk_size=2000)
Skipping probe: too short (len=559, chunk_size=2000)
Skipping probe: too short (len=1906, chunk_size=2000)
Skipping probe: too short (len=1563, chunk_size=2000)
Skipping probe: too short (len=1335, chunk_size=2000)
Skipping probe: too short (len=906, chunk_size=2000)
Skipping probe: too short (len=1880, chunk_size=2000)
Skipping probe: too short (len=1871, chunk_size=2000)
Skipping probe: too short (len=1021, chunk_size=2000)
Skipping probe: too short (len=1995, chunk_size=2000)
Skipping probe: too short (len=670, chunk_size=2000)
Skipping probe: too short (len=886, chunk_size=2000)
Skipping probe: too short (len=1266, chunk_size=2000)
Skipping probe: too short (len=632, chunk_size=2000)
[I 2026-02-25 17:19:29,303] Trial 35 pruned. 
Skipping probe: too short (len=1266, chunk_size=1800)
Skipping probe: too short (len=1023, chunk_size=1800)
Skipping probe: too short (len=1454, chunk_size=1800)
Skipping probe: too short (len=1349, chunk_size=1800)
Skipping probe: too short (len=982, chunk_size=1800)
Skipping probe: too short (len=1450, chunk_size=1800)
Skipping probe: too short (len=1604, chunk_size=1800)
Skipping probe: too short (len=834, chunk_size=1800)
Skipping probe: too short (len=1506, chunk_size=1800)
Skipping probe: too short (len=559, chunk_size=1800)
Skipping probe: too short (len=1563, chunk_size=1800)
Skipping probe: too short (len=1335, chunk_size=1800)
Skipping probe: too short (len=906, chunk_size=1800)
Skipping probe: too short (len=1763, chunk_size=1800)
Skipping probe: too short (len=670, chunk_size=1800)
Skipping probe: too short (len=886, chunk_size=1800)
Skipping probe: too short (len=632, chunk_size=1800)
Skipping probe: too short (len=1619, chunk_size=1800)
Skipping probe: too short (len=1021, chunk_size=1800)
Skipping probe: too short (len=834, chunk_size=1800)
Skipping probe: too short (len=1506, chunk_size=1800)
Skipping probe: too short (len=559, chunk_size=1800)
Skipping probe: too short (len=1563, chunk_size=1800)
Skipping probe: too short (len=1335, chunk_size=1800)
Skipping probe: too short (len=906, chunk_size=1800)
Skipping probe: too short (len=1454, chunk_size=1800)
Skipping probe: too short (len=1450, chunk_size=1800)
Skipping probe: too short (len=1604, chunk_size=1800)
Skipping probe: too short (len=1763, chunk_size=1800)
Skipping probe: too short (len=1023, chunk_size=1800)
Skipping probe: too short (len=1349, chunk_size=1800)
Skipping probe: too short (len=1619, chunk_size=1800)
Skipping probe: too short (len=982, chunk_size=1800)
Skipping probe: too short (len=670, chunk_size=1800)
Skipping probe: too short (len=886, chunk_size=1800)
Skipping probe: too short (len=1021, chunk_size=1800)
Skipping probe: too short (len=1266, chunk_size=1800)
Skipping probe: too short (len=632, chunk_size=1800)
Skipping probe: too short (len=670, chunk_size=1800)
Skipping probe: too short (len=886, chunk_size=1800)
Skipping probe: too short (len=559, chunk_size=1800)
Skipping probe: too short (len=1563, chunk_size=1800)
Skipping probe: too short (len=1335, chunk_size=1800)
Skipping probe: too short (len=906, chunk_size=1800)
Skipping probe: too short (len=1450, chunk_size=1800)
Skipping probe: too short (len=1023, chunk_size=1800)
Skipping probe: too short (len=834, chunk_size=1800)
Skipping probe: too short (len=1506, chunk_size=1800)
Skipping probe: too short (len=1619, chunk_size=1800)
Skipping probe: too short (len=1266, chunk_size=1800)
Skipping probe: too short (len=1021, chunk_size=1800)
Skipping probe: too short (len=632, chunk_size=1800)
Skipping probe: too short (len=1604, chunk_size=1800)
Skipping probe: too short (len=1349, chunk_size=1800)
Skipping probe: too short (len=982, chunk_size=1800)
Skipping probe: too short (len=1454, chunk_size=1800)
Skipping probe: too short (len=1763, chunk_size=1800)
[I 2026-02-25 17:25:22,133] Trial 36 pruned. 
Skipping probe: too short (len=1349, chunk_size=1600)
Skipping probe: too short (len=834, chunk_size=1600)
Skipping probe: too short (len=1506, chunk_size=1600)
Skipping probe: too short (len=1450, chunk_size=1600)
Skipping probe: too short (len=559, chunk_size=1600)
Skipping probe: too short (len=1563, chunk_size=1600)
Skipping probe: too short (len=1335, chunk_size=1600)
Skipping probe: too short (len=906, chunk_size=1600)
Skipping probe: too short (len=1454, chunk_size=1600)
Skipping probe: too short (len=1023, chunk_size=1600)
Skipping probe: too short (len=982, chunk_size=1600)
Skipping probe: too short (len=1266, chunk_size=1600)
Skipping probe: too short (len=670, chunk_size=1600)
Skipping probe: too short (len=886, chunk_size=1600)
Skipping probe: too short (len=632, chunk_size=1600)
Skipping probe: too short (len=1021, chunk_size=1600)
Skipping probe: too short (len=1450, chunk_size=1600)
Skipping probe: too short (len=1454, chunk_size=1600)
Skipping probe: too short (len=559, chunk_size=1600)
Skipping probe: too short (len=1563, chunk_size=1600)
Skipping probe: too short (len=1335, chunk_size=1600)
Skipping probe: too short (len=906, chunk_size=1600)
Skipping probe: too short (len=1349, chunk_size=1600)
Skipping probe: too short (len=1023, chunk_size=1600)
Skipping probe: too short (len=834, chunk_size=1600)
Skipping probe: too short (len=1506, chunk_size=1600)
Skipping probe: too short (len=982, chunk_size=1600)
Skipping probe: too short (len=670, chunk_size=1600)
Skipping probe: too short (len=886, chunk_size=1600)
Skipping probe: too short (len=1021, chunk_size=1600)
Skipping probe: too short (len=1266, chunk_size=1600)
Skipping probe: too short (len=632, chunk_size=1600)
Skipping probe: too short (len=1023, chunk_size=1600)
Skipping probe: too short (len=670, chunk_size=1600)
Skipping probe: too short (len=886, chunk_size=1600)
Skipping probe: too short (len=834, chunk_size=1600)
Skipping probe: too short (len=1506, chunk_size=1600)
Skipping probe: too short (len=1450, chunk_size=1600)
Skipping probe: too short (len=559, chunk_size=1600)
Skipping probe: too short (len=1563, chunk_size=1600)
Skipping probe: too short (len=1335, chunk_size=1600)
Skipping probe: too short (len=906, chunk_size=1600)
Skipping probe: too short (len=1266, chunk_size=1600)
Skipping probe: too short (len=1021, chunk_size=1600)
Skipping probe: too short (len=632, chunk_size=1600)
Skipping probe: too short (len=982, chunk_size=1600)
Skipping probe: too short (len=1349, chunk_size=1600)
Skipping probe: too short (len=1454, chunk_size=1600)
Skipping probe: too short (len=982, chunk_size=1600)
Skipping probe: too short (len=1454, chunk_size=1600)
Skipping probe: too short (len=1266, chunk_size=1600)
Skipping probe: too short (len=1450, chunk_size=1600)
Skipping probe: too short (len=1349, chunk_size=1600)
Skipping probe: too short (len=1023, chunk_size=1600)
Skipping probe: too short (len=834, chunk_size=1600)
Skipping probe: too short (len=1506, chunk_size=1600)
Skipping probe: too short (len=1021, chunk_size=1600)
Skipping probe: too short (len=632, chunk_size=1600)
Skipping probe: too short (len=670, chunk_size=1600)
Skipping probe: too short (len=886, chunk_size=1600)
Skipping probe: too short (len=559, chunk_size=1600)
Skipping probe: too short (len=1563, chunk_size=1600)
Skipping probe: too short (len=1335, chunk_size=1600)
Skipping probe: too short (len=906, chunk_size=1600)
Skipping probe: too short (len=1266, chunk_size=1600)
Skipping probe: too short (len=559, chunk_size=1600)
Skipping probe: too short (len=1563, chunk_size=1600)
Skipping probe: too short (len=1335, chunk_size=1600)
Skipping probe: too short (len=906, chunk_size=1600)
Skipping probe: too short (len=1349, chunk_size=1600)
Skipping probe: too short (len=1454, chunk_size=1600)
Skipping probe: too short (len=982, chunk_size=1600)
Skipping probe: too short (len=1021, chunk_size=1600)
Skipping probe: too short (len=632, chunk_size=1600)
Skipping probe: too short (len=1450, chunk_size=1600)
Skipping probe: too short (len=1023, chunk_size=1600)
Skipping probe: too short (len=834, chunk_size=1600)
Skipping probe: too short (len=1506, chunk_size=1600)
Skipping probe: too short (len=670, chunk_size=1600)
Skipping probe: too short (len=886, chunk_size=1600)
Trial 37 F1s - Weighted: 0.7333 | Macro: 0.2335 | Micro: 0.7343

[I 2026-02-25 17:40:36,999] Trial 37 finished with value: 0.7333185127563753 and parameters: {'chunk_seconds': 16, 'num_freqs': 7, 'num_estimators': 32, 'max_depth': 16, 'max_features': 0.35966997935497086, 'overlap': 0.7577098987817268, 'max_lag': 6}. Best is trial 37 with value: 0.7333185127563753.
Skipping probe: too short (len=559, chunk_size=1400)
Skipping probe: too short (len=1335, chunk_size=1400)
Skipping probe: too short (len=906, chunk_size=1400)
Skipping probe: too short (len=1266, chunk_size=1400)
Skipping probe: too short (len=982, chunk_size=1400)
Skipping probe: too short (len=1023, chunk_size=1400)
Skipping probe: too short (len=834, chunk_size=1400)
Skipping probe: too short (len=1349, chunk_size=1400)
Skipping probe: too short (len=670, chunk_size=1400)
Skipping probe: too short (len=886, chunk_size=1400)
Skipping probe: too short (len=632, chunk_size=1400)
Skipping probe: too short (len=1021, chunk_size=1400)
Skipping probe: too short (len=982, chunk_size=1400)
Skipping probe: too short (len=1023, chunk_size=1400)
Skipping probe: too short (len=1349, chunk_size=1400)
Skipping probe: too short (len=559, chunk_size=1400)
Skipping probe: too short (len=1335, chunk_size=1400)
Skipping probe: too short (len=906, chunk_size=1400)
Skipping probe: too short (len=834, chunk_size=1400)
Skipping probe: too short (len=1021, chunk_size=1400)
Skipping probe: too short (len=670, chunk_size=1400)
Skipping probe: too short (len=886, chunk_size=1400)
Skipping probe: too short (len=1266, chunk_size=1400)
Skipping probe: too short (len=632, chunk_size=1400)
Skipping probe: too short (len=1023, chunk_size=1400)
Skipping probe: too short (len=559, chunk_size=1400)
Skipping probe: too short (len=1335, chunk_size=1400)
Skipping probe: too short (len=906, chunk_size=1400)
Skipping probe: too short (len=834, chunk_size=1400)
Skipping probe: too short (len=1266, chunk_size=1400)
Skipping probe: too short (len=670, chunk_size=1400)
Skipping probe: too short (len=886, chunk_size=1400)
Skipping probe: too short (len=1021, chunk_size=1400)
Skipping probe: too short (len=632, chunk_size=1400)
Skipping probe: too short (len=1349, chunk_size=1400)
Skipping probe: too short (len=982, chunk_size=1400)
Skipping probe: too short (len=834, chunk_size=1400)
Skipping probe: too short (len=1266, chunk_size=1400)
Skipping probe: too short (len=1349, chunk_size=1400)
Skipping probe: too short (len=1023, chunk_size=1400)
Skipping probe: too short (len=982, chunk_size=1400)
Skipping probe: too short (len=632, chunk_size=1400)
Skipping probe: too short (len=670, chunk_size=1400)
Skipping probe: too short (len=886, chunk_size=1400)
Skipping probe: too short (len=1021, chunk_size=1400)
Skipping probe: too short (len=559, chunk_size=1400)
Skipping probe: too short (len=1335, chunk_size=1400)
Skipping probe: too short (len=906, chunk_size=1400)
Skipping probe: too short (len=982, chunk_size=1400)
Skipping probe: too short (len=1349, chunk_size=1400)
Skipping probe: too short (len=559, chunk_size=1400)
Skipping probe: too short (len=1335, chunk_size=1400)
Skipping probe: too short (len=906, chunk_size=1400)
Skipping probe: too short (len=1266, chunk_size=1400)
Skipping probe: too short (len=632, chunk_size=1400)
Skipping probe: too short (len=1021, chunk_size=1400)
Skipping probe: too short (len=834, chunk_size=1400)
Skipping probe: too short (len=1023, chunk_size=1400)
Skipping probe: too short (len=670, chunk_size=1400)
Skipping probe: too short (len=886, chunk_size=1400)
Trial 38 F1s - Weighted: 0.7335 | Macro: 0.2355 | Micro: 0.7301

[I 2026-02-25 17:57:54,571] Trial 38 finished with value: 0.7335360757213281 and parameters: {'chunk_seconds': 14, 'num_freqs': 4, 'num_estimators': 32, 'max_depth': 16, 'max_features': 0.43490213074019013, 'overlap': 0.7758070991597366, 'max_lag': 6}. Best is trial 38 with value: 0.7335360757213281.
Skipping probe: too short (len=1349, chunk_size=1400)
Skipping probe: too short (len=559, chunk_size=1400)
Skipping probe: too short (len=1335, chunk_size=1400)
Skipping probe: too short (len=906, chunk_size=1400)
Skipping probe: too short (len=834, chunk_size=1400)
Skipping probe: too short (len=1023, chunk_size=1400)
Skipping probe: too short (len=1266, chunk_size=1400)
Skipping probe: too short (len=982, chunk_size=1400)
Skipping probe: too short (len=670, chunk_size=1400)
Skipping probe: too short (len=886, chunk_size=1400)
Skipping probe: too short (len=632, chunk_size=1400)
Skipping probe: too short (len=1021, chunk_size=1400)
Skipping probe: too short (len=834, chunk_size=1400)
Skipping probe: too short (len=982, chunk_size=1400)
Skipping probe: too short (len=1023, chunk_size=1400)
Skipping probe: too short (len=1349, chunk_size=1400)
Skipping probe: too short (len=559, chunk_size=1400)
Skipping probe: too short (len=1335, chunk_size=1400)
Skipping probe: too short (len=906, chunk_size=1400)
Skipping probe: too short (len=670, chunk_size=1400)
Skipping probe: too short (len=886, chunk_size=1400)
Skipping probe: too short (len=1021, chunk_size=1400)
Skipping probe: too short (len=1266, chunk_size=1400)
Skipping probe: too short (len=632, chunk_size=1400)
Skipping probe: too short (len=834, chunk_size=1400)
Skipping probe: too short (len=559, chunk_size=1400)
Skipping probe: too short (len=1335, chunk_size=1400)
Skipping probe: too short (len=906, chunk_size=1400)
Skipping probe: too short (len=1023, chunk_size=1400)
Skipping probe: too short (len=1266, chunk_size=1400)
Skipping probe: too short (len=1021, chunk_size=1400)
Skipping probe: too short (len=670, chunk_size=1400)
Skipping probe: too short (len=886, chunk_size=1400)
Skipping probe: too short (len=632, chunk_size=1400)
Skipping probe: too short (len=1349, chunk_size=1400)
Skipping probe: too short (len=982, chunk_size=1400)
Skipping probe: too short (len=1266, chunk_size=1400)
Skipping probe: too short (len=1349, chunk_size=1400)
Skipping probe: too short (len=1023, chunk_size=1400)
Skipping probe: too short (len=834, chunk_size=1400)
Skipping probe: too short (len=982, chunk_size=1400)
Skipping probe: too short (len=670, chunk_size=1400)
Skipping probe: too short (len=886, chunk_size=1400)
Skipping probe: too short (len=1021, chunk_size=1400)
Skipping probe: too short (len=632, chunk_size=1400)
Skipping probe: too short (len=559, chunk_size=1400)
Skipping probe: too short (len=1335, chunk_size=1400)
Skipping probe: too short (len=906, chunk_size=1400)
Skipping probe: too short (len=982, chunk_size=1400)
Skipping probe: too short (len=1349, chunk_size=1400)
Skipping probe: too short (len=559, chunk_size=1400)
Skipping probe: too short (len=1335, chunk_size=1400)
Skipping probe: too short (len=906, chunk_size=1400)
Skipping probe: too short (len=1266, chunk_size=1400)
Skipping probe: too short (len=632, chunk_size=1400)
Skipping probe: too short (len=1021, chunk_size=1400)
Skipping probe: too short (len=1023, chunk_size=1400)
Skipping probe: too short (len=834, chunk_size=1400)
Skipping probe: too short (len=670, chunk_size=1400)
Skipping probe: too short (len=886, chunk_size=1400)
Trial 39 F1s - Weighted: 0.7283 | Macro: 0.2304 | Micro: 0.7238

[I 2026-02-25 18:15:11,326] Trial 39 finished with value: 0.728253799147928 and parameters: {'chunk_seconds': 14, 'num_freqs': 7, 'num_estimators': 32, 'max_depth': 16, 'max_features': 0.43950651008751274, 'overlap': 0.7804981273786132, 'max_lag': 4}. Best is trial 38 with value: 0.7335360757213281.
Skipping probe: too short (len=834, chunk_size=1400)
Skipping probe: too short (len=1266, chunk_size=1400)
Skipping probe: too short (len=559, chunk_size=1400)
Skipping probe: too short (len=1335, chunk_size=1400)
Skipping probe: too short (len=906, chunk_size=1400)
Skipping probe: too short (len=1349, chunk_size=1400)
Skipping probe: too short (len=982, chunk_size=1400)
Skipping probe: too short (len=1023, chunk_size=1400)
Skipping probe: too short (len=632, chunk_size=1400)
Skipping probe: too short (len=670, chunk_size=1400)
Skipping probe: too short (len=886, chunk_size=1400)
Skipping probe: too short (len=1021, chunk_size=1400)
Skipping probe: too short (len=834, chunk_size=1400)
Skipping probe: too short (len=1349, chunk_size=1400)
Skipping probe: too short (len=559, chunk_size=1400)
Skipping probe: too short (len=1335, chunk_size=1400)
Skipping probe: too short (len=906, chunk_size=1400)
Skipping probe: too short (len=1023, chunk_size=1400)
Skipping probe: too short (len=982, chunk_size=1400)
Skipping probe: too short (len=1021, chunk_size=1400)
Skipping probe: too short (len=670, chunk_size=1400)
Skipping probe: too short (len=886, chunk_size=1400)
Skipping probe: too short (len=1266, chunk_size=1400)
Skipping probe: too short (len=632, chunk_size=1400)
Skipping probe: too short (len=834, chunk_size=1400)
Skipping probe: too short (len=1023, chunk_size=1400)
Skipping probe: too short (len=670, chunk_size=1400)
Skipping probe: too short (len=886, chunk_size=1400)
Skipping probe: too short (len=559, chunk_size=1400)
Skipping probe: too short (len=1335, chunk_size=1400)
Skipping probe: too short (len=906, chunk_size=1400)
Skipping probe: too short (len=1266, chunk_size=1400)
Skipping probe: too short (len=632, chunk_size=1400)
Skipping probe: too short (len=1021, chunk_size=1400)
Skipping probe: too short (len=1349, chunk_size=1400)
Skipping probe: too short (len=982, chunk_size=1400)
Skipping probe: too short (len=1266, chunk_size=1400)
Skipping probe: too short (len=834, chunk_size=1400)
Skipping probe: too short (len=1023, chunk_size=1400)
Skipping probe: too short (len=1349, chunk_size=1400)
Skipping probe: too short (len=982, chunk_size=1400)
Skipping probe: too short (len=632, chunk_size=1400)
Skipping probe: too short (len=670, chunk_size=1400)
Skipping probe: too short (len=886, chunk_size=1400)
Skipping probe: too short (len=1021, chunk_size=1400)
Skipping probe: too short (len=559, chunk_size=1400)
Skipping probe: too short (len=1335, chunk_size=1400)
Skipping probe: too short (len=906, chunk_size=1400)
Skipping probe: too short (len=982, chunk_size=1400)
Skipping probe: too short (len=559, chunk_size=1400)
Skipping probe: too short (len=1335, chunk_size=1400)
Skipping probe: too short (len=906, chunk_size=1400)
Skipping probe: too short (len=1349, chunk_size=1400)
Skipping probe: too short (len=1266, chunk_size=1400)
Skipping probe: too short (len=632, chunk_size=1400)
Skipping probe: too short (len=1021, chunk_size=1400)
Skipping probe: too short (len=1023, chunk_size=1400)
Skipping probe: too short (len=834, chunk_size=1400)
Skipping probe: too short (len=670, chunk_size=1400)
Skipping probe: too short (len=886, chunk_size=1400)
Trial 40 F1s - Weighted: 0.7293 | Macro: 0.2335 | Micro: 0.7242

[I 2026-02-25 18:33:39,283] Trial 40 finished with value: 0.7292770380161895 and parameters: {'chunk_seconds': 14, 'num_freqs': 7, 'num_estimators': 32, 'max_depth': 16, 'max_features': 0.43264080519799264, 'overlap': 0.7984082599235286, 'max_lag': 4}. Best is trial 38 with value: 0.7335360757213281.
Skipping probe: too short (len=1023, chunk_size=1300)
Skipping probe: too short (len=834, chunk_size=1300)
Skipping probe: too short (len=559, chunk_size=1300)
Skipping probe: too short (len=906, chunk_size=1300)
Skipping probe: too short (len=982, chunk_size=1300)
Skipping probe: too short (len=1266, chunk_size=1300)
Skipping probe: too short (len=632, chunk_size=1300)
Skipping probe: too short (len=670, chunk_size=1300)
Skipping probe: too short (len=886, chunk_size=1300)
Skipping probe: too short (len=1021, chunk_size=1300)
Skipping probe: too short (len=1023, chunk_size=1300)
Skipping probe: too short (len=559, chunk_size=1300)
Skipping probe: too short (len=906, chunk_size=1300)
Skipping probe: too short (len=834, chunk_size=1300)
Skipping probe: too short (len=982, chunk_size=1300)
Skipping probe: too short (len=670, chunk_size=1300)
Skipping probe: too short (len=886, chunk_size=1300)
Skipping probe: too short (len=1021, chunk_size=1300)
Skipping probe: too short (len=1266, chunk_size=1300)
Skipping probe: too short (len=632, chunk_size=1300)
Skipping probe: too short (len=1023, chunk_size=1300)
Skipping probe: too short (len=834, chunk_size=1300)
Skipping probe: too short (len=559, chunk_size=1300)
Skipping probe: too short (len=906, chunk_size=1300)
Skipping probe: too short (len=1266, chunk_size=1300)
Skipping probe: too short (len=670, chunk_size=1300)
Skipping probe: too short (len=886, chunk_size=1300)
Skipping probe: too short (len=1021, chunk_size=1300)
Skipping probe: too short (len=632, chunk_size=1300)
Skipping probe: too short (len=982, chunk_size=1300)
Skipping probe: too short (len=1023, chunk_size=1300)
Skipping probe: too short (len=834, chunk_size=1300)
Skipping probe: too short (len=982, chunk_size=1300)
Skipping probe: too short (len=1266, chunk_size=1300)
Skipping probe: too short (len=632, chunk_size=1300)
Skipping probe: too short (len=670, chunk_size=1300)
Skipping probe: too short (len=886, chunk_size=1300)
Skipping probe: too short (len=1021, chunk_size=1300)
Skipping probe: too short (len=559, chunk_size=1300)
Skipping probe: too short (len=906, chunk_size=1300)
Skipping probe: too short (len=559, chunk_size=1300)
Skipping probe: too short (len=906, chunk_size=1300)
Skipping probe: too short (len=982, chunk_size=1300)
Skipping probe: too short (len=1266, chunk_size=1300)
Skipping probe: too short (len=1021, chunk_size=1300)
Skipping probe: too short (len=632, chunk_size=1300)
Skipping probe: too short (len=1023, chunk_size=1300)
Skipping probe: too short (len=834, chunk_size=1300)
Skipping probe: too short (len=670, chunk_size=1300)
Skipping probe: too short (len=886, chunk_size=1300)
Trial 41 F1s - Weighted: 0.7247 | Macro: 0.2311 | Micro: 0.7192

[I 2026-02-25 18:52:19,939] Trial 41 finished with value: 0.7247084000932198 and parameters: {'chunk_seconds': 13, 'num_freqs': 7, 'num_estimators': 32, 'max_depth': 16, 'max_features': 0.43350600852135135, 'overlap': 0.7914006744050518, 'max_lag': 4}. Best is trial 38 with value: 0.7335360757213281.
Skipping probe: too short (len=834, chunk_size=1300)
Skipping probe: too short (len=1023, chunk_size=1300)
Skipping probe: too short (len=982, chunk_size=1300)
Skipping probe: too short (len=670, chunk_size=1300)
Skipping probe: too short (len=886, chunk_size=1300)
Skipping probe: too short (len=559, chunk_size=1300)
Skipping probe: too short (len=906, chunk_size=1300)
Skipping probe: too short (len=1266, chunk_size=1300)
Skipping probe: too short (len=632, chunk_size=1300)
Skipping probe: too short (len=1021, chunk_size=1300)
Skipping probe: too short (len=559, chunk_size=1300)
Skipping probe: too short (len=906, chunk_size=1300)
Skipping probe: too short (len=1023, chunk_size=1300)
Skipping probe: too short (len=834, chunk_size=1300)
Skipping probe: too short (len=982, chunk_size=1300)
Skipping probe: too short (len=670, chunk_size=1300)
Skipping probe: too short (len=886, chunk_size=1300)
Skipping probe: too short (len=1021, chunk_size=1300)
Skipping probe: too short (len=1266, chunk_size=1300)
Skipping probe: too short (len=632, chunk_size=1300)
Skipping probe: too short (len=559, chunk_size=1300)
Skipping probe: too short (len=906, chunk_size=1300)
Skipping probe: too short (len=1023, chunk_size=1300)
Skipping probe: too short (len=1266, chunk_size=1300)
Skipping probe: too short (len=834, chunk_size=1300)
Skipping probe: too short (len=670, chunk_size=1300)
Skipping probe: too short (len=886, chunk_size=1300)
Skipping probe: too short (len=632, chunk_size=1300)
Skipping probe: too short (len=1021, chunk_size=1300)
Skipping probe: too short (len=982, chunk_size=1300)
Skipping probe: too short (len=1023, chunk_size=1300)
Skipping probe: too short (len=834, chunk_size=1300)
Skipping probe: too short (len=982, chunk_size=1300)
Skipping probe: too short (len=670, chunk_size=1300)
Skipping probe: too short (len=886, chunk_size=1300)
Skipping probe: too short (len=1266, chunk_size=1300)
Skipping probe: too short (len=1021, chunk_size=1300)
Skipping probe: too short (len=632, chunk_size=1300)
Skipping probe: too short (len=559, chunk_size=1300)
Skipping probe: too short (len=906, chunk_size=1300)
Skipping probe: too short (len=559, chunk_size=1300)
Skipping probe: too short (len=906, chunk_size=1300)
Skipping probe: too short (len=1266, chunk_size=1300)
Skipping probe: too short (len=982, chunk_size=1300)
Skipping probe: too short (len=1021, chunk_size=1300)
Skipping probe: too short (len=632, chunk_size=1300)
Skipping probe: too short (len=1023, chunk_size=1300)
Skipping probe: too short (len=670, chunk_size=1300)
Skipping probe: too short (len=886, chunk_size=1300)
Skipping probe: too short (len=834, chunk_size=1300)
Trial 42 F1s - Weighted: 0.7222 | Macro: 0.2311 | Micro: 0.7133

[I 2026-02-25 19:11:31,627] Trial 42 finished with value: 0.7221874330073343 and parameters: {'chunk_seconds': 13, 'num_freqs': 7, 'num_estimators': 32, 'max_depth': 16, 'max_features': 0.4256963449048439, 'overlap': 0.7985083142669744, 'max_lag': 4}. Best is trial 38 with value: 0.7335360757213281.
Skipping probe: too short (len=1023, chunk_size=1400)
Skipping probe: too short (len=1349, chunk_size=1400)
Skipping probe: too short (len=834, chunk_size=1400)
Skipping probe: too short (len=1266, chunk_size=1400)
Skipping probe: too short (len=559, chunk_size=1400)
Skipping probe: too short (len=1335, chunk_size=1400)
Skipping probe: too short (len=906, chunk_size=1400)
Skipping probe: too short (len=982, chunk_size=1400)
Skipping probe: too short (len=670, chunk_size=1400)
Skipping probe: too short (len=886, chunk_size=1400)
Skipping probe: too short (len=632, chunk_size=1400)
Skipping probe: too short (len=1021, chunk_size=1400)
Skipping probe: too short (len=1023, chunk_size=1400)
Skipping probe: too short (len=670, chunk_size=1400)
Skipping probe: too short (len=886, chunk_size=1400)
Skipping probe: too short (len=834, chunk_size=1400)
Skipping probe: too short (len=1349, chunk_size=1400)
Skipping probe: too short (len=559, chunk_size=1400)
Skipping probe: too short (len=1335, chunk_size=1400)
Skipping probe: too short (len=906, chunk_size=1400)
Skipping probe: too short (len=982, chunk_size=1400)
Skipping probe: too short (len=1021, chunk_size=1400)
Skipping probe: too short (len=1266, chunk_size=1400)
Skipping probe: too short (len=632, chunk_size=1400)
Skipping probe: too short (len=1266, chunk_size=1400)
Skipping probe: too short (len=1023, chunk_size=1400)
Skipping probe: too short (len=834, chunk_size=1400)
Skipping probe: too short (len=559, chunk_size=1400)
Skipping probe: too short (len=1335, chunk_size=1400)
Skipping probe: too short (len=906, chunk_size=1400)
Skipping probe: too short (len=670, chunk_size=1400)
Skipping probe: too short (len=886, chunk_size=1400)
Skipping probe: too short (len=632, chunk_size=1400)
Skipping probe: too short (len=1021, chunk_size=1400)
Skipping probe: too short (len=1349, chunk_size=1400)
Skipping probe: too short (len=982, chunk_size=1400)
Skipping probe: too short (len=1349, chunk_size=1400)
Skipping probe: too short (len=834, chunk_size=1400)
Skipping probe: too short (len=1266, chunk_size=1400)
Skipping probe: too short (len=670, chunk_size=1400)
Skipping probe: too short (len=886, chunk_size=1400)
Skipping probe: too short (len=1023, chunk_size=1400)
Skipping probe: too short (len=982, chunk_size=1400)
Skipping probe: too short (len=632, chunk_size=1400)
Skipping probe: too short (len=1021, chunk_size=1400)
Skipping probe: too short (len=559, chunk_size=1400)
Skipping probe: too short (len=1335, chunk_size=1400)
Skipping probe: too short (len=906, chunk_size=1400)
Skipping probe: too short (len=559, chunk_size=1400)
Skipping probe: too short (len=1335, chunk_size=1400)
Skipping probe: too short (len=906, chunk_size=1400)
Skipping probe: too short (len=1349, chunk_size=1400)
Skipping probe: too short (len=982, chunk_size=1400)
Skipping probe: too short (len=1266, chunk_size=1400)
Skipping probe: too short (len=1021, chunk_size=1400)
Skipping probe: too short (len=632, chunk_size=1400)
Skipping probe: too short (len=1023, chunk_size=1400)
Skipping probe: too short (len=834, chunk_size=1400)
Skipping probe: too short (len=670, chunk_size=1400)
Skipping probe: too short (len=886, chunk_size=1400)
Trial 43 F1s - Weighted: 0.7254 | Macro: 0.2297 | Micro: 0.7211

[I 2026-02-25 19:26:43,901] Trial 43 finished with value: 0.72544458592135 and parameters: {'chunk_seconds': 14, 'num_freqs': 3, 'num_estimators': 32, 'max_depth': 16, 'max_features': 0.5237617670258967, 'overlap': 0.7416521394731034, 'max_lag': 4}. Best is trial 38 with value: 0.7335360757213281.
Skipping probe: too short (len=1266, chunk_size=1400)
Skipping probe: too short (len=1349, chunk_size=1400)
Skipping probe: too short (len=559, chunk_size=1400)
Skipping probe: too short (len=1335, chunk_size=1400)
Skipping probe: too short (len=906, chunk_size=1400)
Skipping probe: too short (len=982, chunk_size=1400)
Skipping probe: too short (len=1023, chunk_size=1400)
Skipping probe: too short (len=834, chunk_size=1400)
Skipping probe: too short (len=670, chunk_size=1400)
Skipping probe: too short (len=886, chunk_size=1400)
Skipping probe: too short (len=632, chunk_size=1400)
Skipping probe: too short (len=1021, chunk_size=1400)
Skipping probe: too short (len=559, chunk_size=1400)
Skipping probe: too short (len=1335, chunk_size=1400)
Skipping probe: too short (len=906, chunk_size=1400)
Skipping probe: too short (len=670, chunk_size=1400)
Skipping probe: too short (len=886, chunk_size=1400)
Skipping probe: too short (len=1349, chunk_size=1400)
Skipping probe: too short (len=834, chunk_size=1400)
Skipping probe: too short (len=982, chunk_size=1400)
Skipping probe: too short (len=1023, chunk_size=1400)
Skipping probe: too short (len=1021, chunk_size=1400)
Skipping probe: too short (len=1266, chunk_size=1400)
Skipping probe: too short (len=632, chunk_size=1400)
Skipping probe: too short (len=1023, chunk_size=1400)
Skipping probe: too short (len=834, chunk_size=1400)
Skipping probe: too short (len=670, chunk_size=1400)
Skipping probe: too short (len=886, chunk_size=1400)
Skipping probe: too short (len=1021, chunk_size=1400)
Skipping probe: too short (len=1266, chunk_size=1400)
Skipping probe: too short (len=559, chunk_size=1400)
Skipping probe: too short (len=1335, chunk_size=1400)
Skipping probe: too short (len=906, chunk_size=1400)
Skipping probe: too short (len=632, chunk_size=1400)
Skipping probe: too short (len=982, chunk_size=1400)
Skipping probe: too short (len=1349, chunk_size=1400)
[I 2026-02-25 19:35:04,877] Trial 44 pruned. 
Skipping probe: too short (len=982, chunk_size=1100)
Skipping probe: too short (len=834, chunk_size=1100)
Skipping probe: too short (len=1023, chunk_size=1100)
Skipping probe: too short (len=559, chunk_size=1100)
Skipping probe: too short (len=906, chunk_size=1100)
Skipping probe: too short (len=670, chunk_size=1100)
Skipping probe: too short (len=886, chunk_size=1100)
Skipping probe: too short (len=632, chunk_size=1100)
Skipping probe: too short (len=1021, chunk_size=1100)
Skipping probe: too short (len=834, chunk_size=1100)
Skipping probe: too short (len=982, chunk_size=1100)
Skipping probe: too short (len=559, chunk_size=1100)
Skipping probe: too short (len=906, chunk_size=1100)
Skipping probe: too short (len=1023, chunk_size=1100)
Skipping probe: too short (len=670, chunk_size=1100)
Skipping probe: too short (len=886, chunk_size=1100)
Skipping probe: too short (len=1021, chunk_size=1100)
Skipping probe: too short (len=632, chunk_size=1100)
Skipping probe: too short (len=834, chunk_size=1100)
Skipping probe: too short (len=1023, chunk_size=1100)
Skipping probe: too short (len=559, chunk_size=1100)
Skipping probe: too short (len=906, chunk_size=1100)
Skipping probe: too short (len=632, chunk_size=1100)
Skipping probe: too short (len=670, chunk_size=1100)
Skipping probe: too short (len=886, chunk_size=1100)
Skipping probe: too short (len=1021, chunk_size=1100)
Skipping probe: too short (len=982, chunk_size=1100)
[I 2026-02-25 19:44:21,004] Trial 45 pruned. 
Skipping probe: too short (len=1266, chunk_size=1400)
Skipping probe: too short (len=982, chunk_size=1400)
Skipping probe: too short (len=1349, chunk_size=1400)
Skipping probe: too short (len=559, chunk_size=1400)
Skipping probe: too short (len=1335, chunk_size=1400)
Skipping probe: too short (len=906, chunk_size=1400)
Skipping probe: too short (len=1023, chunk_size=1400)
Skipping probe: too short (len=834, chunk_size=1400)
Skipping probe: too short (len=670, chunk_size=1400)
Skipping probe: too short (len=886, chunk_size=1400)
Skipping probe: too short (len=632, chunk_size=1400)
Skipping probe: too short (len=1021, chunk_size=1400)
Skipping probe: too short (len=834, chunk_size=1400)
Skipping probe: too short (len=1023, chunk_size=1400)
Skipping probe: too short (len=982, chunk_size=1400)
Skipping probe: too short (len=559, chunk_size=1400)
Skipping probe: too short (len=1335, chunk_size=1400)
Skipping probe: too short (len=906, chunk_size=1400)
Skipping probe: too short (len=1349, chunk_size=1400)
Skipping probe: too short (len=670, chunk_size=1400)
Skipping probe: too short (len=886, chunk_size=1400)
Skipping probe: too short (len=1021, chunk_size=1400)
Skipping probe: too short (len=1266, chunk_size=1400)
Skipping probe: too short (len=632, chunk_size=1400)
[I 2026-02-25 19:49:59,895] Trial 46 pruned. 
Skipping probe: too short (len=1450, chunk_size=1500)
Skipping probe: too short (len=1454, chunk_size=1500)
Skipping probe: too short (len=834, chunk_size=1500)
Skipping probe: too short (len=1266, chunk_size=1500)
Skipping probe: too short (len=1349, chunk_size=1500)
Skipping probe: too short (len=1023, chunk_size=1500)
Skipping probe: too short (len=559, chunk_size=1500)
Skipping probe: too short (len=1335, chunk_size=1500)
Skipping probe: too short (len=906, chunk_size=1500)
Skipping probe: too short (len=632, chunk_size=1500)
Skipping probe: too short (len=670, chunk_size=1500)
Skipping probe: too short (len=886, chunk_size=1500)
Skipping probe: too short (len=982, chunk_size=1500)
Skipping probe: too short (len=1021, chunk_size=1500)
Skipping probe: too short (len=1450, chunk_size=1500)
Skipping probe: too short (len=1349, chunk_size=1500)
Skipping probe: too short (len=559, chunk_size=1500)
Skipping probe: too short (len=1335, chunk_size=1500)
Skipping probe: too short (len=906, chunk_size=1500)
Skipping probe: too short (len=1023, chunk_size=1500)
Skipping probe: too short (len=982, chunk_size=1500)
Skipping probe: too short (len=834, chunk_size=1500)
Skipping probe: too short (len=1454, chunk_size=1500)
Skipping probe: too short (len=670, chunk_size=1500)
Skipping probe: too short (len=886, chunk_size=1500)
Skipping probe: too short (len=1021, chunk_size=1500)
Skipping probe: too short (len=1266, chunk_size=1500)
Skipping probe: too short (len=632, chunk_size=1500)
[I 2026-02-25 19:54:50,373] Trial 47 pruned. 
Skipping probe: too short (len=834, chunk_size=1200)
Skipping probe: too short (len=559, chunk_size=1200)
Skipping probe: too short (len=906, chunk_size=1200)
Skipping probe: too short (len=1023, chunk_size=1200)
Skipping probe: too short (len=982, chunk_size=1200)
Skipping probe: too short (len=670, chunk_size=1200)
Skipping probe: too short (len=886, chunk_size=1200)
Skipping probe: too short (len=632, chunk_size=1200)
Skipping probe: too short (len=1021, chunk_size=1200)
Skipping probe: too short (len=559, chunk_size=1200)
Skipping probe: too short (len=906, chunk_size=1200)
Skipping probe: too short (len=834, chunk_size=1200)
Skipping probe: too short (len=1023, chunk_size=1200)
Skipping probe: too short (len=982, chunk_size=1200)
Skipping probe: too short (len=1021, chunk_size=1200)
Skipping probe: too short (len=670, chunk_size=1200)
Skipping probe: too short (len=886, chunk_size=1200)
Skipping probe: too short (len=632, chunk_size=1200)
Skipping probe: too short (len=559, chunk_size=1200)
Skipping probe: too short (len=906, chunk_size=1200)
Skipping probe: too short (len=1023, chunk_size=1200)
Skipping probe: too short (len=834, chunk_size=1200)
Skipping probe: too short (len=632, chunk_size=1200)
Skipping probe: too short (len=1021, chunk_size=1200)
Skipping probe: too short (len=670, chunk_size=1200)
Skipping probe: too short (len=886, chunk_size=1200)
Skipping probe: too short (len=982, chunk_size=1200)
[I 2026-02-25 20:03:31,344] Trial 48 pruned. 
Skipping probe: too short (len=1349, chunk_size=1600)
Skipping probe: too short (len=559, chunk_size=1600)
Skipping probe: too short (len=1563, chunk_size=1600)
Skipping probe: too short (len=1335, chunk_size=1600)
Skipping probe: too short (len=906, chunk_size=1600)
Skipping probe: too short (len=1454, chunk_size=1600)
Skipping probe: too short (len=1023, chunk_size=1600)
Skipping probe: too short (len=1450, chunk_size=1600)
Skipping probe: too short (len=834, chunk_size=1600)
Skipping probe: too short (len=1506, chunk_size=1600)
Skipping probe: too short (len=1266, chunk_size=1600)
Skipping probe: too short (len=982, chunk_size=1600)
Skipping probe: too short (len=670, chunk_size=1600)
Skipping probe: too short (len=886, chunk_size=1600)
Skipping probe: too short (len=632, chunk_size=1600)
Skipping probe: too short (len=1021, chunk_size=1600)
Skipping probe: too short (len=1349, chunk_size=1600)
Skipping probe: too short (len=559, chunk_size=1600)
Skipping probe: too short (len=1563, chunk_size=1600)
Skipping probe: too short (len=1335, chunk_size=1600)
Skipping probe: too short (len=906, chunk_size=1600)
Skipping probe: too short (len=1450, chunk_size=1600)
Skipping probe: too short (len=1454, chunk_size=1600)
Skipping probe: too short (len=834, chunk_size=1600)
Skipping probe: too short (len=1506, chunk_size=1600)
Skipping probe: too short (len=1023, chunk_size=1600)
Skipping probe: too short (len=982, chunk_size=1600)
Skipping probe: too short (len=670, chunk_size=1600)
Skipping probe: too short (len=886, chunk_size=1600)
Skipping probe: too short (len=1021, chunk_size=1600)
Skipping probe: too short (len=1266, chunk_size=1600)
Skipping probe: too short (len=632, chunk_size=1600)
[I 2026-02-25 20:07:57,486] Trial 49 pruned. 
Skipping probe: too short (len=982, chunk_size=1000)
Skipping probe: too short (len=834, chunk_size=1000)
Skipping probe: too short (len=559, chunk_size=1000)
Skipping probe: too short (len=906, chunk_size=1000)
Skipping probe: too short (len=670, chunk_size=1000)
Skipping probe: too short (len=886, chunk_size=1000)
Skipping probe: too short (len=632, chunk_size=1000)
Skipping probe: too short (len=834, chunk_size=1000)
Skipping probe: too short (len=982, chunk_size=1000)
Skipping probe: too short (len=559, chunk_size=1000)
Skipping probe: too short (len=906, chunk_size=1000)
Skipping probe: too short (len=670, chunk_size=1000)
Skipping probe: too short (len=886, chunk_size=1000)
Skipping probe: too short (len=632, chunk_size=1000)
[I 2026-02-25 20:18:01,434] Trial 50 pruned. 
Skipping probe: too short (len=982, chunk_size=1200)
Skipping probe: too short (len=834, chunk_size=1200)
Skipping probe: too short (len=1023, chunk_size=1200)
Skipping probe: too short (len=559, chunk_size=1200)
Skipping probe: too short (len=906, chunk_size=1200)
Skipping probe: too short (len=632, chunk_size=1200)
Skipping probe: too short (len=670, chunk_size=1200)
Skipping probe: too short (len=886, chunk_size=1200)
Skipping probe: too short (len=1021, chunk_size=1200)
Skipping probe: too short (len=982, chunk_size=1200)
Skipping probe: too short (len=834, chunk_size=1200)
Skipping probe: too short (len=1023, chunk_size=1200)
Skipping probe: too short (len=559, chunk_size=1200)
Skipping probe: too short (len=906, chunk_size=1200)
Skipping probe: too short (len=670, chunk_size=1200)
Skipping probe: too short (len=886, chunk_size=1200)
Skipping probe: too short (len=1021, chunk_size=1200)
Skipping probe: too short (len=632, chunk_size=1200)
Skipping probe: too short (len=1023, chunk_size=1200)
Skipping probe: too short (len=559, chunk_size=1200)
Skipping probe: too short (len=906, chunk_size=1200)
Skipping probe: too short (len=834, chunk_size=1200)
Skipping probe: too short (len=1021, chunk_size=1200)
Skipping probe: too short (len=670, chunk_size=1200)
Skipping probe: too short (len=886, chunk_size=1200)
Skipping probe: too short (len=632, chunk_size=1200)
Skipping probe: too short (len=982, chunk_size=1200)
[I 2026-02-25 20:28:56,412] Trial 51 pruned. 
Skipping probe: too short (len=1349, chunk_size=1400)
Skipping probe: too short (len=559, chunk_size=1400)
Skipping probe: too short (len=1335, chunk_size=1400)
Skipping probe: too short (len=906, chunk_size=1400)
Skipping probe: too short (len=834, chunk_size=1400)
Skipping probe: too short (len=1023, chunk_size=1400)
Skipping probe: too short (len=1266, chunk_size=1400)
Skipping probe: too short (len=982, chunk_size=1400)
Skipping probe: too short (len=632, chunk_size=1400)
Skipping probe: too short (len=670, chunk_size=1400)
Skipping probe: too short (len=886, chunk_size=1400)
Skipping probe: too short (len=1021, chunk_size=1400)
Skipping probe: too short (len=1023, chunk_size=1400)
Skipping probe: too short (len=1349, chunk_size=1400)
Skipping probe: too short (len=982, chunk_size=1400)
Skipping probe: too short (len=559, chunk_size=1400)
Skipping probe: too short (len=1335, chunk_size=1400)
Skipping probe: too short (len=906, chunk_size=1400)
Skipping probe: too short (len=834, chunk_size=1400)
Skipping probe: too short (len=670, chunk_size=1400)
Skipping probe: too short (len=886, chunk_size=1400)
Skipping probe: too short (len=1021, chunk_size=1400)
Skipping probe: too short (len=1266, chunk_size=1400)
Skipping probe: too short (len=632, chunk_size=1400)
Skipping probe: too short (len=559, chunk_size=1400)
Skipping probe: too short (len=1335, chunk_size=1400)
Skipping probe: too short (len=906, chunk_size=1400)
Skipping probe: too short (len=1023, chunk_size=1400)
Skipping probe: too short (len=1266, chunk_size=1400)
Skipping probe: too short (len=834, chunk_size=1400)
Skipping probe: too short (len=670, chunk_size=1400)
Skipping probe: too short (len=886, chunk_size=1400)
Skipping probe: too short (len=1021, chunk_size=1400)
Skipping probe: too short (len=632, chunk_size=1400)
Skipping probe: too short (len=982, chunk_size=1400)
Skipping probe: too short (len=1349, chunk_size=1400)
Skipping probe: too short (len=834, chunk_size=1400)
Skipping probe: too short (len=1349, chunk_size=1400)
Skipping probe: too short (len=1023, chunk_size=1400)
Skipping probe: too short (len=982, chunk_size=1400)
Skipping probe: too short (len=1266, chunk_size=1400)
Skipping probe: too short (len=1021, chunk_size=1400)
Skipping probe: too short (len=632, chunk_size=1400)
Skipping probe: too short (len=670, chunk_size=1400)
Skipping probe: too short (len=886, chunk_size=1400)
Skipping probe: too short (len=559, chunk_size=1400)
Skipping probe: too short (len=1335, chunk_size=1400)
Skipping probe: too short (len=906, chunk_size=1400)
Skipping probe: too short (len=982, chunk_size=1400)
Skipping probe: too short (len=1349, chunk_size=1400)
Skipping probe: too short (len=559, chunk_size=1400)
Skipping probe: too short (len=1335, chunk_size=1400)
Skipping probe: too short (len=906, chunk_size=1400)
Skipping probe: too short (len=1266, chunk_size=1400)
Skipping probe: too short (len=1021, chunk_size=1400)
Skipping probe: too short (len=632, chunk_size=1400)
Skipping probe: too short (len=1023, chunk_size=1400)
Skipping probe: too short (len=834, chunk_size=1400)
Skipping probe: too short (len=670, chunk_size=1400)
Skipping probe: too short (len=886, chunk_size=1400)
Trial 52 F1s - Weighted: 0.7284 | Macro: 0.2325 | Micro: 0.7233

[I 2026-02-25 20:44:02,738] Trial 52 finished with value: 0.7284387472260931 and parameters: {'chunk_seconds': 14, 'num_freqs': 8, 'num_estimators': 32, 'max_depth': 16, 'max_features': 0.4510104832132751, 'overlap': 0.7229619749793204, 'max_lag': 4}. Best is trial 38 with value: 0.7335360757213281.
Skipping probe: too short (len=1023, chunk_size=1400)
Skipping probe: too short (len=982, chunk_size=1400)
Skipping probe: too short (len=559, chunk_size=1400)
Skipping probe: too short (len=1335, chunk_size=1400)
Skipping probe: too short (len=906, chunk_size=1400)
Skipping probe: too short (len=1349, chunk_size=1400)
Skipping probe: too short (len=834, chunk_size=1400)
Skipping probe: too short (len=1266, chunk_size=1400)
Skipping probe: too short (len=670, chunk_size=1400)
Skipping probe: too short (len=886, chunk_size=1400)
Skipping probe: too short (len=632, chunk_size=1400)
Skipping probe: too short (len=1021, chunk_size=1400)
Skipping probe: too short (len=1349, chunk_size=1400)
Skipping probe: too short (len=670, chunk_size=1400)
Skipping probe: too short (len=886, chunk_size=1400)
Skipping probe: too short (len=1023, chunk_size=1400)
Skipping probe: too short (len=982, chunk_size=1400)
Skipping probe: too short (len=559, chunk_size=1400)
Skipping probe: too short (len=1335, chunk_size=1400)
Skipping probe: too short (len=906, chunk_size=1400)
Skipping probe: too short (len=834, chunk_size=1400)
Skipping probe: too short (len=1021, chunk_size=1400)
Skipping probe: too short (len=1266, chunk_size=1400)
Skipping probe: too short (len=632, chunk_size=1400)
Skipping probe: too short (len=559, chunk_size=1400)
Skipping probe: too short (len=1335, chunk_size=1400)
Skipping probe: too short (len=906, chunk_size=1400)
Skipping probe: too short (len=1023, chunk_size=1400)
Skipping probe: too short (len=1266, chunk_size=1400)
Skipping probe: too short (len=834, chunk_size=1400)
Skipping probe: too short (len=670, chunk_size=1400)
Skipping probe: too short (len=886, chunk_size=1400)
Skipping probe: too short (len=1021, chunk_size=1400)
Skipping probe: too short (len=632, chunk_size=1400)
Skipping probe: too short (len=982, chunk_size=1400)
Skipping probe: too short (len=1349, chunk_size=1400)
[I 2026-02-25 20:53:27,360] Trial 53 pruned. 
Skipping probe: too short (len=1349, chunk_size=1400)
Skipping probe: too short (len=834, chunk_size=1400)
Skipping probe: too short (len=1023, chunk_size=1400)
Skipping probe: too short (len=982, chunk_size=1400)
Skipping probe: too short (len=1266, chunk_size=1400)
Skipping probe: too short (len=559, chunk_size=1400)
Skipping probe: too short (len=1335, chunk_size=1400)
Skipping probe: too short (len=906, chunk_size=1400)
Skipping probe: too short (len=670, chunk_size=1400)
Skipping probe: too short (len=886, chunk_size=1400)
Skipping probe: too short (len=632, chunk_size=1400)
Skipping probe: too short (len=1021, chunk_size=1400)
Skipping probe: too short (len=834, chunk_size=1400)
Skipping probe: too short (len=982, chunk_size=1400)
Skipping probe: too short (len=559, chunk_size=1400)
Skipping probe: too short (len=1335, chunk_size=1400)
Skipping probe: too short (len=906, chunk_size=1400)
Skipping probe: too short (len=1349, chunk_size=1400)
Skipping probe: too short (len=1023, chunk_size=1400)
Skipping probe: too short (len=670, chunk_size=1400)
Skipping probe: too short (len=886, chunk_size=1400)
Skipping probe: too short (len=1021, chunk_size=1400)
Skipping probe: too short (len=1266, chunk_size=1400)
Skipping probe: too short (len=632, chunk_size=1400)
Skipping probe: too short (len=1266, chunk_size=1400)
Skipping probe: too short (len=834, chunk_size=1400)
Skipping probe: too short (len=670, chunk_size=1400)
Skipping probe: too short (len=886, chunk_size=1400)
Skipping probe: too short (len=1023, chunk_size=1400)
Skipping probe: too short (len=559, chunk_size=1400)
Skipping probe: too short (len=1335, chunk_size=1400)
Skipping probe: too short (len=906, chunk_size=1400)
Skipping probe: too short (len=1021, chunk_size=1400)
Skipping probe: too short (len=632, chunk_size=1400)
Skipping probe: too short (len=1349, chunk_size=1400)
Skipping probe: too short (len=982, chunk_size=1400)
Skipping probe: too short (len=1023, chunk_size=1400)
Skipping probe: too short (len=1349, chunk_size=1400)
Skipping probe: too short (len=1266, chunk_size=1400)
Skipping probe: too short (len=834, chunk_size=1400)
Skipping probe: too short (len=670, chunk_size=1400)
Skipping probe: too short (len=886, chunk_size=1400)
Skipping probe: too short (len=632, chunk_size=1400)
Skipping probe: too short (len=1021, chunk_size=1400)
Skipping probe: too short (len=982, chunk_size=1400)
Skipping probe: too short (len=559, chunk_size=1400)
Skipping probe: too short (len=1335, chunk_size=1400)
Skipping probe: too short (len=906, chunk_size=1400)
Skipping probe: too short (len=559, chunk_size=1400)
Skipping probe: too short (len=1335, chunk_size=1400)
Skipping probe: too short (len=906, chunk_size=1400)
Skipping probe: too short (len=1349, chunk_size=1400)
Skipping probe: too short (len=1266, chunk_size=1400)
Skipping probe: too short (len=982, chunk_size=1400)
Skipping probe: too short (len=1021, chunk_size=1400)
Skipping probe: too short (len=632, chunk_size=1400)
Skipping probe: too short (len=1023, chunk_size=1400)
Skipping probe: too short (len=834, chunk_size=1400)
Skipping probe: too short (len=670, chunk_size=1400)
Skipping probe: too short (len=886, chunk_size=1400)
Trial 54 F1s - Weighted: 0.7390 | Macro: 0.2364 | Micro: 0.7371

[I 2026-02-25 21:16:13,290] Trial 54 finished with value: 0.7390078232043876 and parameters: {'chunk_seconds': 14, 'num_freqs': 9, 'num_estimators': 32, 'max_depth': 16, 'max_features': 0.4486084815700765, 'overlap': 0.7655990117042265, 'max_lag': 15}. Best is trial 54 with value: 0.7390078232043876.
Skipping probe: too short (len=834, chunk_size=1500)
Skipping probe: too short (len=1349, chunk_size=1500)
Skipping probe: too short (len=1266, chunk_size=1500)
Skipping probe: too short (len=1454, chunk_size=1500)
Skipping probe: too short (len=982, chunk_size=1500)
Skipping probe: too short (len=670, chunk_size=1500)
Skipping probe: too short (len=886, chunk_size=1500)
Skipping probe: too short (len=1023, chunk_size=1500)
Skipping probe: too short (len=1450, chunk_size=1500)
Skipping probe: too short (len=559, chunk_size=1500)
Skipping probe: too short (len=1335, chunk_size=1500)
Skipping probe: too short (len=906, chunk_size=1500)
Skipping probe: too short (len=632, chunk_size=1500)
Skipping probe: too short (len=1021, chunk_size=1500)
Skipping probe: too short (len=834, chunk_size=1500)
Skipping probe: too short (len=559, chunk_size=1500)
Skipping probe: too short (len=1335, chunk_size=1500)
Skipping probe: too short (len=906, chunk_size=1500)
Skipping probe: too short (len=1450, chunk_size=1500)
Skipping probe: too short (len=1349, chunk_size=1500)
Skipping probe: too short (len=982, chunk_size=1500)
Skipping probe: too short (len=1454, chunk_size=1500)
Skipping probe: too short (len=1023, chunk_size=1500)
Skipping probe: too short (len=1021, chunk_size=1500)
Skipping probe: too short (len=670, chunk_size=1500)
Skipping probe: too short (len=886, chunk_size=1500)
Skipping probe: too short (len=1266, chunk_size=1500)
Skipping probe: too short (len=632, chunk_size=1500)
[I 2026-02-25 21:22:53,761] Trial 55 pruned. 
Skipping probe: too short (len=1266, chunk_size=1600)
Skipping probe: too short (len=1349, chunk_size=1600)
Skipping probe: too short (len=834, chunk_size=1600)
Skipping probe: too short (len=1506, chunk_size=1600)
Skipping probe: too short (len=1450, chunk_size=1600)
Skipping probe: too short (len=1454, chunk_size=1600)
Skipping probe: too short (len=1023, chunk_size=1600)
Skipping probe: too short (len=559, chunk_size=1600)
Skipping probe: too short (len=1563, chunk_size=1600)
Skipping probe: too short (len=1335, chunk_size=1600)
Skipping probe: too short (len=906, chunk_size=1600)
Skipping probe: too short (len=982, chunk_size=1600)
Skipping probe: too short (len=670, chunk_size=1600)
Skipping probe: too short (len=886, chunk_size=1600)
Skipping probe: too short (len=632, chunk_size=1600)
Skipping probe: too short (len=1021, chunk_size=1600)
Skipping probe: too short (len=1450, chunk_size=1600)
Skipping probe: too short (len=834, chunk_size=1600)
Skipping probe: too short (len=1506, chunk_size=1600)
Skipping probe: too short (len=1454, chunk_size=1600)
Skipping probe: too short (len=1023, chunk_size=1600)
Skipping probe: too short (len=1349, chunk_size=1600)
Skipping probe: too short (len=982, chunk_size=1600)
Skipping probe: too short (len=559, chunk_size=1600)
Skipping probe: too short (len=1563, chunk_size=1600)
Skipping probe: too short (len=1335, chunk_size=1600)
Skipping probe: too short (len=906, chunk_size=1600)
Skipping probe: too short (len=670, chunk_size=1600)
Skipping probe: too short (len=886, chunk_size=1600)
Skipping probe: too short (len=1021, chunk_size=1600)
Skipping probe: too short (len=1266, chunk_size=1600)
Skipping probe: too short (len=632, chunk_size=1600)
Skipping probe: too short (len=1450, chunk_size=1600)
Skipping probe: too short (len=559, chunk_size=1600)
Skipping probe: too short (len=1563, chunk_size=1600)
Skipping probe: too short (len=1335, chunk_size=1600)
Skipping probe: too short (len=906, chunk_size=1600)
Skipping probe: too short (len=834, chunk_size=1600)
Skipping probe: too short (len=1506, chunk_size=1600)
Skipping probe: too short (len=1023, chunk_size=1600)
Skipping probe: too short (len=1266, chunk_size=1600)
Skipping probe: too short (len=670, chunk_size=1600)
Skipping probe: too short (len=886, chunk_size=1600)
Skipping probe: too short (len=1021, chunk_size=1600)
Skipping probe: too short (len=632, chunk_size=1600)
Skipping probe: too short (len=1454, chunk_size=1600)
Skipping probe: too short (len=1349, chunk_size=1600)
Skipping probe: too short (len=982, chunk_size=1600)
Skipping probe: too short (len=982, chunk_size=1600)
Skipping probe: too short (len=834, chunk_size=1600)
Skipping probe: too short (len=1506, chunk_size=1600)
Skipping probe: too short (len=1023, chunk_size=1600)
Skipping probe: too short (len=1349, chunk_size=1600)
Skipping probe: too short (len=1454, chunk_size=1600)
Skipping probe: too short (len=1450, chunk_size=1600)
Skipping probe: too short (len=1266, chunk_size=1600)
Skipping probe: too short (len=1021, chunk_size=1600)
Skipping probe: too short (len=632, chunk_size=1600)
Skipping probe: too short (len=670, chunk_size=1600)
Skipping probe: too short (len=886, chunk_size=1600)
Skipping probe: too short (len=559, chunk_size=1600)
Skipping probe: too short (len=1563, chunk_size=1600)
Skipping probe: too short (len=1335, chunk_size=1600)
Skipping probe: too short (len=906, chunk_size=1600)
Skipping probe: too short (len=1266, chunk_size=1600)
Skipping probe: too short (len=982, chunk_size=1600)
Skipping probe: too short (len=1349, chunk_size=1600)
Skipping probe: too short (len=1454, chunk_size=1600)
Skipping probe: too short (len=559, chunk_size=1600)
Skipping probe: too short (len=1563, chunk_size=1600)
Skipping probe: too short (len=1335, chunk_size=1600)
Skipping probe: too short (len=906, chunk_size=1600)
Skipping probe: too short (len=1021, chunk_size=1600)
Skipping probe: too short (len=632, chunk_size=1600)
Skipping probe: too short (len=1450, chunk_size=1600)
Skipping probe: too short (len=1023, chunk_size=1600)
Skipping probe: too short (len=834, chunk_size=1600)
Skipping probe: too short (len=1506, chunk_size=1600)
Skipping probe: too short (len=670, chunk_size=1600)
Skipping probe: too short (len=886, chunk_size=1600)
Trial 56 F1s - Weighted: 0.7373 | Macro: 0.2359 | Micro: 0.7363

[I 2026-02-25 21:39:28,303] Trial 56 finished with value: 0.7373390681150981 and parameters: {'chunk_seconds': 16, 'num_freqs': 9, 'num_estimators': 32, 'max_depth': 16, 'max_features': 0.40759356014899295, 'overlap': 0.6879258284017472, 'max_lag': 15}. Best is trial 54 with value: 0.7390078232043876.
Skipping probe: too short (len=1454, chunk_size=1600)
Skipping probe: too short (len=1450, chunk_size=1600)
Skipping probe: too short (len=559, chunk_size=1600)
Skipping probe: too short (len=1563, chunk_size=1600)
Skipping probe: too short (len=1335, chunk_size=1600)
Skipping probe: too short (len=906, chunk_size=1600)
Skipping probe: too short (len=1023, chunk_size=1600)
Skipping probe: too short (len=834, chunk_size=1600)
Skipping probe: too short (len=1506, chunk_size=1600)
Skipping probe: too short (len=1349, chunk_size=1600)
Skipping probe: too short (len=982, chunk_size=1600)
Skipping probe: too short (len=670, chunk_size=1600)
Skipping probe: too short (len=886, chunk_size=1600)
Skipping probe: too short (len=1266, chunk_size=1600)
Skipping probe: too short (len=632, chunk_size=1600)
Skipping probe: too short (len=1021, chunk_size=1600)
Skipping probe: too short (len=982, chunk_size=1600)
Skipping probe: too short (len=559, chunk_size=1600)
Skipping probe: too short (len=1563, chunk_size=1600)
Skipping probe: too short (len=1335, chunk_size=1600)
Skipping probe: too short (len=906, chunk_size=1600)
Skipping probe: too short (len=1023, chunk_size=1600)
Skipping probe: too short (len=1349, chunk_size=1600)
Skipping probe: too short (len=1454, chunk_size=1600)
Skipping probe: too short (len=1450, chunk_size=1600)
Skipping probe: too short (len=834, chunk_size=1600)
Skipping probe: too short (len=1506, chunk_size=1600)
Skipping probe: too short (len=670, chunk_size=1600)
Skipping probe: too short (len=886, chunk_size=1600)
Skipping probe: too short (len=1021, chunk_size=1600)
Skipping probe: too short (len=1266, chunk_size=1600)
Skipping probe: too short (len=632, chunk_size=1600)
Skipping probe: too short (len=1023, chunk_size=1600)
Skipping probe: too short (len=559, chunk_size=1600)
Skipping probe: too short (len=1563, chunk_size=1600)
Skipping probe: too short (len=1335, chunk_size=1600)
Skipping probe: too short (len=906, chunk_size=1600)
Skipping probe: too short (len=1450, chunk_size=1600)
Skipping probe: too short (len=834, chunk_size=1600)
Skipping probe: too short (len=1506, chunk_size=1600)
Skipping probe: too short (len=1021, chunk_size=1600)
Skipping probe: too short (len=1266, chunk_size=1600)
Skipping probe: too short (len=632, chunk_size=1600)
Skipping probe: too short (len=670, chunk_size=1600)
Skipping probe: too short (len=886, chunk_size=1600)
Skipping probe: too short (len=1454, chunk_size=1600)
Skipping probe: too short (len=1349, chunk_size=1600)
Skipping probe: too short (len=982, chunk_size=1600)
Skipping probe: too short (len=1454, chunk_size=1600)
Skipping probe: too short (len=1349, chunk_size=1600)
Skipping probe: too short (len=1450, chunk_size=1600)
Skipping probe: too short (len=982, chunk_size=1600)
Skipping probe: too short (len=1023, chunk_size=1600)
Skipping probe: too short (len=834, chunk_size=1600)
Skipping probe: too short (len=1506, chunk_size=1600)
Skipping probe: too short (len=1266, chunk_size=1600)
Skipping probe: too short (len=670, chunk_size=1600)
Skipping probe: too short (len=886, chunk_size=1600)
Skipping probe: too short (len=1021, chunk_size=1600)
Skipping probe: too short (len=632, chunk_size=1600)
Skipping probe: too short (len=559, chunk_size=1600)
Skipping probe: too short (len=1563, chunk_size=1600)
Skipping probe: too short (len=1335, chunk_size=1600)
Skipping probe: too short (len=906, chunk_size=1600)
Skipping probe: too short (len=559, chunk_size=1600)
Skipping probe: too short (len=1563, chunk_size=1600)
Skipping probe: too short (len=1335, chunk_size=1600)
Skipping probe: too short (len=906, chunk_size=1600)
Skipping probe: too short (len=1349, chunk_size=1600)
Skipping probe: too short (len=1454, chunk_size=1600)
Skipping probe: too short (len=1266, chunk_size=1600)
Skipping probe: too short (len=1021, chunk_size=1600)
Skipping probe: too short (len=632, chunk_size=1600)
Skipping probe: too short (len=982, chunk_size=1600)
Skipping probe: too short (len=1023, chunk_size=1600)
Skipping probe: too short (len=1450, chunk_size=1600)
Skipping probe: too short (len=834, chunk_size=1600)
Skipping probe: too short (len=1506, chunk_size=1600)
Skipping probe: too short (len=670, chunk_size=1600)
Skipping probe: too short (len=886, chunk_size=1600)
Trial 57 F1s - Weighted: 0.7388 | Macro: 0.2286 | Micro: 0.7398

[I 2026-02-25 22:00:54,101] Trial 57 finished with value: 0.7388165254938492 and parameters: {'chunk_seconds': 16, 'num_freqs': 13, 'num_estimators': 64, 'max_depth': 16, 'max_features': 0.4142088032889491, 'overlap': 0.6813056863435071, 'max_lag': 15}. Best is trial 54 with value: 0.7390078232043876.
Skipping probe: too short (len=1266, chunk_size=1600)
Skipping probe: too short (len=834, chunk_size=1600)
Skipping probe: too short (len=1506, chunk_size=1600)
Skipping probe: too short (len=1450, chunk_size=1600)
Skipping probe: too short (len=559, chunk_size=1600)
Skipping probe: too short (len=1563, chunk_size=1600)
Skipping probe: too short (len=1335, chunk_size=1600)
Skipping probe: too short (len=906, chunk_size=1600)
Skipping probe: too short (len=1349, chunk_size=1600)
Skipping probe: too short (len=982, chunk_size=1600)
Skipping probe: too short (len=1023, chunk_size=1600)
Skipping probe: too short (len=1454, chunk_size=1600)
Skipping probe: too short (len=670, chunk_size=1600)
Skipping probe: too short (len=886, chunk_size=1600)
Skipping probe: too short (len=632, chunk_size=1600)
Skipping probe: too short (len=1021, chunk_size=1600)
Skipping probe: too short (len=1023, chunk_size=1600)
Skipping probe: too short (len=1454, chunk_size=1600)
Skipping probe: too short (len=982, chunk_size=1600)
Skipping probe: too short (len=834, chunk_size=1600)
Skipping probe: too short (len=1506, chunk_size=1600)
Skipping probe: too short (len=1450, chunk_size=1600)
Skipping probe: too short (len=1349, chunk_size=1600)
Skipping probe: too short (len=559, chunk_size=1600)
Skipping probe: too short (len=1563, chunk_size=1600)
Skipping probe: too short (len=1335, chunk_size=1600)
Skipping probe: too short (len=906, chunk_size=1600)
Skipping probe: too short (len=670, chunk_size=1600)
Skipping probe: too short (len=886, chunk_size=1600)
Skipping probe: too short (len=1021, chunk_size=1600)
Skipping probe: too short (len=1266, chunk_size=1600)
Skipping probe: too short (len=632, chunk_size=1600)
Skipping probe: too short (len=1266, chunk_size=1600)
Skipping probe: too short (len=834, chunk_size=1600)
Skipping probe: too short (len=1506, chunk_size=1600)
Skipping probe: too short (len=559, chunk_size=1600)
Skipping probe: too short (len=1563, chunk_size=1600)
Skipping probe: too short (len=1335, chunk_size=1600)
Skipping probe: too short (len=906, chunk_size=1600)
Skipping probe: too short (len=1450, chunk_size=1600)
Skipping probe: too short (len=1023, chunk_size=1600)
Skipping probe: too short (len=1021, chunk_size=1600)
Skipping probe: too short (len=670, chunk_size=1600)
Skipping probe: too short (len=886, chunk_size=1600)
Skipping probe: too short (len=632, chunk_size=1600)
Skipping probe: too short (len=1454, chunk_size=1600)
Skipping probe: too short (len=1349, chunk_size=1600)
Skipping probe: too short (len=982, chunk_size=1600)
Skipping probe: too short (len=1266, chunk_size=1600)
Skipping probe: too short (len=834, chunk_size=1600)
Skipping probe: too short (len=1506, chunk_size=1600)
Skipping probe: too short (len=1349, chunk_size=1600)
Skipping probe: too short (len=1454, chunk_size=1600)
Skipping probe: too short (len=1450, chunk_size=1600)
Skipping probe: too short (len=982, chunk_size=1600)
Skipping probe: too short (len=1023, chunk_size=1600)
Skipping probe: too short (len=632, chunk_size=1600)
Skipping probe: too short (len=670, chunk_size=1600)
Skipping probe: too short (len=886, chunk_size=1600)
Skipping probe: too short (len=1021, chunk_size=1600)
Skipping probe: too short (len=559, chunk_size=1600)
Skipping probe: too short (len=1563, chunk_size=1600)
Skipping probe: too short (len=1335, chunk_size=1600)
Skipping probe: too short (len=906, chunk_size=1600)
Skipping probe: too short (len=1266, chunk_size=1600)
Skipping probe: too short (len=559, chunk_size=1600)
Skipping probe: too short (len=1563, chunk_size=1600)
Skipping probe: too short (len=1335, chunk_size=1600)
Skipping probe: too short (len=906, chunk_size=1600)
Skipping probe: too short (len=1454, chunk_size=1600)
Skipping probe: too short (len=982, chunk_size=1600)
Skipping probe: too short (len=1349, chunk_size=1600)
Skipping probe: too short (len=1021, chunk_size=1600)
Skipping probe: too short (len=632, chunk_size=1600)
Skipping probe: too short (len=1450, chunk_size=1600)
Skipping probe: too short (len=1023, chunk_size=1600)
Skipping probe: too short (len=834, chunk_size=1600)
Skipping probe: too short (len=1506, chunk_size=1600)
Skipping probe: too short (len=670, chunk_size=1600)
Skipping probe: too short (len=886, chunk_size=1600)
Trial 58 F1s - Weighted: 0.7399 | Macro: 0.2333 | Micro: 0.7405

[I 2026-02-25 22:18:18,664] Trial 58 finished with value: 0.7398926472427709 and parameters: {'chunk_seconds': 16, 'num_freqs': 13, 'num_estimators': 64, 'max_depth': 16, 'max_features': 0.33933874307137557, 'overlap': 0.6207210214882027, 'max_lag': 15}. Best is trial 58 with value: 0.7398926472427709.
Skipping probe: too short (len=1454, chunk_size=1600)
Skipping probe: too short (len=834, chunk_size=1600)
Skipping probe: too short (len=1506, chunk_size=1600)
Skipping probe: too short (len=1450, chunk_size=1600)
Skipping probe: too short (len=1349, chunk_size=1600)
Skipping probe: too short (len=559, chunk_size=1600)
Skipping probe: too short (len=1563, chunk_size=1600)
Skipping probe: too short (len=1335, chunk_size=1600)
Skipping probe: too short (len=906, chunk_size=1600)
Skipping probe: too short (len=670, chunk_size=1600)
Skipping probe: too short (len=886, chunk_size=1600)
Skipping probe: too short (len=1266, chunk_size=1600)
Skipping probe: too short (len=982, chunk_size=1600)
Skipping probe: too short (len=1023, chunk_size=1600)
Skipping probe: too short (len=632, chunk_size=1600)
Skipping probe: too short (len=1021, chunk_size=1600)
Skipping probe: too short (len=834, chunk_size=1600)
Skipping probe: too short (len=1506, chunk_size=1600)
Skipping probe: too short (len=1349, chunk_size=1600)
Skipping probe: too short (len=559, chunk_size=1600)
Skipping probe: too short (len=1563, chunk_size=1600)
Skipping probe: too short (len=1335, chunk_size=1600)
Skipping probe: too short (len=906, chunk_size=1600)
Skipping probe: too short (len=1454, chunk_size=1600)
Skipping probe: too short (len=1023, chunk_size=1600)
Skipping probe: too short (len=1450, chunk_size=1600)
Skipping probe: too short (len=982, chunk_size=1600)
Skipping probe: too short (len=670, chunk_size=1600)
Skipping probe: too short (len=886, chunk_size=1600)
Skipping probe: too short (len=1021, chunk_size=1600)
Skipping probe: too short (len=1266, chunk_size=1600)
Skipping probe: too short (len=632, chunk_size=1600)
[I 2026-02-25 22:24:04,061] Trial 59 pruned. 
Skipping probe: too short (len=1604, chunk_size=1700)
Skipping probe: too short (len=1023, chunk_size=1700)
Skipping probe: too short (len=559, chunk_size=1700)
Skipping probe: too short (len=1563, chunk_size=1700)
Skipping probe: too short (len=1335, chunk_size=1700)
Skipping probe: too short (len=906, chunk_size=1700)
Skipping probe: too short (len=1349, chunk_size=1700)
Skipping probe: too short (len=1454, chunk_size=1700)
Skipping probe: too short (len=1450, chunk_size=1700)
Skipping probe: too short (len=834, chunk_size=1700)
Skipping probe: too short (len=1506, chunk_size=1700)
Skipping probe: too short (len=1266, chunk_size=1700)
Skipping probe: too short (len=982, chunk_size=1700)
Skipping probe: too short (len=670, chunk_size=1700)
Skipping probe: too short (len=886, chunk_size=1700)
Skipping probe: too short (len=632, chunk_size=1700)
Skipping probe: too short (len=1619, chunk_size=1700)
Skipping probe: too short (len=1021, chunk_size=1700)
Skipping probe: too short (len=982, chunk_size=1700)
Skipping probe: too short (len=1619, chunk_size=1700)
Skipping probe: too short (len=834, chunk_size=1700)
Skipping probe: too short (len=1506, chunk_size=1700)
Skipping probe: too short (len=1349, chunk_size=1700)
Skipping probe: too short (len=1023, chunk_size=1700)
Skipping probe: too short (len=559, chunk_size=1700)
Skipping probe: too short (len=1563, chunk_size=1700)
Skipping probe: too short (len=1335, chunk_size=1700)
Skipping probe: too short (len=906, chunk_size=1700)
Skipping probe: too short (len=1450, chunk_size=1700)
Skipping probe: too short (len=1454, chunk_size=1700)
Skipping probe: too short (len=1604, chunk_size=1700)
Skipping probe: too short (len=1021, chunk_size=1700)
Skipping probe: too short (len=670, chunk_size=1700)
Skipping probe: too short (len=886, chunk_size=1700)
Skipping probe: too short (len=1266, chunk_size=1700)
Skipping probe: too short (len=632, chunk_size=1700)
Skipping probe: too short (len=559, chunk_size=1700)
Skipping probe: too short (len=1563, chunk_size=1700)
Skipping probe: too short (len=1335, chunk_size=1700)
Skipping probe: too short (len=906, chunk_size=1700)
Skipping probe: too short (len=1023, chunk_size=1700)
Skipping probe: too short (len=1266, chunk_size=1700)
Skipping probe: too short (len=1450, chunk_size=1700)
Skipping probe: too short (len=1619, chunk_size=1700)
Skipping probe: too short (len=834, chunk_size=1700)
Skipping probe: too short (len=1506, chunk_size=1700)
Skipping probe: too short (len=670, chunk_size=1700)
Skipping probe: too short (len=886, chunk_size=1700)
Skipping probe: too short (len=1021, chunk_size=1700)
Skipping probe: too short (len=632, chunk_size=1700)
Skipping probe: too short (len=1454, chunk_size=1700)
Skipping probe: too short (len=1349, chunk_size=1700)
Skipping probe: too short (len=1604, chunk_size=1700)
Skipping probe: too short (len=982, chunk_size=1700)
Skipping probe: too short (len=1023, chunk_size=1700)
Skipping probe: too short (len=1454, chunk_size=1700)
Skipping probe: too short (len=1604, chunk_size=1700)
Skipping probe: too short (len=1349, chunk_size=1700)
Skipping probe: too short (len=1450, chunk_size=1700)
Skipping probe: too short (len=834, chunk_size=1700)
Skipping probe: too short (len=1506, chunk_size=1700)
Skipping probe: too short (len=1619, chunk_size=1700)
Skipping probe: too short (len=982, chunk_size=1700)
Skipping probe: too short (len=632, chunk_size=1700)
Skipping probe: too short (len=1021, chunk_size=1700)
Skipping probe: too short (len=1266, chunk_size=1700)
Skipping probe: too short (len=670, chunk_size=1700)
Skipping probe: too short (len=886, chunk_size=1700)
Skipping probe: too short (len=559, chunk_size=1700)
Skipping probe: too short (len=1563, chunk_size=1700)
Skipping probe: too short (len=1335, chunk_size=1700)
Skipping probe: too short (len=906, chunk_size=1700)
Skipping probe: too short (len=1619, chunk_size=1700)
Skipping probe: too short (len=982, chunk_size=1700)
Skipping probe: too short (len=1454, chunk_size=1700)
Skipping probe: too short (len=1604, chunk_size=1700)
Skipping probe: too short (len=559, chunk_size=1700)
Skipping probe: too short (len=1563, chunk_size=1700)
Skipping probe: too short (len=1335, chunk_size=1700)
Skipping probe: too short (len=906, chunk_size=1700)
Skipping probe: too short (len=1349, chunk_size=1700)
Skipping probe: too short (len=1266, chunk_size=1700)
Skipping probe: too short (len=632, chunk_size=1700)
Skipping probe: too short (len=1021, chunk_size=1700)
Skipping probe: too short (len=1450, chunk_size=1700)
Skipping probe: too short (len=1023, chunk_size=1700)
Skipping probe: too short (len=834, chunk_size=1700)
Skipping probe: too short (len=1506, chunk_size=1700)
Skipping probe: too short (len=670, chunk_size=1700)
Skipping probe: too short (len=886, chunk_size=1700)
Trial 60 F1s - Weighted: 0.7395 | Macro: 0.2311 | Micro: 0.7401

[I 2026-02-25 22:43:51,616] Trial 60 finished with value: 0.7395193433097873 and parameters: {'chunk_seconds': 17, 'num_freqs': 13, 'num_estimators': 64, 'max_depth': 16, 'max_features': 0.36871523122476546, 'overlap': 0.6903209305270349, 'max_lag': 14}. Best is trial 58 with value: 0.7398926472427709.
Skipping probe: too short (len=1266, chunk_size=1700)
Skipping probe: too short (len=1450, chunk_size=1700)
Skipping probe: too short (len=1023, chunk_size=1700)
Skipping probe: too short (len=834, chunk_size=1700)
Skipping probe: too short (len=1506, chunk_size=1700)
Skipping probe: too short (len=982, chunk_size=1700)
Skipping probe: too short (len=1604, chunk_size=1700)
Skipping probe: too short (len=1454, chunk_size=1700)
Skipping probe: too short (len=1349, chunk_size=1700)
Skipping probe: too short (len=559, chunk_size=1700)
Skipping probe: too short (len=1563, chunk_size=1700)
Skipping probe: too short (len=1335, chunk_size=1700)
Skipping probe: too short (len=906, chunk_size=1700)
Skipping probe: too short (len=670, chunk_size=1700)
Skipping probe: too short (len=886, chunk_size=1700)
Skipping probe: too short (len=632, chunk_size=1700)
Skipping probe: too short (len=1619, chunk_size=1700)
Skipping probe: too short (len=1021, chunk_size=1700)
Skipping probe: too short (len=1450, chunk_size=1700)
Skipping probe: too short (len=834, chunk_size=1700)
Skipping probe: too short (len=1506, chunk_size=1700)
Skipping probe: too short (len=1349, chunk_size=1700)
Skipping probe: too short (len=982, chunk_size=1700)
Skipping probe: too short (len=559, chunk_size=1700)
Skipping probe: too short (len=1563, chunk_size=1700)
Skipping probe: too short (len=1335, chunk_size=1700)
Skipping probe: too short (len=906, chunk_size=1700)
Skipping probe: too short (len=1454, chunk_size=1700)
Skipping probe: too short (len=1604, chunk_size=1700)
Skipping probe: too short (len=1619, chunk_size=1700)
Skipping probe: too short (len=1023, chunk_size=1700)
Skipping probe: too short (len=670, chunk_size=1700)
Skipping probe: too short (len=886, chunk_size=1700)
Skipping probe: too short (len=1021, chunk_size=1700)
Skipping probe: too short (len=1266, chunk_size=1700)
Skipping probe: too short (len=632, chunk_size=1700)
Skipping probe: too short (len=1619, chunk_size=1700)
Skipping probe: too short (len=1266, chunk_size=1700)
Skipping probe: too short (len=1023, chunk_size=1700)
Skipping probe: too short (len=559, chunk_size=1700)
Skipping probe: too short (len=1563, chunk_size=1700)
Skipping probe: too short (len=1335, chunk_size=1700)
Skipping probe: too short (len=906, chunk_size=1700)
Skipping probe: too short (len=834, chunk_size=1700)
Skipping probe: too short (len=1506, chunk_size=1700)
Skipping probe: too short (len=1450, chunk_size=1700)
Skipping probe: too short (len=670, chunk_size=1700)
Skipping probe: too short (len=886, chunk_size=1700)
Skipping probe: too short (len=1021, chunk_size=1700)
Skipping probe: too short (len=632, chunk_size=1700)
Skipping probe: too short (len=1454, chunk_size=1700)
Skipping probe: too short (len=1349, chunk_size=1700)
Skipping probe: too short (len=982, chunk_size=1700)
Skipping probe: too short (len=1604, chunk_size=1700)
Skipping probe: too short (len=1023, chunk_size=1700)
Skipping probe: too short (len=1349, chunk_size=1700)
Skipping probe: too short (len=1266, chunk_size=1700)
Skipping probe: too short (len=1454, chunk_size=1700)
Skipping probe: too short (len=1450, chunk_size=1700)
Skipping probe: too short (len=1604, chunk_size=1700)
Skipping probe: too short (len=834, chunk_size=1700)
Skipping probe: too short (len=1506, chunk_size=1700)
Skipping probe: too short (len=982, chunk_size=1700)
Skipping probe: too short (len=1619, chunk_size=1700)
Skipping probe: too short (len=1021, chunk_size=1700)
Skipping probe: too short (len=670, chunk_size=1700)
Skipping probe: too short (len=886, chunk_size=1700)
Skipping probe: too short (len=632, chunk_size=1700)
Skipping probe: too short (len=559, chunk_size=1700)
Skipping probe: too short (len=1563, chunk_size=1700)
Skipping probe: too short (len=1335, chunk_size=1700)
Skipping probe: too short (len=906, chunk_size=1700)
Skipping probe: too short (len=1266, chunk_size=1700)
Skipping probe: too short (len=1454, chunk_size=1700)
Skipping probe: too short (len=1604, chunk_size=1700)
Skipping probe: too short (len=1349, chunk_size=1700)
Skipping probe: too short (len=559, chunk_size=1700)
Skipping probe: too short (len=1563, chunk_size=1700)
Skipping probe: too short (len=1335, chunk_size=1700)
Skipping probe: too short (len=906, chunk_size=1700)
Skipping probe: too short (len=982, chunk_size=1700)
Skipping probe: too short (len=1619, chunk_size=1700)
Skipping probe: too short (len=632, chunk_size=1700)
Skipping probe: too short (len=1021, chunk_size=1700)
Skipping probe: too short (len=1450, chunk_size=1700)
Skipping probe: too short (len=1023, chunk_size=1700)
Skipping probe: too short (len=834, chunk_size=1700)
Skipping probe: too short (len=1506, chunk_size=1700)
Skipping probe: too short (len=670, chunk_size=1700)
Skipping probe: too short (len=886, chunk_size=1700)
Trial 61 F1s - Weighted: 0.7426 | Macro: 0.2361 | Micro: 0.7444

[I 2026-02-25 23:03:03,020] Trial 61 finished with value: 0.7426064889433044 and parameters: {'chunk_seconds': 17, 'num_freqs': 13, 'num_estimators': 64, 'max_depth': 16, 'max_features': 0.3703476211628641, 'overlap': 0.6735453357207174, 'max_lag': 15}. Best is trial 61 with value: 0.7426064889433044.
Skipping probe: too short (len=1454, chunk_size=1700)
Skipping probe: too short (len=1266, chunk_size=1700)
Skipping probe: too short (len=1349, chunk_size=1700)
Skipping probe: too short (len=1450, chunk_size=1700)
Skipping probe: too short (len=1604, chunk_size=1700)
Skipping probe: too short (len=1023, chunk_size=1700)
Skipping probe: too short (len=834, chunk_size=1700)
Skipping probe: too short (len=1506, chunk_size=1700)
Skipping probe: too short (len=982, chunk_size=1700)
Skipping probe: too short (len=559, chunk_size=1700)
Skipping probe: too short (len=1563, chunk_size=1700)
Skipping probe: too short (len=1335, chunk_size=1700)
Skipping probe: too short (len=906, chunk_size=1700)
Skipping probe: too short (len=670, chunk_size=1700)
Skipping probe: too short (len=886, chunk_size=1700)
Skipping probe: too short (len=632, chunk_size=1700)
Skipping probe: too short (len=1619, chunk_size=1700)
Skipping probe: too short (len=1021, chunk_size=1700)
Skipping probe: too short (len=1619, chunk_size=1700)
Skipping probe: too short (len=982, chunk_size=1700)
Skipping probe: too short (len=559, chunk_size=1700)
Skipping probe: too short (len=1563, chunk_size=1700)
Skipping probe: too short (len=1335, chunk_size=1700)
Skipping probe: too short (len=906, chunk_size=1700)
Skipping probe: too short (len=1450, chunk_size=1700)
Skipping probe: too short (len=1604, chunk_size=1700)
Skipping probe: too short (len=1349, chunk_size=1700)
Skipping probe: too short (len=834, chunk_size=1700)
Skipping probe: too short (len=1506, chunk_size=1700)
Skipping probe: too short (len=1454, chunk_size=1700)
Skipping probe: too short (len=1023, chunk_size=1700)
Skipping probe: too short (len=670, chunk_size=1700)
Skipping probe: too short (len=886, chunk_size=1700)
Skipping probe: too short (len=1021, chunk_size=1700)
Skipping probe: too short (len=1266, chunk_size=1700)
Skipping probe: too short (len=632, chunk_size=1700)
Skipping probe: too short (len=1023, chunk_size=1700)
Skipping probe: too short (len=1450, chunk_size=1700)
Skipping probe: too short (len=834, chunk_size=1700)
Skipping probe: too short (len=1506, chunk_size=1700)
Skipping probe: too short (len=1266, chunk_size=1700)
Skipping probe: too short (len=559, chunk_size=1700)
Skipping probe: too short (len=1563, chunk_size=1700)
Skipping probe: too short (len=1335, chunk_size=1700)
Skipping probe: too short (len=906, chunk_size=1700)
Skipping probe: too short (len=1619, chunk_size=1700)
Skipping probe: too short (len=1021, chunk_size=1700)
Skipping probe: too short (len=632, chunk_size=1700)
Skipping probe: too short (len=670, chunk_size=1700)
Skipping probe: too short (len=886, chunk_size=1700)
Skipping probe: too short (len=1454, chunk_size=1700)
Skipping probe: too short (len=1349, chunk_size=1700)
Skipping probe: too short (len=982, chunk_size=1700)
Skipping probe: too short (len=1604, chunk_size=1700)
Skipping probe: too short (len=982, chunk_size=1700)
Skipping probe: too short (len=1604, chunk_size=1700)
Skipping probe: too short (len=1450, chunk_size=1700)
Skipping probe: too short (len=1454, chunk_size=1700)
Skipping probe: too short (len=1349, chunk_size=1700)
Skipping probe: too short (len=1266, chunk_size=1700)
Skipping probe: too short (len=834, chunk_size=1700)
Skipping probe: too short (len=1506, chunk_size=1700)
Skipping probe: too short (len=1619, chunk_size=1700)
Skipping probe: too short (len=1023, chunk_size=1700)
Skipping probe: too short (len=670, chunk_size=1700)
Skipping probe: too short (len=886, chunk_size=1700)
Skipping probe: too short (len=1021, chunk_size=1700)
Skipping probe: too short (len=632, chunk_size=1700)
Skipping probe: too short (len=559, chunk_size=1700)
Skipping probe: too short (len=1563, chunk_size=1700)
Skipping probe: too short (len=1335, chunk_size=1700)
Skipping probe: too short (len=906, chunk_size=1700)
Skipping probe: too short (len=982, chunk_size=1700)
Skipping probe: too short (len=1454, chunk_size=1700)
Skipping probe: too short (len=559, chunk_size=1700)
Skipping probe: too short (len=1563, chunk_size=1700)
Skipping probe: too short (len=1335, chunk_size=1700)
Skipping probe: too short (len=906, chunk_size=1700)
Skipping probe: too short (len=1604, chunk_size=1700)
Skipping probe: too short (len=1349, chunk_size=1700)
Skipping probe: too short (len=1619, chunk_size=1700)
Skipping probe: too short (len=1266, chunk_size=1700)
Skipping probe: too short (len=1021, chunk_size=1700)
Skipping probe: too short (len=632, chunk_size=1700)
Skipping probe: too short (len=1450, chunk_size=1700)
Skipping probe: too short (len=1023, chunk_size=1700)
Skipping probe: too short (len=834, chunk_size=1700)
Skipping probe: too short (len=1506, chunk_size=1700)
Skipping probe: too short (len=670, chunk_size=1700)
Skipping probe: too short (len=886, chunk_size=1700)
Trial 62 F1s - Weighted: 0.7438 | Macro: 0.2372 | Micro: 0.7444

[I 2026-02-25 23:23:41,170] Trial 62 finished with value: 0.7437957255839097 and parameters: {'chunk_seconds': 17, 'num_freqs': 13, 'num_estimators': 64, 'max_depth': 16, 'max_features': 0.41182864537783725, 'overlap': 0.6824103339192692, 'max_lag': 15}. Best is trial 62 with value: 0.7437957255839097.
Skipping probe: too short (len=1023, chunk_size=1700)
Skipping probe: too short (len=1604, chunk_size=1700)
Skipping probe: too short (len=834, chunk_size=1700)
Skipping probe: too short (len=1506, chunk_size=1700)
Skipping probe: too short (len=1454, chunk_size=1700)
Skipping probe: too short (len=1349, chunk_size=1700)
Skipping probe: too short (len=1266, chunk_size=1700)
Skipping probe: too short (len=1450, chunk_size=1700)
Skipping probe: too short (len=982, chunk_size=1700)
Skipping probe: too short (len=559, chunk_size=1700)
Skipping probe: too short (len=1563, chunk_size=1700)
Skipping probe: too short (len=1335, chunk_size=1700)
Skipping probe: too short (len=906, chunk_size=1700)
Skipping probe: too short (len=632, chunk_size=1700)
Skipping probe: too short (len=670, chunk_size=1700)
Skipping probe: too short (len=886, chunk_size=1700)
Skipping probe: too short (len=1619, chunk_size=1700)
Skipping probe: too short (len=1021, chunk_size=1700)
Skipping probe: too short (len=982, chunk_size=1700)
Skipping probe: too short (len=1604, chunk_size=1700)
Skipping probe: too short (len=1454, chunk_size=1700)
Skipping probe: too short (len=1450, chunk_size=1700)
Skipping probe: too short (len=834, chunk_size=1700)
Skipping probe: too short (len=1506, chunk_size=1700)
Skipping probe: too short (len=1349, chunk_size=1700)
Skipping probe: too short (len=1023, chunk_size=1700)
Skipping probe: too short (len=559, chunk_size=1700)
Skipping probe: too short (len=1563, chunk_size=1700)
Skipping probe: too short (len=1335, chunk_size=1700)
Skipping probe: too short (len=906, chunk_size=1700)
Skipping probe: too short (len=1619, chunk_size=1700)
Skipping probe: too short (len=670, chunk_size=1700)
Skipping probe: too short (len=886, chunk_size=1700)
Skipping probe: too short (len=1021, chunk_size=1700)
Skipping probe: too short (len=1266, chunk_size=1700)
Skipping probe: too short (len=632, chunk_size=1700)
[I 2026-02-25 23:32:08,921] Trial 63 pruned. 
Skipping probe: too short (len=1604, chunk_size=1700)
Skipping probe: too short (len=1454, chunk_size=1700)
Skipping probe: too short (len=834, chunk_size=1700)
Skipping probe: too short (len=1506, chunk_size=1700)
Skipping probe: too short (len=1450, chunk_size=1700)
Skipping probe: too short (len=1023, chunk_size=1700)
Skipping probe: too short (len=1349, chunk_size=1700)
Skipping probe: too short (len=1266, chunk_size=1700)
Skipping probe: too short (len=982, chunk_size=1700)
Skipping probe: too short (len=670, chunk_size=1700)
Skipping probe: too short (len=886, chunk_size=1700)
Skipping probe: too short (len=559, chunk_size=1700)
Skipping probe: too short (len=1563, chunk_size=1700)
Skipping probe: too short (len=1335, chunk_size=1700)
Skipping probe: too short (len=906, chunk_size=1700)
Skipping probe: too short (len=632, chunk_size=1700)
Skipping probe: too short (len=1619, chunk_size=1700)
Skipping probe: too short (len=1021, chunk_size=1700)
Skipping probe: too short (len=834, chunk_size=1700)
Skipping probe: too short (len=1506, chunk_size=1700)
Skipping probe: too short (len=1023, chunk_size=1700)
Skipping probe: too short (len=1450, chunk_size=1700)
Skipping probe: too short (len=1604, chunk_size=1700)
Skipping probe: too short (len=1454, chunk_size=1700)
Skipping probe: too short (len=1349, chunk_size=1700)
Skipping probe: too short (len=1619, chunk_size=1700)
Skipping probe: too short (len=982, chunk_size=1700)
Skipping probe: too short (len=559, chunk_size=1700)
Skipping probe: too short (len=1563, chunk_size=1700)
Skipping probe: too short (len=1335, chunk_size=1700)
Skipping probe: too short (len=906, chunk_size=1700)
Skipping probe: too short (len=670, chunk_size=1700)
Skipping probe: too short (len=886, chunk_size=1700)
Skipping probe: too short (len=1021, chunk_size=1700)
Skipping probe: too short (len=1266, chunk_size=1700)
Skipping probe: too short (len=632, chunk_size=1700)
[I 2026-02-25 23:36:40,559] Trial 64 pruned. 
Skipping probe: too short (len=1450, chunk_size=1700)
Skipping probe: too short (len=1454, chunk_size=1700)
Skipping probe: too short (len=559, chunk_size=1700)
Skipping probe: too short (len=1563, chunk_size=1700)
Skipping probe: too short (len=1335, chunk_size=1700)
Skipping probe: too short (len=906, chunk_size=1700)
Skipping probe: too short (len=982, chunk_size=1700)
Skipping probe: too short (len=834, chunk_size=1700)
Skipping probe: too short (len=1506, chunk_size=1700)
Skipping probe: too short (len=1266, chunk_size=1700)
Skipping probe: too short (len=1023, chunk_size=1700)
Skipping probe: too short (len=1604, chunk_size=1700)
Skipping probe: too short (len=1349, chunk_size=1700)
Skipping probe: too short (len=670, chunk_size=1700)
Skipping probe: too short (len=886, chunk_size=1700)
Skipping probe: too short (len=632, chunk_size=1700)
Skipping probe: too short (len=1619, chunk_size=1700)
Skipping probe: too short (len=1021, chunk_size=1700)
Skipping probe: too short (len=1454, chunk_size=1700)
Skipping probe: too short (len=1450, chunk_size=1700)
Skipping probe: too short (len=834, chunk_size=1700)
Skipping probe: too short (len=1506, chunk_size=1700)
Skipping probe: too short (len=559, chunk_size=1700)
Skipping probe: too short (len=1563, chunk_size=1700)
Skipping probe: too short (len=1335, chunk_size=1700)
Skipping probe: too short (len=906, chunk_size=1700)
Skipping probe: too short (len=1023, chunk_size=1700)
Skipping probe: too short (len=1349, chunk_size=1700)
Skipping probe: too short (len=1604, chunk_size=1700)
Skipping probe: too short (len=1619, chunk_size=1700)
Skipping probe: too short (len=982, chunk_size=1700)
Skipping probe: too short (len=670, chunk_size=1700)
Skipping probe: too short (len=886, chunk_size=1700)
Skipping probe: too short (len=1021, chunk_size=1700)
Skipping probe: too short (len=1266, chunk_size=1700)
Skipping probe: too short (len=632, chunk_size=1700)
Skipping probe: too short (len=1619, chunk_size=1700)
Skipping probe: too short (len=1266, chunk_size=1700)
Skipping probe: too short (len=1023, chunk_size=1700)
Skipping probe: too short (len=559, chunk_size=1700)
Skipping probe: too short (len=1563, chunk_size=1700)
Skipping probe: too short (len=1335, chunk_size=1700)
Skipping probe: too short (len=906, chunk_size=1700)
Skipping probe: too short (len=1450, chunk_size=1700)
Skipping probe: too short (len=834, chunk_size=1700)
Skipping probe: too short (len=1506, chunk_size=1700)
Skipping probe: too short (len=1021, chunk_size=1700)
Skipping probe: too short (len=632, chunk_size=1700)
Skipping probe: too short (len=670, chunk_size=1700)
Skipping probe: too short (len=886, chunk_size=1700)
Skipping probe: too short (len=1454, chunk_size=1700)
Skipping probe: too short (len=1349, chunk_size=1700)
Skipping probe: too short (len=982, chunk_size=1700)
Skipping probe: too short (len=1604, chunk_size=1700)
Skipping probe: too short (len=1349, chunk_size=1700)
Skipping probe: too short (len=982, chunk_size=1700)
Skipping probe: too short (len=1454, chunk_size=1700)
Skipping probe: too short (len=834, chunk_size=1700)
Skipping probe: too short (len=1506, chunk_size=1700)
Skipping probe: too short (len=1450, chunk_size=1700)
Skipping probe: too short (len=1619, chunk_size=1700)
Skipping probe: too short (len=1023, chunk_size=1700)
Skipping probe: too short (len=1266, chunk_size=1700)
Skipping probe: too short (len=1604, chunk_size=1700)
Skipping probe: too short (len=670, chunk_size=1700)
Skipping probe: too short (len=886, chunk_size=1700)
Skipping probe: too short (len=1021, chunk_size=1700)
Skipping probe: too short (len=632, chunk_size=1700)
Skipping probe: too short (len=559, chunk_size=1700)
Skipping probe: too short (len=1563, chunk_size=1700)
Skipping probe: too short (len=1335, chunk_size=1700)
Skipping probe: too short (len=906, chunk_size=1700)
Skipping probe: too short (len=1349, chunk_size=1700)
Skipping probe: too short (len=1604, chunk_size=1700)
Skipping probe: too short (len=1454, chunk_size=1700)
Skipping probe: too short (len=982, chunk_size=1700)
Skipping probe: too short (len=1266, chunk_size=1700)
Skipping probe: too short (len=559, chunk_size=1700)
Skipping probe: too short (len=1563, chunk_size=1700)
Skipping probe: too short (len=1335, chunk_size=1700)
Skipping probe: too short (len=906, chunk_size=1700)
Skipping probe: too short (len=1619, chunk_size=1700)
Skipping probe: too short (len=632, chunk_size=1700)
Skipping probe: too short (len=1021, chunk_size=1700)
Skipping probe: too short (len=1450, chunk_size=1700)
Skipping probe: too short (len=1023, chunk_size=1700)
Skipping probe: too short (len=834, chunk_size=1700)
Skipping probe: too short (len=1506, chunk_size=1700)
Skipping probe: too short (len=670, chunk_size=1700)
Skipping probe: too short (len=886, chunk_size=1700)
Trial 65 F1s - Weighted: 0.7397 | Macro: 0.2335 | Micro: 0.7399

[I 2026-02-25 23:54:57,568] Trial 65 finished with value: 0.7396736156299775 and parameters: {'chunk_seconds': 17, 'num_freqs': 13, 'num_estimators': 64, 'max_depth': 16, 'max_features': 0.37444507531482485, 'overlap': 0.656549661871171, 'max_lag': 14}. Best is trial 62 with value: 0.7437957255839097.
Skipping probe: too short (len=559, chunk_size=600)
Skipping probe: too short (len=559, chunk_size=600)
Skipping probe: too short (len=559, chunk_size=600)
[I 2026-02-26 00:17:28,535] Trial 66 pruned. 
Skipping probe: too short (len=1450, chunk_size=1700)
Skipping probe: too short (len=1604, chunk_size=1700)
Skipping probe: too short (len=1454, chunk_size=1700)
Skipping probe: too short (len=834, chunk_size=1700)
Skipping probe: too short (len=1506, chunk_size=1700)
Skipping probe: too short (len=1023, chunk_size=1700)
Skipping probe: too short (len=1349, chunk_size=1700)
Skipping probe: too short (len=559, chunk_size=1700)
Skipping probe: too short (len=1563, chunk_size=1700)
Skipping probe: too short (len=1335, chunk_size=1700)
Skipping probe: too short (len=906, chunk_size=1700)
Skipping probe: too short (len=982, chunk_size=1700)
Skipping probe: too short (len=1266, chunk_size=1700)
Skipping probe: too short (len=632, chunk_size=1700)
Skipping probe: too short (len=670, chunk_size=1700)
Skipping probe: too short (len=886, chunk_size=1700)
Skipping probe: too short (len=1619, chunk_size=1700)
Skipping probe: too short (len=1021, chunk_size=1700)
Skipping probe: too short (len=1023, chunk_size=1700)
Skipping probe: too short (len=1604, chunk_size=1700)
Skipping probe: too short (len=1349, chunk_size=1700)
Skipping probe: too short (len=1454, chunk_size=1700)
Skipping probe: too short (len=559, chunk_size=1700)
Skipping probe: too short (len=1563, chunk_size=1700)
Skipping probe: too short (len=1335, chunk_size=1700)
Skipping probe: too short (len=906, chunk_size=1700)
Skipping probe: too short (len=1450, chunk_size=1700)
Skipping probe: too short (len=834, chunk_size=1700)
Skipping probe: too short (len=1506, chunk_size=1700)
Skipping probe: too short (len=1619, chunk_size=1700)
Skipping probe: too short (len=982, chunk_size=1700)
Skipping probe: too short (len=670, chunk_size=1700)
Skipping probe: too short (len=886, chunk_size=1700)
Skipping probe: too short (len=1021, chunk_size=1700)
Skipping probe: too short (len=1266, chunk_size=1700)
Skipping probe: too short (len=632, chunk_size=1700)
Skipping probe: too short (len=1619, chunk_size=1700)
Skipping probe: too short (len=559, chunk_size=1700)
Skipping probe: too short (len=1563, chunk_size=1700)
Skipping probe: too short (len=1335, chunk_size=1700)
Skipping probe: too short (len=906, chunk_size=1700)
Skipping probe: too short (len=1023, chunk_size=1700)
Skipping probe: too short (len=1450, chunk_size=1700)
Skipping probe: too short (len=834, chunk_size=1700)
Skipping probe: too short (len=1506, chunk_size=1700)
Skipping probe: too short (len=1266, chunk_size=1700)
Skipping probe: too short (len=670, chunk_size=1700)
Skipping probe: too short (len=886, chunk_size=1700)
Skipping probe: too short (len=1021, chunk_size=1700)
Skipping probe: too short (len=632, chunk_size=1700)
Skipping probe: too short (len=1604, chunk_size=1700)
Skipping probe: too short (len=1454, chunk_size=1700)
Skipping probe: too short (len=1349, chunk_size=1700)
Skipping probe: too short (len=982, chunk_size=1700)
Skipping probe: too short (len=1454, chunk_size=1700)
Skipping probe: too short (len=834, chunk_size=1700)
Skipping probe: too short (len=1506, chunk_size=1700)
Skipping probe: too short (len=1349, chunk_size=1700)
Skipping probe: too short (len=1266, chunk_size=1700)
Skipping probe: too short (len=1450, chunk_size=1700)
Skipping probe: too short (len=1023, chunk_size=1700)
Skipping probe: too short (len=1619, chunk_size=1700)
Skipping probe: too short (len=1604, chunk_size=1700)
Skipping probe: too short (len=982, chunk_size=1700)
Skipping probe: too short (len=1021, chunk_size=1700)
Skipping probe: too short (len=632, chunk_size=1700)
Skipping probe: too short (len=670, chunk_size=1700)
Skipping probe: too short (len=886, chunk_size=1700)
Skipping probe: too short (len=559, chunk_size=1700)
Skipping probe: too short (len=1563, chunk_size=1700)
Skipping probe: too short (len=1335, chunk_size=1700)
Skipping probe: too short (len=906, chunk_size=1700)
Skipping probe: too short (len=1604, chunk_size=1700)
Skipping probe: too short (len=1266, chunk_size=1700)
Skipping probe: too short (len=1454, chunk_size=1700)
Skipping probe: too short (len=982, chunk_size=1700)
Skipping probe: too short (len=1349, chunk_size=1700)
Skipping probe: too short (len=1619, chunk_size=1700)
Skipping probe: too short (len=559, chunk_size=1700)
Skipping probe: too short (len=1563, chunk_size=1700)
Skipping probe: too short (len=1335, chunk_size=1700)
Skipping probe: too short (len=906, chunk_size=1700)
Skipping probe: too short (len=632, chunk_size=1700)
Skipping probe: too short (len=1021, chunk_size=1700)
Skipping probe: too short (len=1450, chunk_size=1700)
Skipping probe: too short (len=1023, chunk_size=1700)
Skipping probe: too short (len=834, chunk_size=1700)
Skipping probe: too short (len=1506, chunk_size=1700)
Skipping probe: too short (len=670, chunk_size=1700)
Skipping probe: too short (len=886, chunk_size=1700)
Trial 67 F1s - Weighted: 0.7384 | Macro: 0.2298 | Micro: 0.7393

[I 2026-02-26 00:32:26,452] Trial 67 finished with value: 0.738385910191171 and parameters: {'chunk_seconds': 17, 'num_freqs': 12, 'num_estimators': 64, 'max_depth': 16, 'max_features': 0.37100826976940143, 'overlap': 0.56608024445417, 'max_lag': 13}. Best is trial 62 with value: 0.7437957255839097.
Skipping probe: too short (len=982, chunk_size=1700)
Skipping probe: too short (len=1604, chunk_size=1700)
Skipping probe: too short (len=559, chunk_size=1700)
Skipping probe: too short (len=1563, chunk_size=1700)
Skipping probe: too short (len=1335, chunk_size=1700)
Skipping probe: too short (len=906, chunk_size=1700)
Skipping probe: too short (len=1023, chunk_size=1700)
Skipping probe: too short (len=1349, chunk_size=1700)
Skipping probe: too short (len=1450, chunk_size=1700)
Skipping probe: too short (len=1454, chunk_size=1700)
Skipping probe: too short (len=1266, chunk_size=1700)
Skipping probe: too short (len=834, chunk_size=1700)
Skipping probe: too short (len=1506, chunk_size=1700)
Skipping probe: too short (len=670, chunk_size=1700)
Skipping probe: too short (len=886, chunk_size=1700)
Skipping probe: too short (len=632, chunk_size=1700)
Skipping probe: too short (len=1619, chunk_size=1700)
Skipping probe: too short (len=1021, chunk_size=1700)
Skipping probe: too short (len=1023, chunk_size=1700)
Skipping probe: too short (len=559, chunk_size=1700)
Skipping probe: too short (len=1563, chunk_size=1700)
Skipping probe: too short (len=1335, chunk_size=1700)
Skipping probe: too short (len=906, chunk_size=1700)
Skipping probe: too short (len=1619, chunk_size=1700)
Skipping probe: too short (len=1349, chunk_size=1700)
Skipping probe: too short (len=1454, chunk_size=1700)
Skipping probe: too short (len=1450, chunk_size=1700)
Skipping probe: too short (len=982, chunk_size=1700)
Skipping probe: too short (len=834, chunk_size=1700)
Skipping probe: too short (len=1506, chunk_size=1700)
Skipping probe: too short (len=1604, chunk_size=1700)
Skipping probe: too short (len=670, chunk_size=1700)
Skipping probe: too short (len=886, chunk_size=1700)
Skipping probe: too short (len=1021, chunk_size=1700)
Skipping probe: too short (len=1266, chunk_size=1700)
Skipping probe: too short (len=632, chunk_size=1700)
Skipping probe: too short (len=559, chunk_size=1700)
Skipping probe: too short (len=1563, chunk_size=1700)
Skipping probe: too short (len=1335, chunk_size=1700)
Skipping probe: too short (len=906, chunk_size=1700)
Skipping probe: too short (len=1266, chunk_size=1700)
Skipping probe: too short (len=1619, chunk_size=1700)
Skipping probe: too short (len=834, chunk_size=1700)
Skipping probe: too short (len=1506, chunk_size=1700)
Skipping probe: too short (len=1450, chunk_size=1700)
Skipping probe: too short (len=1023, chunk_size=1700)
Skipping probe: too short (len=632, chunk_size=1700)
Skipping probe: too short (len=670, chunk_size=1700)
Skipping probe: too short (len=886, chunk_size=1700)
Skipping probe: too short (len=1021, chunk_size=1700)
Skipping probe: too short (len=1454, chunk_size=1700)
Skipping probe: too short (len=1349, chunk_size=1700)
Skipping probe: too short (len=982, chunk_size=1700)
Skipping probe: too short (len=1604, chunk_size=1700)
Skipping probe: too short (len=1450, chunk_size=1700)
Skipping probe: too short (len=1349, chunk_size=1700)
Skipping probe: too short (len=834, chunk_size=1700)
Skipping probe: too short (len=1506, chunk_size=1700)
Skipping probe: too short (len=1023, chunk_size=1700)
Skipping probe: too short (len=1454, chunk_size=1700)
Skipping probe: too short (len=1266, chunk_size=1700)
Skipping probe: too short (len=1619, chunk_size=1700)
Skipping probe: too short (len=1604, chunk_size=1700)
Skipping probe: too short (len=670, chunk_size=1700)
Skipping probe: too short (len=886, chunk_size=1700)
Skipping probe: too short (len=982, chunk_size=1700)
Skipping probe: too short (len=632, chunk_size=1700)
Skipping probe: too short (len=1021, chunk_size=1700)
Skipping probe: too short (len=559, chunk_size=1700)
Skipping probe: too short (len=1563, chunk_size=1700)
Skipping probe: too short (len=1335, chunk_size=1700)
Skipping probe: too short (len=906, chunk_size=1700)
Skipping probe: too short (len=1604, chunk_size=1700)
Skipping probe: too short (len=982, chunk_size=1700)
Skipping probe: too short (len=1266, chunk_size=1700)
Skipping probe: too short (len=1619, chunk_size=1700)
Skipping probe: too short (len=1349, chunk_size=1700)
Skipping probe: too short (len=1454, chunk_size=1700)
Skipping probe: too short (len=559, chunk_size=1700)
Skipping probe: too short (len=1563, chunk_size=1700)
Skipping probe: too short (len=1335, chunk_size=1700)
Skipping probe: too short (len=906, chunk_size=1700)
Skipping probe: too short (len=1021, chunk_size=1700)
Skipping probe: too short (len=632, chunk_size=1700)
Skipping probe: too short (len=1450, chunk_size=1700)
Skipping probe: too short (len=834, chunk_size=1700)
Skipping probe: too short (len=1506, chunk_size=1700)
Skipping probe: too short (len=1023, chunk_size=1700)
Skipping probe: too short (len=670, chunk_size=1700)
Skipping probe: too short (len=886, chunk_size=1700)
Trial 68 F1s - Weighted: 0.7372 | Macro: 0.2275 | Micro: 0.7365

[I 2026-02-26 00:48:47,360] Trial 68 finished with value: 0.7371948440600071 and parameters: {'chunk_seconds': 17, 'num_freqs': 14, 'num_estimators': 64, 'max_depth': 16, 'max_features': 0.3315531751201476, 'overlap': 0.6258298770345928, 'max_lag': 13}. Best is trial 62 with value: 0.7437957255839097.
Skipping probe: too short (len=559, chunk_size=1500)
Skipping probe: too short (len=1335, chunk_size=1500)
Skipping probe: too short (len=906, chunk_size=1500)
Skipping probe: too short (len=1023, chunk_size=1500)
Skipping probe: too short (len=1450, chunk_size=1500)
Skipping probe: too short (len=1349, chunk_size=1500)
Skipping probe: too short (len=982, chunk_size=1500)
Skipping probe: too short (len=834, chunk_size=1500)
Skipping probe: too short (len=1454, chunk_size=1500)
Skipping probe: too short (len=1266, chunk_size=1500)
Skipping probe: too short (len=632, chunk_size=1500)
Skipping probe: too short (len=670, chunk_size=1500)
Skipping probe: too short (len=886, chunk_size=1500)
Skipping probe: too short (len=1021, chunk_size=1500)
Skipping probe: too short (len=559, chunk_size=1500)
Skipping probe: too short (len=1335, chunk_size=1500)
Skipping probe: too short (len=906, chunk_size=1500)
Skipping probe: too short (len=1023, chunk_size=1500)
Skipping probe: too short (len=1454, chunk_size=1500)
Skipping probe: too short (len=1349, chunk_size=1500)
Skipping probe: too short (len=834, chunk_size=1500)
Skipping probe: too short (len=1450, chunk_size=1500)
Skipping probe: too short (len=670, chunk_size=1500)
Skipping probe: too short (len=886, chunk_size=1500)
Skipping probe: too short (len=1021, chunk_size=1500)
Skipping probe: too short (len=982, chunk_size=1500)
Skipping probe: too short (len=1266, chunk_size=1500)
Skipping probe: too short (len=632, chunk_size=1500)
[I 2026-02-26 01:00:04,023] Trial 69 pruned. 
Skipping probe: too short (len=982, chunk_size=1800)
Skipping probe: too short (len=1450, chunk_size=1800)
Skipping probe: too short (len=1349, chunk_size=1800)
Skipping probe: too short (len=1454, chunk_size=1800)
Skipping probe: too short (len=834, chunk_size=1800)
Skipping probe: too short (len=1506, chunk_size=1800)
Skipping probe: too short (len=1604, chunk_size=1800)
Skipping probe: too short (len=559, chunk_size=1800)
Skipping probe: too short (len=1563, chunk_size=1800)
Skipping probe: too short (len=1335, chunk_size=1800)
Skipping probe: too short (len=906, chunk_size=1800)
Skipping probe: too short (len=1023, chunk_size=1800)
Skipping probe: too short (len=1266, chunk_size=1800)
Skipping probe: too short (len=1763, chunk_size=1800)
Skipping probe: too short (len=670, chunk_size=1800)
Skipping probe: too short (len=886, chunk_size=1800)
Skipping probe: too short (len=632, chunk_size=1800)
Skipping probe: too short (len=1619, chunk_size=1800)
Skipping probe: too short (len=1021, chunk_size=1800)
Skipping probe: too short (len=1349, chunk_size=1800)
Skipping probe: too short (len=834, chunk_size=1800)
Skipping probe: too short (len=1506, chunk_size=1800)
Skipping probe: too short (len=1454, chunk_size=1800)
Skipping probe: too short (len=1619, chunk_size=1800)
Skipping probe: too short (len=982, chunk_size=1800)
Skipping probe: too short (len=1450, chunk_size=1800)
Skipping probe: too short (len=1023, chunk_size=1800)
Skipping probe: too short (len=1763, chunk_size=1800)
Skipping probe: too short (len=559, chunk_size=1800)
Skipping probe: too short (len=1563, chunk_size=1800)
Skipping probe: too short (len=1335, chunk_size=1800)
Skipping probe: too short (len=906, chunk_size=1800)
Skipping probe: too short (len=1604, chunk_size=1800)
Skipping probe: too short (len=670, chunk_size=1800)
Skipping probe: too short (len=886, chunk_size=1800)
Skipping probe: too short (len=1021, chunk_size=1800)
Skipping probe: too short (len=632, chunk_size=1800)
Skipping probe: too short (len=1266, chunk_size=1800)
[I 2026-02-26 01:06:29,293] Trial 70 pruned. 
Skipping probe: too short (len=559, chunk_size=1700)
Skipping probe: too short (len=1563, chunk_size=1700)
Skipping probe: too short (len=1335, chunk_size=1700)
Skipping probe: too short (len=906, chunk_size=1700)
Skipping probe: too short (len=1349, chunk_size=1700)
Skipping probe: too short (len=982, chunk_size=1700)
Skipping probe: too short (len=1604, chunk_size=1700)
Skipping probe: too short (len=1454, chunk_size=1700)
Skipping probe: too short (len=834, chunk_size=1700)
Skipping probe: too short (len=1506, chunk_size=1700)
Skipping probe: too short (len=1450, chunk_size=1700)
Skipping probe: too short (len=1023, chunk_size=1700)
Skipping probe: too short (len=1266, chunk_size=1700)
Skipping probe: too short (len=670, chunk_size=1700)
Skipping probe: too short (len=886, chunk_size=1700)
Skipping probe: too short (len=632, chunk_size=1700)
Skipping probe: too short (len=1619, chunk_size=1700)
Skipping probe: too short (len=1021, chunk_size=1700)
Skipping probe: too short (len=1450, chunk_size=1700)
Skipping probe: too short (len=834, chunk_size=1700)
Skipping probe: too short (len=1506, chunk_size=1700)
Skipping probe: too short (len=1023, chunk_size=1700)
Skipping probe: too short (len=559, chunk_size=1700)
Skipping probe: too short (len=1563, chunk_size=1700)
Skipping probe: too short (len=1335, chunk_size=1700)
Skipping probe: too short (len=906, chunk_size=1700)
Skipping probe: too short (len=1349, chunk_size=1700)
Skipping probe: too short (len=1454, chunk_size=1700)
Skipping probe: too short (len=1619, chunk_size=1700)
Skipping probe: too short (len=1604, chunk_size=1700)
Skipping probe: too short (len=982, chunk_size=1700)
Skipping probe: too short (len=670, chunk_size=1700)
Skipping probe: too short (len=886, chunk_size=1700)
Skipping probe: too short (len=1021, chunk_size=1700)
Skipping probe: too short (len=1266, chunk_size=1700)
Skipping probe: too short (len=632, chunk_size=1700)
Skipping probe: too short (len=834, chunk_size=1700)
Skipping probe: too short (len=1506, chunk_size=1700)
Skipping probe: too short (len=1619, chunk_size=1700)
Skipping probe: too short (len=1450, chunk_size=1700)
Skipping probe: too short (len=559, chunk_size=1700)
Skipping probe: too short (len=1563, chunk_size=1700)
Skipping probe: too short (len=1335, chunk_size=1700)
Skipping probe: too short (len=906, chunk_size=1700)
Skipping probe: too short (len=1023, chunk_size=1700)
Skipping probe: too short (len=1266, chunk_size=1700)
Skipping probe: too short (len=670, chunk_size=1700)
Skipping probe: too short (len=886, chunk_size=1700)
Skipping probe: too short (len=632, chunk_size=1700)
Skipping probe: too short (len=1021, chunk_size=1700)
Skipping probe: too short (len=1454, chunk_size=1700)
Skipping probe: too short (len=1349, chunk_size=1700)
Skipping probe: too short (len=1604, chunk_size=1700)
Skipping probe: too short (len=982, chunk_size=1700)
Skipping probe: too short (len=834, chunk_size=1700)
Skipping probe: too short (len=1506, chunk_size=1700)
Skipping probe: too short (len=1349, chunk_size=1700)
Skipping probe: too short (len=1454, chunk_size=1700)
Skipping probe: too short (len=1450, chunk_size=1700)
Skipping probe: too short (len=1023, chunk_size=1700)
Skipping probe: too short (len=1266, chunk_size=1700)
Skipping probe: too short (len=982, chunk_size=1700)
Skipping probe: too short (len=1604, chunk_size=1700)
Skipping probe: too short (len=670, chunk_size=1700)
Skipping probe: too short (len=886, chunk_size=1700)
Skipping probe: too short (len=1619, chunk_size=1700)
Skipping probe: too short (len=1021, chunk_size=1700)
Skipping probe: too short (len=632, chunk_size=1700)
Skipping probe: too short (len=559, chunk_size=1700)
Skipping probe: too short (len=1563, chunk_size=1700)
Skipping probe: too short (len=1335, chunk_size=1700)
Skipping probe: too short (len=906, chunk_size=1700)
Skipping probe: too short (len=1619, chunk_size=1700)
Skipping probe: too short (len=1454, chunk_size=1700)
Skipping probe: too short (len=1266, chunk_size=1700)
Skipping probe: too short (len=559, chunk_size=1700)
Skipping probe: too short (len=1563, chunk_size=1700)
Skipping probe: too short (len=1335, chunk_size=1700)
Skipping probe: too short (len=906, chunk_size=1700)
Skipping probe: too short (len=1349, chunk_size=1700)
Skipping probe: too short (len=1604, chunk_size=1700)
Skipping probe: too short (len=982, chunk_size=1700)
Skipping probe: too short (len=632, chunk_size=1700)
Skipping probe: too short (len=1021, chunk_size=1700)
Skipping probe: too short (len=1450, chunk_size=1700)
Skipping probe: too short (len=1023, chunk_size=1700)
Skipping probe: too short (len=834, chunk_size=1700)
Skipping probe: too short (len=1506, chunk_size=1700)
Skipping probe: too short (len=670, chunk_size=1700)
Skipping probe: too short (len=886, chunk_size=1700)
Trial 71 F1s - Weighted: 0.7443 | Macro: 0.2382 | Micro: 0.7458

[I 2026-02-26 01:22:25,795] Trial 71 finished with value: 0.7443010149951385 and parameters: {'chunk_seconds': 17, 'num_freqs': 12, 'num_estimators': 64, 'max_depth': 16, 'max_features': 0.36880505313726136, 'overlap': 0.5761662935145593, 'max_lag': 15}. Best is trial 71 with value: 0.7443010149951385.
Skipping probe: too short (len=1450, chunk_size=1600)
Skipping probe: too short (len=1023, chunk_size=1600)
Skipping probe: too short (len=834, chunk_size=1600)
Skipping probe: too short (len=1506, chunk_size=1600)
Skipping probe: too short (len=982, chunk_size=1600)
Skipping probe: too short (len=1349, chunk_size=1600)
Skipping probe: too short (len=1454, chunk_size=1600)
Skipping probe: too short (len=559, chunk_size=1600)
Skipping probe: too short (len=1563, chunk_size=1600)
Skipping probe: too short (len=1335, chunk_size=1600)
Skipping probe: too short (len=906, chunk_size=1600)
Skipping probe: too short (len=1266, chunk_size=1600)
Skipping probe: too short (len=670, chunk_size=1600)
Skipping probe: too short (len=886, chunk_size=1600)
Skipping probe: too short (len=632, chunk_size=1600)
Skipping probe: too short (len=1021, chunk_size=1600)
Skipping probe: too short (len=559, chunk_size=1600)
Skipping probe: too short (len=1563, chunk_size=1600)
Skipping probe: too short (len=1335, chunk_size=1600)
Skipping probe: too short (len=906, chunk_size=1600)
Skipping probe: too short (len=1023, chunk_size=1600)
Skipping probe: too short (len=1349, chunk_size=1600)
Skipping probe: too short (len=982, chunk_size=1600)
Skipping probe: too short (len=1450, chunk_size=1600)
Skipping probe: too short (len=834, chunk_size=1600)
Skipping probe: too short (len=1506, chunk_size=1600)
Skipping probe: too short (len=1454, chunk_size=1600)
Skipping probe: too short (len=670, chunk_size=1600)
Skipping probe: too short (len=886, chunk_size=1600)
Skipping probe: too short (len=1021, chunk_size=1600)
Skipping probe: too short (len=1266, chunk_size=1600)
Skipping probe: too short (len=632, chunk_size=1600)
Skipping probe: too short (len=559, chunk_size=1600)
Skipping probe: too short (len=1563, chunk_size=1600)
Skipping probe: too short (len=1335, chunk_size=1600)
Skipping probe: too short (len=906, chunk_size=1600)
Skipping probe: too short (len=834, chunk_size=1600)
Skipping probe: too short (len=1506, chunk_size=1600)
Skipping probe: too short (len=1023, chunk_size=1600)
Skipping probe: too short (len=1450, chunk_size=1600)
Skipping probe: too short (len=1266, chunk_size=1600)
Skipping probe: too short (len=670, chunk_size=1600)
Skipping probe: too short (len=886, chunk_size=1600)
Skipping probe: too short (len=1021, chunk_size=1600)
Skipping probe: too short (len=632, chunk_size=1600)
Skipping probe: too short (len=1454, chunk_size=1600)
Skipping probe: too short (len=982, chunk_size=1600)
Skipping probe: too short (len=1349, chunk_size=1600)
Skipping probe: too short (len=1454, chunk_size=1600)
Skipping probe: too short (len=834, chunk_size=1600)
Skipping probe: too short (len=1506, chunk_size=1600)
Skipping probe: too short (len=1349, chunk_size=1600)
Skipping probe: too short (len=1023, chunk_size=1600)
Skipping probe: too short (len=1450, chunk_size=1600)
Skipping probe: too short (len=982, chunk_size=1600)
Skipping probe: too short (len=1266, chunk_size=1600)
Skipping probe: too short (len=670, chunk_size=1600)
Skipping probe: too short (len=886, chunk_size=1600)
Skipping probe: too short (len=1021, chunk_size=1600)
Skipping probe: too short (len=632, chunk_size=1600)
Skipping probe: too short (len=559, chunk_size=1600)
Skipping probe: too short (len=1563, chunk_size=1600)
Skipping probe: too short (len=1335, chunk_size=1600)
Skipping probe: too short (len=906, chunk_size=1600)
Skipping probe: too short (len=1349, chunk_size=1600)
Skipping probe: too short (len=1454, chunk_size=1600)
Skipping probe: too short (len=559, chunk_size=1600)
Skipping probe: too short (len=1563, chunk_size=1600)
Skipping probe: too short (len=1335, chunk_size=1600)
Skipping probe: too short (len=906, chunk_size=1600)
Skipping probe: too short (len=982, chunk_size=1600)
Skipping probe: too short (len=1266, chunk_size=1600)
Skipping probe: too short (len=1021, chunk_size=1600)
Skipping probe: too short (len=632, chunk_size=1600)
Skipping probe: too short (len=1450, chunk_size=1600)
Skipping probe: too short (len=1023, chunk_size=1600)
Skipping probe: too short (len=834, chunk_size=1600)
Skipping probe: too short (len=1506, chunk_size=1600)
Skipping probe: too short (len=670, chunk_size=1600)
Skipping probe: too short (len=886, chunk_size=1600)
Trial 72 F1s - Weighted: 0.7385 | Macro: 0.2333 | Micro: 0.7383

[I 2026-02-26 01:40:22,939] Trial 72 finished with value: 0.7384525753520608 and parameters: {'chunk_seconds': 16, 'num_freqs': 14, 'num_estimators': 64, 'max_depth': 16, 'max_features': 0.38394007799534535, 'overlap': 0.6126735336405097, 'max_lag': 15}. Best is trial 71 with value: 0.7443010149951385.
Skipping probe: too short (len=1349, chunk_size=1700)
Skipping probe: too short (len=1450, chunk_size=1700)
Skipping probe: too short (len=1023, chunk_size=1700)
Skipping probe: too short (len=1454, chunk_size=1700)
Skipping probe: too short (len=1266, chunk_size=1700)
Skipping probe: too short (len=559, chunk_size=1700)
Skipping probe: too short (len=1563, chunk_size=1700)
Skipping probe: too short (len=1335, chunk_size=1700)
Skipping probe: too short (len=906, chunk_size=1700)
Skipping probe: too short (len=834, chunk_size=1700)
Skipping probe: too short (len=1506, chunk_size=1700)
Skipping probe: too short (len=1604, chunk_size=1700)
Skipping probe: too short (len=670, chunk_size=1700)
Skipping probe: too short (len=886, chunk_size=1700)
Skipping probe: too short (len=982, chunk_size=1700)
Skipping probe: too short (len=632, chunk_size=1700)
Skipping probe: too short (len=1619, chunk_size=1700)
Skipping probe: too short (len=1021, chunk_size=1700)
Skipping probe: too short (len=834, chunk_size=1700)
Skipping probe: too short (len=1506, chunk_size=1700)
Skipping probe: too short (len=1349, chunk_size=1700)
Skipping probe: too short (len=1619, chunk_size=1700)
Skipping probe: too short (len=1454, chunk_size=1700)
Skipping probe: too short (len=1023, chunk_size=1700)
Skipping probe: too short (len=1450, chunk_size=1700)
Skipping probe: too short (len=1604, chunk_size=1700)
Skipping probe: too short (len=982, chunk_size=1700)
Skipping probe: too short (len=559, chunk_size=1700)
Skipping probe: too short (len=1563, chunk_size=1700)
Skipping probe: too short (len=1335, chunk_size=1700)
Skipping probe: too short (len=906, chunk_size=1700)
Skipping probe: too short (len=1021, chunk_size=1700)
Skipping probe: too short (len=670, chunk_size=1700)
Skipping probe: too short (len=886, chunk_size=1700)
Skipping probe: too short (len=1266, chunk_size=1700)
Skipping probe: too short (len=632, chunk_size=1700)
Skipping probe: too short (len=834, chunk_size=1700)
Skipping probe: too short (len=1506, chunk_size=1700)
Skipping probe: too short (len=1023, chunk_size=1700)
Skipping probe: too short (len=559, chunk_size=1700)
Skipping probe: too short (len=1563, chunk_size=1700)
Skipping probe: too short (len=1335, chunk_size=1700)
Skipping probe: too short (len=906, chunk_size=1700)
Skipping probe: too short (len=1266, chunk_size=1700)
Skipping probe: too short (len=1450, chunk_size=1700)
Skipping probe: too short (len=1619, chunk_size=1700)
Skipping probe: too short (len=632, chunk_size=1700)
Skipping probe: too short (len=670, chunk_size=1700)
Skipping probe: too short (len=886, chunk_size=1700)
Skipping probe: too short (len=1021, chunk_size=1700)
Skipping probe: too short (len=982, chunk_size=1700)
Skipping probe: too short (len=1454, chunk_size=1700)
Skipping probe: too short (len=1604, chunk_size=1700)
Skipping probe: too short (len=1349, chunk_size=1700)
Skipping probe: too short (len=1454, chunk_size=1700)
Skipping probe: too short (len=1266, chunk_size=1700)
Skipping probe: too short (len=1604, chunk_size=1700)
Skipping probe: too short (len=1349, chunk_size=1700)
Skipping probe: too short (len=1023, chunk_size=1700)
Skipping probe: too short (len=982, chunk_size=1700)
Skipping probe: too short (len=834, chunk_size=1700)
Skipping probe: too short (len=1506, chunk_size=1700)
Skipping probe: too short (len=1619, chunk_size=1700)
Skipping probe: too short (len=1450, chunk_size=1700)
Skipping probe: too short (len=670, chunk_size=1700)
Skipping probe: too short (len=886, chunk_size=1700)
Skipping probe: too short (len=1021, chunk_size=1700)
Skipping probe: too short (len=632, chunk_size=1700)
Skipping probe: too short (len=559, chunk_size=1700)
Skipping probe: too short (len=1563, chunk_size=1700)
Skipping probe: too short (len=1335, chunk_size=1700)
Skipping probe: too short (len=906, chunk_size=1700)
Skipping probe: too short (len=1266, chunk_size=1700)
Skipping probe: too short (len=982, chunk_size=1700)
Skipping probe: too short (len=1454, chunk_size=1700)
Skipping probe: too short (len=1619, chunk_size=1700)
Skipping probe: too short (len=559, chunk_size=1700)
Skipping probe: too short (len=1563, chunk_size=1700)
Skipping probe: too short (len=1335, chunk_size=1700)
Skipping probe: too short (len=906, chunk_size=1700)
Skipping probe: too short (len=1604, chunk_size=1700)
Skipping probe: too short (len=1349, chunk_size=1700)
Skipping probe: too short (len=632, chunk_size=1700)
Skipping probe: too short (len=1021, chunk_size=1700)
Skipping probe: too short (len=1450, chunk_size=1700)
Skipping probe: too short (len=1023, chunk_size=1700)
Skipping probe: too short (len=834, chunk_size=1700)
Skipping probe: too short (len=1506, chunk_size=1700)
Skipping probe: too short (len=670, chunk_size=1700)
Skipping probe: too short (len=886, chunk_size=1700)
Trial 73 F1s - Weighted: 0.7435 | Macro: 0.2315 | Micro: 0.7467

[I 2026-02-26 01:55:57,592] Trial 73 finished with value: 0.7435253074937289 and parameters: {'chunk_seconds': 17, 'num_freqs': 11, 'num_estimators': 64, 'max_depth': 16, 'max_features': 0.35098401848794036, 'overlap': 0.5869096073499875, 'max_lag': 15}. Best is trial 71 with value: 0.7443010149951385.
Skipping probe: too short (len=1450, chunk_size=1800)
Skipping probe: too short (len=1023, chunk_size=1800)
Skipping probe: too short (len=1604, chunk_size=1800)
Skipping probe: too short (len=834, chunk_size=1800)
Skipping probe: too short (len=1506, chunk_size=1800)
Skipping probe: too short (len=1349, chunk_size=1800)
Skipping probe: too short (len=1454, chunk_size=1800)
Skipping probe: too short (len=559, chunk_size=1800)
Skipping probe: too short (len=1563, chunk_size=1800)
Skipping probe: too short (len=1335, chunk_size=1800)
Skipping probe: too short (len=906, chunk_size=1800)
Skipping probe: too short (len=1266, chunk_size=1800)
Skipping probe: too short (len=982, chunk_size=1800)
Skipping probe: too short (len=1763, chunk_size=1800)
Skipping probe: too short (len=670, chunk_size=1800)
Skipping probe: too short (len=886, chunk_size=1800)
Skipping probe: too short (len=632, chunk_size=1800)
Skipping probe: too short (len=1619, chunk_size=1800)
Skipping probe: too short (len=1021, chunk_size=1800)
Skipping probe: too short (len=982, chunk_size=1800)
Skipping probe: too short (len=1604, chunk_size=1800)
Skipping probe: too short (len=1349, chunk_size=1800)
Skipping probe: too short (len=1454, chunk_size=1800)
Skipping probe: too short (len=1450, chunk_size=1800)
Skipping probe: too short (len=834, chunk_size=1800)
Skipping probe: too short (len=1506, chunk_size=1800)
Skipping probe: too short (len=1023, chunk_size=1800)
Skipping probe: too short (len=1619, chunk_size=1800)
Skipping probe: too short (len=1763, chunk_size=1800)
Skipping probe: too short (len=559, chunk_size=1800)
Skipping probe: too short (len=1563, chunk_size=1800)
Skipping probe: too short (len=1335, chunk_size=1800)
Skipping probe: too short (len=906, chunk_size=1800)
Skipping probe: too short (len=670, chunk_size=1800)
Skipping probe: too short (len=886, chunk_size=1800)
Skipping probe: too short (len=1021, chunk_size=1800)
Skipping probe: too short (len=1266, chunk_size=1800)
Skipping probe: too short (len=632, chunk_size=1800)
Skipping probe: too short (len=1023, chunk_size=1800)
Skipping probe: too short (len=559, chunk_size=1800)
Skipping probe: too short (len=1563, chunk_size=1800)
Skipping probe: too short (len=1335, chunk_size=1800)
Skipping probe: too short (len=906, chunk_size=1800)
Skipping probe: too short (len=1450, chunk_size=1800)
Skipping probe: too short (len=834, chunk_size=1800)
Skipping probe: too short (len=1506, chunk_size=1800)
Skipping probe: too short (len=1619, chunk_size=1800)
Skipping probe: too short (len=670, chunk_size=1800)
Skipping probe: too short (len=886, chunk_size=1800)
Skipping probe: too short (len=1266, chunk_size=1800)
Skipping probe: too short (len=1021, chunk_size=1800)
Skipping probe: too short (len=632, chunk_size=1800)
Skipping probe: too short (len=1454, chunk_size=1800)
Skipping probe: too short (len=1349, chunk_size=1800)
Skipping probe: too short (len=982, chunk_size=1800)
Skipping probe: too short (len=1763, chunk_size=1800)
Skipping probe: too short (len=1604, chunk_size=1800)
Skipping probe: too short (len=834, chunk_size=1800)
Skipping probe: too short (len=1506, chunk_size=1800)
Skipping probe: too short (len=1619, chunk_size=1800)
Skipping probe: too short (len=1023, chunk_size=1800)
Skipping probe: too short (len=1266, chunk_size=1800)
Skipping probe: too short (len=1454, chunk_size=1800)
Skipping probe: too short (len=1450, chunk_size=1800)
Skipping probe: too short (len=1349, chunk_size=1800)
Skipping probe: too short (len=1604, chunk_size=1800)
Skipping probe: too short (len=1763, chunk_size=1800)
Skipping probe: too short (len=982, chunk_size=1800)
Skipping probe: too short (len=1021, chunk_size=1800)
Skipping probe: too short (len=670, chunk_size=1800)
Skipping probe: too short (len=886, chunk_size=1800)
Skipping probe: too short (len=632, chunk_size=1800)
Skipping probe: too short (len=559, chunk_size=1800)
Skipping probe: too short (len=1563, chunk_size=1800)
Skipping probe: too short (len=1335, chunk_size=1800)
Skipping probe: too short (len=906, chunk_size=1800)
Skipping probe: too short (len=559, chunk_size=1800)
Skipping probe: too short (len=1563, chunk_size=1800)
Skipping probe: too short (len=1335, chunk_size=1800)
Skipping probe: too short (len=906, chunk_size=1800)
Skipping probe: too short (len=1604, chunk_size=1800)
Skipping probe: too short (len=1454, chunk_size=1800)
Skipping probe: too short (len=1349, chunk_size=1800)
Skipping probe: too short (len=982, chunk_size=1800)
Skipping probe: too short (len=1266, chunk_size=1800)
Skipping probe: too short (len=1619, chunk_size=1800)
Skipping probe: too short (len=1763, chunk_size=1800)
Skipping probe: too short (len=632, chunk_size=1800)
Skipping probe: too short (len=1021, chunk_size=1800)
Skipping probe: too short (len=1023, chunk_size=1800)
Skipping probe: too short (len=1450, chunk_size=1800)
Skipping probe: too short (len=834, chunk_size=1800)
Skipping probe: too short (len=1506, chunk_size=1800)
Skipping probe: too short (len=670, chunk_size=1800)
Skipping probe: too short (len=886, chunk_size=1800)
Trial 74 F1s - Weighted: 0.7385 | Macro: 0.2264 | Micro: 0.7410

[I 2026-02-26 02:10:20,062] Trial 74 finished with value: 0.7385144245498338 and parameters: {'chunk_seconds': 18, 'num_freqs': 11, 'num_estimators': 64, 'max_depth': 16, 'max_features': 0.3446552006284389, 'overlap': 0.5735956622859099, 'max_lag': 14}. Best is trial 71 with value: 0.7443010149951385.
Skipping probe: too short (len=1023, chunk_size=1900)
Skipping probe: too short (len=1604, chunk_size=1900)
Skipping probe: too short (len=834, chunk_size=1900)
Skipping probe: too short (len=1506, chunk_size=1900)
Skipping probe: too short (len=1454, chunk_size=1900)
Skipping probe: too short (len=982, chunk_size=1900)
Skipping probe: too short (len=1349, chunk_size=1900)
Skipping probe: too short (len=1450, chunk_size=1900)
Skipping probe: too short (len=1266, chunk_size=1900)
Skipping probe: too short (len=559, chunk_size=1900)
Skipping probe: too short (len=1563, chunk_size=1900)
Skipping probe: too short (len=1335, chunk_size=1900)
Skipping probe: too short (len=906, chunk_size=1900)
Skipping probe: too short (len=670, chunk_size=1900)
Skipping probe: too short (len=886, chunk_size=1900)
Skipping probe: too short (len=1763, chunk_size=1900)
Skipping probe: too short (len=632, chunk_size=1900)
Skipping probe: too short (len=1619, chunk_size=1900)
Skipping probe: too short (len=1880, chunk_size=1900)
Skipping probe: too short (len=1871, chunk_size=1900)
Skipping probe: too short (len=1021, chunk_size=1900)
Skipping probe: too short (len=834, chunk_size=1900)
Skipping probe: too short (len=1506, chunk_size=1900)
Skipping probe: too short (len=1349, chunk_size=1900)
Skipping probe: too short (len=982, chunk_size=1900)
Skipping probe: too short (len=1023, chunk_size=1900)
Skipping probe: too short (len=1604, chunk_size=1900)
Skipping probe: too short (len=1450, chunk_size=1900)
Skipping probe: too short (len=1454, chunk_size=1900)
Skipping probe: too short (len=559, chunk_size=1900)
Skipping probe: too short (len=1563, chunk_size=1900)
Skipping probe: too short (len=1335, chunk_size=1900)
Skipping probe: too short (len=906, chunk_size=1900)
Skipping probe: too short (len=1619, chunk_size=1900)
Skipping probe: too short (len=1763, chunk_size=1900)
Skipping probe: too short (len=670, chunk_size=1900)
Skipping probe: too short (len=886, chunk_size=1900)
Skipping probe: too short (len=1871, chunk_size=1900)
Skipping probe: too short (len=1021, chunk_size=1900)
Skipping probe: too short (len=1880, chunk_size=1900)
Skipping probe: too short (len=1266, chunk_size=1900)
Skipping probe: too short (len=632, chunk_size=1900)
Skipping probe: too short (len=1266, chunk_size=1900)
Skipping probe: too short (len=1450, chunk_size=1900)
Skipping probe: too short (len=834, chunk_size=1900)
Skipping probe: too short (len=1506, chunk_size=1900)
Skipping probe: too short (len=1619, chunk_size=1900)
Skipping probe: too short (len=1023, chunk_size=1900)
Skipping probe: too short (len=559, chunk_size=1900)
Skipping probe: too short (len=1563, chunk_size=1900)
Skipping probe: too short (len=1335, chunk_size=1900)
Skipping probe: too short (len=906, chunk_size=1900)
Skipping probe: too short (len=670, chunk_size=1900)
Skipping probe: too short (len=886, chunk_size=1900)
Skipping probe: too short (len=1880, chunk_size=1900)
Skipping probe: too short (len=632, chunk_size=1900)
Skipping probe: too short (len=1871, chunk_size=1900)
Skipping probe: too short (len=1021, chunk_size=1900)
Skipping probe: too short (len=1454, chunk_size=1900)
Skipping probe: too short (len=982, chunk_size=1900)
Skipping probe: too short (len=1349, chunk_size=1900)
Skipping probe: too short (len=1763, chunk_size=1900)
Skipping probe: too short (len=1604, chunk_size=1900)
[I 2026-02-26 02:19:02,277] Trial 75 pruned. 
Skipping probe: too short (len=1604, chunk_size=1800)
Skipping probe: too short (len=1450, chunk_size=1800)
Skipping probe: too short (len=1023, chunk_size=1800)
Skipping probe: too short (len=1454, chunk_size=1800)
Skipping probe: too short (len=1349, chunk_size=1800)
Skipping probe: too short (len=982, chunk_size=1800)
Skipping probe: too short (len=559, chunk_size=1800)
Skipping probe: too short (len=1563, chunk_size=1800)
Skipping probe: too short (len=1335, chunk_size=1800)
Skipping probe: too short (len=906, chunk_size=1800)
Skipping probe: too short (len=834, chunk_size=1800)
Skipping probe: too short (len=1506, chunk_size=1800)
Skipping probe: too short (len=1266, chunk_size=1800)
Skipping probe: too short (len=1763, chunk_size=1800)
Skipping probe: too short (len=670, chunk_size=1800)
Skipping probe: too short (len=886, chunk_size=1800)
Skipping probe: too short (len=632, chunk_size=1800)
Skipping probe: too short (len=1619, chunk_size=1800)
Skipping probe: too short (len=1021, chunk_size=1800)
Skipping probe: too short (len=1450, chunk_size=1800)
Skipping probe: too short (len=1454, chunk_size=1800)
Skipping probe: too short (len=1349, chunk_size=1800)
Skipping probe: too short (len=834, chunk_size=1800)
Skipping probe: too short (len=1506, chunk_size=1800)
Skipping probe: too short (len=1763, chunk_size=1800)
Skipping probe: too short (len=1619, chunk_size=1800)
Skipping probe: too short (len=982, chunk_size=1800)
Skipping probe: too short (len=559, chunk_size=1800)
Skipping probe: too short (len=1563, chunk_size=1800)
Skipping probe: too short (len=1335, chunk_size=1800)
Skipping probe: too short (len=906, chunk_size=1800)
Skipping probe: too short (len=1604, chunk_size=1800)
Skipping probe: too short (len=1023, chunk_size=1800)
Skipping probe: too short (len=1021, chunk_size=1800)
Skipping probe: too short (len=670, chunk_size=1800)
Skipping probe: too short (len=886, chunk_size=1800)
Skipping probe: too short (len=1266, chunk_size=1800)
Skipping probe: too short (len=632, chunk_size=1800)
[I 2026-02-26 02:23:44,377] Trial 76 pruned. 
Skipping probe: too short (len=1023, chunk_size=1700)
Skipping probe: too short (len=1454, chunk_size=1700)
Skipping probe: too short (len=834, chunk_size=1700)
Skipping probe: too short (len=1506, chunk_size=1700)
Skipping probe: too short (len=1450, chunk_size=1700)
Skipping probe: too short (len=1266, chunk_size=1700)
Skipping probe: too short (len=1349, chunk_size=1700)
Skipping probe: too short (len=1604, chunk_size=1700)
Skipping probe: too short (len=559, chunk_size=1700)
Skipping probe: too short (len=1563, chunk_size=1700)
Skipping probe: too short (len=1335, chunk_size=1700)
Skipping probe: too short (len=906, chunk_size=1700)
Skipping probe: too short (len=982, chunk_size=1700)
Skipping probe: too short (len=670, chunk_size=1700)
Skipping probe: too short (len=886, chunk_size=1700)
Skipping probe: too short (len=632, chunk_size=1700)
Skipping probe: too short (len=1619, chunk_size=1700)
Skipping probe: too short (len=1021, chunk_size=1700)
Skipping probe: too short (len=1023, chunk_size=1700)
Skipping probe: too short (len=1349, chunk_size=1700)
Skipping probe: too short (len=1619, chunk_size=1700)
Skipping probe: too short (len=559, chunk_size=1700)
Skipping probe: too short (len=1563, chunk_size=1700)
Skipping probe: too short (len=1335, chunk_size=1700)
Skipping probe: too short (len=906, chunk_size=1700)
Skipping probe: too short (len=1454, chunk_size=1700)
Skipping probe: too short (len=834, chunk_size=1700)
Skipping probe: too short (len=1506, chunk_size=1700)
Skipping probe: too short (len=1604, chunk_size=1700)
Skipping probe: too short (len=1450, chunk_size=1700)
Skipping probe: too short (len=982, chunk_size=1700)
Skipping probe: too short (len=670, chunk_size=1700)
Skipping probe: too short (len=886, chunk_size=1700)
Skipping probe: too short (len=1021, chunk_size=1700)
Skipping probe: too short (len=1266, chunk_size=1700)
Skipping probe: too short (len=632, chunk_size=1700)
[I 2026-02-26 02:27:22,044] Trial 77 pruned. 
Skipping probe: too short (len=834, chunk_size=1700)
Skipping probe: too short (len=1506, chunk_size=1700)
Skipping probe: too short (len=1023, chunk_size=1700)
Skipping probe: too short (len=1454, chunk_size=1700)
Skipping probe: too short (len=1450, chunk_size=1700)
Skipping probe: too short (len=1349, chunk_size=1700)
Skipping probe: too short (len=1604, chunk_size=1700)
Skipping probe: too short (len=982, chunk_size=1700)
Skipping probe: too short (len=1266, chunk_size=1700)
Skipping probe: too short (len=559, chunk_size=1700)
Skipping probe: too short (len=1563, chunk_size=1700)
Skipping probe: too short (len=1335, chunk_size=1700)
Skipping probe: too short (len=906, chunk_size=1700)
Skipping probe: too short (len=670, chunk_size=1700)
Skipping probe: too short (len=886, chunk_size=1700)
Skipping probe: too short (len=632, chunk_size=1700)
Skipping probe: too short (len=1619, chunk_size=1700)
Skipping probe: too short (len=1021, chunk_size=1700)
Skipping probe: too short (len=1349, chunk_size=1700)
Skipping probe: too short (len=834, chunk_size=1700)
Skipping probe: too short (len=1506, chunk_size=1700)
Skipping probe: too short (len=1619, chunk_size=1700)
Skipping probe: too short (len=982, chunk_size=1700)
Skipping probe: too short (len=1604, chunk_size=1700)
Skipping probe: too short (len=1450, chunk_size=1700)
Skipping probe: too short (len=559, chunk_size=1700)
Skipping probe: too short (len=1563, chunk_size=1700)
Skipping probe: too short (len=1335, chunk_size=1700)
Skipping probe: too short (len=906, chunk_size=1700)
Skipping probe: too short (len=1023, chunk_size=1700)
Skipping probe: too short (len=1454, chunk_size=1700)
Skipping probe: too short (len=670, chunk_size=1700)
Skipping probe: too short (len=886, chunk_size=1700)
Skipping probe: too short (len=1021, chunk_size=1700)
Skipping probe: too short (len=1266, chunk_size=1700)
Skipping probe: too short (len=632, chunk_size=1700)
Skipping probe: too short (len=1023, chunk_size=1700)
Skipping probe: too short (len=834, chunk_size=1700)
Skipping probe: too short (len=1506, chunk_size=1700)
Skipping probe: too short (len=1450, chunk_size=1700)
Skipping probe: too short (len=1619, chunk_size=1700)
Skipping probe: too short (len=559, chunk_size=1700)
Skipping probe: too short (len=1563, chunk_size=1700)
Skipping probe: too short (len=1335, chunk_size=1700)
Skipping probe: too short (len=906, chunk_size=1700)
Skipping probe: too short (len=1266, chunk_size=1700)
Skipping probe: too short (len=632, chunk_size=1700)
Skipping probe: too short (len=670, chunk_size=1700)
Skipping probe: too short (len=886, chunk_size=1700)
Skipping probe: too short (len=1021, chunk_size=1700)
Skipping probe: too short (len=1454, chunk_size=1700)
Skipping probe: too short (len=1349, chunk_size=1700)
Skipping probe: too short (len=1604, chunk_size=1700)
Skipping probe: too short (len=982, chunk_size=1700)
Skipping probe: too short (len=834, chunk_size=1700)
Skipping probe: too short (len=1506, chunk_size=1700)
Skipping probe: too short (len=1023, chunk_size=1700)
Skipping probe: too short (len=1450, chunk_size=1700)
Skipping probe: too short (len=1454, chunk_size=1700)
Skipping probe: too short (len=1619, chunk_size=1700)
Skipping probe: too short (len=1349, chunk_size=1700)
Skipping probe: too short (len=1266, chunk_size=1700)
Skipping probe: too short (len=982, chunk_size=1700)
Skipping probe: too short (len=1604, chunk_size=1700)
Skipping probe: too short (len=670, chunk_size=1700)
Skipping probe: too short (len=886, chunk_size=1700)
Skipping probe: too short (len=632, chunk_size=1700)
Skipping probe: too short (len=1021, chunk_size=1700)
Skipping probe: too short (len=559, chunk_size=1700)
Skipping probe: too short (len=1563, chunk_size=1700)
Skipping probe: too short (len=1335, chunk_size=1700)
Skipping probe: too short (len=906, chunk_size=1700)
Skipping probe: too short (len=1604, chunk_size=1700)
Skipping probe: too short (len=1454, chunk_size=1700)
Skipping probe: too short (len=559, chunk_size=1700)
Skipping probe: too short (len=1563, chunk_size=1700)
Skipping probe: too short (len=1335, chunk_size=1700)
Skipping probe: too short (len=906, chunk_size=1700)
Skipping probe: too short (len=1266, chunk_size=1700)
Skipping probe: too short (len=982, chunk_size=1700)
Skipping probe: too short (len=1619, chunk_size=1700)
Skipping probe: too short (len=1349, chunk_size=1700)
Skipping probe: too short (len=632, chunk_size=1700)
Skipping probe: too short (len=1021, chunk_size=1700)
Skipping probe: too short (len=1450, chunk_size=1700)
Skipping probe: too short (len=834, chunk_size=1700)
Skipping probe: too short (len=1506, chunk_size=1700)
Skipping probe: too short (len=1023, chunk_size=1700)
Skipping probe: too short (len=670, chunk_size=1700)
Skipping probe: too short (len=886, chunk_size=1700)
Trial 78 F1s - Weighted: 0.7430 | Macro: 0.2383 | Micro: 0.7449

[I 2026-02-26 02:45:19,205] Trial 78 finished with value: 0.7429735803852536 and parameters: {'chunk_seconds': 17, 'num_freqs': 10, 'num_estimators': 64, 'max_depth': 16, 'max_features': 0.4690311564454724, 'overlap': 0.6216238954679794, 'max_lag': 15}. Best is trial 71 with value: 0.7443010149951385.
[I 2026-02-26 03:08:18,134] Trial 79 pruned. 
Skipping probe: too short (len=1454, chunk_size=1700)
Skipping probe: too short (len=1349, chunk_size=1700)
Skipping probe: too short (len=1604, chunk_size=1700)
Skipping probe: too short (len=834, chunk_size=1700)
Skipping probe: too short (len=1506, chunk_size=1700)
Skipping probe: too short (len=1450, chunk_size=1700)
Skipping probe: too short (len=1266, chunk_size=1700)
Skipping probe: too short (len=559, chunk_size=1700)
Skipping probe: too short (len=1563, chunk_size=1700)
Skipping probe: too short (len=1335, chunk_size=1700)
Skipping probe: too short (len=906, chunk_size=1700)
Skipping probe: too short (len=1023, chunk_size=1700)
Skipping probe: too short (len=982, chunk_size=1700)
Skipping probe: too short (len=632, chunk_size=1700)
Skipping probe: too short (len=670, chunk_size=1700)
Skipping probe: too short (len=886, chunk_size=1700)
Skipping probe: too short (len=1619, chunk_size=1700)
Skipping probe: too short (len=1021, chunk_size=1700)
Skipping probe: too short (len=1349, chunk_size=1700)
Skipping probe: too short (len=1619, chunk_size=1700)
Skipping probe: too short (len=1604, chunk_size=1700)
Skipping probe: too short (len=1454, chunk_size=1700)
Skipping probe: too short (len=834, chunk_size=1700)
Skipping probe: too short (len=1506, chunk_size=1700)
Skipping probe: too short (len=1023, chunk_size=1700)
Skipping probe: too short (len=1450, chunk_size=1700)
Skipping probe: too short (len=982, chunk_size=1700)
Skipping probe: too short (len=559, chunk_size=1700)
Skipping probe: too short (len=1563, chunk_size=1700)
Skipping probe: too short (len=1335, chunk_size=1700)
Skipping probe: too short (len=906, chunk_size=1700)
Skipping probe: too short (len=1021, chunk_size=1700)
Skipping probe: too short (len=670, chunk_size=1700)
Skipping probe: too short (len=886, chunk_size=1700)
Skipping probe: too short (len=1266, chunk_size=1700)
Skipping probe: too short (len=632, chunk_size=1700)
Skipping probe: too short (len=834, chunk_size=1700)
Skipping probe: too short (len=1506, chunk_size=1700)
Skipping probe: too short (len=1450, chunk_size=1700)
Skipping probe: too short (len=1266, chunk_size=1700)
Skipping probe: too short (len=1023, chunk_size=1700)
Skipping probe: too short (len=1619, chunk_size=1700)
Skipping probe: too short (len=559, chunk_size=1700)
Skipping probe: too short (len=1563, chunk_size=1700)
Skipping probe: too short (len=1335, chunk_size=1700)
Skipping probe: too short (len=906, chunk_size=1700)
Skipping probe: too short (len=1021, chunk_size=1700)
Skipping probe: too short (len=670, chunk_size=1700)
Skipping probe: too short (len=886, chunk_size=1700)
Skipping probe: too short (len=632, chunk_size=1700)
Skipping probe: too short (len=1454, chunk_size=1700)
Skipping probe: too short (len=982, chunk_size=1700)
Skipping probe: too short (len=1349, chunk_size=1700)
Skipping probe: too short (len=1604, chunk_size=1700)
Skipping probe: too short (len=1266, chunk_size=1700)
Skipping probe: too short (len=1349, chunk_size=1700)
Skipping probe: too short (len=1450, chunk_size=1700)
Skipping probe: too short (len=1604, chunk_size=1700)
Skipping probe: too short (len=1454, chunk_size=1700)
Skipping probe: too short (len=834, chunk_size=1700)
Skipping probe: too short (len=1506, chunk_size=1700)
Skipping probe: too short (len=1619, chunk_size=1700)
Skipping probe: too short (len=1023, chunk_size=1700)
Skipping probe: too short (len=982, chunk_size=1700)
Skipping probe: too short (len=670, chunk_size=1700)
Skipping probe: too short (len=886, chunk_size=1700)
Skipping probe: too short (len=632, chunk_size=1700)
Skipping probe: too short (len=1021, chunk_size=1700)
Skipping probe: too short (len=559, chunk_size=1700)
Skipping probe: too short (len=1563, chunk_size=1700)
Skipping probe: too short (len=1335, chunk_size=1700)
Skipping probe: too short (len=906, chunk_size=1700)
Skipping probe: too short (len=1266, chunk_size=1700)
Skipping probe: too short (len=982, chunk_size=1700)
Skipping probe: too short (len=1454, chunk_size=1700)
Skipping probe: too short (len=1619, chunk_size=1700)
Skipping probe: too short (len=559, chunk_size=1700)
Skipping probe: too short (len=1563, chunk_size=1700)
Skipping probe: too short (len=1335, chunk_size=1700)
Skipping probe: too short (len=906, chunk_size=1700)
Skipping probe: too short (len=1349, chunk_size=1700)
Skipping probe: too short (len=1604, chunk_size=1700)
Skipping probe: too short (len=1021, chunk_size=1700)
Skipping probe: too short (len=632, chunk_size=1700)
Skipping probe: too short (len=1450, chunk_size=1700)
Skipping probe: too short (len=834, chunk_size=1700)
Skipping probe: too short (len=1506, chunk_size=1700)
Skipping probe: too short (len=1023, chunk_size=1700)
Skipping probe: too short (len=670, chunk_size=1700)
Skipping probe: too short (len=886, chunk_size=1700)
Trial 80 F1s - Weighted: 0.7407 | Macro: 0.2295 | Micro: 0.7412

[I 2026-02-26 03:25:40,192] Trial 80 finished with value: 0.7406573312648898 and parameters: {'chunk_seconds': 17, 'num_freqs': 13, 'num_estimators': 64, 'max_depth': 16, 'max_features': 0.38377306413172585, 'overlap': 0.6254519130579649, 'max_lag': 14}. Best is trial 71 with value: 0.7443010149951385.
Skipping probe: too short (len=559, chunk_size=1700)
Skipping probe: too short (len=1563, chunk_size=1700)
Skipping probe: too short (len=1335, chunk_size=1700)
Skipping probe: too short (len=906, chunk_size=1700)
Skipping probe: too short (len=834, chunk_size=1700)
Skipping probe: too short (len=1506, chunk_size=1700)
Skipping probe: too short (len=1604, chunk_size=1700)
Skipping probe: too short (len=1454, chunk_size=1700)
Skipping probe: too short (len=1349, chunk_size=1700)
Skipping probe: too short (len=1023, chunk_size=1700)
Skipping probe: too short (len=982, chunk_size=1700)
Skipping probe: too short (len=1450, chunk_size=1700)
Skipping probe: too short (len=1266, chunk_size=1700)
Skipping probe: too short (len=670, chunk_size=1700)
Skipping probe: too short (len=886, chunk_size=1700)
Skipping probe: too short (len=632, chunk_size=1700)
Skipping probe: too short (len=1619, chunk_size=1700)
Skipping probe: too short (len=1021, chunk_size=1700)
Skipping probe: too short (len=982, chunk_size=1700)
Skipping probe: too short (len=1349, chunk_size=1700)
Skipping probe: too short (len=1023, chunk_size=1700)
Skipping probe: too short (len=1604, chunk_size=1700)
Skipping probe: too short (len=1450, chunk_size=1700)
Skipping probe: too short (len=834, chunk_size=1700)
Skipping probe: too short (len=1506, chunk_size=1700)
Skipping probe: too short (len=1619, chunk_size=1700)
Skipping probe: too short (len=1454, chunk_size=1700)
Skipping probe: too short (len=559, chunk_size=1700)
Skipping probe: too short (len=1563, chunk_size=1700)
Skipping probe: too short (len=1335, chunk_size=1700)
Skipping probe: too short (len=906, chunk_size=1700)
Skipping probe: too short (len=1021, chunk_size=1700)
Skipping probe: too short (len=670, chunk_size=1700)
Skipping probe: too short (len=886, chunk_size=1700)
Skipping probe: too short (len=1266, chunk_size=1700)
Skipping probe: too short (len=632, chunk_size=1700)
Skipping probe: too short (len=1023, chunk_size=1700)
Skipping probe: too short (len=1266, chunk_size=1700)
Skipping probe: too short (len=1450, chunk_size=1700)
Skipping probe: too short (len=1619, chunk_size=1700)
Skipping probe: too short (len=834, chunk_size=1700)
Skipping probe: too short (len=1506, chunk_size=1700)
Skipping probe: too short (len=559, chunk_size=1700)
Skipping probe: too short (len=1563, chunk_size=1700)
Skipping probe: too short (len=1335, chunk_size=1700)
Skipping probe: too short (len=906, chunk_size=1700)
Skipping probe: too short (len=670, chunk_size=1700)
Skipping probe: too short (len=886, chunk_size=1700)
Skipping probe: too short (len=1021, chunk_size=1700)
Skipping probe: too short (len=632, chunk_size=1700)
Skipping probe: too short (len=1454, chunk_size=1700)
Skipping probe: too short (len=982, chunk_size=1700)
Skipping probe: too short (len=1349, chunk_size=1700)
Skipping probe: too short (len=1604, chunk_size=1700)
Skipping probe: too short (len=1604, chunk_size=1700)
Skipping probe: too short (len=1450, chunk_size=1700)
Skipping probe: too short (len=1349, chunk_size=1700)
Skipping probe: too short (len=1619, chunk_size=1700)
Skipping probe: too short (len=834, chunk_size=1700)
Skipping probe: too short (len=1506, chunk_size=1700)
Skipping probe: too short (len=982, chunk_size=1700)
Skipping probe: too short (len=1454, chunk_size=1700)
Skipping probe: too short (len=1023, chunk_size=1700)
Skipping probe: too short (len=1266, chunk_size=1700)
Skipping probe: too short (len=670, chunk_size=1700)
Skipping probe: too short (len=886, chunk_size=1700)
Skipping probe: too short (len=632, chunk_size=1700)
Skipping probe: too short (len=1021, chunk_size=1700)
Skipping probe: too short (len=559, chunk_size=1700)
Skipping probe: too short (len=1563, chunk_size=1700)
Skipping probe: too short (len=1335, chunk_size=1700)
Skipping probe: too short (len=906, chunk_size=1700)
Skipping probe: too short (len=1454, chunk_size=1700)
Skipping probe: too short (len=1604, chunk_size=1700)
Skipping probe: too short (len=1619, chunk_size=1700)
Skipping probe: too short (len=1349, chunk_size=1700)
Skipping probe: too short (len=1266, chunk_size=1700)
Skipping probe: too short (len=982, chunk_size=1700)
Skipping probe: too short (len=559, chunk_size=1700)
Skipping probe: too short (len=1563, chunk_size=1700)
Skipping probe: too short (len=1335, chunk_size=1700)
Skipping probe: too short (len=906, chunk_size=1700)
Skipping probe: too short (len=632, chunk_size=1700)
Skipping probe: too short (len=1021, chunk_size=1700)
Skipping probe: too short (len=1450, chunk_size=1700)
Skipping probe: too short (len=1023, chunk_size=1700)
Skipping probe: too short (len=670, chunk_size=1700)
Skipping probe: too short (len=886, chunk_size=1700)
Skipping probe: too short (len=834, chunk_size=1700)
Skipping probe: too short (len=1506, chunk_size=1700)
Trial 81 F1s - Weighted: 0.7387 | Macro: 0.2314 | Micro: 0.7398

[I 2026-02-26 03:42:53,930] Trial 81 finished with value: 0.7386712349304527 and parameters: {'chunk_seconds': 17, 'num_freqs': 13, 'num_estimators': 64, 'max_depth': 16, 'max_features': 0.37870636854088696, 'overlap': 0.6271423431046597, 'max_lag': 14}. Best is trial 71 with value: 0.7443010149951385.
Skipping probe: too short (len=1454, chunk_size=1500)
Skipping probe: too short (len=1349, chunk_size=1500)
Skipping probe: too short (len=559, chunk_size=1500)
Skipping probe: too short (len=1335, chunk_size=1500)
Skipping probe: too short (len=906, chunk_size=1500)
Skipping probe: too short (len=1450, chunk_size=1500)
Skipping probe: too short (len=982, chunk_size=1500)
Skipping probe: too short (len=1023, chunk_size=1500)
Skipping probe: too short (len=834, chunk_size=1500)
Skipping probe: too short (len=1266, chunk_size=1500)
Skipping probe: too short (len=670, chunk_size=1500)
Skipping probe: too short (len=886, chunk_size=1500)
Skipping probe: too short (len=632, chunk_size=1500)
Skipping probe: too short (len=1021, chunk_size=1500)
Skipping probe: too short (len=559, chunk_size=1500)
Skipping probe: too short (len=1335, chunk_size=1500)
Skipping probe: too short (len=906, chunk_size=1500)
Skipping probe: too short (len=1450, chunk_size=1500)
Skipping probe: too short (len=982, chunk_size=1500)
Skipping probe: too short (len=1454, chunk_size=1500)
Skipping probe: too short (len=834, chunk_size=1500)
Skipping probe: too short (len=1023, chunk_size=1500)
Skipping probe: too short (len=1349, chunk_size=1500)
Skipping probe: too short (len=670, chunk_size=1500)
Skipping probe: too short (len=886, chunk_size=1500)
Skipping probe: too short (len=1021, chunk_size=1500)
Skipping probe: too short (len=1266, chunk_size=1500)
Skipping probe: too short (len=632, chunk_size=1500)
Skipping probe: too short (len=1450, chunk_size=1500)
Skipping probe: too short (len=1266, chunk_size=1500)
Skipping probe: too short (len=834, chunk_size=1500)
Skipping probe: too short (len=1023, chunk_size=1500)
Skipping probe: too short (len=559, chunk_size=1500)
Skipping probe: too short (len=1335, chunk_size=1500)
Skipping probe: too short (len=906, chunk_size=1500)
Skipping probe: too short (len=632, chunk_size=1500)
Skipping probe: too short (len=670, chunk_size=1500)
Skipping probe: too short (len=886, chunk_size=1500)
Skipping probe: too short (len=1021, chunk_size=1500)
Skipping probe: too short (len=1454, chunk_size=1500)
Skipping probe: too short (len=1349, chunk_size=1500)
Skipping probe: too short (len=982, chunk_size=1500)
[I 2026-02-26 03:52:03,555] Trial 82 pruned. 
Skipping probe: too short (len=1763, chunk_size=1800)
Skipping probe: too short (len=1349, chunk_size=1800)
Skipping probe: too short (len=1604, chunk_size=1800)
Skipping probe: too short (len=559, chunk_size=1800)
Skipping probe: too short (len=1563, chunk_size=1800)
Skipping probe: too short (len=1335, chunk_size=1800)
Skipping probe: too short (len=906, chunk_size=1800)
Skipping probe: too short (len=834, chunk_size=1800)
Skipping probe: too short (len=1506, chunk_size=1800)
Skipping probe: too short (len=1023, chunk_size=1800)
Skipping probe: too short (len=1454, chunk_size=1800)
Skipping probe: too short (len=1450, chunk_size=1800)
Skipping probe: too short (len=1266, chunk_size=1800)
Skipping probe: too short (len=982, chunk_size=1800)
Skipping probe: too short (len=670, chunk_size=1800)
Skipping probe: too short (len=886, chunk_size=1800)
Skipping probe: too short (len=632, chunk_size=1800)
Skipping probe: too short (len=1619, chunk_size=1800)
Skipping probe: too short (len=1021, chunk_size=1800)
Skipping probe: too short (len=1454, chunk_size=1800)
Skipping probe: too short (len=1023, chunk_size=1800)
Skipping probe: too short (len=1349, chunk_size=1800)
Skipping probe: too short (len=559, chunk_size=1800)
Skipping probe: too short (len=1563, chunk_size=1800)
Skipping probe: too short (len=1335, chunk_size=1800)
Skipping probe: too short (len=906, chunk_size=1800)
Skipping probe: too short (len=1619, chunk_size=1800)
Skipping probe: too short (len=1450, chunk_size=1800)
Skipping probe: too short (len=1604, chunk_size=1800)
Skipping probe: too short (len=834, chunk_size=1800)
Skipping probe: too short (len=1506, chunk_size=1800)
Skipping probe: too short (len=1763, chunk_size=1800)
Skipping probe: too short (len=982, chunk_size=1800)
Skipping probe: too short (len=1021, chunk_size=1800)
Skipping probe: too short (len=670, chunk_size=1800)
Skipping probe: too short (len=886, chunk_size=1800)
Skipping probe: too short (len=1266, chunk_size=1800)
Skipping probe: too short (len=632, chunk_size=1800)
Skipping probe: too short (len=834, chunk_size=1800)
Skipping probe: too short (len=1506, chunk_size=1800)
Skipping probe: too short (len=1450, chunk_size=1800)
Skipping probe: too short (len=1266, chunk_size=1800)
Skipping probe: too short (len=1023, chunk_size=1800)
Skipping probe: too short (len=559, chunk_size=1800)
Skipping probe: too short (len=1563, chunk_size=1800)
Skipping probe: too short (len=1335, chunk_size=1800)
Skipping probe: too short (len=906, chunk_size=1800)
Skipping probe: too short (len=1619, chunk_size=1800)
Skipping probe: too short (len=1021, chunk_size=1800)
Skipping probe: too short (len=670, chunk_size=1800)
Skipping probe: too short (len=886, chunk_size=1800)
Skipping probe: too short (len=632, chunk_size=1800)
Skipping probe: too short (len=1349, chunk_size=1800)
Skipping probe: too short (len=1454, chunk_size=1800)
Skipping probe: too short (len=982, chunk_size=1800)
Skipping probe: too short (len=1763, chunk_size=1800)
Skipping probe: too short (len=1604, chunk_size=1800)
[I 2026-02-26 04:13:42,831] Trial 83 pruned. 
Skipping probe: too short (len=1450, chunk_size=1900)
Skipping probe: too short (len=1023, chunk_size=1900)
Skipping probe: too short (len=1454, chunk_size=1900)
Skipping probe: too short (len=834, chunk_size=1900)
Skipping probe: too short (len=1506, chunk_size=1900)
Skipping probe: too short (len=1604, chunk_size=1900)
Skipping probe: too short (len=1349, chunk_size=1900)
Skipping probe: too short (len=982, chunk_size=1900)
Skipping probe: too short (len=1266, chunk_size=1900)
Skipping probe: too short (len=559, chunk_size=1900)
Skipping probe: too short (len=1563, chunk_size=1900)
Skipping probe: too short (len=1335, chunk_size=1900)
Skipping probe: too short (len=906, chunk_size=1900)
Skipping probe: too short (len=670, chunk_size=1900)
Skipping probe: too short (len=886, chunk_size=1900)
Skipping probe: too short (len=1763, chunk_size=1900)
Skipping probe: too short (len=632, chunk_size=1900)
Skipping probe: too short (len=1880, chunk_size=1900)
Skipping probe: too short (len=1619, chunk_size=1900)
Skipping probe: too short (len=1871, chunk_size=1900)
Skipping probe: too short (len=1021, chunk_size=1900)
Skipping probe: too short (len=1763, chunk_size=1900)
Skipping probe: too short (len=559, chunk_size=1900)
Skipping probe: too short (len=1563, chunk_size=1900)
Skipping probe: too short (len=1335, chunk_size=1900)
Skipping probe: too short (len=906, chunk_size=1900)
Skipping probe: too short (len=1349, chunk_size=1900)
Skipping probe: too short (len=1454, chunk_size=1900)
Skipping probe: too short (len=982, chunk_size=1900)
Skipping probe: too short (len=1604, chunk_size=1900)
Skipping probe: too short (len=1450, chunk_size=1900)
Skipping probe: too short (len=834, chunk_size=1900)
Skipping probe: too short (len=1506, chunk_size=1900)
Skipping probe: too short (len=1023, chunk_size=1900)
Skipping probe: too short (len=1619, chunk_size=1900)
Skipping probe: too short (len=1880, chunk_size=1900)
Skipping probe: too short (len=670, chunk_size=1900)
Skipping probe: too short (len=886, chunk_size=1900)
Skipping probe: too short (len=1871, chunk_size=1900)
Skipping probe: too short (len=1021, chunk_size=1900)
Skipping probe: too short (len=1266, chunk_size=1900)
Skipping probe: too short (len=632, chunk_size=1900)
Skipping probe: too short (len=1023, chunk_size=1900)
Skipping probe: too short (len=834, chunk_size=1900)
Skipping probe: too short (len=1506, chunk_size=1900)
Skipping probe: too short (len=1266, chunk_size=1900)
Skipping probe: too short (len=1450, chunk_size=1900)
Skipping probe: too short (len=1619, chunk_size=1900)
Skipping probe: too short (len=559, chunk_size=1900)
Skipping probe: too short (len=1563, chunk_size=1900)
Skipping probe: too short (len=1335, chunk_size=1900)
Skipping probe: too short (len=906, chunk_size=1900)
Skipping probe: too short (len=1880, chunk_size=1900)
Skipping probe: too short (len=670, chunk_size=1900)
Skipping probe: too short (len=886, chunk_size=1900)
Skipping probe: too short (len=1871, chunk_size=1900)
Skipping probe: too short (len=1021, chunk_size=1900)
Skipping probe: too short (len=632, chunk_size=1900)
Skipping probe: too short (len=1604, chunk_size=1900)
Skipping probe: too short (len=1349, chunk_size=1900)
Skipping probe: too short (len=1454, chunk_size=1900)
Skipping probe: too short (len=982, chunk_size=1900)
Skipping probe: too short (len=1763, chunk_size=1900)
Skipping probe: too short (len=1763, chunk_size=1900)
Skipping probe: too short (len=1454, chunk_size=1900)
Skipping probe: too short (len=1023, chunk_size=1900)
Skipping probe: too short (len=834, chunk_size=1900)
Skipping probe: too short (len=1506, chunk_size=1900)
Skipping probe: too short (len=1450, chunk_size=1900)
Skipping probe: too short (len=1349, chunk_size=1900)
Skipping probe: too short (len=1619, chunk_size=1900)
Skipping probe: too short (len=1604, chunk_size=1900)
Skipping probe: too short (len=1266, chunk_size=1900)
Skipping probe: too short (len=982, chunk_size=1900)
Skipping probe: too short (len=1880, chunk_size=1900)
Skipping probe: too short (len=670, chunk_size=1900)
Skipping probe: too short (len=886, chunk_size=1900)
Skipping probe: too short (len=632, chunk_size=1900)
Skipping probe: too short (len=1871, chunk_size=1900)
Skipping probe: too short (len=1021, chunk_size=1900)
Skipping probe: too short (len=559, chunk_size=1900)
Skipping probe: too short (len=1563, chunk_size=1900)
Skipping probe: too short (len=1335, chunk_size=1900)
Skipping probe: too short (len=906, chunk_size=1900)
Skipping probe: too short (len=1349, chunk_size=1900)
Skipping probe: too short (len=1454, chunk_size=1900)
Skipping probe: too short (len=982, chunk_size=1900)
Skipping probe: too short (len=559, chunk_size=1900)
Skipping probe: too short (len=1563, chunk_size=1900)
Skipping probe: too short (len=1335, chunk_size=1900)
Skipping probe: too short (len=906, chunk_size=1900)
Skipping probe: too short (len=1266, chunk_size=1900)
Skipping probe: too short (len=1880, chunk_size=1900)
Skipping probe: too short (len=1619, chunk_size=1900)
Skipping probe: too short (len=1763, chunk_size=1900)
Skipping probe: too short (len=1604, chunk_size=1900)
Skipping probe: too short (len=632, chunk_size=1900)
Skipping probe: too short (len=1871, chunk_size=1900)
Skipping probe: too short (len=1021, chunk_size=1900)
Skipping probe: too short (len=1023, chunk_size=1900)
Skipping probe: too short (len=1450, chunk_size=1900)
Skipping probe: too short (len=834, chunk_size=1900)
Skipping probe: too short (len=1506, chunk_size=1900)
Skipping probe: too short (len=670, chunk_size=1900)
Skipping probe: too short (len=886, chunk_size=1900)
Trial 84 F1s - Weighted: 0.7456 | Macro: 0.2291 | Micro: 0.7491

[I 2026-02-26 04:31:14,442] Trial 84 finished with value: 0.7455527058135463 and parameters: {'chunk_seconds': 19, 'num_freqs': 16, 'num_estimators': 64, 'max_depth': 16, 'max_features': 0.3898934600972708, 'overlap': 0.6358908314038317, 'max_lag': 15}. Best is trial 84 with value: 0.7455527058135463.
Skipping probe: too short (len=1023, chunk_size=2000)
Skipping probe: too short (len=1924, chunk_size=2000)
Skipping probe: too short (len=834, chunk_size=2000)
Skipping probe: too short (len=1506, chunk_size=2000)
Skipping probe: too short (len=1266, chunk_size=2000)
Skipping probe: too short (len=1454, chunk_size=2000)
Skipping probe: too short (len=982, chunk_size=2000)
Skipping probe: too short (len=1958, chunk_size=2000)
Skipping probe: too short (len=1450, chunk_size=2000)
Skipping probe: too short (len=559, chunk_size=2000)
Skipping probe: too short (len=1906, chunk_size=2000)
Skipping probe: too short (len=1563, chunk_size=2000)
Skipping probe: too short (len=1335, chunk_size=2000)
Skipping probe: too short (len=906, chunk_size=2000)
Skipping probe: too short (len=1604, chunk_size=2000)
Skipping probe: too short (len=1763, chunk_size=2000)
Skipping probe: too short (len=1349, chunk_size=2000)
Skipping probe: too short (len=670, chunk_size=2000)
Skipping probe: too short (len=886, chunk_size=2000)
Skipping probe: too short (len=632, chunk_size=2000)
Skipping probe: too short (len=1619, chunk_size=2000)
Skipping probe: too short (len=1880, chunk_size=2000)
Skipping probe: too short (len=1995, chunk_size=2000)
Skipping probe: too short (len=1871, chunk_size=2000)
Skipping probe: too short (len=1021, chunk_size=2000)
Skipping probe: too short (len=1619, chunk_size=2000)
Skipping probe: too short (len=1023, chunk_size=2000)
Skipping probe: too short (len=1604, chunk_size=2000)
Skipping probe: too short (len=1958, chunk_size=2000)
Skipping probe: too short (len=1349, chunk_size=2000)
Skipping probe: too short (len=1924, chunk_size=2000)
Skipping probe: too short (len=834, chunk_size=2000)
Skipping probe: too short (len=1506, chunk_size=2000)
Skipping probe: too short (len=1450, chunk_size=2000)
Skipping probe: too short (len=1454, chunk_size=2000)
Skipping probe: too short (len=1763, chunk_size=2000)
Skipping probe: too short (len=670, chunk_size=2000)
Skipping probe: too short (len=886, chunk_size=2000)
Skipping probe: too short (len=982, chunk_size=2000)
Skipping probe: too short (len=1880, chunk_size=2000)
Skipping probe: too short (len=559, chunk_size=2000)
Skipping probe: too short (len=1906, chunk_size=2000)
Skipping probe: too short (len=1563, chunk_size=2000)
Skipping probe: too short (len=1335, chunk_size=2000)
Skipping probe: too short (len=906, chunk_size=2000)
Skipping probe: too short (len=1995, chunk_size=2000)
Skipping probe: too short (len=1871, chunk_size=2000)
Skipping probe: too short (len=1021, chunk_size=2000)
Skipping probe: too short (len=1266, chunk_size=2000)
Skipping probe: too short (len=632, chunk_size=2000)
[I 2026-02-26 04:35:52,551] Trial 85 pruned. 
Skipping probe: too short (len=834, chunk_size=1900)
Skipping probe: too short (len=1506, chunk_size=1900)
Skipping probe: too short (len=1023, chunk_size=1900)
Skipping probe: too short (len=1266, chunk_size=1900)
Skipping probe: too short (len=559, chunk_size=1900)
Skipping probe: too short (len=1563, chunk_size=1900)
Skipping probe: too short (len=1335, chunk_size=1900)
Skipping probe: too short (len=906, chunk_size=1900)
Skipping probe: too short (len=982, chunk_size=1900)
Skipping probe: too short (len=1454, chunk_size=1900)
Skipping probe: too short (len=1604, chunk_size=1900)
Skipping probe: too short (len=1349, chunk_size=1900)
Skipping probe: too short (len=1450, chunk_size=1900)
Skipping probe: too short (len=1763, chunk_size=1900)
Skipping probe: too short (len=670, chunk_size=1900)
Skipping probe: too short (len=886, chunk_size=1900)
Skipping probe: too short (len=632, chunk_size=1900)
Skipping probe: too short (len=1619, chunk_size=1900)
Skipping probe: too short (len=1880, chunk_size=1900)
Skipping probe: too short (len=1871, chunk_size=1900)
Skipping probe: too short (len=1021, chunk_size=1900)
Skipping probe: too short (len=1763, chunk_size=1900)
Skipping probe: too short (len=1023, chunk_size=1900)
Skipping probe: too short (len=982, chunk_size=1900)
Skipping probe: too short (len=1450, chunk_size=1900)
Skipping probe: too short (len=1349, chunk_size=1900)
Skipping probe: too short (len=834, chunk_size=1900)
Skipping probe: too short (len=1506, chunk_size=1900)
Skipping probe: too short (len=1454, chunk_size=1900)
Skipping probe: too short (len=1880, chunk_size=1900)
Skipping probe: too short (len=1604, chunk_size=1900)
Skipping probe: too short (len=1619, chunk_size=1900)
Skipping probe: too short (len=559, chunk_size=1900)
Skipping probe: too short (len=1563, chunk_size=1900)
Skipping probe: too short (len=1335, chunk_size=1900)
Skipping probe: too short (len=906, chunk_size=1900)
Skipping probe: too short (len=670, chunk_size=1900)
Skipping probe: too short (len=886, chunk_size=1900)
Skipping probe: too short (len=1871, chunk_size=1900)
Skipping probe: too short (len=1021, chunk_size=1900)
Skipping probe: too short (len=1266, chunk_size=1900)
Skipping probe: too short (len=632, chunk_size=1900)
[I 2026-02-26 04:45:56,172] Trial 86 pruned. 
Skipping probe: too short (len=1454, chunk_size=1900)
Skipping probe: too short (len=1349, chunk_size=1900)
Skipping probe: too short (len=1266, chunk_size=1900)
Skipping probe: too short (len=1604, chunk_size=1900)
Skipping probe: too short (len=1023, chunk_size=1900)
Skipping probe: too short (len=559, chunk_size=1900)
Skipping probe: too short (len=1563, chunk_size=1900)
Skipping probe: too short (len=1335, chunk_size=1900)
Skipping probe: too short (len=906, chunk_size=1900)
Skipping probe: too short (len=834, chunk_size=1900)
Skipping probe: too short (len=1506, chunk_size=1900)
Skipping probe: too short (len=1450, chunk_size=1900)
Skipping probe: too short (len=982, chunk_size=1900)
Skipping probe: too short (len=670, chunk_size=1900)
Skipping probe: too short (len=886, chunk_size=1900)
Skipping probe: too short (len=1763, chunk_size=1900)
Skipping probe: too short (len=632, chunk_size=1900)
Skipping probe: too short (len=1619, chunk_size=1900)
Skipping probe: too short (len=1880, chunk_size=1900)
Skipping probe: too short (len=1871, chunk_size=1900)
Skipping probe: too short (len=1021, chunk_size=1900)
Skipping probe: too short (len=1349, chunk_size=1900)
Skipping probe: too short (len=1880, chunk_size=1900)
Skipping probe: too short (len=834, chunk_size=1900)
Skipping probe: too short (len=1506, chunk_size=1900)
Skipping probe: too short (len=1604, chunk_size=1900)
Skipping probe: too short (len=1454, chunk_size=1900)
Skipping probe: too short (len=559, chunk_size=1900)
Skipping probe: too short (len=1563, chunk_size=1900)
Skipping probe: too short (len=1335, chunk_size=1900)
Skipping probe: too short (len=906, chunk_size=1900)
Skipping probe: too short (len=982, chunk_size=1900)
Skipping probe: too short (len=1450, chunk_size=1900)
Skipping probe: too short (len=1023, chunk_size=1900)
Skipping probe: too short (len=1763, chunk_size=1900)
Skipping probe: too short (len=670, chunk_size=1900)
Skipping probe: too short (len=886, chunk_size=1900)
Skipping probe: too short (len=1619, chunk_size=1900)
Skipping probe: too short (len=1871, chunk_size=1900)
Skipping probe: too short (len=1021, chunk_size=1900)
Skipping probe: too short (len=1266, chunk_size=1900)
Skipping probe: too short (len=632, chunk_size=1900)
Skipping probe: too short (len=1450, chunk_size=1900)
Skipping probe: too short (len=1023, chunk_size=1900)
Skipping probe: too short (len=559, chunk_size=1900)
Skipping probe: too short (len=1563, chunk_size=1900)
Skipping probe: too short (len=1335, chunk_size=1900)
Skipping probe: too short (len=906, chunk_size=1900)
Skipping probe: too short (len=1619, chunk_size=1900)
Skipping probe: too short (len=834, chunk_size=1900)
Skipping probe: too short (len=1506, chunk_size=1900)
Skipping probe: too short (len=1266, chunk_size=1900)
Skipping probe: too short (len=1880, chunk_size=1900)
Skipping probe: too short (len=670, chunk_size=1900)
Skipping probe: too short (len=886, chunk_size=1900)
Skipping probe: too short (len=1871, chunk_size=1900)
Skipping probe: too short (len=1021, chunk_size=1900)
Skipping probe: too short (len=632, chunk_size=1900)
Skipping probe: too short (len=1349, chunk_size=1900)
Skipping probe: too short (len=1454, chunk_size=1900)
Skipping probe: too short (len=982, chunk_size=1900)
Skipping probe: too short (len=1763, chunk_size=1900)
Skipping probe: too short (len=1604, chunk_size=1900)
[I 2026-02-26 04:56:42,052] Trial 87 pruned. 
Skipping probe: too short (len=1266, chunk_size=1800)
Skipping probe: too short (len=1023, chunk_size=1800)
Skipping probe: too short (len=1454, chunk_size=1800)
Skipping probe: too short (len=834, chunk_size=1800)
Skipping probe: too short (len=1506, chunk_size=1800)
Skipping probe: too short (len=1349, chunk_size=1800)
Skipping probe: too short (len=1450, chunk_size=1800)
Skipping probe: too short (len=559, chunk_size=1800)
Skipping probe: too short (len=1563, chunk_size=1800)
Skipping probe: too short (len=1335, chunk_size=1800)
Skipping probe: too short (len=906, chunk_size=1800)
Skipping probe: too short (len=982, chunk_size=1800)
Skipping probe: too short (len=1604, chunk_size=1800)
Skipping probe: too short (len=1763, chunk_size=1800)
Skipping probe: too short (len=670, chunk_size=1800)
Skipping probe: too short (len=886, chunk_size=1800)
Skipping probe: too short (len=632, chunk_size=1800)
Skipping probe: too short (len=1619, chunk_size=1800)
Skipping probe: too short (len=1021, chunk_size=1800)
Skipping probe: too short (len=1619, chunk_size=1800)
Skipping probe: too short (len=559, chunk_size=1800)
Skipping probe: too short (len=1563, chunk_size=1800)
Skipping probe: too short (len=1335, chunk_size=1800)
Skipping probe: too short (len=906, chunk_size=1800)
Skipping probe: too short (len=1450, chunk_size=1800)
Skipping probe: too short (len=1023, chunk_size=1800)
Skipping probe: too short (len=982, chunk_size=1800)
Skipping probe: too short (len=1604, chunk_size=1800)
Skipping probe: too short (len=1454, chunk_size=1800)
Skipping probe: too short (len=834, chunk_size=1800)
Skipping probe: too short (len=1506, chunk_size=1800)
Skipping probe: too short (len=1349, chunk_size=1800)
Skipping probe: too short (len=1763, chunk_size=1800)
Skipping probe: too short (len=670, chunk_size=1800)
Skipping probe: too short (len=886, chunk_size=1800)
Skipping probe: too short (len=1021, chunk_size=1800)
Skipping probe: too short (len=1266, chunk_size=1800)
Skipping probe: too short (len=632, chunk_size=1800)
[I 2026-02-26 05:02:25,406] Trial 88 pruned. 
Skipping probe: too short (len=559, chunk_size=1600)
Skipping probe: too short (len=1563, chunk_size=1600)
Skipping probe: too short (len=1335, chunk_size=1600)
Skipping probe: too short (len=906, chunk_size=1600)
Skipping probe: too short (len=1454, chunk_size=1600)
Skipping probe: too short (len=1349, chunk_size=1600)
Skipping probe: too short (len=1023, chunk_size=1600)
Skipping probe: too short (len=834, chunk_size=1600)
Skipping probe: too short (len=1506, chunk_size=1600)
Skipping probe: too short (len=1450, chunk_size=1600)
Skipping probe: too short (len=1266, chunk_size=1600)
Skipping probe: too short (len=982, chunk_size=1600)
Skipping probe: too short (len=670, chunk_size=1600)
Skipping probe: too short (len=886, chunk_size=1600)
Skipping probe: too short (len=632, chunk_size=1600)
Skipping probe: too short (len=1021, chunk_size=1600)
Skipping probe: too short (len=1023, chunk_size=1600)
Skipping probe: too short (len=559, chunk_size=1600)
Skipping probe: too short (len=1563, chunk_size=1600)
Skipping probe: too short (len=1335, chunk_size=1600)
Skipping probe: too short (len=906, chunk_size=1600)
Skipping probe: too short (len=1349, chunk_size=1600)
Skipping probe: too short (len=834, chunk_size=1600)
Skipping probe: too short (len=1506, chunk_size=1600)
Skipping probe: too short (len=1454, chunk_size=1600)
Skipping probe: too short (len=1450, chunk_size=1600)
Skipping probe: too short (len=982, chunk_size=1600)
Skipping probe: too short (len=670, chunk_size=1600)
Skipping probe: too short (len=886, chunk_size=1600)
Skipping probe: too short (len=1021, chunk_size=1600)
Skipping probe: too short (len=1266, chunk_size=1600)
Skipping probe: too short (len=632, chunk_size=1600)
Skipping probe: too short (len=1023, chunk_size=1600)
Skipping probe: too short (len=1450, chunk_size=1600)
Skipping probe: too short (len=670, chunk_size=1600)
Skipping probe: too short (len=886, chunk_size=1600)
Skipping probe: too short (len=834, chunk_size=1600)
Skipping probe: too short (len=1506, chunk_size=1600)
Skipping probe: too short (len=1266, chunk_size=1600)
Skipping probe: too short (len=559, chunk_size=1600)
Skipping probe: too short (len=1563, chunk_size=1600)
Skipping probe: too short (len=1335, chunk_size=1600)
Skipping probe: too short (len=906, chunk_size=1600)
Skipping probe: too short (len=632, chunk_size=1600)
Skipping probe: too short (len=1021, chunk_size=1600)
Skipping probe: too short (len=1454, chunk_size=1600)
Skipping probe: too short (len=1349, chunk_size=1600)
Skipping probe: too short (len=982, chunk_size=1600)
Skipping probe: too short (len=1349, chunk_size=1600)
Skipping probe: too short (len=1454, chunk_size=1600)
Skipping probe: too short (len=1266, chunk_size=1600)
Skipping probe: too short (len=834, chunk_size=1600)
Skipping probe: too short (len=1506, chunk_size=1600)
Skipping probe: too short (len=1450, chunk_size=1600)
Skipping probe: too short (len=1023, chunk_size=1600)
Skipping probe: too short (len=982, chunk_size=1600)
Skipping probe: too short (len=632, chunk_size=1600)
Skipping probe: too short (len=670, chunk_size=1600)
Skipping probe: too short (len=886, chunk_size=1600)
Skipping probe: too short (len=1021, chunk_size=1600)
Skipping probe: too short (len=559, chunk_size=1600)
Skipping probe: too short (len=1563, chunk_size=1600)
Skipping probe: too short (len=1335, chunk_size=1600)
Skipping probe: too short (len=906, chunk_size=1600)
Skipping probe: too short (len=1349, chunk_size=1600)
Skipping probe: too short (len=982, chunk_size=1600)
Skipping probe: too short (len=559, chunk_size=1600)
Skipping probe: too short (len=1563, chunk_size=1600)
Skipping probe: too short (len=1335, chunk_size=1600)
Skipping probe: too short (len=906, chunk_size=1600)
Skipping probe: too short (len=1454, chunk_size=1600)
Skipping probe: too short (len=1266, chunk_size=1600)
Skipping probe: too short (len=632, chunk_size=1600)
Skipping probe: too short (len=1021, chunk_size=1600)
Skipping probe: too short (len=1450, chunk_size=1600)
Skipping probe: too short (len=1023, chunk_size=1600)
Skipping probe: too short (len=834, chunk_size=1600)
Skipping probe: too short (len=1506, chunk_size=1600)
Skipping probe: too short (len=670, chunk_size=1600)
Skipping probe: too short (len=886, chunk_size=1600)
Trial 89 F1s - Weighted: 0.7408 | Macro: 0.2359 | Micro: 0.7413

[I 2026-02-26 05:20:55,914] Trial 89 finished with value: 0.7407817478859273 and parameters: {'chunk_seconds': 16, 'num_freqs': 12, 'num_estimators': 64, 'max_depth': 16, 'max_features': 0.3527416886746559, 'overlap': 0.6715112002441872, 'max_lag': 13}. Best is trial 84 with value: 0.7455527058135463.
Skipping probe: too short (len=1349, chunk_size=1600)
Skipping probe: too short (len=834, chunk_size=1600)
Skipping probe: too short (len=1506, chunk_size=1600)
Skipping probe: too short (len=1454, chunk_size=1600)
Skipping probe: too short (len=1023, chunk_size=1600)
Skipping probe: too short (len=1450, chunk_size=1600)
Skipping probe: too short (len=1266, chunk_size=1600)
Skipping probe: too short (len=559, chunk_size=1600)
Skipping probe: too short (len=1563, chunk_size=1600)
Skipping probe: too short (len=1335, chunk_size=1600)
Skipping probe: too short (len=906, chunk_size=1600)
Skipping probe: too short (len=982, chunk_size=1600)
Skipping probe: too short (len=670, chunk_size=1600)
Skipping probe: too short (len=886, chunk_size=1600)
Skipping probe: too short (len=632, chunk_size=1600)
Skipping probe: too short (len=1021, chunk_size=1600)
Skipping probe: too short (len=982, chunk_size=1600)
Skipping probe: too short (len=1023, chunk_size=1600)
Skipping probe: too short (len=834, chunk_size=1600)
Skipping probe: too short (len=1506, chunk_size=1600)
Skipping probe: too short (len=559, chunk_size=1600)
Skipping probe: too short (len=1563, chunk_size=1600)
Skipping probe: too short (len=1335, chunk_size=1600)
Skipping probe: too short (len=906, chunk_size=1600)
Skipping probe: too short (len=1450, chunk_size=1600)
Skipping probe: too short (len=1349, chunk_size=1600)
Skipping probe: too short (len=1454, chunk_size=1600)
Skipping probe: too short (len=670, chunk_size=1600)
Skipping probe: too short (len=886, chunk_size=1600)
Skipping probe: too short (len=1021, chunk_size=1600)
Skipping probe: too short (len=1266, chunk_size=1600)
Skipping probe: too short (len=632, chunk_size=1600)
[I 2026-02-26 05:25:30,643] Trial 90 pruned. 
Skipping probe: too short (len=1023, chunk_size=1700)
Skipping probe: too short (len=982, chunk_size=1700)
Skipping probe: too short (len=1454, chunk_size=1700)
Skipping probe: too short (len=1604, chunk_size=1700)
Skipping probe: too short (len=1266, chunk_size=1700)
Skipping probe: too short (len=559, chunk_size=1700)
Skipping probe: too short (len=1563, chunk_size=1700)
Skipping probe: too short (len=1335, chunk_size=1700)
Skipping probe: too short (len=906, chunk_size=1700)
Skipping probe: too short (len=1450, chunk_size=1700)
Skipping probe: too short (len=834, chunk_size=1700)
Skipping probe: too short (len=1506, chunk_size=1700)
Skipping probe: too short (len=1349, chunk_size=1700)
Skipping probe: too short (len=632, chunk_size=1700)
Skipping probe: too short (len=670, chunk_size=1700)
Skipping probe: too short (len=886, chunk_size=1700)
Skipping probe: too short (len=1619, chunk_size=1700)
Skipping probe: too short (len=1021, chunk_size=1700)
Skipping probe: too short (len=834, chunk_size=1700)
Skipping probe: too short (len=1506, chunk_size=1700)
Skipping probe: too short (len=1023, chunk_size=1700)
Skipping probe: too short (len=1604, chunk_size=1700)
Skipping probe: too short (len=559, chunk_size=1700)
Skipping probe: too short (len=1563, chunk_size=1700)
Skipping probe: too short (len=1335, chunk_size=1700)
Skipping probe: too short (len=906, chunk_size=1700)
Skipping probe: too short (len=1454, chunk_size=1700)
Skipping probe: too short (len=982, chunk_size=1700)
Skipping probe: too short (len=1450, chunk_size=1700)
Skipping probe: too short (len=1349, chunk_size=1700)
Skipping probe: too short (len=1619, chunk_size=1700)
Skipping probe: too short (len=1021, chunk_size=1700)
Skipping probe: too short (len=670, chunk_size=1700)
Skipping probe: too short (len=886, chunk_size=1700)
Skipping probe: too short (len=1266, chunk_size=1700)
Skipping probe: too short (len=632, chunk_size=1700)
Skipping probe: too short (len=1450, chunk_size=1700)
Skipping probe: too short (len=1266, chunk_size=1700)
Skipping probe: too short (len=1023, chunk_size=1700)
Skipping probe: too short (len=834, chunk_size=1700)
Skipping probe: too short (len=1506, chunk_size=1700)
Skipping probe: too short (len=1619, chunk_size=1700)
Skipping probe: too short (len=559, chunk_size=1700)
Skipping probe: too short (len=1563, chunk_size=1700)
Skipping probe: too short (len=1335, chunk_size=1700)
Skipping probe: too short (len=906, chunk_size=1700)
Skipping probe: too short (len=1021, chunk_size=1700)
Skipping probe: too short (len=632, chunk_size=1700)
Skipping probe: too short (len=670, chunk_size=1700)
Skipping probe: too short (len=886, chunk_size=1700)
Skipping probe: too short (len=1454, chunk_size=1700)
Skipping probe: too short (len=1349, chunk_size=1700)
Skipping probe: too short (len=1604, chunk_size=1700)
Skipping probe: too short (len=982, chunk_size=1700)
Skipping probe: too short (len=982, chunk_size=1700)
Skipping probe: too short (len=1454, chunk_size=1700)
Skipping probe: too short (len=834, chunk_size=1700)
Skipping probe: too short (len=1506, chunk_size=1700)
Skipping probe: too short (len=1349, chunk_size=1700)
Skipping probe: too short (len=1450, chunk_size=1700)
Skipping probe: too short (len=1604, chunk_size=1700)
Skipping probe: too short (len=1023, chunk_size=1700)
Skipping probe: too short (len=1266, chunk_size=1700)
Skipping probe: too short (len=1619, chunk_size=1700)
Skipping probe: too short (len=632, chunk_size=1700)
Skipping probe: too short (len=670, chunk_size=1700)
Skipping probe: too short (len=886, chunk_size=1700)
Skipping probe: too short (len=1021, chunk_size=1700)
Skipping probe: too short (len=559, chunk_size=1700)
Skipping probe: too short (len=1563, chunk_size=1700)
Skipping probe: too short (len=1335, chunk_size=1700)
Skipping probe: too short (len=906, chunk_size=1700)
Skipping probe: too short (len=1266, chunk_size=1700)
Skipping probe: too short (len=1619, chunk_size=1700)
Skipping probe: too short (len=559, chunk_size=1700)
Skipping probe: too short (len=1563, chunk_size=1700)
Skipping probe: too short (len=1335, chunk_size=1700)
Skipping probe: too short (len=906, chunk_size=1700)
Skipping probe: too short (len=1454, chunk_size=1700)
Skipping probe: too short (len=982, chunk_size=1700)
Skipping probe: too short (len=1349, chunk_size=1700)
Skipping probe: too short (len=1604, chunk_size=1700)
Skipping probe: too short (len=632, chunk_size=1700)
Skipping probe: too short (len=1021, chunk_size=1700)
Skipping probe: too short (len=1450, chunk_size=1700)
Skipping probe: too short (len=1023, chunk_size=1700)
Skipping probe: too short (len=834, chunk_size=1700)
Skipping probe: too short (len=1506, chunk_size=1700)
Skipping probe: too short (len=670, chunk_size=1700)
Skipping probe: too short (len=886, chunk_size=1700)
Trial 91 F1s - Weighted: 0.7379 | Macro: 0.2330 | Micro: 0.7386

[I 2026-02-26 05:45:01,781] Trial 91 finished with value: 0.7378825144647593 and parameters: {'chunk_seconds': 17, 'num_freqs': 12, 'num_estimators': 64, 'max_depth': 16, 'max_features': 0.3876819702906316, 'overlap': 0.6750121547397929, 'max_lag': 15}. Best is trial 84 with value: 0.7455527058135463.
Skipping probe: too short (len=1349, chunk_size=1600)
Skipping probe: too short (len=1023, chunk_size=1600)
Skipping probe: too short (len=834, chunk_size=1600)
Skipping probe: too short (len=1506, chunk_size=1600)
Skipping probe: too short (len=1450, chunk_size=1600)
Skipping probe: too short (len=1266, chunk_size=1600)
Skipping probe: too short (len=559, chunk_size=1600)
Skipping probe: too short (len=1563, chunk_size=1600)
Skipping probe: too short (len=1335, chunk_size=1600)
Skipping probe: too short (len=906, chunk_size=1600)
Skipping probe: too short (len=982, chunk_size=1600)
Skipping probe: too short (len=1454, chunk_size=1600)
Skipping probe: too short (len=670, chunk_size=1600)
Skipping probe: too short (len=886, chunk_size=1600)
Skipping probe: too short (len=632, chunk_size=1600)
Skipping probe: too short (len=1021, chunk_size=1600)
Skipping probe: too short (len=1023, chunk_size=1600)
Skipping probe: too short (len=1454, chunk_size=1600)
Skipping probe: too short (len=834, chunk_size=1600)
Skipping probe: too short (len=1506, chunk_size=1600)
Skipping probe: too short (len=1450, chunk_size=1600)
Skipping probe: too short (len=1349, chunk_size=1600)
Skipping probe: too short (len=982, chunk_size=1600)
Skipping probe: too short (len=559, chunk_size=1600)
Skipping probe: too short (len=1563, chunk_size=1600)
Skipping probe: too short (len=1335, chunk_size=1600)
Skipping probe: too short (len=906, chunk_size=1600)
Skipping probe: too short (len=670, chunk_size=1600)
Skipping probe: too short (len=886, chunk_size=1600)
Skipping probe: too short (len=1021, chunk_size=1600)
Skipping probe: too short (len=1266, chunk_size=1600)
Skipping probe: too short (len=632, chunk_size=1600)
Skipping probe: too short (len=834, chunk_size=1600)
Skipping probe: too short (len=1506, chunk_size=1600)
Skipping probe: too short (len=1023, chunk_size=1600)
Skipping probe: too short (len=1450, chunk_size=1600)
Skipping probe: too short (len=559, chunk_size=1600)
Skipping probe: too short (len=1563, chunk_size=1600)
Skipping probe: too short (len=1335, chunk_size=1600)
Skipping probe: too short (len=906, chunk_size=1600)
Skipping probe: too short (len=1266, chunk_size=1600)
Skipping probe: too short (len=670, chunk_size=1600)
Skipping probe: too short (len=886, chunk_size=1600)
Skipping probe: too short (len=632, chunk_size=1600)
Skipping probe: too short (len=1021, chunk_size=1600)
Skipping probe: too short (len=1454, chunk_size=1600)
Skipping probe: too short (len=982, chunk_size=1600)
Skipping probe: too short (len=1349, chunk_size=1600)
Skipping probe: too short (len=834, chunk_size=1600)
Skipping probe: too short (len=1506, chunk_size=1600)
Skipping probe: too short (len=1454, chunk_size=1600)
Skipping probe: too short (len=982, chunk_size=1600)
Skipping probe: too short (len=1349, chunk_size=1600)
Skipping probe: too short (len=1450, chunk_size=1600)
Skipping probe: too short (len=1023, chunk_size=1600)
Skipping probe: too short (len=1021, chunk_size=1600)
Skipping probe: too short (len=1266, chunk_size=1600)
Skipping probe: too short (len=670, chunk_size=1600)
Skipping probe: too short (len=886, chunk_size=1600)
Skipping probe: too short (len=632, chunk_size=1600)
Skipping probe: too short (len=559, chunk_size=1600)
Skipping probe: too short (len=1563, chunk_size=1600)
Skipping probe: too short (len=1335, chunk_size=1600)
Skipping probe: too short (len=906, chunk_size=1600)
Skipping probe: too short (len=1454, chunk_size=1600)
Skipping probe: too short (len=1349, chunk_size=1600)
Skipping probe: too short (len=1266, chunk_size=1600)
Skipping probe: too short (len=982, chunk_size=1600)
Skipping probe: too short (len=559, chunk_size=1600)
Skipping probe: too short (len=1563, chunk_size=1600)
Skipping probe: too short (len=1335, chunk_size=1600)
Skipping probe: too short (len=906, chunk_size=1600)
Skipping probe: too short (len=1021, chunk_size=1600)
Skipping probe: too short (len=632, chunk_size=1600)
Skipping probe: too short (len=1450, chunk_size=1600)
Skipping probe: too short (len=1023, chunk_size=1600)
Skipping probe: too short (len=834, chunk_size=1600)
Skipping probe: too short (len=1506, chunk_size=1600)
Skipping probe: too short (len=670, chunk_size=1600)
Skipping probe: too short (len=886, chunk_size=1600)
Trial 92 F1s - Weighted: 0.7398 | Macro: 0.2320 | Micro: 0.7396

[I 2026-02-26 06:03:53,293] Trial 92 finished with value: 0.7398018946001 and parameters: {'chunk_seconds': 16, 'num_freqs': 14, 'num_estimators': 64, 'max_depth': 16, 'max_features': 0.3561816677170042, 'overlap': 0.6580392154640918, 'max_lag': 14}. Best is trial 84 with value: 0.7455527058135463.
Skipping probe: too short (len=1454, chunk_size=1500)
Skipping probe: too short (len=1349, chunk_size=1500)
Skipping probe: too short (len=834, chunk_size=1500)
Skipping probe: too short (len=1266, chunk_size=1500)
Skipping probe: too short (len=982, chunk_size=1500)
Skipping probe: too short (len=1023, chunk_size=1500)
Skipping probe: too short (len=1450, chunk_size=1500)
Skipping probe: too short (len=559, chunk_size=1500)
Skipping probe: too short (len=1335, chunk_size=1500)
Skipping probe: too short (len=906, chunk_size=1500)
Skipping probe: too short (len=632, chunk_size=1500)
Skipping probe: too short (len=670, chunk_size=1500)
Skipping probe: too short (len=886, chunk_size=1500)
Skipping probe: too short (len=1021, chunk_size=1500)
Skipping probe: too short (len=1023, chunk_size=1500)
Skipping probe: too short (len=559, chunk_size=1500)
Skipping probe: too short (len=1335, chunk_size=1500)
Skipping probe: too short (len=906, chunk_size=1500)
Skipping probe: too short (len=1450, chunk_size=1500)
Skipping probe: too short (len=1349, chunk_size=1500)
Skipping probe: too short (len=982, chunk_size=1500)
Skipping probe: too short (len=834, chunk_size=1500)
Skipping probe: too short (len=1454, chunk_size=1500)
Skipping probe: too short (len=670, chunk_size=1500)
Skipping probe: too short (len=886, chunk_size=1500)
Skipping probe: too short (len=1021, chunk_size=1500)
Skipping probe: too short (len=1266, chunk_size=1500)
Skipping probe: too short (len=632, chunk_size=1500)
Skipping probe: too short (len=834, chunk_size=1500)
Skipping probe: too short (len=1450, chunk_size=1500)
Skipping probe: too short (len=1023, chunk_size=1500)
Skipping probe: too short (len=559, chunk_size=1500)
Skipping probe: too short (len=1335, chunk_size=1500)
Skipping probe: too short (len=906, chunk_size=1500)
Skipping probe: too short (len=1266, chunk_size=1500)
Skipping probe: too short (len=670, chunk_size=1500)
Skipping probe: too short (len=886, chunk_size=1500)
Skipping probe: too short (len=1021, chunk_size=1500)
Skipping probe: too short (len=632, chunk_size=1500)
Skipping probe: too short (len=1454, chunk_size=1500)
Skipping probe: too short (len=1349, chunk_size=1500)
Skipping probe: too short (len=982, chunk_size=1500)
Skipping probe: too short (len=1266, chunk_size=1500)
Skipping probe: too short (len=1450, chunk_size=1500)
Skipping probe: too short (len=834, chunk_size=1500)
Skipping probe: too short (len=1454, chunk_size=1500)
Skipping probe: too short (len=1349, chunk_size=1500)
Skipping probe: too short (len=1023, chunk_size=1500)
Skipping probe: too short (len=982, chunk_size=1500)
Skipping probe: too short (len=632, chunk_size=1500)
Skipping probe: too short (len=670, chunk_size=1500)
Skipping probe: too short (len=886, chunk_size=1500)
Skipping probe: too short (len=1021, chunk_size=1500)
Skipping probe: too short (len=559, chunk_size=1500)
Skipping probe: too short (len=1335, chunk_size=1500)
Skipping probe: too short (len=906, chunk_size=1500)
Skipping probe: too short (len=1266, chunk_size=1500)
Skipping probe: too short (len=1349, chunk_size=1500)
Skipping probe: too short (len=1454, chunk_size=1500)
Skipping probe: too short (len=982, chunk_size=1500)
Skipping probe: too short (len=559, chunk_size=1500)
Skipping probe: too short (len=1335, chunk_size=1500)
Skipping probe: too short (len=906, chunk_size=1500)
Skipping probe: too short (len=632, chunk_size=1500)
Skipping probe: too short (len=1021, chunk_size=1500)
Skipping probe: too short (len=1450, chunk_size=1500)
Skipping probe: too short (len=1023, chunk_size=1500)
Skipping probe: too short (len=670, chunk_size=1500)
Skipping probe: too short (len=886, chunk_size=1500)
Skipping probe: too short (len=834, chunk_size=1500)
Trial 93 F1s - Weighted: 0.7393 | Macro: 0.2296 | Micro: 0.7400

[I 2026-02-26 06:21:57,837] Trial 93 finished with value: 0.7392772474990235 and parameters: {'chunk_seconds': 15, 'num_freqs': 16, 'num_estimators': 64, 'max_depth': 16, 'max_features': 0.35608532489178885, 'overlap': 0.5957553012057564, 'max_lag': 15}. Best is trial 84 with value: 0.7455527058135463.
Skipping probe: too short (len=1266, chunk_size=1600)
Skipping probe: too short (len=559, chunk_size=1600)
Skipping probe: too short (len=1563, chunk_size=1600)
Skipping probe: too short (len=1335, chunk_size=1600)
Skipping probe: too short (len=906, chunk_size=1600)
Skipping probe: too short (len=1023, chunk_size=1600)
Skipping probe: too short (len=1454, chunk_size=1600)
Skipping probe: too short (len=834, chunk_size=1600)
Skipping probe: too short (len=1506, chunk_size=1600)
Skipping probe: too short (len=1450, chunk_size=1600)
Skipping probe: too short (len=1349, chunk_size=1600)
Skipping probe: too short (len=982, chunk_size=1600)
Skipping probe: too short (len=670, chunk_size=1600)
Skipping probe: too short (len=886, chunk_size=1600)
Skipping probe: too short (len=632, chunk_size=1600)
Skipping probe: too short (len=1021, chunk_size=1600)
Skipping probe: too short (len=1450, chunk_size=1600)
Skipping probe: too short (len=1349, chunk_size=1600)
Skipping probe: too short (len=1454, chunk_size=1600)
Skipping probe: too short (len=834, chunk_size=1600)
Skipping probe: too short (len=1506, chunk_size=1600)
Skipping probe: too short (len=559, chunk_size=1600)
Skipping probe: too short (len=1563, chunk_size=1600)
Skipping probe: too short (len=1335, chunk_size=1600)
Skipping probe: too short (len=906, chunk_size=1600)
Skipping probe: too short (len=1023, chunk_size=1600)
Skipping probe: too short (len=982, chunk_size=1600)
Skipping probe: too short (len=1021, chunk_size=1600)
Skipping probe: too short (len=670, chunk_size=1600)
Skipping probe: too short (len=886, chunk_size=1600)
Skipping probe: too short (len=1266, chunk_size=1600)
Skipping probe: too short (len=632, chunk_size=1600)
Skipping probe: too short (len=1450, chunk_size=1600)
Skipping probe: too short (len=834, chunk_size=1600)
Skipping probe: too short (len=1506, chunk_size=1600)
Skipping probe: too short (len=1266, chunk_size=1600)
Skipping probe: too short (len=559, chunk_size=1600)
Skipping probe: too short (len=1563, chunk_size=1600)
Skipping probe: too short (len=1335, chunk_size=1600)
Skipping probe: too short (len=906, chunk_size=1600)
Skipping probe: too short (len=1023, chunk_size=1600)
Skipping probe: too short (len=670, chunk_size=1600)
Skipping probe: too short (len=886, chunk_size=1600)
Skipping probe: too short (len=632, chunk_size=1600)
Skipping probe: too short (len=1021, chunk_size=1600)
Skipping probe: too short (len=1454, chunk_size=1600)
Skipping probe: too short (len=1349, chunk_size=1600)
Skipping probe: too short (len=982, chunk_size=1600)
Skipping probe: too short (len=982, chunk_size=1600)
Skipping probe: too short (len=1450, chunk_size=1600)
Skipping probe: too short (len=1023, chunk_size=1600)
Skipping probe: too short (len=1349, chunk_size=1600)
Skipping probe: too short (len=1454, chunk_size=1600)
Skipping probe: too short (len=1266, chunk_size=1600)
Skipping probe: too short (len=834, chunk_size=1600)
Skipping probe: too short (len=1506, chunk_size=1600)
Skipping probe: too short (len=670, chunk_size=1600)
Skipping probe: too short (len=886, chunk_size=1600)
Skipping probe: too short (len=632, chunk_size=1600)
Skipping probe: too short (len=1021, chunk_size=1600)
Skipping probe: too short (len=559, chunk_size=1600)
Skipping probe: too short (len=1563, chunk_size=1600)
Skipping probe: too short (len=1335, chunk_size=1600)
Skipping probe: too short (len=906, chunk_size=1600)
Skipping probe: too short (len=1454, chunk_size=1600)
Skipping probe: too short (len=982, chunk_size=1600)
Skipping probe: too short (len=1349, chunk_size=1600)
Skipping probe: too short (len=559, chunk_size=1600)
Skipping probe: too short (len=1563, chunk_size=1600)
Skipping probe: too short (len=1335, chunk_size=1600)
Skipping probe: too short (len=906, chunk_size=1600)
Skipping probe: too short (len=1266, chunk_size=1600)
Skipping probe: too short (len=632, chunk_size=1600)
Skipping probe: too short (len=1021, chunk_size=1600)
Skipping probe: too short (len=1450, chunk_size=1600)
Skipping probe: too short (len=1023, chunk_size=1600)
Skipping probe: too short (len=834, chunk_size=1600)
Skipping probe: too short (len=1506, chunk_size=1600)
Skipping probe: too short (len=670, chunk_size=1600)
Skipping probe: too short (len=886, chunk_size=1600)
Trial 94 F1s - Weighted: 0.7451 | Macro: 0.2373 | Micro: 0.7458

[I 2026-02-26 06:39:32,563] Trial 94 finished with value: 0.7450524965197116 and parameters: {'chunk_seconds': 16, 'num_freqs': 14, 'num_estimators': 64, 'max_depth': 16, 'max_features': 0.3311984445278437, 'overlap': 0.6409486073646529, 'max_lag': 14}. Best is trial 84 with value: 0.7455527058135463.
Skipping probe: too short (len=1023, chunk_size=1800)
Skipping probe: too short (len=1454, chunk_size=1800)
Skipping probe: too short (len=1266, chunk_size=1800)
Skipping probe: too short (len=1450, chunk_size=1800)
Skipping probe: too short (len=982, chunk_size=1800)
Skipping probe: too short (len=559, chunk_size=1800)
Skipping probe: too short (len=1563, chunk_size=1800)
Skipping probe: too short (len=1335, chunk_size=1800)
Skipping probe: too short (len=906, chunk_size=1800)
Skipping probe: too short (len=834, chunk_size=1800)
Skipping probe: too short (len=1506, chunk_size=1800)
Skipping probe: too short (len=1349, chunk_size=1800)
Skipping probe: too short (len=1604, chunk_size=1800)
Skipping probe: too short (len=1763, chunk_size=1800)
Skipping probe: too short (len=670, chunk_size=1800)
Skipping probe: too short (len=886, chunk_size=1800)
Skipping probe: too short (len=632, chunk_size=1800)
Skipping probe: too short (len=1619, chunk_size=1800)
Skipping probe: too short (len=1021, chunk_size=1800)
Skipping probe: too short (len=1619, chunk_size=1800)
Skipping probe: too short (len=1450, chunk_size=1800)
Skipping probe: too short (len=1454, chunk_size=1800)
Skipping probe: too short (len=1349, chunk_size=1800)
Skipping probe: too short (len=834, chunk_size=1800)
Skipping probe: too short (len=1506, chunk_size=1800)
Skipping probe: too short (len=1604, chunk_size=1800)
Skipping probe: too short (len=1023, chunk_size=1800)
Skipping probe: too short (len=559, chunk_size=1800)
Skipping probe: too short (len=1563, chunk_size=1800)
Skipping probe: too short (len=1335, chunk_size=1800)
Skipping probe: too short (len=906, chunk_size=1800)
Skipping probe: too short (len=1763, chunk_size=1800)
Skipping probe: too short (len=982, chunk_size=1800)
Skipping probe: too short (len=670, chunk_size=1800)
Skipping probe: too short (len=886, chunk_size=1800)
Skipping probe: too short (len=1021, chunk_size=1800)
Skipping probe: too short (len=1266, chunk_size=1800)
Skipping probe: too short (len=632, chunk_size=1800)
Skipping probe: too short (len=834, chunk_size=1800)
Skipping probe: too short (len=1506, chunk_size=1800)
Skipping probe: too short (len=1266, chunk_size=1800)
Skipping probe: too short (len=1450, chunk_size=1800)
Skipping probe: too short (len=670, chunk_size=1800)
Skipping probe: too short (len=886, chunk_size=1800)
Skipping probe: too short (len=1619, chunk_size=1800)
Skipping probe: too short (len=559, chunk_size=1800)
Skipping probe: too short (len=1563, chunk_size=1800)
Skipping probe: too short (len=1335, chunk_size=1800)
Skipping probe: too short (len=906, chunk_size=1800)
Skipping probe: too short (len=1023, chunk_size=1800)
Skipping probe: too short (len=1021, chunk_size=1800)
Skipping probe: too short (len=632, chunk_size=1800)
Skipping probe: too short (len=1763, chunk_size=1800)
Skipping probe: too short (len=1454, chunk_size=1800)
Skipping probe: too short (len=982, chunk_size=1800)
Skipping probe: too short (len=1349, chunk_size=1800)
Skipping probe: too short (len=1604, chunk_size=1800)
[I 2026-02-26 06:45:59,496] Trial 95 pruned. 
Skipping probe: too short (len=1450, chunk_size=1900)
Skipping probe: too short (len=1454, chunk_size=1900)
Skipping probe: too short (len=1604, chunk_size=1900)
Skipping probe: too short (len=559, chunk_size=1900)
Skipping probe: too short (len=1563, chunk_size=1900)
Skipping probe: too short (len=1335, chunk_size=1900)
Skipping probe: too short (len=906, chunk_size=1900)
Skipping probe: too short (len=1349, chunk_size=1900)
Skipping probe: too short (len=1023, chunk_size=1900)
Skipping probe: too short (len=834, chunk_size=1900)
Skipping probe: too short (len=1506, chunk_size=1900)
Skipping probe: too short (len=1266, chunk_size=1900)
Skipping probe: too short (len=982, chunk_size=1900)
Skipping probe: too short (len=632, chunk_size=1900)
Skipping probe: too short (len=1763, chunk_size=1900)
Skipping probe: too short (len=670, chunk_size=1900)
Skipping probe: too short (len=886, chunk_size=1900)
Skipping probe: too short (len=1619, chunk_size=1900)
Skipping probe: too short (len=1880, chunk_size=1900)
Skipping probe: too short (len=1871, chunk_size=1900)
Skipping probe: too short (len=1021, chunk_size=1900)
Skipping probe: too short (len=1604, chunk_size=1900)
Skipping probe: too short (len=834, chunk_size=1900)
Skipping probe: too short (len=1506, chunk_size=1900)
Skipping probe: too short (len=1454, chunk_size=1900)
Skipping probe: too short (len=982, chunk_size=1900)
Skipping probe: too short (len=1619, chunk_size=1900)
Skipping probe: too short (len=1349, chunk_size=1900)
Skipping probe: too short (len=1450, chunk_size=1900)
Skipping probe: too short (len=559, chunk_size=1900)
Skipping probe: too short (len=1563, chunk_size=1900)
Skipping probe: too short (len=1335, chunk_size=1900)
Skipping probe: too short (len=906, chunk_size=1900)
Skipping probe: too short (len=1880, chunk_size=1900)
Skipping probe: too short (len=1763, chunk_size=1900)
Skipping probe: too short (len=1023, chunk_size=1900)
Skipping probe: too short (len=670, chunk_size=1900)
Skipping probe: too short (len=886, chunk_size=1900)
Skipping probe: too short (len=1871, chunk_size=1900)
Skipping probe: too short (len=1021, chunk_size=1900)
Skipping probe: too short (len=1266, chunk_size=1900)
Skipping probe: too short (len=632, chunk_size=1900)
[I 2026-02-26 06:52:19,024] Trial 96 pruned. 
Skipping probe: too short (len=1450, chunk_size=1600)
Skipping probe: too short (len=1349, chunk_size=1600)
Skipping probe: too short (len=1023, chunk_size=1600)
Skipping probe: too short (len=1454, chunk_size=1600)
Skipping probe: too short (len=982, chunk_size=1600)
Skipping probe: too short (len=1266, chunk_size=1600)
Skipping probe: too short (len=559, chunk_size=1600)
Skipping probe: too short (len=1563, chunk_size=1600)
Skipping probe: too short (len=1335, chunk_size=1600)
Skipping probe: too short (len=906, chunk_size=1600)
Skipping probe: too short (len=834, chunk_size=1600)
Skipping probe: too short (len=1506, chunk_size=1600)
Skipping probe: too short (len=670, chunk_size=1600)
Skipping probe: too short (len=886, chunk_size=1600)
Skipping probe: too short (len=632, chunk_size=1600)
Skipping probe: too short (len=1021, chunk_size=1600)
Skipping probe: too short (len=559, chunk_size=1600)
Skipping probe: too short (len=1563, chunk_size=1600)
Skipping probe: too short (len=1335, chunk_size=1600)
Skipping probe: too short (len=906, chunk_size=1600)
Skipping probe: too short (len=982, chunk_size=1600)
Skipping probe: too short (len=1450, chunk_size=1600)
Skipping probe: too short (len=1349, chunk_size=1600)
Skipping probe: too short (len=1454, chunk_size=1600)
Skipping probe: too short (len=1023, chunk_size=1600)
Skipping probe: too short (len=834, chunk_size=1600)
Skipping probe: too short (len=1506, chunk_size=1600)
Skipping probe: too short (len=1021, chunk_size=1600)
Skipping probe: too short (len=670, chunk_size=1600)
Skipping probe: too short (len=886, chunk_size=1600)
Skipping probe: too short (len=1266, chunk_size=1600)
Skipping probe: too short (len=632, chunk_size=1600)
Skipping probe: too short (len=1023, chunk_size=1600)
Skipping probe: too short (len=670, chunk_size=1600)
Skipping probe: too short (len=886, chunk_size=1600)
Skipping probe: too short (len=559, chunk_size=1600)
Skipping probe: too short (len=1563, chunk_size=1600)
Skipping probe: too short (len=1335, chunk_size=1600)
Skipping probe: too short (len=906, chunk_size=1600)
Skipping probe: too short (len=1450, chunk_size=1600)
Skipping probe: too short (len=834, chunk_size=1600)
Skipping probe: too short (len=1506, chunk_size=1600)
Skipping probe: too short (len=1266, chunk_size=1600)
Skipping probe: too short (len=632, chunk_size=1600)
Skipping probe: too short (len=1021, chunk_size=1600)
Skipping probe: too short (len=1454, chunk_size=1600)
Skipping probe: too short (len=1349, chunk_size=1600)
Skipping probe: too short (len=982, chunk_size=1600)
Skipping probe: too short (len=1454, chunk_size=1600)
Skipping probe: too short (len=1450, chunk_size=1600)
Skipping probe: too short (len=1349, chunk_size=1600)
Skipping probe: too short (len=982, chunk_size=1600)
Skipping probe: too short (len=1023, chunk_size=1600)
Skipping probe: too short (len=834, chunk_size=1600)
Skipping probe: too short (len=1506, chunk_size=1600)
Skipping probe: too short (len=1266, chunk_size=1600)
Skipping probe: too short (len=670, chunk_size=1600)
Skipping probe: too short (len=886, chunk_size=1600)
Skipping probe: too short (len=1021, chunk_size=1600)
Skipping probe: too short (len=632, chunk_size=1600)
Skipping probe: too short (len=559, chunk_size=1600)
Skipping probe: too short (len=1563, chunk_size=1600)
Skipping probe: too short (len=1335, chunk_size=1600)
Skipping probe: too short (len=906, chunk_size=1600)
Skipping probe: too short (len=559, chunk_size=1600)
Skipping probe: too short (len=1563, chunk_size=1600)
Skipping probe: too short (len=1335, chunk_size=1600)
Skipping probe: too short (len=906, chunk_size=1600)
Skipping probe: too short (len=1454, chunk_size=1600)
Skipping probe: too short (len=982, chunk_size=1600)
Skipping probe: too short (len=1349, chunk_size=1600)
Skipping probe: too short (len=1266, chunk_size=1600)
Skipping probe: too short (len=632, chunk_size=1600)
Skipping probe: too short (len=1021, chunk_size=1600)
Skipping probe: too short (len=1023, chunk_size=1600)
Skipping probe: too short (len=1450, chunk_size=1600)
Skipping probe: too short (len=834, chunk_size=1600)
Skipping probe: too short (len=1506, chunk_size=1600)
Skipping probe: too short (len=670, chunk_size=1600)
Skipping probe: too short (len=886, chunk_size=1600)
Trial 97 F1s - Weighted: 0.7224 | Macro: 0.2190 | Micro: 0.7163

[I 2026-02-26 07:04:08,853] Trial 97 finished with value: 0.7223564757298746 and parameters: {'chunk_seconds': 16, 'num_freqs': 14, 'num_estimators': 16, 'max_depth': 16, 'max_features': 0.3986511783907378, 'overlap': 0.5462209385467929, 'max_lag': 15}. Best is trial 84 with value: 0.7455527058135463.
Skipping probe: too short (len=1266, chunk_size=1500)
Skipping probe: too short (len=1023, chunk_size=1500)
Skipping probe: too short (len=834, chunk_size=1500)
Skipping probe: too short (len=1349, chunk_size=1500)
Skipping probe: too short (len=982, chunk_size=1500)
Skipping probe: too short (len=1450, chunk_size=1500)
Skipping probe: too short (len=559, chunk_size=1500)
Skipping probe: too short (len=1335, chunk_size=1500)
Skipping probe: too short (len=906, chunk_size=1500)
Skipping probe: too short (len=1454, chunk_size=1500)
Skipping probe: too short (len=670, chunk_size=1500)
Skipping probe: too short (len=886, chunk_size=1500)
Skipping probe: too short (len=632, chunk_size=1500)
Skipping probe: too short (len=1021, chunk_size=1500)
Skipping probe: too short (len=559, chunk_size=1500)
Skipping probe: too short (len=1335, chunk_size=1500)
Skipping probe: too short (len=906, chunk_size=1500)
Skipping probe: too short (len=834, chunk_size=1500)
Skipping probe: too short (len=1454, chunk_size=1500)
Skipping probe: too short (len=1450, chunk_size=1500)
Skipping probe: too short (len=1023, chunk_size=1500)
Skipping probe: too short (len=1349, chunk_size=1500)
Skipping probe: too short (len=982, chunk_size=1500)
Skipping probe: too short (len=670, chunk_size=1500)
Skipping probe: too short (len=886, chunk_size=1500)
Skipping probe: too short (len=1021, chunk_size=1500)
Skipping probe: too short (len=1266, chunk_size=1500)
Skipping probe: too short (len=632, chunk_size=1500)
Skipping probe: too short (len=559, chunk_size=1500)
Skipping probe: too short (len=1335, chunk_size=1500)
Skipping probe: too short (len=906, chunk_size=1500)
Skipping probe: too short (len=1450, chunk_size=1500)
Skipping probe: too short (len=834, chunk_size=1500)
Skipping probe: too short (len=1266, chunk_size=1500)
Skipping probe: too short (len=1023, chunk_size=1500)
Skipping probe: too short (len=670, chunk_size=1500)
Skipping probe: too short (len=886, chunk_size=1500)
Skipping probe: too short (len=1021, chunk_size=1500)
Skipping probe: too short (len=632, chunk_size=1500)
Skipping probe: too short (len=1349, chunk_size=1500)
Skipping probe: too short (len=1454, chunk_size=1500)
Skipping probe: too short (len=982, chunk_size=1500)
[I 2026-02-26 07:25:12,499] Trial 98 pruned. 
Skipping probe: too short (len=1450, chunk_size=1700)
Skipping probe: too short (len=1604, chunk_size=1700)
Skipping probe: too short (len=982, chunk_size=1700)
Skipping probe: too short (len=559, chunk_size=1700)
Skipping probe: too short (len=1563, chunk_size=1700)
Skipping probe: too short (len=1335, chunk_size=1700)
Skipping probe: too short (len=906, chunk_size=1700)
Skipping probe: too short (len=1349, chunk_size=1700)
Skipping probe: too short (len=834, chunk_size=1700)
Skipping probe: too short (len=1506, chunk_size=1700)
Skipping probe: too short (len=1023, chunk_size=1700)
Skipping probe: too short (len=1454, chunk_size=1700)
Skipping probe: too short (len=1266, chunk_size=1700)
Skipping probe: too short (len=670, chunk_size=1700)
Skipping probe: too short (len=886, chunk_size=1700)
Skipping probe: too short (len=632, chunk_size=1700)
Skipping probe: too short (len=1619, chunk_size=1700)
Skipping probe: too short (len=1021, chunk_size=1700)
Skipping probe: too short (len=559, chunk_size=1700)
Skipping probe: too short (len=1563, chunk_size=1700)
Skipping probe: too short (len=1335, chunk_size=1700)
Skipping probe: too short (len=906, chunk_size=1700)
Skipping probe: too short (len=1619, chunk_size=1700)
Skipping probe: too short (len=1349, chunk_size=1700)
Skipping probe: too short (len=1450, chunk_size=1700)
Skipping probe: too short (len=1023, chunk_size=1700)
Skipping probe: too short (len=1454, chunk_size=1700)
Skipping probe: too short (len=834, chunk_size=1700)
Skipping probe: too short (len=1506, chunk_size=1700)
Skipping probe: too short (len=1604, chunk_size=1700)
Skipping probe: too short (len=982, chunk_size=1700)
Skipping probe: too short (len=670, chunk_size=1700)
Skipping probe: too short (len=886, chunk_size=1700)
Skipping probe: too short (len=1021, chunk_size=1700)
Skipping probe: too short (len=1266, chunk_size=1700)
Skipping probe: too short (len=632, chunk_size=1700)
[I 2026-02-26 07:30:42,908] Trial 99 pruned. 
{'chunk_seconds': 19, 'num_freqs': 16, 'num_estimators': 64, 'max_depth': 16, 'max_features': 0.3898934600972708, 'overlap': 0.6358908314038317, 'max_lag': 15}
Job finished at: Thu Feb 26 07:30:43 EST 2026
