uv version: uv 0.9.5
Running on host: gpu04.cluster
Job started at: Thu Mar 19 15:13:05 EDT 2026
Running job ID: 740343
Loaded 58 files (2.86 GB) in 14.22 seconds.
Trial 0 F1s - Weighted: 0.5915 | Macro: 0.1786 | Micro: 0.5074

[I 2026-03-19 15:57:50,284] Trial 0 finished with value: 0.591488370719561 and parameters: {'chunk_seconds': 3, 'num_freqs': 13, 'num_estimators': 32, 'max_depth': 8, 'max_features': 0.7544829738135828, 'overlap': 0.45058362042942546, 'max_lag': 23}. Best is trial 0 with value: 0.591488370719561.
Skipping probe: too short (len=982, chunk_size=1500)
Skipping probe: too short (len=1349, chunk_size=1500)
Skipping probe: too short (len=1450, chunk_size=1500)
Skipping probe: too short (len=1023, chunk_size=1500)
Skipping probe: too short (len=1454, chunk_size=1500)
Skipping probe: too short (len=834, chunk_size=1500)
Skipping probe: too short (len=1266, chunk_size=1500)
Skipping probe: too short (len=559, chunk_size=1500)
Skipping probe: too short (len=1335, chunk_size=1500)
Skipping probe: too short (len=906, chunk_size=1500)
Skipping probe: too short (len=670, chunk_size=1500)
Skipping probe: too short (len=886, chunk_size=1500)
Skipping probe: too short (len=632, chunk_size=1500)
Skipping probe: too short (len=1021, chunk_size=1500)
Skipping probe: too short (len=559, chunk_size=1500)
Skipping probe: too short (len=1335, chunk_size=1500)
Skipping probe: too short (len=906, chunk_size=1500)
Skipping probe: too short (len=1023, chunk_size=1500)
Skipping probe: too short (len=1349, chunk_size=1500)
Skipping probe: too short (len=982, chunk_size=1500)
Skipping probe: too short (len=834, chunk_size=1500)
Skipping probe: too short (len=1454, chunk_size=1500)
Skipping probe: too short (len=1450, chunk_size=1500)
Skipping probe: too short (len=670, chunk_size=1500)
Skipping probe: too short (len=886, chunk_size=1500)
Skipping probe: too short (len=1021, chunk_size=1500)
Skipping probe: too short (len=1266, chunk_size=1500)
Skipping probe: too short (len=632, chunk_size=1500)
Skipping probe: too short (len=559, chunk_size=1500)
Skipping probe: too short (len=1335, chunk_size=1500)
Skipping probe: too short (len=906, chunk_size=1500)
Skipping probe: too short (len=834, chunk_size=1500)
Skipping probe: too short (len=1266, chunk_size=1500)
Skipping probe: too short (len=1450, chunk_size=1500)
Skipping probe: too short (len=1023, chunk_size=1500)
Skipping probe: too short (len=1021, chunk_size=1500)
Skipping probe: too short (len=632, chunk_size=1500)
Skipping probe: too short (len=670, chunk_size=1500)
Skipping probe: too short (len=886, chunk_size=1500)
Skipping probe: too short (len=1349, chunk_size=1500)
Skipping probe: too short (len=1454, chunk_size=1500)
Skipping probe: too short (len=982, chunk_size=1500)
Skipping probe: too short (len=1349, chunk_size=1500)
Skipping probe: too short (len=1454, chunk_size=1500)
Skipping probe: too short (len=834, chunk_size=1500)
Skipping probe: too short (len=1450, chunk_size=1500)
Skipping probe: too short (len=1023, chunk_size=1500)
Skipping probe: too short (len=1266, chunk_size=1500)
Skipping probe: too short (len=982, chunk_size=1500)
Skipping probe: too short (len=1021, chunk_size=1500)
Skipping probe: too short (len=632, chunk_size=1500)
Skipping probe: too short (len=670, chunk_size=1500)
Skipping probe: too short (len=886, chunk_size=1500)
Skipping probe: too short (len=559, chunk_size=1500)
Skipping probe: too short (len=1335, chunk_size=1500)
Skipping probe: too short (len=906, chunk_size=1500)
Skipping probe: too short (len=982, chunk_size=1500)
Skipping probe: too short (len=559, chunk_size=1500)
Skipping probe: too short (len=1335, chunk_size=1500)
Skipping probe: too short (len=906, chunk_size=1500)
Skipping probe: too short (len=1349, chunk_size=1500)
Skipping probe: too short (len=1454, chunk_size=1500)
Skipping probe: too short (len=1266, chunk_size=1500)
Skipping probe: too short (len=632, chunk_size=1500)
Skipping probe: too short (len=1021, chunk_size=1500)
Skipping probe: too short (len=834, chunk_size=1500)
Skipping probe: too short (len=1450, chunk_size=1500)
Skipping probe: too short (len=1023, chunk_size=1500)
Skipping probe: too short (len=670, chunk_size=1500)
Skipping probe: too short (len=886, chunk_size=1500)
Trial 1 F1s - Weighted: 0.7063 | Macro: 0.2001 | Micro: 0.7343

[I 2026-03-19 16:08:34,122] Trial 1 finished with value: 0.706293763005904 and parameters: {'chunk_seconds': 15, 'num_freqs': 12, 'num_estimators': 32, 'max_depth': 32, 'max_features': 0.39591564922118705, 'overlap': 0.3231100122061917, 'max_lag': 13}. Best is trial 1 with value: 0.706293763005904.
Trial 2 F1s - Weighted: 0.6633 | Macro: 0.2058 | Micro: 0.7046

[I 2026-03-19 18:58:40,595] Trial 2 finished with value: 0.663259414986168 and parameters: {'chunk_seconds': 2, 'num_freqs': 24, 'num_estimators': 256, 'max_depth': 256, 'max_features': 0.2761157832915131, 'overlap': 0.32589999161986793, 'max_lag': 9}. Best is trial 1 with value: 0.706293763005904.
Skipping probe: too short (len=559, chunk_size=600)
Skipping probe: too short (len=559, chunk_size=600)
Skipping probe: too short (len=559, chunk_size=600)
Skipping probe: too short (len=559, chunk_size=600)
Skipping probe: too short (len=559, chunk_size=600)
Trial 3 F1s - Weighted: 0.6314 | Macro: 0.1963 | Micro: 0.5454

[I 2026-03-19 19:34:13,486] Trial 3 finished with value: 0.6313615098489596 and parameters: {'chunk_seconds': 6, 'num_freqs': 2, 'num_estimators': 32, 'max_depth': 8, 'max_features': 0.8638663308970747, 'overlap': 0.7183596351719594, 'max_lag': 16}. Best is trial 1 with value: 0.706293763005904.
Skipping probe: too short (len=834, chunk_size=1200)
Skipping probe: too short (len=1023, chunk_size=1200)
Skipping probe: too short (len=559, chunk_size=1200)
Skipping probe: too short (len=906, chunk_size=1200)
Skipping probe: too short (len=982, chunk_size=1200)
Skipping probe: too short (len=670, chunk_size=1200)
Skipping probe: too short (len=886, chunk_size=1200)
Skipping probe: too short (len=632, chunk_size=1200)
Skipping probe: too short (len=1021, chunk_size=1200)
Skipping probe: too short (len=559, chunk_size=1200)
Skipping probe: too short (len=906, chunk_size=1200)
Skipping probe: too short (len=834, chunk_size=1200)
Skipping probe: too short (len=1023, chunk_size=1200)
Skipping probe: too short (len=982, chunk_size=1200)
Skipping probe: too short (len=670, chunk_size=1200)
Skipping probe: too short (len=886, chunk_size=1200)
Skipping probe: too short (len=1021, chunk_size=1200)
Skipping probe: too short (len=632, chunk_size=1200)
Skipping probe: too short (len=559, chunk_size=1200)
Skipping probe: too short (len=906, chunk_size=1200)
Skipping probe: too short (len=1023, chunk_size=1200)
Skipping probe: too short (len=834, chunk_size=1200)
Skipping probe: too short (len=670, chunk_size=1200)
Skipping probe: too short (len=886, chunk_size=1200)
Skipping probe: too short (len=1021, chunk_size=1200)
Skipping probe: too short (len=632, chunk_size=1200)
Skipping probe: too short (len=982, chunk_size=1200)
Skipping probe: too short (len=834, chunk_size=1200)
Skipping probe: too short (len=1023, chunk_size=1200)
Skipping probe: too short (len=982, chunk_size=1200)
Skipping probe: too short (len=670, chunk_size=1200)
Skipping probe: too short (len=886, chunk_size=1200)
Skipping probe: too short (len=1021, chunk_size=1200)
Skipping probe: too short (len=632, chunk_size=1200)
Skipping probe: too short (len=559, chunk_size=1200)
Skipping probe: too short (len=906, chunk_size=1200)
Skipping probe: too short (len=982, chunk_size=1200)
Skipping probe: too short (len=559, chunk_size=1200)
Skipping probe: too short (len=906, chunk_size=1200)
Skipping probe: too short (len=1021, chunk_size=1200)
Skipping probe: too short (len=632, chunk_size=1200)
Skipping probe: too short (len=834, chunk_size=1200)
Skipping probe: too short (len=1023, chunk_size=1200)
Skipping probe: too short (len=670, chunk_size=1200)
Skipping probe: too short (len=886, chunk_size=1200)
Trial 4 F1s - Weighted: 0.7121 | Macro: 0.2008 | Micro: 0.7421

[I 2026-03-19 19:53:07,277] Trial 4 finished with value: 0.7120598024800527 and parameters: {'chunk_seconds': 12, 'num_freqs': 11, 'num_estimators': 32, 'max_depth': 128, 'max_features': 0.4455414461174301, 'overlap': 0.49759180289523947, 'max_lag': 26}. Best is trial 4 with value: 0.7120598024800527.
Skipping probe: too short (len=1454, chunk_size=1700)
Skipping probe: too short (len=559, chunk_size=1700)
Skipping probe: too short (len=1563, chunk_size=1700)
Skipping probe: too short (len=1335, chunk_size=1700)
Skipping probe: too short (len=906, chunk_size=1700)
Skipping probe: too short (len=834, chunk_size=1700)
Skipping probe: too short (len=1506, chunk_size=1700)
Skipping probe: too short (len=1450, chunk_size=1700)
Skipping probe: too short (len=1266, chunk_size=1700)
Skipping probe: too short (len=1349, chunk_size=1700)
Skipping probe: too short (len=1604, chunk_size=1700)
Skipping probe: too short (len=1023, chunk_size=1700)
Skipping probe: too short (len=982, chunk_size=1700)
Skipping probe: too short (len=632, chunk_size=1700)
Skipping probe: too short (len=670, chunk_size=1700)
Skipping probe: too short (len=886, chunk_size=1700)
Skipping probe: too short (len=1619, chunk_size=1700)
Skipping probe: too short (len=1021, chunk_size=1700)
Skipping probe: too short (len=1604, chunk_size=1700)
Skipping probe: too short (len=1450, chunk_size=1700)
Skipping probe: too short (len=559, chunk_size=1700)
Skipping probe: too short (len=1563, chunk_size=1700)
Skipping probe: too short (len=1335, chunk_size=1700)
Skipping probe: too short (len=906, chunk_size=1700)
Skipping probe: too short (len=1454, chunk_size=1700)
Skipping probe: too short (len=1349, chunk_size=1700)
Skipping probe: too short (len=982, chunk_size=1700)
Skipping probe: too short (len=834, chunk_size=1700)
Skipping probe: too short (len=1506, chunk_size=1700)
Skipping probe: too short (len=1023, chunk_size=1700)
Skipping probe: too short (len=1619, chunk_size=1700)
Skipping probe: too short (len=670, chunk_size=1700)
Skipping probe: too short (len=886, chunk_size=1700)
Skipping probe: too short (len=1021, chunk_size=1700)
Skipping probe: too short (len=1266, chunk_size=1700)
Skipping probe: too short (len=632, chunk_size=1700)
Skipping probe: too short (len=1266, chunk_size=1700)
Skipping probe: too short (len=1450, chunk_size=1700)
Skipping probe: too short (len=559, chunk_size=1700)
Skipping probe: too short (len=1563, chunk_size=1700)
Skipping probe: too short (len=1335, chunk_size=1700)
Skipping probe: too short (len=906, chunk_size=1700)
Skipping probe: too short (len=1023, chunk_size=1700)
Skipping probe: too short (len=834, chunk_size=1700)
Skipping probe: too short (len=1506, chunk_size=1700)
Skipping probe: too short (len=670, chunk_size=1700)
Skipping probe: too short (len=886, chunk_size=1700)
Skipping probe: too short (len=1619, chunk_size=1700)
Skipping probe: too short (len=632, chunk_size=1700)
Skipping probe: too short (len=1021, chunk_size=1700)
Skipping probe: too short (len=1454, chunk_size=1700)
Skipping probe: too short (len=982, chunk_size=1700)
Skipping probe: too short (len=1349, chunk_size=1700)
Skipping probe: too short (len=1604, chunk_size=1700)
Skipping probe: too short (len=1023, chunk_size=1700)
Skipping probe: too short (len=1454, chunk_size=1700)
Skipping probe: too short (len=982, chunk_size=1700)
Skipping probe: too short (len=834, chunk_size=1700)
Skipping probe: too short (len=1506, chunk_size=1700)
Skipping probe: too short (len=1450, chunk_size=1700)
Skipping probe: too short (len=1266, chunk_size=1700)
Skipping probe: too short (len=1349, chunk_size=1700)
Skipping probe: too short (len=1619, chunk_size=1700)
Skipping probe: too short (len=632, chunk_size=1700)
Skipping probe: too short (len=670, chunk_size=1700)
Skipping probe: too short (len=886, chunk_size=1700)
Skipping probe: too short (len=1604, chunk_size=1700)
Skipping probe: too short (len=1021, chunk_size=1700)
Skipping probe: too short (len=559, chunk_size=1700)
Skipping probe: too short (len=1563, chunk_size=1700)
Skipping probe: too short (len=1335, chunk_size=1700)
Skipping probe: too short (len=906, chunk_size=1700)
Skipping probe: too short (len=559, chunk_size=1700)
Skipping probe: too short (len=1563, chunk_size=1700)
Skipping probe: too short (len=1335, chunk_size=1700)
Skipping probe: too short (len=906, chunk_size=1700)
Skipping probe: too short (len=982, chunk_size=1700)
Skipping probe: too short (len=1619, chunk_size=1700)
Skipping probe: too short (len=1266, chunk_size=1700)
Skipping probe: too short (len=1349, chunk_size=1700)
Skipping probe: too short (len=1604, chunk_size=1700)
Skipping probe: too short (len=1454, chunk_size=1700)
Skipping probe: too short (len=1021, chunk_size=1700)
Skipping probe: too short (len=632, chunk_size=1700)
Skipping probe: too short (len=1450, chunk_size=1700)
Skipping probe: too short (len=1023, chunk_size=1700)
Skipping probe: too short (len=834, chunk_size=1700)
Skipping probe: too short (len=1506, chunk_size=1700)
Skipping probe: too short (len=670, chunk_size=1700)
Skipping probe: too short (len=886, chunk_size=1700)
Trial 5 F1s - Weighted: 0.7060 | Macro: 0.1914 | Micro: 0.7376

[I 2026-03-19 20:48:38,474] Trial 5 finished with value: 0.7060313758419178 and parameters: {'chunk_seconds': 17, 'num_freqs': 19, 'num_estimators': 128, 'max_depth': 256, 'max_features': 0.7228670174515515, 'overlap': 0.701036173686402, 'max_lag': 12}. Best is trial 4 with value: 0.7120598024800527.
Skipping probe: too short (len=834, chunk_size=900)
Skipping probe: too short (len=559, chunk_size=900)
Skipping probe: too short (len=670, chunk_size=900)
Skipping probe: too short (len=886, chunk_size=900)
Skipping probe: too short (len=632, chunk_size=900)
Skipping probe: too short (len=559, chunk_size=900)
Skipping probe: too short (len=834, chunk_size=900)
Skipping probe: too short (len=670, chunk_size=900)
Skipping probe: too short (len=886, chunk_size=900)
Skipping probe: too short (len=632, chunk_size=900)
Skipping probe: too short (len=834, chunk_size=900)
Skipping probe: too short (len=559, chunk_size=900)
Skipping probe: too short (len=670, chunk_size=900)
Skipping probe: too short (len=886, chunk_size=900)
Skipping probe: too short (len=632, chunk_size=900)
Skipping probe: too short (len=834, chunk_size=900)
Skipping probe: too short (len=670, chunk_size=900)
Skipping probe: too short (len=886, chunk_size=900)
Skipping probe: too short (len=632, chunk_size=900)
Skipping probe: too short (len=559, chunk_size=900)
Skipping probe: too short (len=559, chunk_size=900)
Skipping probe: too short (len=632, chunk_size=900)
Skipping probe: too short (len=834, chunk_size=900)
Skipping probe: too short (len=670, chunk_size=900)
Skipping probe: too short (len=886, chunk_size=900)
Trial 6 F1s - Weighted: 0.7097 | Macro: 0.2100 | Micro: 0.7387

[I 2026-03-20 00:05:36,746] Trial 6 finished with value: 0.7096976047621499 and parameters: {'chunk_seconds': 9, 'num_freqs': 2, 'num_estimators': 1024, 'max_depth': 128, 'max_features': 0.45429402297824667, 'overlap': 0.5716440010892627, 'max_lag': 19}. Best is trial 4 with value: 0.7120598024800527.
Skipping probe: too short (len=1450, chunk_size=1900)
Skipping probe: too short (len=834, chunk_size=1900)
Skipping probe: too short (len=1506, chunk_size=1900)
Skipping probe: too short (len=982, chunk_size=1900)
Skipping probe: too short (len=1454, chunk_size=1900)
Skipping probe: too short (len=1266, chunk_size=1900)
Skipping probe: too short (len=1349, chunk_size=1900)
Skipping probe: too short (len=1023, chunk_size=1900)
Skipping probe: too short (len=1604, chunk_size=1900)
Skipping probe: too short (len=1763, chunk_size=1900)
Skipping probe: too short (len=670, chunk_size=1900)
Skipping probe: too short (len=886, chunk_size=1900)
Skipping probe: too short (len=559, chunk_size=1900)
Skipping probe: too short (len=1563, chunk_size=1900)
Skipping probe: too short (len=1335, chunk_size=1900)
Skipping probe: too short (len=906, chunk_size=1900)
Skipping probe: too short (len=632, chunk_size=1900)
Skipping probe: too short (len=1619, chunk_size=1900)
Skipping probe: too short (len=1880, chunk_size=1900)
Skipping probe: too short (len=1871, chunk_size=1900)
Skipping probe: too short (len=1021, chunk_size=1900)
Skipping probe: too short (len=559, chunk_size=1900)
Skipping probe: too short (len=1563, chunk_size=1900)
Skipping probe: too short (len=1335, chunk_size=1900)
Skipping probe: too short (len=906, chunk_size=1900)
Skipping probe: too short (len=1454, chunk_size=1900)
Skipping probe: too short (len=1450, chunk_size=1900)
Skipping probe: too short (len=1619, chunk_size=1900)
Skipping probe: too short (len=834, chunk_size=1900)
Skipping probe: too short (len=1506, chunk_size=1900)
Skipping probe: too short (len=1023, chunk_size=1900)
Skipping probe: too short (len=982, chunk_size=1900)
Skipping probe: too short (len=1604, chunk_size=1900)
Skipping probe: too short (len=1349, chunk_size=1900)
Skipping probe: too short (len=670, chunk_size=1900)
Skipping probe: too short (len=886, chunk_size=1900)
Skipping probe: too short (len=1763, chunk_size=1900)
Skipping probe: too short (len=1880, chunk_size=1900)
Skipping probe: too short (len=1871, chunk_size=1900)
Skipping probe: too short (len=1021, chunk_size=1900)
Skipping probe: too short (len=1266, chunk_size=1900)
Skipping probe: too short (len=632, chunk_size=1900)
Skipping probe: too short (len=559, chunk_size=1900)
Skipping probe: too short (len=1563, chunk_size=1900)
Skipping probe: too short (len=1335, chunk_size=1900)
Skipping probe: too short (len=906, chunk_size=1900)
Skipping probe: too short (len=1266, chunk_size=1900)
Skipping probe: too short (len=1450, chunk_size=1900)
Skipping probe: too short (len=1619, chunk_size=1900)
Skipping probe: too short (len=1023, chunk_size=1900)
Skipping probe: too short (len=834, chunk_size=1900)
Skipping probe: too short (len=1506, chunk_size=1900)
Skipping probe: too short (len=1880, chunk_size=1900)
Skipping probe: too short (len=1871, chunk_size=1900)
Skipping probe: too short (len=1021, chunk_size=1900)
Skipping probe: too short (len=670, chunk_size=1900)
Skipping probe: too short (len=886, chunk_size=1900)
Skipping probe: too short (len=632, chunk_size=1900)
Skipping probe: too short (len=1349, chunk_size=1900)
Skipping probe: too short (len=1454, chunk_size=1900)
Skipping probe: too short (len=1763, chunk_size=1900)
Skipping probe: too short (len=982, chunk_size=1900)
Skipping probe: too short (len=1604, chunk_size=1900)
Skipping probe: too short (len=1619, chunk_size=1900)
Skipping probe: too short (len=982, chunk_size=1900)
Skipping probe: too short (len=1454, chunk_size=1900)
Skipping probe: too short (len=1349, chunk_size=1900)
Skipping probe: too short (len=834, chunk_size=1900)
Skipping probe: too short (len=1506, chunk_size=1900)
Skipping probe: too short (len=1023, chunk_size=1900)
Skipping probe: too short (len=1266, chunk_size=1900)
Skipping probe: too short (len=1450, chunk_size=1900)
Skipping probe: too short (len=1604, chunk_size=1900)
Skipping probe: too short (len=1763, chunk_size=1900)
Skipping probe: too short (len=1871, chunk_size=1900)
Skipping probe: too short (len=1021, chunk_size=1900)
Skipping probe: too short (len=632, chunk_size=1900)
Skipping probe: too short (len=1880, chunk_size=1900)
Skipping probe: too short (len=670, chunk_size=1900)
Skipping probe: too short (len=886, chunk_size=1900)
Skipping probe: too short (len=559, chunk_size=1900)
Skipping probe: too short (len=1563, chunk_size=1900)
Skipping probe: too short (len=1335, chunk_size=1900)
Skipping probe: too short (len=906, chunk_size=1900)
Skipping probe: too short (len=1454, chunk_size=1900)
Skipping probe: too short (len=1349, chunk_size=1900)
Skipping probe: too short (len=982, chunk_size=1900)
Skipping probe: too short (len=1763, chunk_size=1900)
Skipping probe: too short (len=1604, chunk_size=1900)
Skipping probe: too short (len=1266, chunk_size=1900)
Skipping probe: too short (len=559, chunk_size=1900)
Skipping probe: too short (len=1563, chunk_size=1900)
Skipping probe: too short (len=1335, chunk_size=1900)
Skipping probe: too short (len=906, chunk_size=1900)
Skipping probe: too short (len=1619, chunk_size=1900)
Skipping probe: too short (len=1880, chunk_size=1900)
Skipping probe: too short (len=632, chunk_size=1900)
Skipping probe: too short (len=1871, chunk_size=1900)
Skipping probe: too short (len=1021, chunk_size=1900)
Skipping probe: too short (len=1450, chunk_size=1900)
Skipping probe: too short (len=834, chunk_size=1900)
Skipping probe: too short (len=1506, chunk_size=1900)
Skipping probe: too short (len=1023, chunk_size=1900)
Skipping probe: too short (len=670, chunk_size=1900)
Skipping probe: too short (len=886, chunk_size=1900)
Trial 7 F1s - Weighted: 0.7322 | Macro: 0.2247 | Micro: 0.7317

[I 2026-03-20 00:24:26,234] Trial 7 finished with value: 0.7321780825118983 and parameters: {'chunk_seconds': 19, 'num_freqs': 18, 'num_estimators': 64, 'max_depth': 16, 'max_features': 0.6264645122989487, 'overlap': 0.42533807838242466, 'max_lag': 27}. Best is trial 7 with value: 0.7321780825118983.
Skipping probe: too short (len=1023, chunk_size=2400)
Skipping probe: too short (len=2171, chunk_size=2400)
Skipping probe: too short (len=1958, chunk_size=2400)
Skipping probe: too short (len=1924, chunk_size=2400)
Skipping probe: too short (len=2341, chunk_size=2400)
Skipping probe: too short (len=2216, chunk_size=2400)
Skipping probe: too short (len=834, chunk_size=2400)
Skipping probe: too short (len=1506, chunk_size=2400)
Skipping probe: too short (len=2176, chunk_size=2400)
Skipping probe: too short (len=1604, chunk_size=2400)
Skipping probe: too short (len=1266, chunk_size=2400)
Skipping probe: too short (len=1450, chunk_size=2400)
Skipping probe: too short (len=2058, chunk_size=2400)
Skipping probe: too short (len=1454, chunk_size=2400)
Skipping probe: too short (len=1349, chunk_size=2400)
Skipping probe: too short (len=1763, chunk_size=2400)
Skipping probe: too short (len=670, chunk_size=2400)
Skipping probe: too short (len=886, chunk_size=2400)
Skipping probe: too short (len=982, chunk_size=2400)
Skipping probe: too short (len=559, chunk_size=2400)
Skipping probe: too short (len=1906, chunk_size=2400)
Skipping probe: too short (len=1563, chunk_size=2400)
Skipping probe: too short (len=1335, chunk_size=2400)
Skipping probe: too short (len=906, chunk_size=2400)
Skipping probe: too short (len=632, chunk_size=2400)
Skipping probe: too short (len=2340, chunk_size=2400)
Skipping probe: too short (len=1880, chunk_size=2400)
Skipping probe: too short (len=1619, chunk_size=2400)
Skipping probe: too short (len=1995, chunk_size=2400)
Skipping probe: too short (len=2252, chunk_size=2400)
Skipping probe: too short (len=1871, chunk_size=2400)
Skipping probe: too short (len=1021, chunk_size=2400)
Skipping probe: too short (len=1958, chunk_size=2400)
Skipping probe: too short (len=559, chunk_size=2400)
Skipping probe: too short (len=1906, chunk_size=2400)
Skipping probe: too short (len=1563, chunk_size=2400)
Skipping probe: too short (len=1335, chunk_size=2400)
Skipping probe: too short (len=906, chunk_size=2400)
Skipping probe: too short (len=1454, chunk_size=2400)
Skipping probe: too short (len=1023, chunk_size=2400)
Skipping probe: too short (len=2171, chunk_size=2400)
Skipping probe: too short (len=1349, chunk_size=2400)
Skipping probe: too short (len=2176, chunk_size=2400)
Skipping probe: too short (len=1450, chunk_size=2400)
Skipping probe: too short (len=1924, chunk_size=2400)
Skipping probe: too short (len=2341, chunk_size=2400)
Skipping probe: too short (len=2216, chunk_size=2400)
Skipping probe: too short (len=834, chunk_size=2400)
Skipping probe: too short (len=1506, chunk_size=2400)
Skipping probe: too short (len=1763, chunk_size=2400)
Skipping probe: too short (len=1995, chunk_size=2400)
Skipping probe: too short (len=2252, chunk_size=2400)
Skipping probe: too short (len=1880, chunk_size=2400)
Skipping probe: too short (len=982, chunk_size=2400)
Skipping probe: too short (len=1604, chunk_size=2400)
Skipping probe: too short (len=1619, chunk_size=2400)
Skipping probe: too short (len=670, chunk_size=2400)
Skipping probe: too short (len=886, chunk_size=2400)
Skipping probe: too short (len=2340, chunk_size=2400)
Skipping probe: too short (len=1871, chunk_size=2400)
Skipping probe: too short (len=1021, chunk_size=2400)
Skipping probe: too short (len=1266, chunk_size=2400)
Skipping probe: too short (len=2058, chunk_size=2400)
Skipping probe: too short (len=632, chunk_size=2400)
Skipping probe: too short (len=1023, chunk_size=2400)
Skipping probe: too short (len=2171, chunk_size=2400)
Skipping probe: too short (len=1450, chunk_size=2400)
Skipping probe: too short (len=2058, chunk_size=2400)
Skipping probe: too short (len=1266, chunk_size=2400)
Skipping probe: too short (len=1958, chunk_size=2400)
Skipping probe: too short (len=1619, chunk_size=2400)
Skipping probe: too short (len=1924, chunk_size=2400)
Skipping probe: too short (len=2341, chunk_size=2400)
Skipping probe: too short (len=2216, chunk_size=2400)
Skipping probe: too short (len=834, chunk_size=2400)
Skipping probe: too short (len=1506, chunk_size=2400)
Skipping probe: too short (len=2176, chunk_size=2400)
Skipping probe: too short (len=559, chunk_size=2400)
Skipping probe: too short (len=1906, chunk_size=2400)
Skipping probe: too short (len=1563, chunk_size=2400)
Skipping probe: too short (len=1335, chunk_size=2400)
Skipping probe: too short (len=906, chunk_size=2400)
Skipping probe: too short (len=1880, chunk_size=2400)
Skipping probe: too short (len=632, chunk_size=2400)
Skipping probe: too short (len=670, chunk_size=2400)
Skipping probe: too short (len=886, chunk_size=2400)
Skipping probe: too short (len=1995, chunk_size=2400)
Skipping probe: too short (len=2252, chunk_size=2400)
Skipping probe: too short (len=1871, chunk_size=2400)
Skipping probe: too short (len=1021, chunk_size=2400)
Skipping probe: too short (len=1454, chunk_size=2400)
Skipping probe: too short (len=1349, chunk_size=2400)
Skipping probe: too short (len=1763, chunk_size=2400)
Skipping probe: too short (len=982, chunk_size=2400)
Skipping probe: too short (len=1604, chunk_size=2400)
Skipping probe: too short (len=2340, chunk_size=2400)
Skipping probe: too short (len=1763, chunk_size=2400)
Skipping probe: too short (len=1450, chunk_size=2400)
Skipping probe: too short (len=2058, chunk_size=2400)
Skipping probe: too short (len=1924, chunk_size=2400)
Skipping probe: too short (len=2341, chunk_size=2400)
Skipping probe: too short (len=2216, chunk_size=2400)
Skipping probe: too short (len=834, chunk_size=2400)
Skipping probe: too short (len=1506, chunk_size=2400)
Skipping probe: too short (len=1958, chunk_size=2400)
Skipping probe: too short (len=1266, chunk_size=2400)
Skipping probe: too short (len=1604, chunk_size=2400)
Skipping probe: too short (len=1454, chunk_size=2400)
Skipping probe: too short (len=1023, chunk_size=2400)
Skipping probe: too short (len=2171, chunk_size=2400)
Skipping probe: too short (len=1349, chunk_size=2400)
Skipping probe: too short (len=1619, chunk_size=2400)
Skipping probe: too short (len=1995, chunk_size=2400)
Skipping probe: too short (len=2252, chunk_size=2400)
Skipping probe: too short (len=982, chunk_size=2400)
Skipping probe: too short (len=1880, chunk_size=2400)
Skipping probe: too short (len=670, chunk_size=2400)
Skipping probe: too short (len=886, chunk_size=2400)
Skipping probe: too short (len=1871, chunk_size=2400)
Skipping probe: too short (len=1021, chunk_size=2400)
Skipping probe: too short (len=632, chunk_size=2400)
Skipping probe: too short (len=2340, chunk_size=2400)
Skipping probe: too short (len=2176, chunk_size=2400)
Skipping probe: too short (len=559, chunk_size=2400)
Skipping probe: too short (len=1906, chunk_size=2400)
Skipping probe: too short (len=1563, chunk_size=2400)
Skipping probe: too short (len=1335, chunk_size=2400)
Skipping probe: too short (len=906, chunk_size=2400)
Skipping probe: too short (len=1604, chunk_size=2400)
Skipping probe: too short (len=1349, chunk_size=2400)
Skipping probe: too short (len=2058, chunk_size=2400)
Skipping probe: too short (len=982, chunk_size=2400)
Skipping probe: too short (len=2176, chunk_size=2400)
Skipping probe: too short (len=1266, chunk_size=2400)
Skipping probe: too short (len=1454, chunk_size=2400)
Skipping probe: too short (len=559, chunk_size=2400)
Skipping probe: too short (len=1906, chunk_size=2400)
Skipping probe: too short (len=1563, chunk_size=2400)
Skipping probe: too short (len=1335, chunk_size=2400)
Skipping probe: too short (len=906, chunk_size=2400)
Skipping probe: too short (len=1619, chunk_size=2400)
Skipping probe: too short (len=1880, chunk_size=2400)
Skipping probe: too short (len=1763, chunk_size=2400)
Skipping probe: too short (len=632, chunk_size=2400)
Skipping probe: too short (len=2340, chunk_size=2400)
Skipping probe: too short (len=1871, chunk_size=2400)
Skipping probe: too short (len=1021, chunk_size=2400)
Skipping probe: too short (len=1995, chunk_size=2400)
Skipping probe: too short (len=2252, chunk_size=2400)
Skipping probe: too short (len=1450, chunk_size=2400)
Skipping probe: too short (len=1023, chunk_size=2400)
Skipping probe: too short (len=2171, chunk_size=2400)
Skipping probe: too short (len=1958, chunk_size=2400)
Skipping probe: too short (len=1924, chunk_size=2400)
Skipping probe: too short (len=2341, chunk_size=2400)
Skipping probe: too short (len=2216, chunk_size=2400)
Skipping probe: too short (len=834, chunk_size=2400)
Skipping probe: too short (len=1506, chunk_size=2400)
Skipping probe: too short (len=670, chunk_size=2400)
Skipping probe: too short (len=886, chunk_size=2400)
Trial 8 F1s - Weighted: 0.7005 | Macro: 0.1887 | Micro: 0.7266

[I 2026-03-20 00:43:15,674] Trial 8 finished with value: 0.700535310736064 and parameters: {'chunk_seconds': 24, 'num_freqs': 9, 'num_estimators': 128, 'max_depth': 32, 'max_features': 0.8354124460730887, 'overlap': 0.3776797120940296, 'max_lag': 12}. Best is trial 7 with value: 0.7321780825118983.
Trial 9 F1s - Weighted: 0.6821 | Macro: 0.2346 | Micro: 0.7133

[I 2026-03-20 02:39:34,500] Trial 9 finished with value: 0.6821333662403959 and parameters: {'chunk_seconds': 3, 'num_freqs': 5, 'num_estimators': 64, 'max_depth': 32, 'max_features': 0.3337034515401478, 'overlap': 0.7462422990905075, 'max_lag': 23}. Best is trial 7 with value: 0.7321780825118983.
Skipping probe: too short (len=1604, chunk_size=2200)
Skipping probe: too short (len=1349, chunk_size=2200)
Skipping probe: too short (len=1958, chunk_size=2200)
Skipping probe: too short (len=1454, chunk_size=2200)
Skipping probe: too short (len=559, chunk_size=2200)
Skipping probe: too short (len=1906, chunk_size=2200)
Skipping probe: too short (len=1563, chunk_size=2200)
Skipping probe: too short (len=1335, chunk_size=2200)
Skipping probe: too short (len=906, chunk_size=2200)
Skipping probe: too short (len=1023, chunk_size=2200)
Skipping probe: too short (len=2171, chunk_size=2200)
Skipping probe: too short (len=1266, chunk_size=2200)
Skipping probe: too short (len=2176, chunk_size=2200)
Skipping probe: too short (len=2058, chunk_size=2200)
Skipping probe: too short (len=1924, chunk_size=2200)
Skipping probe: too short (len=834, chunk_size=2200)
Skipping probe: too short (len=1506, chunk_size=2200)
Skipping probe: too short (len=1450, chunk_size=2200)
Skipping probe: too short (len=632, chunk_size=2200)
Skipping probe: too short (len=1763, chunk_size=2200)
Skipping probe: too short (len=670, chunk_size=2200)
Skipping probe: too short (len=886, chunk_size=2200)
Skipping probe: too short (len=982, chunk_size=2200)
Skipping probe: too short (len=1619, chunk_size=2200)
Skipping probe: too short (len=1880, chunk_size=2200)
Skipping probe: too short (len=1871, chunk_size=2200)
Skipping probe: too short (len=1021, chunk_size=2200)
Skipping probe: too short (len=1995, chunk_size=2200)
Skipping probe: too short (len=1958, chunk_size=2200)
Skipping probe: too short (len=559, chunk_size=2200)
Skipping probe: too short (len=1906, chunk_size=2200)
Skipping probe: too short (len=1563, chunk_size=2200)
Skipping probe: too short (len=1335, chunk_size=2200)
Skipping probe: too short (len=906, chunk_size=2200)
Skipping probe: too short (len=1924, chunk_size=2200)
Skipping probe: too short (len=834, chunk_size=2200)
Skipping probe: too short (len=1506, chunk_size=2200)
Skipping probe: too short (len=1454, chunk_size=2200)
Skipping probe: too short (len=1349, chunk_size=2200)
Skipping probe: too short (len=1450, chunk_size=2200)
Skipping probe: too short (len=2176, chunk_size=2200)
Skipping probe: too short (len=1023, chunk_size=2200)
Skipping probe: too short (len=2171, chunk_size=2200)
Skipping probe: too short (len=1604, chunk_size=2200)
Skipping probe: too short (len=982, chunk_size=2200)
Skipping probe: too short (len=1763, chunk_size=2200)
Skipping probe: too short (len=1995, chunk_size=2200)
Skipping probe: too short (len=1880, chunk_size=2200)
Skipping probe: too short (len=1619, chunk_size=2200)
Skipping probe: too short (len=670, chunk_size=2200)
Skipping probe: too short (len=886, chunk_size=2200)
Skipping probe: too short (len=1871, chunk_size=2200)
Skipping probe: too short (len=1021, chunk_size=2200)
Skipping probe: too short (len=2058, chunk_size=2200)
Skipping probe: too short (len=1266, chunk_size=2200)
Skipping probe: too short (len=632, chunk_size=2200)
Skipping probe: too short (len=2058, chunk_size=2200)
Skipping probe: too short (len=1450, chunk_size=2200)
Skipping probe: too short (len=2176, chunk_size=2200)
Skipping probe: too short (len=559, chunk_size=2200)
Skipping probe: too short (len=1906, chunk_size=2200)
Skipping probe: too short (len=1563, chunk_size=2200)
Skipping probe: too short (len=1335, chunk_size=2200)
Skipping probe: too short (len=906, chunk_size=2200)
Skipping probe: too short (len=1023, chunk_size=2200)
Skipping probe: too short (len=2171, chunk_size=2200)
Skipping probe: too short (len=1924, chunk_size=2200)
Skipping probe: too short (len=834, chunk_size=2200)
Skipping probe: too short (len=1506, chunk_size=2200)
Skipping probe: too short (len=1958, chunk_size=2200)
Skipping probe: too short (len=1266, chunk_size=2200)
Skipping probe: too short (len=1880, chunk_size=2200)
Skipping probe: too short (len=1619, chunk_size=2200)
Skipping probe: too short (len=1995, chunk_size=2200)
Skipping probe: too short (len=670, chunk_size=2200)
Skipping probe: too short (len=886, chunk_size=2200)
Skipping probe: too short (len=632, chunk_size=2200)
Skipping probe: too short (len=1871, chunk_size=2200)
Skipping probe: too short (len=1021, chunk_size=2200)
Skipping probe: too short (len=1454, chunk_size=2200)
Skipping probe: too short (len=1349, chunk_size=2200)
Skipping probe: too short (len=1763, chunk_size=2200)
Skipping probe: too short (len=982, chunk_size=2200)
Skipping probe: too short (len=1604, chunk_size=2200)
Skipping probe: too short (len=1266, chunk_size=2200)
Skipping probe: too short (len=1619, chunk_size=2200)
Skipping probe: too short (len=1763, chunk_size=2200)
Skipping probe: too short (len=1450, chunk_size=2200)
Skipping probe: too short (len=982, chunk_size=2200)
Skipping probe: too short (len=1023, chunk_size=2200)
Skipping probe: too short (len=2171, chunk_size=2200)
Skipping probe: too short (len=1454, chunk_size=2200)
Skipping probe: too short (len=2058, chunk_size=2200)
Skipping probe: too short (len=1958, chunk_size=2200)
Skipping probe: too short (len=1604, chunk_size=2200)
Skipping probe: too short (len=1349, chunk_size=2200)
Skipping probe: too short (len=1924, chunk_size=2200)
Skipping probe: too short (len=834, chunk_size=2200)
Skipping probe: too short (len=1506, chunk_size=2200)
Skipping probe: too short (len=1880, chunk_size=2200)
Skipping probe: too short (len=1995, chunk_size=2200)
Skipping probe: too short (len=632, chunk_size=2200)
Skipping probe: too short (len=1871, chunk_size=2200)
Skipping probe: too short (len=1021, chunk_size=2200)
Skipping probe: too short (len=670, chunk_size=2200)
Skipping probe: too short (len=886, chunk_size=2200)
Skipping probe: too short (len=2176, chunk_size=2200)
Skipping probe: too short (len=559, chunk_size=2200)
Skipping probe: too short (len=1906, chunk_size=2200)
Skipping probe: too short (len=1563, chunk_size=2200)
Skipping probe: too short (len=1335, chunk_size=2200)
Skipping probe: too short (len=906, chunk_size=2200)
Skipping probe: too short (len=559, chunk_size=2200)
Skipping probe: too short (len=1906, chunk_size=2200)
Skipping probe: too short (len=1563, chunk_size=2200)
Skipping probe: too short (len=1335, chunk_size=2200)
Skipping probe: too short (len=906, chunk_size=2200)
Skipping probe: too short (len=2058, chunk_size=2200)
Skipping probe: too short (len=1349, chunk_size=2200)
Skipping probe: too short (len=1763, chunk_size=2200)
Skipping probe: too short (len=1454, chunk_size=2200)
Skipping probe: too short (len=1619, chunk_size=2200)
Skipping probe: too short (len=2176, chunk_size=2200)
Skipping probe: too short (len=1604, chunk_size=2200)
Skipping probe: too short (len=1880, chunk_size=2200)
Skipping probe: too short (len=982, chunk_size=2200)
Skipping probe: too short (len=1266, chunk_size=2200)
Skipping probe: too short (len=1995, chunk_size=2200)
Skipping probe: too short (len=632, chunk_size=2200)
Skipping probe: too short (len=1871, chunk_size=2200)
Skipping probe: too short (len=1021, chunk_size=2200)
Skipping probe: too short (len=1023, chunk_size=2200)
Skipping probe: too short (len=2171, chunk_size=2200)
Skipping probe: too short (len=1958, chunk_size=2200)
Skipping probe: too short (len=1450, chunk_size=2200)
Skipping probe: too short (len=1924, chunk_size=2200)
Skipping probe: too short (len=834, chunk_size=2200)
Skipping probe: too short (len=1506, chunk_size=2200)
Skipping probe: too short (len=670, chunk_size=2200)
Skipping probe: too short (len=886, chunk_size=2200)
Trial 10 F1s - Weighted: 0.7242 | Macro: 0.2221 | Micro: 0.7171

[I 2026-03-20 03:10:23,206] Trial 10 finished with value: 0.7242300143822019 and parameters: {'chunk_seconds': 22, 'num_freqs': 18, 'num_estimators': 64, 'max_depth': 16, 'max_features': 0.9987823968108112, 'overlap': 0.5974243274665342, 'max_lag': 30}. Best is trial 7 with value: 0.7321780825118983.
Skipping probe: too short (len=1266, chunk_size=2100)
Skipping probe: too short (len=982, chunk_size=2100)
Skipping probe: too short (len=1924, chunk_size=2100)
Skipping probe: too short (len=834, chunk_size=2100)
Skipping probe: too short (len=1506, chunk_size=2100)
Skipping probe: too short (len=2058, chunk_size=2100)
Skipping probe: too short (len=1454, chunk_size=2100)
Skipping probe: too short (len=1450, chunk_size=2100)
Skipping probe: too short (len=1349, chunk_size=2100)
Skipping probe: too short (len=1958, chunk_size=2100)
Skipping probe: too short (len=1604, chunk_size=2100)
Skipping probe: too short (len=1023, chunk_size=2100)
Skipping probe: too short (len=670, chunk_size=2100)
Skipping probe: too short (len=886, chunk_size=2100)
Skipping probe: too short (len=559, chunk_size=2100)
Skipping probe: too short (len=1906, chunk_size=2100)
Skipping probe: too short (len=1563, chunk_size=2100)
Skipping probe: too short (len=1335, chunk_size=2100)
Skipping probe: too short (len=906, chunk_size=2100)
Skipping probe: too short (len=1763, chunk_size=2100)
Skipping probe: too short (len=632, chunk_size=2100)
Skipping probe: too short (len=1619, chunk_size=2100)
Skipping probe: too short (len=1995, chunk_size=2100)
Skipping probe: too short (len=1880, chunk_size=2100)
Skipping probe: too short (len=1871, chunk_size=2100)
Skipping probe: too short (len=1021, chunk_size=2100)
Skipping probe: too short (len=1023, chunk_size=2100)
Skipping probe: too short (len=559, chunk_size=2100)
Skipping probe: too short (len=1906, chunk_size=2100)
Skipping probe: too short (len=1563, chunk_size=2100)
Skipping probe: too short (len=1335, chunk_size=2100)
Skipping probe: too short (len=906, chunk_size=2100)
Skipping probe: too short (len=1454, chunk_size=2100)
Skipping probe: too short (len=1958, chunk_size=2100)
Skipping probe: too short (len=1924, chunk_size=2100)
Skipping probe: too short (len=834, chunk_size=2100)
Skipping probe: too short (len=1506, chunk_size=2100)
Skipping probe: too short (len=982, chunk_size=2100)
Skipping probe: too short (len=1450, chunk_size=2100)
Skipping probe: too short (len=1619, chunk_size=2100)
Skipping probe: too short (len=1604, chunk_size=2100)
Skipping probe: too short (len=1349, chunk_size=2100)
Skipping probe: too short (len=670, chunk_size=2100)
Skipping probe: too short (len=886, chunk_size=2100)
Skipping probe: too short (len=1763, chunk_size=2100)
Skipping probe: too short (len=1880, chunk_size=2100)
Skipping probe: too short (len=1871, chunk_size=2100)
Skipping probe: too short (len=1021, chunk_size=2100)
Skipping probe: too short (len=1995, chunk_size=2100)
Skipping probe: too short (len=2058, chunk_size=2100)
Skipping probe: too short (len=1266, chunk_size=2100)
Skipping probe: too short (len=632, chunk_size=2100)
Skipping probe: too short (len=1450, chunk_size=2100)
Skipping probe: too short (len=1924, chunk_size=2100)
Skipping probe: too short (len=834, chunk_size=2100)
Skipping probe: too short (len=1506, chunk_size=2100)
Skipping probe: too short (len=2058, chunk_size=2100)
Skipping probe: too short (len=1266, chunk_size=2100)
Skipping probe: too short (len=1880, chunk_size=2100)
Skipping probe: too short (len=1023, chunk_size=2100)
Skipping probe: too short (len=1619, chunk_size=2100)
Skipping probe: too short (len=1958, chunk_size=2100)
Skipping probe: too short (len=559, chunk_size=2100)
Skipping probe: too short (len=1906, chunk_size=2100)
Skipping probe: too short (len=1563, chunk_size=2100)
Skipping probe: too short (len=1335, chunk_size=2100)
Skipping probe: too short (len=906, chunk_size=2100)
Skipping probe: too short (len=670, chunk_size=2100)
Skipping probe: too short (len=886, chunk_size=2100)
Skipping probe: too short (len=632, chunk_size=2100)
Skipping probe: too short (len=1871, chunk_size=2100)
Skipping probe: too short (len=1021, chunk_size=2100)
Skipping probe: too short (len=1995, chunk_size=2100)
Skipping probe: too short (len=1604, chunk_size=2100)
Skipping probe: too short (len=1454, chunk_size=2100)
Skipping probe: too short (len=1349, chunk_size=2100)
Skipping probe: too short (len=1763, chunk_size=2100)
Skipping probe: too short (len=982, chunk_size=2100)
Skipping probe: too short (len=1450, chunk_size=2100)
Skipping probe: too short (len=982, chunk_size=2100)
Skipping probe: too short (len=1880, chunk_size=2100)
Skipping probe: too short (len=1924, chunk_size=2100)
Skipping probe: too short (len=834, chunk_size=2100)
Skipping probe: too short (len=1506, chunk_size=2100)
Skipping probe: too short (len=1349, chunk_size=2100)
Skipping probe: too short (len=1023, chunk_size=2100)
Skipping probe: too short (len=1604, chunk_size=2100)
Skipping probe: too short (len=1454, chunk_size=2100)
Skipping probe: too short (len=2058, chunk_size=2100)
Skipping probe: too short (len=1266, chunk_size=2100)
Skipping probe: too short (len=1619, chunk_size=2100)
Skipping probe: too short (len=1958, chunk_size=2100)
Skipping probe: too short (len=1763, chunk_size=2100)
Skipping probe: too short (len=1995, chunk_size=2100)
Skipping probe: too short (len=632, chunk_size=2100)
Skipping probe: too short (len=670, chunk_size=2100)
Skipping probe: too short (len=886, chunk_size=2100)
Skipping probe: too short (len=1871, chunk_size=2100)
Skipping probe: too short (len=1021, chunk_size=2100)
Skipping probe: too short (len=559, chunk_size=2100)
Skipping probe: too short (len=1906, chunk_size=2100)
Skipping probe: too short (len=1563, chunk_size=2100)
Skipping probe: too short (len=1335, chunk_size=2100)
Skipping probe: too short (len=906, chunk_size=2100)
Skipping probe: too short (len=1349, chunk_size=2100)
Skipping probe: too short (len=1604, chunk_size=2100)
Skipping probe: too short (len=982, chunk_size=2100)
Skipping probe: too short (len=559, chunk_size=2100)
Skipping probe: too short (len=1906, chunk_size=2100)
Skipping probe: too short (len=1563, chunk_size=2100)
Skipping probe: too short (len=1335, chunk_size=2100)
Skipping probe: too short (len=906, chunk_size=2100)
Skipping probe: too short (len=2058, chunk_size=2100)
Skipping probe: too short (len=1880, chunk_size=2100)
Skipping probe: too short (len=1266, chunk_size=2100)
Skipping probe: too short (len=1454, chunk_size=2100)
Skipping probe: too short (len=1763, chunk_size=2100)
Skipping probe: too short (len=1995, chunk_size=2100)
Skipping probe: too short (len=1619, chunk_size=2100)
Skipping probe: too short (len=632, chunk_size=2100)
Skipping probe: too short (len=1871, chunk_size=2100)
Skipping probe: too short (len=1021, chunk_size=2100)
Skipping probe: too short (len=1924, chunk_size=2100)
Skipping probe: too short (len=834, chunk_size=2100)
Skipping probe: too short (len=1506, chunk_size=2100)
Skipping probe: too short (len=1023, chunk_size=2100)
Skipping probe: too short (len=1958, chunk_size=2100)
Skipping probe: too short (len=1450, chunk_size=2100)
Skipping probe: too short (len=670, chunk_size=2100)
Skipping probe: too short (len=886, chunk_size=2100)
Trial 11 F1s - Weighted: 0.7248 | Macro: 0.2230 | Micro: 0.7199

[I 2026-03-20 03:42:23,187] Trial 11 finished with value: 0.7247765433148302 and parameters: {'chunk_seconds': 21, 'num_freqs': 18, 'num_estimators': 64, 'max_depth': 16, 'max_features': 0.9562036014681325, 'overlap': 0.6122988601346337, 'max_lag': 30}. Best is trial 7 with value: 0.7321780825118983.
Skipping probe: too short (len=1023, chunk_size=2000)
Skipping probe: too short (len=559, chunk_size=2000)
Skipping probe: too short (len=1906, chunk_size=2000)
Skipping probe: too short (len=1563, chunk_size=2000)
Skipping probe: too short (len=1335, chunk_size=2000)
Skipping probe: too short (len=906, chunk_size=2000)
Skipping probe: too short (len=1958, chunk_size=2000)
Skipping probe: too short (len=1454, chunk_size=2000)
Skipping probe: too short (len=1349, chunk_size=2000)
Skipping probe: too short (len=1450, chunk_size=2000)
Skipping probe: too short (len=1924, chunk_size=2000)
Skipping probe: too short (len=834, chunk_size=2000)
Skipping probe: too short (len=1506, chunk_size=2000)
Skipping probe: too short (len=1266, chunk_size=2000)
Skipping probe: too short (len=1763, chunk_size=2000)
Skipping probe: too short (len=1604, chunk_size=2000)
Skipping probe: too short (len=982, chunk_size=2000)
Skipping probe: too short (len=670, chunk_size=2000)
Skipping probe: too short (len=886, chunk_size=2000)
Skipping probe: too short (len=632, chunk_size=2000)
Skipping probe: too short (len=1619, chunk_size=2000)
Skipping probe: too short (len=1880, chunk_size=2000)
Skipping probe: too short (len=1995, chunk_size=2000)
Skipping probe: too short (len=1871, chunk_size=2000)
Skipping probe: too short (len=1021, chunk_size=2000)
Skipping probe: too short (len=1450, chunk_size=2000)
Skipping probe: too short (len=1454, chunk_size=2000)
Skipping probe: too short (len=1924, chunk_size=2000)
Skipping probe: too short (len=834, chunk_size=2000)
Skipping probe: too short (len=1506, chunk_size=2000)
Skipping probe: too short (len=1604, chunk_size=2000)
Skipping probe: too short (len=1958, chunk_size=2000)
Skipping probe: too short (len=1349, chunk_size=2000)
Skipping probe: too short (len=1619, chunk_size=2000)
Skipping probe: too short (len=1023, chunk_size=2000)
Skipping probe: too short (len=559, chunk_size=2000)
Skipping probe: too short (len=1906, chunk_size=2000)
Skipping probe: too short (len=1563, chunk_size=2000)
Skipping probe: too short (len=1335, chunk_size=2000)
Skipping probe: too short (len=906, chunk_size=2000)
Skipping probe: too short (len=982, chunk_size=2000)
Skipping probe: too short (len=1880, chunk_size=2000)
Skipping probe: too short (len=1763, chunk_size=2000)
Skipping probe: too short (len=1995, chunk_size=2000)
Skipping probe: too short (len=1871, chunk_size=2000)
Skipping probe: too short (len=1021, chunk_size=2000)
Skipping probe: too short (len=670, chunk_size=2000)
Skipping probe: too short (len=886, chunk_size=2000)
Skipping probe: too short (len=1266, chunk_size=2000)
Skipping probe: too short (len=632, chunk_size=2000)
Skipping probe: too short (len=1958, chunk_size=2000)
Skipping probe: too short (len=1266, chunk_size=2000)
Skipping probe: too short (len=1450, chunk_size=2000)
Skipping probe: too short (len=1023, chunk_size=2000)
Skipping probe: too short (len=1924, chunk_size=2000)
Skipping probe: too short (len=834, chunk_size=2000)
Skipping probe: too short (len=1506, chunk_size=2000)
Skipping probe: too short (len=1619, chunk_size=2000)
Skipping probe: too short (len=1880, chunk_size=2000)
Skipping probe: too short (len=559, chunk_size=2000)
Skipping probe: too short (len=1906, chunk_size=2000)
Skipping probe: too short (len=1563, chunk_size=2000)
Skipping probe: too short (len=1335, chunk_size=2000)
Skipping probe: too short (len=906, chunk_size=2000)
Skipping probe: too short (len=670, chunk_size=2000)
Skipping probe: too short (len=886, chunk_size=2000)
Skipping probe: too short (len=1995, chunk_size=2000)
Skipping probe: too short (len=632, chunk_size=2000)
Skipping probe: too short (len=1871, chunk_size=2000)
Skipping probe: too short (len=1021, chunk_size=2000)
Skipping probe: too short (len=1454, chunk_size=2000)
Skipping probe: too short (len=982, chunk_size=2000)
Skipping probe: too short (len=1349, chunk_size=2000)
Skipping probe: too short (len=1763, chunk_size=2000)
Skipping probe: too short (len=1604, chunk_size=2000)
Skipping probe: too short (len=1454, chunk_size=2000)
Skipping probe: too short (len=1958, chunk_size=2000)
Skipping probe: too short (len=1450, chunk_size=2000)
Skipping probe: too short (len=1023, chunk_size=2000)
Skipping probe: too short (len=1619, chunk_size=2000)
Skipping probe: too short (len=1349, chunk_size=2000)
Skipping probe: too short (len=1266, chunk_size=2000)
Skipping probe: too short (len=1604, chunk_size=2000)
Skipping probe: too short (len=1763, chunk_size=2000)
Skipping probe: too short (len=1924, chunk_size=2000)
Skipping probe: too short (len=834, chunk_size=2000)
Skipping probe: too short (len=1506, chunk_size=2000)
Skipping probe: too short (len=1880, chunk_size=2000)
Skipping probe: too short (len=982, chunk_size=2000)
Skipping probe: too short (len=670, chunk_size=2000)
Skipping probe: too short (len=886, chunk_size=2000)
Skipping probe: too short (len=632, chunk_size=2000)
Skipping probe: too short (len=1995, chunk_size=2000)
Skipping probe: too short (len=1871, chunk_size=2000)
Skipping probe: too short (len=1021, chunk_size=2000)
Skipping probe: too short (len=559, chunk_size=2000)
Skipping probe: too short (len=1906, chunk_size=2000)
Skipping probe: too short (len=1563, chunk_size=2000)
Skipping probe: too short (len=1335, chunk_size=2000)
Skipping probe: too short (len=906, chunk_size=2000)
Skipping probe: too short (len=1763, chunk_size=2000)
Skipping probe: too short (len=1454, chunk_size=2000)
Skipping probe: too short (len=559, chunk_size=2000)
Skipping probe: too short (len=1906, chunk_size=2000)
Skipping probe: too short (len=1563, chunk_size=2000)
Skipping probe: too short (len=1335, chunk_size=2000)
Skipping probe: too short (len=906, chunk_size=2000)
Skipping probe: too short (len=1619, chunk_size=2000)
Skipping probe: too short (len=1604, chunk_size=2000)
Skipping probe: too short (len=982, chunk_size=2000)
Skipping probe: too short (len=1349, chunk_size=2000)
Skipping probe: too short (len=1266, chunk_size=2000)
Skipping probe: too short (len=1880, chunk_size=2000)
Skipping probe: too short (len=1995, chunk_size=2000)
Skipping probe: too short (len=1871, chunk_size=2000)
Skipping probe: too short (len=1021, chunk_size=2000)
Skipping probe: too short (len=632, chunk_size=2000)
Skipping probe: too short (len=1958, chunk_size=2000)
Skipping probe: too short (len=1023, chunk_size=2000)
Skipping probe: too short (len=1450, chunk_size=2000)
Skipping probe: too short (len=1924, chunk_size=2000)
Skipping probe: too short (len=834, chunk_size=2000)
Skipping probe: too short (len=1506, chunk_size=2000)
Skipping probe: too short (len=670, chunk_size=2000)
Skipping probe: too short (len=886, chunk_size=2000)
Trial 12 F1s - Weighted: 0.7334 | Macro: 0.2285 | Micro: 0.7314

[I 2026-03-20 04:08:59,960] Trial 12 finished with value: 0.733403410768669 and parameters: {'chunk_seconds': 20, 'num_freqs': 18, 'num_estimators': 64, 'max_depth': 16, 'max_features': 0.6109659022566494, 'overlap': 0.6287901680483672, 'max_lag': 30}. Best is trial 12 with value: 0.733403410768669.
Skipping probe: too short (len=1604, chunk_size=1900)
Skipping probe: too short (len=1023, chunk_size=1900)
Skipping probe: too short (len=559, chunk_size=1900)
Skipping probe: too short (len=1563, chunk_size=1900)
Skipping probe: too short (len=1335, chunk_size=1900)
Skipping probe: too short (len=906, chunk_size=1900)
Skipping probe: too short (len=1349, chunk_size=1900)
Skipping probe: too short (len=1763, chunk_size=1900)
Skipping probe: too short (len=1266, chunk_size=1900)
Skipping probe: too short (len=834, chunk_size=1900)
Skipping probe: too short (len=1506, chunk_size=1900)
Skipping probe: too short (len=982, chunk_size=1900)
Skipping probe: too short (len=1454, chunk_size=1900)
Skipping probe: too short (len=1450, chunk_size=1900)
Skipping probe: too short (len=670, chunk_size=1900)
Skipping probe: too short (len=886, chunk_size=1900)
Skipping probe: too short (len=632, chunk_size=1900)
Skipping probe: too short (len=1619, chunk_size=1900)
Skipping probe: too short (len=1880, chunk_size=1900)
Skipping probe: too short (len=1871, chunk_size=1900)
Skipping probe: too short (len=1021, chunk_size=1900)
Skipping probe: too short (len=1454, chunk_size=1900)
Skipping probe: too short (len=834, chunk_size=1900)
Skipping probe: too short (len=1506, chunk_size=1900)
Skipping probe: too short (len=559, chunk_size=1900)
Skipping probe: too short (len=1563, chunk_size=1900)
Skipping probe: too short (len=1335, chunk_size=1900)
Skipping probe: too short (len=906, chunk_size=1900)
Skipping probe: too short (len=1349, chunk_size=1900)
Skipping probe: too short (len=1450, chunk_size=1900)
Skipping probe: too short (len=1604, chunk_size=1900)
Skipping probe: too short (len=1619, chunk_size=1900)
Skipping probe: too short (len=1023, chunk_size=1900)
Skipping probe: too short (len=1763, chunk_size=1900)
Skipping probe: too short (len=982, chunk_size=1900)
Skipping probe: too short (len=1880, chunk_size=1900)
Skipping probe: too short (len=1871, chunk_size=1900)
Skipping probe: too short (len=1021, chunk_size=1900)
Skipping probe: too short (len=670, chunk_size=1900)
Skipping probe: too short (len=886, chunk_size=1900)
Skipping probe: too short (len=1266, chunk_size=1900)
Skipping probe: too short (len=632, chunk_size=1900)
[I 2026-03-20 04:12:25,599] Trial 13 pruned. 
Skipping probe: too short (len=1349, chunk_size=2500)
Skipping probe: too short (len=1958, chunk_size=2500)
Skipping probe: too short (len=1924, chunk_size=2500)
Skipping probe: too short (len=2341, chunk_size=2500)
Skipping probe: too short (len=2216, chunk_size=2500)
Skipping probe: too short (len=2445, chunk_size=2500)
Skipping probe: too short (len=2409, chunk_size=2500)
Skipping probe: too short (len=834, chunk_size=2500)
Skipping probe: too short (len=1506, chunk_size=2500)
Skipping probe: too short (len=1604, chunk_size=2500)
Skipping probe: too short (len=982, chunk_size=2500)
Skipping probe: too short (len=2176, chunk_size=2500)
Skipping probe: too short (len=1450, chunk_size=2500)
Skipping probe: too short (len=2058, chunk_size=2500)
Skipping probe: too short (len=559, chunk_size=2500)
Skipping probe: too short (len=1906, chunk_size=2500)
Skipping probe: too short (len=1563, chunk_size=2500)
Skipping probe: too short (len=1335, chunk_size=2500)
Skipping probe: too short (len=906, chunk_size=2500)
Skipping probe: too short (len=1454, chunk_size=2500)
Skipping probe: too short (len=1266, chunk_size=2500)
Skipping probe: too short (len=1023, chunk_size=2500)
Skipping probe: too short (len=2171, chunk_size=2500)
Skipping probe: too short (len=1763, chunk_size=2500)
Skipping probe: too short (len=670, chunk_size=2500)
Skipping probe: too short (len=886, chunk_size=2500)
Skipping probe: too short (len=632, chunk_size=2500)
Skipping probe: too short (len=2340, chunk_size=2500)
Skipping probe: too short (len=2436, chunk_size=2500)
Skipping probe: too short (len=1880, chunk_size=2500)
Skipping probe: too short (len=1619, chunk_size=2500)
Skipping probe: too short (len=1871, chunk_size=2500)
Skipping probe: too short (len=1021, chunk_size=2500)
Skipping probe: too short (len=1995, chunk_size=2500)
Skipping probe: too short (len=2252, chunk_size=2500)
Skipping probe: too short (len=1604, chunk_size=2500)
Skipping probe: too short (len=1958, chunk_size=2500)
Skipping probe: too short (len=1619, chunk_size=2500)
Skipping probe: too short (len=1450, chunk_size=2500)
Skipping probe: too short (len=982, chunk_size=2500)
Skipping probe: too short (len=1023, chunk_size=2500)
Skipping probe: too short (len=2171, chunk_size=2500)
Skipping probe: too short (len=1454, chunk_size=2500)
Skipping probe: too short (len=1349, chunk_size=2500)
Skipping probe: too short (len=2176, chunk_size=2500)
Skipping probe: too short (len=1924, chunk_size=2500)
Skipping probe: too short (len=2341, chunk_size=2500)
Skipping probe: too short (len=2216, chunk_size=2500)
Skipping probe: too short (len=2445, chunk_size=2500)
Skipping probe: too short (len=2409, chunk_size=2500)
Skipping probe: too short (len=834, chunk_size=2500)
Skipping probe: too short (len=1506, chunk_size=2500)
Skipping probe: too short (len=2436, chunk_size=2500)
Skipping probe: too short (len=1763, chunk_size=2500)
Skipping probe: too short (len=559, chunk_size=2500)
Skipping probe: too short (len=1906, chunk_size=2500)
Skipping probe: too short (len=1563, chunk_size=2500)
Skipping probe: too short (len=1335, chunk_size=2500)
Skipping probe: too short (len=906, chunk_size=2500)
Skipping probe: too short (len=1880, chunk_size=2500)
Skipping probe: too short (len=1995, chunk_size=2500)
Skipping probe: too short (len=2252, chunk_size=2500)
Skipping probe: too short (len=670, chunk_size=2500)
Skipping probe: too short (len=886, chunk_size=2500)
Skipping probe: too short (len=1871, chunk_size=2500)
Skipping probe: too short (len=1021, chunk_size=2500)
Skipping probe: too short (len=2340, chunk_size=2500)
Skipping probe: too short (len=2058, chunk_size=2500)
Skipping probe: too short (len=1266, chunk_size=2500)
Skipping probe: too short (len=632, chunk_size=2500)
[I 2026-03-20 04:16:56,630] Trial 14 pruned. 
Skipping probe: too short (len=559, chunk_size=1200)
Skipping probe: too short (len=906, chunk_size=1200)
Skipping probe: too short (len=834, chunk_size=1200)
Skipping probe: too short (len=982, chunk_size=1200)
Skipping probe: too short (len=1023, chunk_size=1200)
Skipping probe: too short (len=670, chunk_size=1200)
Skipping probe: too short (len=886, chunk_size=1200)
Skipping probe: too short (len=632, chunk_size=1200)
Skipping probe: too short (len=1021, chunk_size=1200)
Skipping probe: too short (len=1023, chunk_size=1200)
Skipping probe: too short (len=834, chunk_size=1200)
Skipping probe: too short (len=559, chunk_size=1200)
Skipping probe: too short (len=906, chunk_size=1200)
Skipping probe: too short (len=982, chunk_size=1200)
Skipping probe: too short (len=670, chunk_size=1200)
Skipping probe: too short (len=886, chunk_size=1200)
Skipping probe: too short (len=1021, chunk_size=1200)
Skipping probe: too short (len=632, chunk_size=1200)
Skipping probe: too short (len=834, chunk_size=1200)
Skipping probe: too short (len=1023, chunk_size=1200)
Skipping probe: too short (len=559, chunk_size=1200)
Skipping probe: too short (len=906, chunk_size=1200)
Skipping probe: too short (len=670, chunk_size=1200)
Skipping probe: too short (len=886, chunk_size=1200)
Skipping probe: too short (len=1021, chunk_size=1200)
Skipping probe: too short (len=632, chunk_size=1200)
Skipping probe: too short (len=982, chunk_size=1200)
Skipping probe: too short (len=1023, chunk_size=1200)
Skipping probe: too short (len=834, chunk_size=1200)
Skipping probe: too short (len=982, chunk_size=1200)
Skipping probe: too short (len=1021, chunk_size=1200)
Skipping probe: too short (len=632, chunk_size=1200)
Skipping probe: too short (len=670, chunk_size=1200)
Skipping probe: too short (len=886, chunk_size=1200)
Skipping probe: too short (len=559, chunk_size=1200)
Skipping probe: too short (len=906, chunk_size=1200)
Skipping probe: too short (len=559, chunk_size=1200)
Skipping probe: too short (len=906, chunk_size=1200)
Skipping probe: too short (len=982, chunk_size=1200)
Skipping probe: too short (len=632, chunk_size=1200)
Skipping probe: too short (len=1021, chunk_size=1200)
Skipping probe: too short (len=1023, chunk_size=1200)
Skipping probe: too short (len=834, chunk_size=1200)
Skipping probe: too short (len=670, chunk_size=1200)
Skipping probe: too short (len=886, chunk_size=1200)
Trial 15 F1s - Weighted: 0.7372 | Macro: 0.2325 | Micro: 0.7364

[I 2026-03-20 06:16:34,961] Trial 15 finished with value: 0.7372068861454283 and parameters: {'chunk_seconds': 12, 'num_freqs': 21, 'num_estimators': 512, 'max_depth': 16, 'max_features': 0.6055260167014277, 'overlap': 0.401211870630411, 'max_lag': 26}. Best is trial 15 with value: 0.7372068861454283.
Skipping probe: too short (len=982, chunk_size=1200)
Skipping probe: too short (len=834, chunk_size=1200)
Skipping probe: too short (len=1023, chunk_size=1200)
Skipping probe: too short (len=559, chunk_size=1200)
Skipping probe: too short (len=906, chunk_size=1200)
Skipping probe: too short (len=670, chunk_size=1200)
Skipping probe: too short (len=886, chunk_size=1200)
Skipping probe: too short (len=632, chunk_size=1200)
Skipping probe: too short (len=1021, chunk_size=1200)
Skipping probe: too short (len=982, chunk_size=1200)
Skipping probe: too short (len=559, chunk_size=1200)
Skipping probe: too short (len=906, chunk_size=1200)
Skipping probe: too short (len=834, chunk_size=1200)
Skipping probe: too short (len=1023, chunk_size=1200)
Skipping probe: too short (len=1021, chunk_size=1200)
Skipping probe: too short (len=670, chunk_size=1200)
Skipping probe: too short (len=886, chunk_size=1200)
Skipping probe: too short (len=632, chunk_size=1200)
Skipping probe: too short (len=834, chunk_size=1200)
Skipping probe: too short (len=559, chunk_size=1200)
Skipping probe: too short (len=906, chunk_size=1200)
Skipping probe: too short (len=1023, chunk_size=1200)
Skipping probe: too short (len=1021, chunk_size=1200)
Skipping probe: too short (len=670, chunk_size=1200)
Skipping probe: too short (len=886, chunk_size=1200)
Skipping probe: too short (len=632, chunk_size=1200)
Skipping probe: too short (len=982, chunk_size=1200)
Skipping probe: too short (len=982, chunk_size=1200)
Skipping probe: too short (len=1023, chunk_size=1200)
Skipping probe: too short (len=834, chunk_size=1200)
Skipping probe: too short (len=632, chunk_size=1200)
Skipping probe: too short (len=670, chunk_size=1200)
Skipping probe: too short (len=886, chunk_size=1200)
Skipping probe: too short (len=1021, chunk_size=1200)
Skipping probe: too short (len=559, chunk_size=1200)
Skipping probe: too short (len=906, chunk_size=1200)
Skipping probe: too short (len=982, chunk_size=1200)
Skipping probe: too short (len=559, chunk_size=1200)
Skipping probe: too short (len=906, chunk_size=1200)
Skipping probe: too short (len=632, chunk_size=1200)
Skipping probe: too short (len=1021, chunk_size=1200)
Skipping probe: too short (len=1023, chunk_size=1200)
Skipping probe: too short (len=834, chunk_size=1200)
Skipping probe: too short (len=670, chunk_size=1200)
Skipping probe: too short (len=886, chunk_size=1200)
Trial 16 F1s - Weighted: 0.7327 | Macro: 0.2369 | Micro: 0.7243

[I 2026-03-20 12:35:44,887] Trial 16 finished with value: 0.7327235969227016 and parameters: {'chunk_seconds': 12, 'num_freqs': 21, 'num_estimators': 512, 'max_depth': 16, 'max_features': 0.5228803868614488, 'overlap': 0.8379841992001099, 'max_lag': 23}. Best is trial 15 with value: 0.7372068861454283.
Skipping probe: too short (len=834, chunk_size=900)
Skipping probe: too short (len=559, chunk_size=900)
Skipping probe: too short (len=670, chunk_size=900)
Skipping probe: too short (len=886, chunk_size=900)
Skipping probe: too short (len=632, chunk_size=900)
Skipping probe: too short (len=834, chunk_size=900)
Skipping probe: too short (len=559, chunk_size=900)
Skipping probe: too short (len=670, chunk_size=900)
Skipping probe: too short (len=886, chunk_size=900)
Skipping probe: too short (len=632, chunk_size=900)
[I 2026-03-20 14:04:50,606] Trial 17 pruned. 
Skipping probe: too short (len=1450, chunk_size=1500)
Skipping probe: too short (len=834, chunk_size=1500)
Skipping probe: too short (len=1349, chunk_size=1500)
Skipping probe: too short (len=1023, chunk_size=1500)
Skipping probe: too short (len=1454, chunk_size=1500)
Skipping probe: too short (len=982, chunk_size=1500)
Skipping probe: too short (len=559, chunk_size=1500)
Skipping probe: too short (len=1335, chunk_size=1500)
Skipping probe: too short (len=906, chunk_size=1500)
Skipping probe: too short (len=1266, chunk_size=1500)
Skipping probe: too short (len=670, chunk_size=1500)
Skipping probe: too short (len=886, chunk_size=1500)
Skipping probe: too short (len=632, chunk_size=1500)
Skipping probe: too short (len=1021, chunk_size=1500)
Skipping probe: too short (len=1450, chunk_size=1500)
Skipping probe: too short (len=982, chunk_size=1500)
Skipping probe: too short (len=1023, chunk_size=1500)
Skipping probe: too short (len=1454, chunk_size=1500)
Skipping probe: too short (len=559, chunk_size=1500)
Skipping probe: too short (len=1335, chunk_size=1500)
Skipping probe: too short (len=906, chunk_size=1500)
Skipping probe: too short (len=1349, chunk_size=1500)
Skipping probe: too short (len=834, chunk_size=1500)
Skipping probe: too short (len=670, chunk_size=1500)
Skipping probe: too short (len=886, chunk_size=1500)
Skipping probe: too short (len=1021, chunk_size=1500)
Skipping probe: too short (len=1266, chunk_size=1500)
Skipping probe: too short (len=632, chunk_size=1500)
[I 2026-03-20 14:14:23,817] Trial 18 pruned. 
Skipping probe: too short (len=559, chunk_size=1000)
Skipping probe: too short (len=906, chunk_size=1000)
Skipping probe: too short (len=834, chunk_size=1000)
Skipping probe: too short (len=982, chunk_size=1000)
Skipping probe: too short (len=632, chunk_size=1000)
Skipping probe: too short (len=670, chunk_size=1000)
Skipping probe: too short (len=886, chunk_size=1000)
Skipping probe: too short (len=982, chunk_size=1000)
Skipping probe: too short (len=834, chunk_size=1000)
Skipping probe: too short (len=559, chunk_size=1000)
Skipping probe: too short (len=906, chunk_size=1000)
Skipping probe: too short (len=670, chunk_size=1000)
Skipping probe: too short (len=886, chunk_size=1000)
Skipping probe: too short (len=632, chunk_size=1000)
Skipping probe: too short (len=559, chunk_size=1000)
Skipping probe: too short (len=906, chunk_size=1000)
Skipping probe: too short (len=834, chunk_size=1000)
Skipping probe: too short (len=632, chunk_size=1000)
Skipping probe: too short (len=670, chunk_size=1000)
Skipping probe: too short (len=886, chunk_size=1000)
Skipping probe: too short (len=982, chunk_size=1000)
[I 2026-03-20 15:23:44,863] Trial 19 pruned. 
Skipping probe: too short (len=559, chunk_size=1500)
Skipping probe: too short (len=1335, chunk_size=1500)
Skipping probe: too short (len=906, chunk_size=1500)
Skipping probe: too short (len=1349, chunk_size=1500)
Skipping probe: too short (len=834, chunk_size=1500)
Skipping probe: too short (len=1266, chunk_size=1500)
Skipping probe: too short (len=1454, chunk_size=1500)
Skipping probe: too short (len=1450, chunk_size=1500)
Skipping probe: too short (len=1023, chunk_size=1500)
Skipping probe: too short (len=670, chunk_size=1500)
Skipping probe: too short (len=886, chunk_size=1500)
Skipping probe: too short (len=982, chunk_size=1500)
Skipping probe: too short (len=632, chunk_size=1500)
Skipping probe: too short (len=1021, chunk_size=1500)
Skipping probe: too short (len=1454, chunk_size=1500)
Skipping probe: too short (len=834, chunk_size=1500)
Skipping probe: too short (len=559, chunk_size=1500)
Skipping probe: too short (len=1335, chunk_size=1500)
Skipping probe: too short (len=906, chunk_size=1500)
Skipping probe: too short (len=1023, chunk_size=1500)
Skipping probe: too short (len=1349, chunk_size=1500)
Skipping probe: too short (len=1450, chunk_size=1500)
Skipping probe: too short (len=670, chunk_size=1500)
Skipping probe: too short (len=886, chunk_size=1500)
Skipping probe: too short (len=982, chunk_size=1500)
Skipping probe: too short (len=1021, chunk_size=1500)
Skipping probe: too short (len=1266, chunk_size=1500)
Skipping probe: too short (len=632, chunk_size=1500)
[I 2026-03-20 15:29:16,276] Trial 20 pruned. 
Skipping probe: too short (len=559, chunk_size=1300)
Skipping probe: too short (len=906, chunk_size=1300)
Skipping probe: too short (len=834, chunk_size=1300)
Skipping probe: too short (len=1266, chunk_size=1300)
Skipping probe: too short (len=982, chunk_size=1300)
Skipping probe: too short (len=1023, chunk_size=1300)
Skipping probe: too short (len=670, chunk_size=1300)
Skipping probe: too short (len=886, chunk_size=1300)
Skipping probe: too short (len=632, chunk_size=1300)
Skipping probe: too short (len=1021, chunk_size=1300)
Skipping probe: too short (len=982, chunk_size=1300)
Skipping probe: too short (len=1023, chunk_size=1300)
Skipping probe: too short (len=834, chunk_size=1300)
Skipping probe: too short (len=559, chunk_size=1300)
Skipping probe: too short (len=906, chunk_size=1300)
Skipping probe: too short (len=1021, chunk_size=1300)
Skipping probe: too short (len=670, chunk_size=1300)
Skipping probe: too short (len=886, chunk_size=1300)
Skipping probe: too short (len=1266, chunk_size=1300)
Skipping probe: too short (len=632, chunk_size=1300)
Skipping probe: too short (len=1023, chunk_size=1300)
Skipping probe: too short (len=559, chunk_size=1300)
Skipping probe: too short (len=906, chunk_size=1300)
Skipping probe: too short (len=834, chunk_size=1300)
Skipping probe: too short (len=670, chunk_size=1300)
Skipping probe: too short (len=886, chunk_size=1300)
Skipping probe: too short (len=1266, chunk_size=1300)
Skipping probe: too short (len=1021, chunk_size=1300)
Skipping probe: too short (len=632, chunk_size=1300)
Skipping probe: too short (len=982, chunk_size=1300)
Skipping probe: too short (len=982, chunk_size=1300)
Skipping probe: too short (len=1023, chunk_size=1300)
Skipping probe: too short (len=834, chunk_size=1300)
Skipping probe: too short (len=1266, chunk_size=1300)
Skipping probe: too short (len=632, chunk_size=1300)
Skipping probe: too short (len=670, chunk_size=1300)
Skipping probe: too short (len=886, chunk_size=1300)
Skipping probe: too short (len=1021, chunk_size=1300)
Skipping probe: too short (len=559, chunk_size=1300)
Skipping probe: too short (len=906, chunk_size=1300)
Skipping probe: too short (len=982, chunk_size=1300)
Skipping probe: too short (len=559, chunk_size=1300)
Skipping probe: too short (len=906, chunk_size=1300)
Skipping probe: too short (len=1266, chunk_size=1300)
Skipping probe: too short (len=632, chunk_size=1300)
Skipping probe: too short (len=1021, chunk_size=1300)
Skipping probe: too short (len=1023, chunk_size=1300)
Skipping probe: too short (len=834, chunk_size=1300)
Skipping probe: too short (len=670, chunk_size=1300)
Skipping probe: too short (len=886, chunk_size=1300)
Trial 21 F1s - Weighted: 0.7370 | Macro: 0.2358 | Micro: 0.7294

[I 2026-03-20 21:11:10,484] Trial 21 finished with value: 0.7369761351355647 and parameters: {'chunk_seconds': 13, 'num_freqs': 21, 'num_estimators': 512, 'max_depth': 16, 'max_features': 0.5501734832743089, 'overlap': 0.8222531133759862, 'max_lag': 24}. Best is trial 15 with value: 0.7372068861454283.
Skipping probe: too short (len=1023, chunk_size=1300)
Skipping probe: too short (len=1266, chunk_size=1300)
Skipping probe: too short (len=834, chunk_size=1300)
Skipping probe: too short (len=559, chunk_size=1300)
Skipping probe: too short (len=906, chunk_size=1300)
Skipping probe: too short (len=670, chunk_size=1300)
Skipping probe: too short (len=886, chunk_size=1300)
Skipping probe: too short (len=982, chunk_size=1300)
Skipping probe: too short (len=632, chunk_size=1300)
Skipping probe: too short (len=1021, chunk_size=1300)
Skipping probe: too short (len=559, chunk_size=1300)
Skipping probe: too short (len=906, chunk_size=1300)
Skipping probe: too short (len=1023, chunk_size=1300)
Skipping probe: too short (len=834, chunk_size=1300)
Skipping probe: too short (len=982, chunk_size=1300)
Skipping probe: too short (len=1021, chunk_size=1300)
Skipping probe: too short (len=670, chunk_size=1300)
Skipping probe: too short (len=886, chunk_size=1300)
Skipping probe: too short (len=1266, chunk_size=1300)
Skipping probe: too short (len=632, chunk_size=1300)
Skipping probe: too short (len=1023, chunk_size=1300)
Skipping probe: too short (len=834, chunk_size=1300)
Skipping probe: too short (len=559, chunk_size=1300)
Skipping probe: too short (len=906, chunk_size=1300)
Skipping probe: too short (len=1266, chunk_size=1300)
Skipping probe: too short (len=670, chunk_size=1300)
Skipping probe: too short (len=886, chunk_size=1300)
Skipping probe: too short (len=632, chunk_size=1300)
Skipping probe: too short (len=1021, chunk_size=1300)
Skipping probe: too short (len=982, chunk_size=1300)
Skipping probe: too short (len=982, chunk_size=1300)
Skipping probe: too short (len=1023, chunk_size=1300)
Skipping probe: too short (len=1266, chunk_size=1300)
Skipping probe: too short (len=834, chunk_size=1300)
Skipping probe: too short (len=670, chunk_size=1300)
Skipping probe: too short (len=886, chunk_size=1300)
Skipping probe: too short (len=632, chunk_size=1300)
Skipping probe: too short (len=1021, chunk_size=1300)
Skipping probe: too short (len=559, chunk_size=1300)
Skipping probe: too short (len=906, chunk_size=1300)
Skipping probe: too short (len=559, chunk_size=1300)
Skipping probe: too short (len=906, chunk_size=1300)
Skipping probe: too short (len=1266, chunk_size=1300)
Skipping probe: too short (len=982, chunk_size=1300)
Skipping probe: too short (len=632, chunk_size=1300)
Skipping probe: too short (len=1021, chunk_size=1300)
Skipping probe: too short (len=1023, chunk_size=1300)
Skipping probe: too short (len=834, chunk_size=1300)
Skipping probe: too short (len=670, chunk_size=1300)
Skipping probe: too short (len=886, chunk_size=1300)
Trial 22 F1s - Weighted: 0.7366 | Macro: 0.2393 | Micro: 0.7309

[I 2026-03-21 01:48:35,883] Trial 22 finished with value: 0.7366404409596196 and parameters: {'chunk_seconds': 13, 'num_freqs': 16, 'num_estimators': 512, 'max_depth': 16, 'max_features': 0.5553114236661976, 'overlap': 0.8020967239963699, 'max_lag': 24}. Best is trial 15 with value: 0.7372068861454283.
Skipping probe: too short (len=559, chunk_size=600)
Skipping probe: too short (len=559, chunk_size=600)
[I 2026-03-21 05:31:58,531] Trial 23 pruned. 
Skipping probe: too short (len=834, chunk_size=1300)
Skipping probe: too short (len=1023, chunk_size=1300)
Skipping probe: too short (len=1266, chunk_size=1300)
Skipping probe: too short (len=559, chunk_size=1300)
Skipping probe: too short (len=906, chunk_size=1300)
Skipping probe: too short (len=982, chunk_size=1300)
Skipping probe: too short (len=670, chunk_size=1300)
Skipping probe: too short (len=886, chunk_size=1300)
Skipping probe: too short (len=632, chunk_size=1300)
Skipping probe: too short (len=1021, chunk_size=1300)
Skipping probe: too short (len=559, chunk_size=1300)
Skipping probe: too short (len=906, chunk_size=1300)
Skipping probe: too short (len=1023, chunk_size=1300)
Skipping probe: too short (len=834, chunk_size=1300)
Skipping probe: too short (len=982, chunk_size=1300)
Skipping probe: too short (len=670, chunk_size=1300)
Skipping probe: too short (len=886, chunk_size=1300)
Skipping probe: too short (len=1021, chunk_size=1300)
Skipping probe: too short (len=1266, chunk_size=1300)
Skipping probe: too short (len=632, chunk_size=1300)
[I 2026-03-21 07:48:07,143] Trial 24 pruned. 
Skipping probe: too short (len=559, chunk_size=700)
Skipping probe: too short (len=670, chunk_size=700)
Skipping probe: too short (len=632, chunk_size=700)
Skipping probe: too short (len=559, chunk_size=700)
Skipping probe: too short (len=670, chunk_size=700)
Skipping probe: too short (len=632, chunk_size=700)
Skipping probe: too short (len=559, chunk_size=700)
Skipping probe: too short (len=670, chunk_size=700)
Skipping probe: too short (len=632, chunk_size=700)
Skipping probe: too short (len=670, chunk_size=700)
Skipping probe: too short (len=632, chunk_size=700)
Skipping probe: too short (len=559, chunk_size=700)
Skipping probe: too short (len=559, chunk_size=700)
Skipping probe: too short (len=632, chunk_size=700)
Skipping probe: too short (len=670, chunk_size=700)
Trial 25 F1s - Weighted: 0.7287 | Macro: 0.2471 | Micro: 0.7190

[I 2026-03-21 11:22:34,249] Trial 25 finished with value: 0.7287412869148902 and parameters: {'chunk_seconds': 7, 'num_freqs': 21, 'num_estimators': 512, 'max_depth': 16, 'max_features': 0.36292066896686737, 'overlap': 0.6961575417064597, 'max_lag': 16}. Best is trial 15 with value: 0.7372068861454283.
Skipping probe: too short (len=559, chunk_size=1700)
Skipping probe: too short (len=1563, chunk_size=1700)
Skipping probe: too short (len=1335, chunk_size=1700)
Skipping probe: too short (len=906, chunk_size=1700)
Skipping probe: too short (len=670, chunk_size=1700)
Skipping probe: too short (len=886, chunk_size=1700)
Skipping probe: too short (len=1450, chunk_size=1700)
Skipping probe: too short (len=834, chunk_size=1700)
Skipping probe: too short (len=1506, chunk_size=1700)
Skipping probe: too short (len=1349, chunk_size=1700)
Skipping probe: too short (len=982, chunk_size=1700)
Skipping probe: too short (len=1266, chunk_size=1700)
Skipping probe: too short (len=1604, chunk_size=1700)
Skipping probe: too short (len=1454, chunk_size=1700)
Skipping probe: too short (len=1023, chunk_size=1700)
Skipping probe: too short (len=632, chunk_size=1700)
Skipping probe: too short (len=1619, chunk_size=1700)
Skipping probe: too short (len=1021, chunk_size=1700)
Skipping probe: too short (len=1454, chunk_size=1700)
Skipping probe: too short (len=1023, chunk_size=1700)
Skipping probe: too short (len=1349, chunk_size=1700)
Skipping probe: too short (len=1604, chunk_size=1700)
Skipping probe: too short (len=1619, chunk_size=1700)
Skipping probe: too short (len=1450, chunk_size=1700)
Skipping probe: too short (len=559, chunk_size=1700)
Skipping probe: too short (len=1563, chunk_size=1700)
Skipping probe: too short (len=1335, chunk_size=1700)
Skipping probe: too short (len=906, chunk_size=1700)
Skipping probe: too short (len=834, chunk_size=1700)
Skipping probe: too short (len=1506, chunk_size=1700)
Skipping probe: too short (len=982, chunk_size=1700)
Skipping probe: too short (len=1021, chunk_size=1700)
Skipping probe: too short (len=670, chunk_size=1700)
Skipping probe: too short (len=886, chunk_size=1700)
Skipping probe: too short (len=1266, chunk_size=1700)
Skipping probe: too short (len=632, chunk_size=1700)
Skipping probe: too short (len=1266, chunk_size=1700)
Skipping probe: too short (len=559, chunk_size=1700)
Skipping probe: too short (len=1563, chunk_size=1700)
Skipping probe: too short (len=1335, chunk_size=1700)
Skipping probe: too short (len=906, chunk_size=1700)
Skipping probe: too short (len=1023, chunk_size=1700)
Skipping probe: too short (len=1619, chunk_size=1700)
Skipping probe: too short (len=834, chunk_size=1700)
Skipping probe: too short (len=1506, chunk_size=1700)
Skipping probe: too short (len=1450, chunk_size=1700)
Skipping probe: too short (len=670, chunk_size=1700)
Skipping probe: too short (len=886, chunk_size=1700)
Skipping probe: too short (len=632, chunk_size=1700)
Skipping probe: too short (len=1021, chunk_size=1700)
Skipping probe: too short (len=1454, chunk_size=1700)
Skipping probe: too short (len=1604, chunk_size=1700)
Skipping probe: too short (len=1349, chunk_size=1700)
Skipping probe: too short (len=982, chunk_size=1700)
Skipping probe: too short (len=1604, chunk_size=1700)
Skipping probe: too short (len=1023, chunk_size=1700)
Skipping probe: too short (len=1266, chunk_size=1700)
Skipping probe: too short (len=1619, chunk_size=1700)
Skipping probe: too short (len=982, chunk_size=1700)
Skipping probe: too short (len=834, chunk_size=1700)
Skipping probe: too short (len=1506, chunk_size=1700)
Skipping probe: too short (len=1349, chunk_size=1700)
Skipping probe: too short (len=1454, chunk_size=1700)
Skipping probe: too short (len=1450, chunk_size=1700)
Skipping probe: too short (len=670, chunk_size=1700)
Skipping probe: too short (len=886, chunk_size=1700)
Skipping probe: too short (len=1021, chunk_size=1700)
Skipping probe: too short (len=632, chunk_size=1700)
Skipping probe: too short (len=559, chunk_size=1700)
Skipping probe: too short (len=1563, chunk_size=1700)
Skipping probe: too short (len=1335, chunk_size=1700)
Skipping probe: too short (len=906, chunk_size=1700)
Skipping probe: too short (len=1349, chunk_size=1700)
Skipping probe: too short (len=1266, chunk_size=1700)
Skipping probe: too short (len=1604, chunk_size=1700)
Skipping probe: too short (len=1454, chunk_size=1700)
Skipping probe: too short (len=982, chunk_size=1700)
Skipping probe: too short (len=1619, chunk_size=1700)
Skipping probe: too short (len=559, chunk_size=1700)
Skipping probe: too short (len=1563, chunk_size=1700)
Skipping probe: too short (len=1335, chunk_size=1700)
Skipping probe: too short (len=906, chunk_size=1700)
Skipping probe: too short (len=632, chunk_size=1700)
Skipping probe: too short (len=1021, chunk_size=1700)
Skipping probe: too short (len=1023, chunk_size=1700)
Skipping probe: too short (len=1450, chunk_size=1700)
Skipping probe: too short (len=834, chunk_size=1700)
Skipping probe: too short (len=1506, chunk_size=1700)
Skipping probe: too short (len=670, chunk_size=1700)
Skipping probe: too short (len=886, chunk_size=1700)
Trial 26 F1s - Weighted: 0.7378 | Macro: 0.2348 | Micro: 0.7365

[I 2026-03-21 13:49:41,277] Trial 26 finished with value: 0.7378170884045712 and parameters: {'chunk_seconds': 17, 'num_freqs': 10, 'num_estimators': 512, 'max_depth': 16, 'max_features': 0.48425786351072203, 'overlap': 0.7851666772962391, 'max_lag': 24}. Best is trial 26 with value: 0.7378170884045712.
Skipping probe: too short (len=1266, chunk_size=1600)
Skipping probe: too short (len=1454, chunk_size=1600)
Skipping probe: too short (len=982, chunk_size=1600)
Skipping probe: too short (len=834, chunk_size=1600)
Skipping probe: too short (len=1506, chunk_size=1600)
Skipping probe: too short (len=559, chunk_size=1600)
Skipping probe: too short (len=1563, chunk_size=1600)
Skipping probe: too short (len=1335, chunk_size=1600)
Skipping probe: too short (len=906, chunk_size=1600)
Skipping probe: too short (len=1450, chunk_size=1600)
Skipping probe: too short (len=1349, chunk_size=1600)
Skipping probe: too short (len=1023, chunk_size=1600)
Skipping probe: too short (len=632, chunk_size=1600)
Skipping probe: too short (len=670, chunk_size=1600)
Skipping probe: too short (len=886, chunk_size=1600)
Skipping probe: too short (len=1021, chunk_size=1600)
Skipping probe: too short (len=559, chunk_size=1600)
Skipping probe: too short (len=1563, chunk_size=1600)
Skipping probe: too short (len=1335, chunk_size=1600)
Skipping probe: too short (len=906, chunk_size=1600)
Skipping probe: too short (len=1349, chunk_size=1600)
Skipping probe: too short (len=834, chunk_size=1600)
Skipping probe: too short (len=1506, chunk_size=1600)
Skipping probe: too short (len=1454, chunk_size=1600)
Skipping probe: too short (len=1450, chunk_size=1600)
Skipping probe: too short (len=670, chunk_size=1600)
Skipping probe: too short (len=886, chunk_size=1600)
Skipping probe: too short (len=982, chunk_size=1600)
Skipping probe: too short (len=1023, chunk_size=1600)
Skipping probe: too short (len=1021, chunk_size=1600)
Skipping probe: too short (len=1266, chunk_size=1600)
Skipping probe: too short (len=632, chunk_size=1600)
[I 2026-03-21 13:55:50,249] Trial 27 pruned. 
Skipping probe: too short (len=834, chunk_size=1000)
Skipping probe: too short (len=982, chunk_size=1000)
Skipping probe: too short (len=559, chunk_size=1000)
Skipping probe: too short (len=906, chunk_size=1000)
Skipping probe: too short (len=670, chunk_size=1000)
Skipping probe: too short (len=886, chunk_size=1000)
Skipping probe: too short (len=632, chunk_size=1000)
Skipping probe: too short (len=559, chunk_size=1000)
Skipping probe: too short (len=906, chunk_size=1000)
Skipping probe: too short (len=834, chunk_size=1000)
Skipping probe: too short (len=982, chunk_size=1000)
Skipping probe: too short (len=670, chunk_size=1000)
Skipping probe: too short (len=886, chunk_size=1000)
Skipping probe: too short (len=632, chunk_size=1000)
[I 2026-03-21 17:08:15,642] Trial 28 pruned. 
Skipping probe: too short (len=1023, chunk_size=1700)
Skipping probe: too short (len=834, chunk_size=1700)
Skipping probe: too short (len=1506, chunk_size=1700)
Skipping probe: too short (len=559, chunk_size=1700)
Skipping probe: too short (len=1563, chunk_size=1700)
Skipping probe: too short (len=1335, chunk_size=1700)
Skipping probe: too short (len=906, chunk_size=1700)
Skipping probe: too short (len=1450, chunk_size=1700)
Skipping probe: too short (len=1266, chunk_size=1700)
Skipping probe: too short (len=1454, chunk_size=1700)
Skipping probe: too short (len=1604, chunk_size=1700)
Skipping probe: too short (len=982, chunk_size=1700)
Skipping probe: too short (len=1349, chunk_size=1700)
Skipping probe: too short (len=670, chunk_size=1700)
Skipping probe: too short (len=886, chunk_size=1700)
Skipping probe: too short (len=632, chunk_size=1700)
Skipping probe: too short (len=1619, chunk_size=1700)
Skipping probe: too short (len=1021, chunk_size=1700)
Skipping probe: too short (len=1450, chunk_size=1700)
Skipping probe: too short (len=834, chunk_size=1700)
Skipping probe: too short (len=1506, chunk_size=1700)
Skipping probe: too short (len=1454, chunk_size=1700)
Skipping probe: too short (len=1349, chunk_size=1700)
Skipping probe: too short (len=1023, chunk_size=1700)
Skipping probe: too short (len=1604, chunk_size=1700)
Skipping probe: too short (len=559, chunk_size=1700)
Skipping probe: too short (len=1563, chunk_size=1700)
Skipping probe: too short (len=1335, chunk_size=1700)
Skipping probe: too short (len=906, chunk_size=1700)
Skipping probe: too short (len=1619, chunk_size=1700)
Skipping probe: too short (len=982, chunk_size=1700)
Skipping probe: too short (len=670, chunk_size=1700)
Skipping probe: too short (len=886, chunk_size=1700)
Skipping probe: too short (len=1021, chunk_size=1700)
Skipping probe: too short (len=1266, chunk_size=1700)
Skipping probe: too short (len=632, chunk_size=1700)
[I 2026-03-21 17:42:56,501] Trial 29 pruned. 
Skipping probe: too short (len=1349, chunk_size=1800)
Skipping probe: too short (len=982, chunk_size=1800)
Skipping probe: too short (len=1454, chunk_size=1800)
Skipping probe: too short (len=1450, chunk_size=1800)
Skipping probe: too short (len=1023, chunk_size=1800)
Skipping probe: too short (len=559, chunk_size=1800)
Skipping probe: too short (len=1563, chunk_size=1800)
Skipping probe: too short (len=1335, chunk_size=1800)
Skipping probe: too short (len=906, chunk_size=1800)
Skipping probe: too short (len=834, chunk_size=1800)
Skipping probe: too short (len=1506, chunk_size=1800)
Skipping probe: too short (len=670, chunk_size=1800)
Skipping probe: too short (len=886, chunk_size=1800)
Skipping probe: too short (len=1604, chunk_size=1800)
Skipping probe: too short (len=1266, chunk_size=1800)
Skipping probe: too short (len=1763, chunk_size=1800)
Skipping probe: too short (len=632, chunk_size=1800)
Skipping probe: too short (len=1619, chunk_size=1800)
Skipping probe: too short (len=1021, chunk_size=1800)
Skipping probe: too short (len=1619, chunk_size=1800)
Skipping probe: too short (len=1349, chunk_size=1800)
Skipping probe: too short (len=1023, chunk_size=1800)
Skipping probe: too short (len=1454, chunk_size=1800)
Skipping probe: too short (len=559, chunk_size=1800)
Skipping probe: too short (len=1563, chunk_size=1800)
Skipping probe: too short (len=1335, chunk_size=1800)
Skipping probe: too short (len=906, chunk_size=1800)
Skipping probe: too short (len=1450, chunk_size=1800)
Skipping probe: too short (len=834, chunk_size=1800)
Skipping probe: too short (len=1506, chunk_size=1800)
Skipping probe: too short (len=1604, chunk_size=1800)
Skipping probe: too short (len=982, chunk_size=1800)
Skipping probe: too short (len=1763, chunk_size=1800)
Skipping probe: too short (len=670, chunk_size=1800)
Skipping probe: too short (len=886, chunk_size=1800)
Skipping probe: too short (len=1021, chunk_size=1800)
Skipping probe: too short (len=1266, chunk_size=1800)
Skipping probe: too short (len=632, chunk_size=1800)
[I 2026-03-21 17:50:47,016] Trial 30 pruned. 
Skipping probe: too short (len=834, chunk_size=1300)
Skipping probe: too short (len=559, chunk_size=1300)
Skipping probe: too short (len=906, chunk_size=1300)
Skipping probe: too short (len=982, chunk_size=1300)
Skipping probe: too short (len=1266, chunk_size=1300)
Skipping probe: too short (len=1023, chunk_size=1300)
Skipping probe: too short (len=632, chunk_size=1300)
Skipping probe: too short (len=670, chunk_size=1300)
Skipping probe: too short (len=886, chunk_size=1300)
Skipping probe: too short (len=1021, chunk_size=1300)
Skipping probe: too short (len=982, chunk_size=1300)
Skipping probe: too short (len=1023, chunk_size=1300)
Skipping probe: too short (len=834, chunk_size=1300)
Skipping probe: too short (len=559, chunk_size=1300)
Skipping probe: too short (len=906, chunk_size=1300)
Skipping probe: too short (len=670, chunk_size=1300)
Skipping probe: too short (len=886, chunk_size=1300)
Skipping probe: too short (len=1021, chunk_size=1300)
Skipping probe: too short (len=1266, chunk_size=1300)
Skipping probe: too short (len=632, chunk_size=1300)
Skipping probe: too short (len=1023, chunk_size=1300)
Skipping probe: too short (len=834, chunk_size=1300)
Skipping probe: too short (len=559, chunk_size=1300)
Skipping probe: too short (len=906, chunk_size=1300)
Skipping probe: too short (len=1266, chunk_size=1300)
Skipping probe: too short (len=670, chunk_size=1300)
Skipping probe: too short (len=886, chunk_size=1300)
Skipping probe: too short (len=632, chunk_size=1300)
Skipping probe: too short (len=1021, chunk_size=1300)
Skipping probe: too short (len=982, chunk_size=1300)
Skipping probe: too short (len=1023, chunk_size=1300)
Skipping probe: too short (len=982, chunk_size=1300)
Skipping probe: too short (len=834, chunk_size=1300)
Skipping probe: too short (len=1266, chunk_size=1300)
Skipping probe: too short (len=670, chunk_size=1300)
Skipping probe: too short (len=886, chunk_size=1300)
Skipping probe: too short (len=1021, chunk_size=1300)
Skipping probe: too short (len=632, chunk_size=1300)
Skipping probe: too short (len=559, chunk_size=1300)
Skipping probe: too short (len=906, chunk_size=1300)
Skipping probe: too short (len=982, chunk_size=1300)
Skipping probe: too short (len=1266, chunk_size=1300)
Skipping probe: too short (len=632, chunk_size=1300)
Skipping probe: too short (len=559, chunk_size=1300)
Skipping probe: too short (len=906, chunk_size=1300)
Skipping probe: too short (len=1021, chunk_size=1300)
Skipping probe: too short (len=1023, chunk_size=1300)
Skipping probe: too short (len=834, chunk_size=1300)
Skipping probe: too short (len=670, chunk_size=1300)
Skipping probe: too short (len=886, chunk_size=1300)
Trial 31 F1s - Weighted: 0.7374 | Macro: 0.2388 | Micro: 0.7308

[I 2026-03-21 23:29:55,625] Trial 31 finished with value: 0.737357124850369 and parameters: {'chunk_seconds': 13, 'num_freqs': 13, 'num_estimators': 512, 'max_depth': 16, 'max_features': 0.5816066703690997, 'overlap': 0.8439378655442039, 'max_lag': 24}. Best is trial 26 with value: 0.7378170884045712.
Skipping probe: too short (len=559, chunk_size=1300)
Skipping probe: too short (len=906, chunk_size=1300)
Skipping probe: too short (len=982, chunk_size=1300)
Skipping probe: too short (len=834, chunk_size=1300)
Skipping probe: too short (len=1023, chunk_size=1300)
Skipping probe: too short (len=1266, chunk_size=1300)
Skipping probe: too short (len=632, chunk_size=1300)
Skipping probe: too short (len=670, chunk_size=1300)
Skipping probe: too short (len=886, chunk_size=1300)
Skipping probe: too short (len=1021, chunk_size=1300)
Skipping probe: too short (len=1023, chunk_size=1300)
Skipping probe: too short (len=834, chunk_size=1300)
Skipping probe: too short (len=559, chunk_size=1300)
Skipping probe: too short (len=906, chunk_size=1300)
Skipping probe: too short (len=982, chunk_size=1300)
Skipping probe: too short (len=670, chunk_size=1300)
Skipping probe: too short (len=886, chunk_size=1300)
Skipping probe: too short (len=1021, chunk_size=1300)
Skipping probe: too short (len=1266, chunk_size=1300)
Skipping probe: too short (len=632, chunk_size=1300)
Skipping probe: too short (len=1266, chunk_size=1300)
Skipping probe: too short (len=834, chunk_size=1300)
Skipping probe: too short (len=1023, chunk_size=1300)
Skipping probe: too short (len=670, chunk_size=1300)
Skipping probe: too short (len=886, chunk_size=1300)
Skipping probe: too short (len=559, chunk_size=1300)
Skipping probe: too short (len=906, chunk_size=1300)
Skipping probe: too short (len=632, chunk_size=1300)
Skipping probe: too short (len=1021, chunk_size=1300)
Skipping probe: too short (len=982, chunk_size=1300)
Skipping probe: too short (len=834, chunk_size=1300)
Skipping probe: too short (len=1023, chunk_size=1300)
Skipping probe: too short (len=982, chunk_size=1300)
Skipping probe: too short (len=1266, chunk_size=1300)
Skipping probe: too short (len=670, chunk_size=1300)
Skipping probe: too short (len=886, chunk_size=1300)
Skipping probe: too short (len=1021, chunk_size=1300)
Skipping probe: too short (len=632, chunk_size=1300)
Skipping probe: too short (len=559, chunk_size=1300)
Skipping probe: too short (len=906, chunk_size=1300)
Skipping probe: too short (len=982, chunk_size=1300)
Skipping probe: too short (len=559, chunk_size=1300)
Skipping probe: too short (len=906, chunk_size=1300)
Skipping probe: too short (len=1266, chunk_size=1300)
Skipping probe: too short (len=1021, chunk_size=1300)
Skipping probe: too short (len=632, chunk_size=1300)
Skipping probe: too short (len=1023, chunk_size=1300)
Skipping probe: too short (len=834, chunk_size=1300)
Skipping probe: too short (len=670, chunk_size=1300)
Skipping probe: too short (len=886, chunk_size=1300)
Trial 32 F1s - Weighted: 0.7409 | Macro: 0.2398 | Micro: 0.7357

[I 2026-03-22 03:40:52,384] Trial 32 finished with value: 0.7408955005435044 and parameters: {'chunk_seconds': 13, 'num_freqs': 13, 'num_estimators': 512, 'max_depth': 16, 'max_features': 0.4114615421141661, 'overlap': 0.8420181644529372, 'max_lag': 25}. Best is trial 32 with value: 0.7408955005435044.
Skipping probe: too short (len=1023, chunk_size=1100)
Skipping probe: too short (len=834, chunk_size=1100)
Skipping probe: too short (len=982, chunk_size=1100)
Skipping probe: too short (len=559, chunk_size=1100)
Skipping probe: too short (len=906, chunk_size=1100)
Skipping probe: too short (len=632, chunk_size=1100)
Skipping probe: too short (len=670, chunk_size=1100)
Skipping probe: too short (len=886, chunk_size=1100)
Skipping probe: too short (len=1021, chunk_size=1100)
Skipping probe: too short (len=1023, chunk_size=1100)
Skipping probe: too short (len=834, chunk_size=1100)
Skipping probe: too short (len=982, chunk_size=1100)
Skipping probe: too short (len=559, chunk_size=1100)
Skipping probe: too short (len=906, chunk_size=1100)
Skipping probe: too short (len=1021, chunk_size=1100)
Skipping probe: too short (len=670, chunk_size=1100)
Skipping probe: too short (len=886, chunk_size=1100)
Skipping probe: too short (len=632, chunk_size=1100)
Skipping probe: too short (len=834, chunk_size=1100)
Skipping probe: too short (len=559, chunk_size=1100)
Skipping probe: too short (len=906, chunk_size=1100)
Skipping probe: too short (len=1023, chunk_size=1100)
Skipping probe: too short (len=1021, chunk_size=1100)
Skipping probe: too short (len=670, chunk_size=1100)
Skipping probe: too short (len=886, chunk_size=1100)
Skipping probe: too short (len=632, chunk_size=1100)
Skipping probe: too short (len=982, chunk_size=1100)
Skipping probe: too short (len=982, chunk_size=1100)
Skipping probe: too short (len=834, chunk_size=1100)
Skipping probe: too short (len=1023, chunk_size=1100)
Skipping probe: too short (len=670, chunk_size=1100)
Skipping probe: too short (len=886, chunk_size=1100)
Skipping probe: too short (len=1021, chunk_size=1100)
Skipping probe: too short (len=632, chunk_size=1100)
Skipping probe: too short (len=559, chunk_size=1100)
Skipping probe: too short (len=906, chunk_size=1100)
Skipping probe: too short (len=559, chunk_size=1100)
Skipping probe: too short (len=906, chunk_size=1100)
Skipping probe: too short (len=982, chunk_size=1100)
Skipping probe: too short (len=1021, chunk_size=1100)
Skipping probe: too short (len=632, chunk_size=1100)
Skipping probe: too short (len=1023, chunk_size=1100)
Skipping probe: too short (len=834, chunk_size=1100)
Skipping probe: too short (len=670, chunk_size=1100)
Skipping probe: too short (len=886, chunk_size=1100)
Trial 33 F1s - Weighted: 0.7391 | Macro: 0.2400 | Micro: 0.7327

[I 2026-03-22 08:28:28,405] Trial 33 finished with value: 0.7391065961292286 and parameters: {'chunk_seconds': 11, 'num_freqs': 12, 'num_estimators': 512, 'max_depth': 16, 'max_features': 0.39050305874170776, 'overlap': 0.843851755972434, 'max_lag': 27}. Best is trial 32 with value: 0.7408955005435044.
Skipping probe: too short (len=1266, chunk_size=1400)
Skipping probe: too short (len=834, chunk_size=1400)
Skipping probe: too short (len=1349, chunk_size=1400)
Skipping probe: too short (len=1023, chunk_size=1400)
Skipping probe: too short (len=559, chunk_size=1400)
Skipping probe: too short (len=1335, chunk_size=1400)
Skipping probe: too short (len=906, chunk_size=1400)
Skipping probe: too short (len=982, chunk_size=1400)
Skipping probe: too short (len=670, chunk_size=1400)
Skipping probe: too short (len=886, chunk_size=1400)
Skipping probe: too short (len=632, chunk_size=1400)
Skipping probe: too short (len=1021, chunk_size=1400)
Skipping probe: too short (len=1023, chunk_size=1400)
Skipping probe: too short (len=834, chunk_size=1400)
Skipping probe: too short (len=1349, chunk_size=1400)
Skipping probe: too short (len=559, chunk_size=1400)
Skipping probe: too short (len=1335, chunk_size=1400)
Skipping probe: too short (len=906, chunk_size=1400)
Skipping probe: too short (len=982, chunk_size=1400)
Skipping probe: too short (len=1021, chunk_size=1400)
Skipping probe: too short (len=670, chunk_size=1400)
Skipping probe: too short (len=886, chunk_size=1400)
Skipping probe: too short (len=1266, chunk_size=1400)
Skipping probe: too short (len=632, chunk_size=1400)
Skipping probe: too short (len=559, chunk_size=1400)
Skipping probe: too short (len=1335, chunk_size=1400)
Skipping probe: too short (len=906, chunk_size=1400)
Skipping probe: too short (len=1021, chunk_size=1400)
Skipping probe: too short (len=834, chunk_size=1400)
Skipping probe: too short (len=1266, chunk_size=1400)
Skipping probe: too short (len=1023, chunk_size=1400)
Skipping probe: too short (len=670, chunk_size=1400)
Skipping probe: too short (len=886, chunk_size=1400)
Skipping probe: too short (len=632, chunk_size=1400)
Skipping probe: too short (len=982, chunk_size=1400)
Skipping probe: too short (len=1349, chunk_size=1400)
[I 2026-03-22 09:24:45,642] Trial 34 pruned. 
Skipping probe: too short (len=559, chunk_size=1100)
Skipping probe: too short (len=906, chunk_size=1100)
Skipping probe: too short (len=1023, chunk_size=1100)
Skipping probe: too short (len=834, chunk_size=1100)
Skipping probe: too short (len=982, chunk_size=1100)
Skipping probe: too short (len=670, chunk_size=1100)
Skipping probe: too short (len=886, chunk_size=1100)
Skipping probe: too short (len=632, chunk_size=1100)
Skipping probe: too short (len=1021, chunk_size=1100)
Skipping probe: too short (len=834, chunk_size=1100)
Skipping probe: too short (len=1023, chunk_size=1100)
Skipping probe: too short (len=559, chunk_size=1100)
Skipping probe: too short (len=906, chunk_size=1100)
Skipping probe: too short (len=982, chunk_size=1100)
Skipping probe: too short (len=670, chunk_size=1100)
Skipping probe: too short (len=886, chunk_size=1100)
Skipping probe: too short (len=1021, chunk_size=1100)
Skipping probe: too short (len=632, chunk_size=1100)
Skipping probe: too short (len=559, chunk_size=1100)
Skipping probe: too short (len=906, chunk_size=1100)
Skipping probe: too short (len=1023, chunk_size=1100)
Skipping probe: too short (len=834, chunk_size=1100)
Skipping probe: too short (len=632, chunk_size=1100)
Skipping probe: too short (len=1021, chunk_size=1100)
Skipping probe: too short (len=670, chunk_size=1100)
Skipping probe: too short (len=886, chunk_size=1100)
Skipping probe: too short (len=982, chunk_size=1100)
[I 2026-03-22 10:59:35,183] Trial 35 pruned. 
Skipping probe: too short (len=1450, chunk_size=1600)
Skipping probe: too short (len=1023, chunk_size=1600)
Skipping probe: too short (len=559, chunk_size=1600)
Skipping probe: too short (len=1563, chunk_size=1600)
Skipping probe: too short (len=1335, chunk_size=1600)
Skipping probe: too short (len=906, chunk_size=1600)
Skipping probe: too short (len=1349, chunk_size=1600)
Skipping probe: too short (len=834, chunk_size=1600)
Skipping probe: too short (len=1506, chunk_size=1600)
Skipping probe: too short (len=1454, chunk_size=1600)
Skipping probe: too short (len=982, chunk_size=1600)
Skipping probe: too short (len=1266, chunk_size=1600)
Skipping probe: too short (len=632, chunk_size=1600)
Skipping probe: too short (len=670, chunk_size=1600)
Skipping probe: too short (len=886, chunk_size=1600)
Skipping probe: too short (len=1021, chunk_size=1600)
Skipping probe: too short (len=1454, chunk_size=1600)
Skipping probe: too short (len=1450, chunk_size=1600)
Skipping probe: too short (len=1349, chunk_size=1600)
Skipping probe: too short (len=1023, chunk_size=1600)
Skipping probe: too short (len=834, chunk_size=1600)
Skipping probe: too short (len=1506, chunk_size=1600)
Skipping probe: too short (len=982, chunk_size=1600)
Skipping probe: too short (len=559, chunk_size=1600)
Skipping probe: too short (len=1563, chunk_size=1600)
Skipping probe: too short (len=1335, chunk_size=1600)
Skipping probe: too short (len=906, chunk_size=1600)
Skipping probe: too short (len=670, chunk_size=1600)
Skipping probe: too short (len=886, chunk_size=1600)
Skipping probe: too short (len=1021, chunk_size=1600)
Skipping probe: too short (len=1266, chunk_size=1600)
Skipping probe: too short (len=632, chunk_size=1600)
Skipping probe: too short (len=1023, chunk_size=1600)
Skipping probe: too short (len=559, chunk_size=1600)
Skipping probe: too short (len=1563, chunk_size=1600)
Skipping probe: too short (len=1335, chunk_size=1600)
Skipping probe: too short (len=906, chunk_size=1600)
Skipping probe: too short (len=1450, chunk_size=1600)
Skipping probe: too short (len=834, chunk_size=1600)
Skipping probe: too short (len=1506, chunk_size=1600)
Skipping probe: too short (len=1266, chunk_size=1600)
Skipping probe: too short (len=670, chunk_size=1600)
Skipping probe: too short (len=886, chunk_size=1600)
Skipping probe: too short (len=632, chunk_size=1600)
Skipping probe: too short (len=1021, chunk_size=1600)
Skipping probe: too short (len=1454, chunk_size=1600)
Skipping probe: too short (len=1349, chunk_size=1600)
Skipping probe: too short (len=982, chunk_size=1600)
Skipping probe: too short (len=1349, chunk_size=1600)
Skipping probe: too short (len=1266, chunk_size=1600)
Skipping probe: too short (len=982, chunk_size=1600)
Skipping probe: too short (len=1454, chunk_size=1600)
Skipping probe: too short (len=1023, chunk_size=1600)
Skipping probe: too short (len=1450, chunk_size=1600)
Skipping probe: too short (len=834, chunk_size=1600)
Skipping probe: too short (len=1506, chunk_size=1600)
Skipping probe: too short (len=670, chunk_size=1600)
Skipping probe: too short (len=886, chunk_size=1600)
Skipping probe: too short (len=632, chunk_size=1600)
Skipping probe: too short (len=1021, chunk_size=1600)
Skipping probe: too short (len=559, chunk_size=1600)
Skipping probe: too short (len=1563, chunk_size=1600)
Skipping probe: too short (len=1335, chunk_size=1600)
Skipping probe: too short (len=906, chunk_size=1600)
Skipping probe: too short (len=559, chunk_size=1600)
Skipping probe: too short (len=1563, chunk_size=1600)
Skipping probe: too short (len=1335, chunk_size=1600)
Skipping probe: too short (len=906, chunk_size=1600)
Skipping probe: too short (len=1454, chunk_size=1600)
Skipping probe: too short (len=1266, chunk_size=1600)
Skipping probe: too short (len=1349, chunk_size=1600)
Skipping probe: too short (len=982, chunk_size=1600)
Skipping probe: too short (len=1021, chunk_size=1600)
Skipping probe: too short (len=632, chunk_size=1600)
Skipping probe: too short (len=1450, chunk_size=1600)
Skipping probe: too short (len=1023, chunk_size=1600)
Skipping probe: too short (len=834, chunk_size=1600)
Skipping probe: too short (len=1506, chunk_size=1600)
Skipping probe: too short (len=670, chunk_size=1600)
Skipping probe: too short (len=886, chunk_size=1600)
Trial 36 F1s - Weighted: 0.7338 | Macro: 0.2314 | Micro: 0.7317

[I 2026-03-22 11:23:03,494] Trial 36 finished with value: 0.733772875656643 and parameters: {'chunk_seconds': 16, 'num_freqs': 13, 'num_estimators': 32, 'max_depth': 16, 'max_features': 0.40727042952423526, 'overlap': 0.797921936091764, 'max_lag': 14}. Best is trial 32 with value: 0.7408955005435044.
Skipping probe: too short (len=559, chunk_size=800)
Skipping probe: too short (len=670, chunk_size=800)
Skipping probe: too short (len=632, chunk_size=800)
Skipping probe: too short (len=559, chunk_size=800)
Skipping probe: too short (len=670, chunk_size=800)
Skipping probe: too short (len=632, chunk_size=800)
Skipping probe: too short (len=559, chunk_size=800)
Skipping probe: too short (len=670, chunk_size=800)
Skipping probe: too short (len=632, chunk_size=800)
[I 2026-03-22 11:57:03,813] Trial 37 pruned. 
Skipping probe: too short (len=1349, chunk_size=1400)
Skipping probe: too short (len=559, chunk_size=1400)
Skipping probe: too short (len=1335, chunk_size=1400)
Skipping probe: too short (len=906, chunk_size=1400)
Skipping probe: too short (len=834, chunk_size=1400)
Skipping probe: too short (len=1023, chunk_size=1400)
Skipping probe: too short (len=1266, chunk_size=1400)
Skipping probe: too short (len=982, chunk_size=1400)
Skipping probe: too short (len=670, chunk_size=1400)
Skipping probe: too short (len=886, chunk_size=1400)
Skipping probe: too short (len=632, chunk_size=1400)
Skipping probe: too short (len=1021, chunk_size=1400)
Skipping probe: too short (len=559, chunk_size=1400)
Skipping probe: too short (len=1335, chunk_size=1400)
Skipping probe: too short (len=906, chunk_size=1400)
Skipping probe: too short (len=1349, chunk_size=1400)
Skipping probe: too short (len=1023, chunk_size=1400)
Skipping probe: too short (len=834, chunk_size=1400)
Skipping probe: too short (len=982, chunk_size=1400)
Skipping probe: too short (len=1021, chunk_size=1400)
Skipping probe: too short (len=670, chunk_size=1400)
Skipping probe: too short (len=886, chunk_size=1400)
Skipping probe: too short (len=1266, chunk_size=1400)
Skipping probe: too short (len=632, chunk_size=1400)
[I 2026-03-22 13:48:56,091] Trial 38 pruned. 
Skipping probe: too short (len=1023, chunk_size=1700)
Skipping probe: too short (len=1450, chunk_size=1700)
Skipping probe: too short (len=1349, chunk_size=1700)
Skipping probe: too short (len=1454, chunk_size=1700)
Skipping probe: too short (len=1266, chunk_size=1700)
Skipping probe: too short (len=834, chunk_size=1700)
Skipping probe: too short (len=1506, chunk_size=1700)
Skipping probe: too short (len=982, chunk_size=1700)
Skipping probe: too short (len=559, chunk_size=1700)
Skipping probe: too short (len=1563, chunk_size=1700)
Skipping probe: too short (len=1335, chunk_size=1700)
Skipping probe: too short (len=906, chunk_size=1700)
Skipping probe: too short (len=1604, chunk_size=1700)
Skipping probe: too short (len=632, chunk_size=1700)
Skipping probe: too short (len=670, chunk_size=1700)
Skipping probe: too short (len=886, chunk_size=1700)
Skipping probe: too short (len=1619, chunk_size=1700)
Skipping probe: too short (len=1021, chunk_size=1700)
Skipping probe: too short (len=1619, chunk_size=1700)
Skipping probe: too short (len=559, chunk_size=1700)
Skipping probe: too short (len=1563, chunk_size=1700)
Skipping probe: too short (len=1335, chunk_size=1700)
Skipping probe: too short (len=906, chunk_size=1700)
Skipping probe: too short (len=834, chunk_size=1700)
Skipping probe: too short (len=1506, chunk_size=1700)
Skipping probe: too short (len=1450, chunk_size=1700)
Skipping probe: too short (len=1604, chunk_size=1700)
Skipping probe: too short (len=1454, chunk_size=1700)
Skipping probe: too short (len=1349, chunk_size=1700)
Skipping probe: too short (len=1023, chunk_size=1700)
Skipping probe: too short (len=982, chunk_size=1700)
Skipping probe: too short (len=670, chunk_size=1700)
Skipping probe: too short (len=886, chunk_size=1700)
Skipping probe: too short (len=1021, chunk_size=1700)
Skipping probe: too short (len=1266, chunk_size=1700)
Skipping probe: too short (len=632, chunk_size=1700)
Skipping probe: too short (len=1023, chunk_size=1700)
Skipping probe: too short (len=834, chunk_size=1700)
Skipping probe: too short (len=1506, chunk_size=1700)
Skipping probe: too short (len=1450, chunk_size=1700)
Skipping probe: too short (len=1619, chunk_size=1700)
Skipping probe: too short (len=559, chunk_size=1700)
Skipping probe: too short (len=1563, chunk_size=1700)
Skipping probe: too short (len=1335, chunk_size=1700)
Skipping probe: too short (len=906, chunk_size=1700)
Skipping probe: too short (len=1266, chunk_size=1700)
Skipping probe: too short (len=1021, chunk_size=1700)
Skipping probe: too short (len=670, chunk_size=1700)
Skipping probe: too short (len=886, chunk_size=1700)
Skipping probe: too short (len=632, chunk_size=1700)
Skipping probe: too short (len=1454, chunk_size=1700)
Skipping probe: too short (len=982, chunk_size=1700)
Skipping probe: too short (len=1349, chunk_size=1700)
Skipping probe: too short (len=1604, chunk_size=1700)
